[
  {
    "path": "src/main/java/Deadline.java",
    "fileType": "java",
    "lines": [
      {
        "lineNumber": 1,
        "author": {
          "gitId": "shaojingle"
        },
        "content": "public class Deadline extends Task {"
      },
      {
        "lineNumber": 2,
        "author": {
          "gitId": "shaojingle"
        },
        "content": "    protected String by;"
      },
      {
        "lineNumber": 3,
        "author": {
          "gitId": "shaojingle"
        },
        "content": ""
      },
      {
        "lineNumber": 4,
        "author": {
          "gitId": "shaojingle"
        },
        "content": "    public Deadline(String description, String by){"
      },
      {
        "lineNumber": 5,
        "author": {
          "gitId": "shaojingle"
        },
        "content": "        super(description);"
      },
      {
        "lineNumber": 6,
        "author": {
          "gitId": "shaojingle"
        },
        "content": "        this.by \u003d by;"
      },
      {
        "lineNumber": 7,
        "author": {
          "gitId": "shaojingle"
        },
        "content": "    }"
      },
      {
        "lineNumber": 8,
        "author": {
          "gitId": "shaojingle"
        },
        "content": ""
      },
      {
        "lineNumber": 9,
        "author": {
          "gitId": "shaojingle"
        },
        "content": "    @Override"
      },
      {
        "lineNumber": 10,
        "author": {
          "gitId": "shaojingle"
        },
        "content": "    public String toString(){"
      },
      {
        "lineNumber": 11,
        "author": {
          "gitId": "shaojingle"
        },
        "content": "        return \"[D]\" + super.toString() + \" (by: \" + by + \")\";"
      },
      {
        "lineNumber": 12,
        "author": {
          "gitId": "shaojingle"
        },
        "content": "    }"
      },
      {
        "lineNumber": 13,
        "author": {
          "gitId": "shaojingle"
        },
        "content": "}"
      }
    ],
    "authorContributionMap": {
      "shaojingle": 13
    }
  },
  {
    "path": "src/main/java/Duke.java",
    "fileType": "java",
    "lines": [
      {
        "lineNumber": 1,
        "author": {
          "gitId": "shaojingle"
        },
        "content": "import java.util.Scanner;"
      },
      {
        "lineNumber": 2,
        "author": {
          "gitId": "shaojingle"
        },
        "content": ""
      },
      {
        "lineNumber": 3,
        "author": {
          "gitId": "-"
        },
        "content": "public class Duke {"
      },
      {
        "lineNumber": 4,
        "author": {
          "gitId": "-"
        },
        "content": "    public static void main(String[] args) {"
      },
      {
        "lineNumber": 5,
        "author": {
          "gitId": "shaojingle"
        },
        "content": "        System.out.println(\"Hello! I\u0027m Duke\");"
      },
      {
        "lineNumber": 6,
        "author": {
          "gitId": "shaojingle"
        },
        "content": "        System.out.println(\"What can I do for you?\");"
      },
      {
        "lineNumber": 7,
        "author": {
          "gitId": "shaojingle"
        },
        "content": "        Task[] list \u003d new Task[100];"
      },
      {
        "lineNumber": 8,
        "author": {
          "gitId": "shaojingle"
        },
        "content": "        int listcounter \u003d 0;"
      },
      {
        "lineNumber": 9,
        "author": {
          "gitId": "shaojingle"
        },
        "content": ""
      },
      {
        "lineNumber": 10,
        "author": {
          "gitId": "shaojingle"
        },
        "content": "        while(true){"
      },
      {
        "lineNumber": 11,
        "author": {
          "gitId": "shaojingle"
        },
        "content": "            Scanner sc \u003d new Scanner(System.in);"
      },
      {
        "lineNumber": 12,
        "author": {
          "gitId": "shaojingle"
        },
        "content": "            String line \u003d sc.nextLine();"
      },
      {
        "lineNumber": 13,
        "author": {
          "gitId": "shaojingle"
        },
        "content": "            if(line.equals(\"bye\")){"
      },
      {
        "lineNumber": 14,
        "author": {
          "gitId": "shaojingle"
        },
        "content": "                System.out.println(\"Bye. Hope to see you again soon!\");"
      },
      {
        "lineNumber": 15,
        "author": {
          "gitId": "shaojingle"
        },
        "content": "                break;"
      },
      {
        "lineNumber": 16,
        "author": {
          "gitId": "shaojingle"
        },
        "content": ""
      },
      {
        "lineNumber": 17,
        "author": {
          "gitId": "shaojingle"
        },
        "content": "            } else if(line.equals(\"list\")){"
      },
      {
        "lineNumber": 18,
        "author": {
          "gitId": "shaojingle"
        },
        "content": "                System.out.println(\"Here are the tasks in your list:\");"
      },
      {
        "lineNumber": 19,
        "author": {
          "gitId": "shaojingle"
        },
        "content": "                for(int i\u003d0;i\u003clistcounter;i++){"
      },
      {
        "lineNumber": 20,
        "author": {
          "gitId": "shaojingle"
        },
        "content": "                    System.out.println((i + 1) + \".\" + list[i].toString());"
      },
      {
        "lineNumber": 21,
        "author": {
          "gitId": "shaojingle"
        },
        "content": "                }"
      },
      {
        "lineNumber": 22,
        "author": {
          "gitId": "shaojingle"
        },
        "content": ""
      },
      {
        "lineNumber": 23,
        "author": {
          "gitId": "shaojingle"
        },
        "content": "            } else if((line.substring(0,4)).equals(\"done\")){"
      },
      {
        "lineNumber": 24,
        "author": {
          "gitId": "shaojingle"
        },
        "content": "                int a \u003d Character.getNumericValue(line.charAt(5));"
      },
      {
        "lineNumber": 25,
        "author": {
          "gitId": "shaojingle"
        },
        "content": "                list[a-1].markAsDone();"
      },
      {
        "lineNumber": 26,
        "author": {
          "gitId": "shaojingle"
        },
        "content": "                System.out.println(\"Nice! I\u0027ve marked this task as done:\" + System.lineSeparator() + list[a-1].toString());"
      },
      {
        "lineNumber": 27,
        "author": {
          "gitId": "shaojingle"
        },
        "content": ""
      },
      {
        "lineNumber": 28,
        "author": {
          "gitId": "shaojingle"
        },
        "content": "            } else if((line.substring(0,4)).equals(\"todo\")) {"
      },
      {
        "lineNumber": 29,
        "author": {
          "gitId": "shaojingle"
        },
        "content": "                String todoString \u003d line.substring(5);"
      },
      {
        "lineNumber": 30,
        "author": {
          "gitId": "shaojingle"
        },
        "content": "                Todo td \u003d new Todo(todoString);"
      },
      {
        "lineNumber": 31,
        "author": {
          "gitId": "shaojingle"
        },
        "content": "                list[listcounter] \u003d td;"
      },
      {
        "lineNumber": 32,
        "author": {
          "gitId": "shaojingle"
        },
        "content": "                System.out.println(\"Got it. I\u0027ve added this task:\" + System.lineSeparator() + list[listcounter].toString()"
      },
      {
        "lineNumber": 33,
        "author": {
          "gitId": "shaojingle"
        },
        "content": "                + System.lineSeparator() + \"Now you have \" + (listcounter+1) + \" tasks in the list.\");"
      },
      {
        "lineNumber": 34,
        "author": {
          "gitId": "shaojingle"
        },
        "content": "                listcounter++;"
      },
      {
        "lineNumber": 35,
        "author": {
          "gitId": "shaojingle"
        },
        "content": ""
      },
      {
        "lineNumber": 36,
        "author": {
          "gitId": "shaojingle"
        },
        "content": "            } else if((line.substring(0,8)).equals(\"deadline\")){"
      },
      {
        "lineNumber": 37,
        "author": {
          "gitId": "shaojingle"
        },
        "content": "                int findindex \u003d line.indexOf(\"/\");"
      },
      {
        "lineNumber": 38,
        "author": {
          "gitId": "shaojingle"
        },
        "content": "                String deadlineString \u003d line.substring(9,findindex);"
      },
      {
        "lineNumber": 39,
        "author": {
          "gitId": "shaojingle"
        },
        "content": "                String deadlineBy \u003d line.substring(findindex+1);"
      },
      {
        "lineNumber": 40,
        "author": {
          "gitId": "shaojingle"
        },
        "content": "                Deadline dl \u003d new Deadline(deadlineString, deadlineBy);"
      },
      {
        "lineNumber": 41,
        "author": {
          "gitId": "shaojingle"
        },
        "content": "                list[listcounter] \u003d dl;"
      },
      {
        "lineNumber": 42,
        "author": {
          "gitId": "shaojingle"
        },
        "content": "                System.out.println(\"Got it. I\u0027ve added this task:\" + System.lineSeparator() + list[listcounter].toString()"
      },
      {
        "lineNumber": 43,
        "author": {
          "gitId": "shaojingle"
        },
        "content": "                        + System.lineSeparator() + \"Now you have \" + (listcounter+1) + \" tasks in the list.\");"
      },
      {
        "lineNumber": 44,
        "author": {
          "gitId": "shaojingle"
        },
        "content": "                listcounter++;"
      },
      {
        "lineNumber": 45,
        "author": {
          "gitId": "shaojingle"
        },
        "content": ""
      },
      {
        "lineNumber": 46,
        "author": {
          "gitId": "shaojingle"
        },
        "content": "            } else if ((line.substring(0,5)).equals(\"event\")){"
      },
      {
        "lineNumber": 47,
        "author": {
          "gitId": "shaojingle"
        },
        "content": "                int findindex \u003d line.indexOf(\"/\");"
      },
      {
        "lineNumber": 48,
        "author": {
          "gitId": "shaojingle"
        },
        "content": "                String eventString \u003d line.substring(6,findindex);"
      },
      {
        "lineNumber": 49,
        "author": {
          "gitId": "shaojingle"
        },
        "content": "                String eventBy \u003d line.substring(findindex+1);"
      },
      {
        "lineNumber": 50,
        "author": {
          "gitId": "shaojingle"
        },
        "content": "                Event e \u003d new Event(eventString, eventBy);"
      },
      {
        "lineNumber": 51,
        "author": {
          "gitId": "shaojingle"
        },
        "content": "                list[listcounter] \u003d e;"
      },
      {
        "lineNumber": 52,
        "author": {
          "gitId": "shaojingle"
        },
        "content": "                System.out.println(\"Got it. I\u0027ve added this task:\" + System.lineSeparator() + list[listcounter].toString()"
      },
      {
        "lineNumber": 53,
        "author": {
          "gitId": "shaojingle"
        },
        "content": "                        + System.lineSeparator() + \"Now you have \" + (listcounter+1) + \" tasks in the list.\");"
      },
      {
        "lineNumber": 54,
        "author": {
          "gitId": "shaojingle"
        },
        "content": "                listcounter++;"
      },
      {
        "lineNumber": 55,
        "author": {
          "gitId": "shaojingle"
        },
        "content": ""
      },
      {
        "lineNumber": 56,
        "author": {
          "gitId": "shaojingle"
        },
        "content": "            } else{"
      },
      {
        "lineNumber": 57,
        "author": {
          "gitId": "shaojingle"
        },
        "content": "                Task t \u003d new Task(line);"
      },
      {
        "lineNumber": 58,
        "author": {
          "gitId": "shaojingle"
        },
        "content": "                list[listcounter] \u003d t;"
      },
      {
        "lineNumber": 59,
        "author": {
          "gitId": "shaojingle"
        },
        "content": "                System.out.println(\"added: \" + line);"
      },
      {
        "lineNumber": 60,
        "author": {
          "gitId": "shaojingle"
        },
        "content": "                listcounter++;"
      },
      {
        "lineNumber": 61,
        "author": {
          "gitId": "shaojingle"
        },
        "content": "            }"
      },
      {
        "lineNumber": 62,
        "author": {
          "gitId": "shaojingle"
        },
        "content": "        }"
      },
      {
        "lineNumber": 63,
        "author": {
          "gitId": "-"
        },
        "content": "    }"
      },
      {
        "lineNumber": 64,
        "author": {
          "gitId": "-"
        },
        "content": "}"
      }
    ],
    "authorContributionMap": {
      "shaojingle": 60,
      "-": 4
    }
  },
  {
    "path": "src/main/java/Event.java",
    "fileType": "java",
    "lines": [
      {
        "lineNumber": 1,
        "author": {
          "gitId": "shaojingle"
        },
        "content": "public class Event extends Task{"
      },
      {
        "lineNumber": 2,
        "author": {
          "gitId": "shaojingle"
        },
        "content": "    protected String by;"
      },
      {
        "lineNumber": 3,
        "author": {
          "gitId": "shaojingle"
        },
        "content": ""
      },
      {
        "lineNumber": 4,
        "author": {
          "gitId": "shaojingle"
        },
        "content": "    public Event(String description, String by){"
      },
      {
        "lineNumber": 5,
        "author": {
          "gitId": "shaojingle"
        },
        "content": "        super(description);"
      },
      {
        "lineNumber": 6,
        "author": {
          "gitId": "shaojingle"
        },
        "content": "        this.by \u003d by;"
      },
      {
        "lineNumber": 7,
        "author": {
          "gitId": "shaojingle"
        },
        "content": "    }"
      },
      {
        "lineNumber": 8,
        "author": {
          "gitId": "shaojingle"
        },
        "content": ""
      },
      {
        "lineNumber": 9,
        "author": {
          "gitId": "shaojingle"
        },
        "content": "    @Override"
      },
      {
        "lineNumber": 10,
        "author": {
          "gitId": "shaojingle"
        },
        "content": "    public String toString(){"
      },
      {
        "lineNumber": 11,
        "author": {
          "gitId": "shaojingle"
        },
        "content": "        return \"[E]\" + super.toString();"
      },
      {
        "lineNumber": 12,
        "author": {
          "gitId": "shaojingle"
        },
        "content": "    }"
      },
      {
        "lineNumber": 13,
        "author": {
          "gitId": "shaojingle"
        },
        "content": "}"
      }
    ],
    "authorContributionMap": {
      "shaojingle": 13
    }
  },
  {
    "path": "src/main/java/Task.java",
    "fileType": "java",
    "lines": [
      {
        "lineNumber": 1,
        "author": {
          "gitId": "shaojingle"
        },
        "content": "public class Task {"
      },
      {
        "lineNumber": 2,
        "author": {
          "gitId": "shaojingle"
        },
        "content": "    protected String description;"
      },
      {
        "lineNumber": 3,
        "author": {
          "gitId": "shaojingle"
        },
        "content": "    protected boolean isDone;"
      },
      {
        "lineNumber": 4,
        "author": {
          "gitId": "shaojingle"
        },
        "content": ""
      },
      {
        "lineNumber": 5,
        "author": {
          "gitId": "shaojingle"
        },
        "content": "    public Task(String description) {"
      },
      {
        "lineNumber": 6,
        "author": {
          "gitId": "shaojingle"
        },
        "content": "        this.description \u003d description;"
      },
      {
        "lineNumber": 7,
        "author": {
          "gitId": "shaojingle"
        },
        "content": "        this.isDone \u003d false;"
      },
      {
        "lineNumber": 8,
        "author": {
          "gitId": "shaojingle"
        },
        "content": "    }"
      },
      {
        "lineNumber": 9,
        "author": {
          "gitId": "shaojingle"
        },
        "content": ""
      },
      {
        "lineNumber": 10,
        "author": {
          "gitId": "shaojingle"
        },
        "content": "    public String getStatusIcon() {"
      },
      {
        "lineNumber": 11,
        "author": {
          "gitId": "shaojingle"
        },
        "content": "        return (isDone ? \"\\u2713\" : \"\\u2718\"); //return tick or X symbols"
      },
      {
        "lineNumber": 12,
        "author": {
          "gitId": "shaojingle"
        },
        "content": "    }"
      },
      {
        "lineNumber": 13,
        "author": {
          "gitId": "shaojingle"
        },
        "content": ""
      },
      {
        "lineNumber": 14,
        "author": {
          "gitId": "shaojingle"
        },
        "content": "    public void markAsDone(){"
      },
      {
        "lineNumber": 15,
        "author": {
          "gitId": "shaojingle"
        },
        "content": "        this.isDone \u003d true;"
      },
      {
        "lineNumber": 16,
        "author": {
          "gitId": "shaojingle"
        },
        "content": "    }"
      },
      {
        "lineNumber": 17,
        "author": {
          "gitId": "shaojingle"
        },
        "content": ""
      },
      {
        "lineNumber": 18,
        "author": {
          "gitId": "shaojingle"
        },
        "content": "    public String toString(){"
      },
      {
        "lineNumber": 19,
        "author": {
          "gitId": "shaojingle"
        },
        "content": "        return \"[\" + getStatusIcon() + \"] \" + this.description;"
      },
      {
        "lineNumber": 20,
        "author": {
          "gitId": "shaojingle"
        },
        "content": "    }"
      },
      {
        "lineNumber": 21,
        "author": {
          "gitId": "shaojingle"
        },
        "content": "}"
      }
    ],
    "authorContributionMap": {
      "shaojingle": 21
    }
  },
  {
    "path": "src/main/java/Todo.java",
    "fileType": "java",
    "lines": [
      {
        "lineNumber": 1,
        "author": {
          "gitId": "shaojingle"
        },
        "content": "public class Todo extends Task{"
      },
      {
        "lineNumber": 2,
        "author": {
          "gitId": "shaojingle"
        },
        "content": "    public Todo(String description){"
      },
      {
        "lineNumber": 3,
        "author": {
          "gitId": "shaojingle"
        },
        "content": "        super(description);"
      },
      {
        "lineNumber": 4,
        "author": {
          "gitId": "shaojingle"
        },
        "content": "    }"
      },
      {
        "lineNumber": 5,
        "author": {
          "gitId": "shaojingle"
        },
        "content": ""
      },
      {
        "lineNumber": 6,
        "author": {
          "gitId": "shaojingle"
        },
        "content": "    @Override"
      },
      {
        "lineNumber": 7,
        "author": {
          "gitId": "shaojingle"
        },
        "content": "    public String toString(){"
      },
      {
        "lineNumber": 8,
        "author": {
          "gitId": "shaojingle"
        },
        "content": "        return \"[T]\" + super.toString();"
      },
      {
        "lineNumber": 9,
        "author": {
          "gitId": "shaojingle"
        },
        "content": "    }"
      },
      {
        "lineNumber": 10,
        "author": {
          "gitId": "shaojingle"
        },
        "content": "}"
      }
    ],
    "authorContributionMap": {
      "shaojingle": 10
    }
  }
]
