{
  "authorDailyContributionsMap": {
    "shaojingle": [
      {
        "date": "2020-08-31",
        "commitResults": [
          {
            "hash": "cf7184dd6412bffc5a03a4ee06569f2be6a43cba",
            "messageTitle": "Add greeting",
            "messageBody": "",
            "tags": [
              "Level-0"
            ],
            "fileTypesAndContributionMap": {
              "java": {
                "insertions": 3,
                "deletions": 0
              }
            }
          }
        ]
      },
      {
        "date": "2020-09-01",
        "commitResults": [
          {
            "hash": "c554c9e23b479f1978ac2fecb098a0af26be26eb",
            "messageTitle": "Level-1",
            "messageBody": "",
            "tags": [
              "Level-1"
            ],
            "fileTypesAndContributionMap": {
              "java": {
                "insertions": 11,
                "deletions": 7
              }
            }
          },
          {
            "hash": "88e371457387c56b345af4798cab5483d58eedb0",
            "messageTitle": "Level-2",
            "messageBody": "",
            "tags": [
              "Level-2"
            ],
            "fileTypesAndContributionMap": {
              "java": {
                "insertions": 12,
                "deletions": 1
              }
            }
          },
          {
            "hash": "03dbaa9018cbb7dfdd688f5383c184f2b8876f56",
            "messageTitle": "Level-3",
            "messageBody": "",
            "tags": [
              "Level-3"
            ],
            "fileTypesAndContributionMap": {
              "java": {
                "insertions": 30,
                "deletions": 3
              }
            }
          },
          {
            "hash": "ec93c386e435dbc80448b521301e2c15b648ede1",
            "messageTitle": "A-CodingStandard",
            "messageBody": "",
            "tags": [
              "A-CodingStandard"
            ],
            "fileTypesAndContributionMap": {
              "java": {
                "insertions": 1,
                "deletions": 1
              }
            }
          }
        ]
      },
      {
        "date": "2020-09-03",
        "commitResults": [
          {
            "hash": "be273876fcce5f2c189900edbfbbeac69994029e",
            "messageTitle": "Level-4",
            "messageBody": "",
            "tags": [
              "Level-4"
            ],
            "fileTypesAndContributionMap": {
              "java": {
                "insertions": 78,
                "deletions": 12
              }
            }
          },
          {
            "hash": "1705094625f4bdc4036e89b57bafc27eacda8a50",
            "messageTitle": "A-CodeQuality",
            "messageBody": "",
            "tags": [
              "A-CodeQuality"
            ],
            "fileTypesAndContributionMap": {
              "java": {
                "insertions": 8,
                "deletions": 8
              }
            }
          }
        ]
      },
      {
        "date": "2020-09-09",
        "commitResults": [
          {
            "hash": "090e0025ce7021e205a8a7ec9d4461ec20da0048",
            "messageTitle": "Level-5",
            "messageBody": "",
            "tags": [
              "Level-5"
            ],
            "fileTypesAndContributionMap": {
              "java": {
                "insertions": 65,
                "deletions": 44
              }
            }
          }
        ]
      },
      {
        "date": "2020-09-16",
        "commitResults": [
          {
            "hash": "f523a444b5326bb34d1f1c92a235dca441706a41",
            "messageTitle": "Level-6",
            "messageBody": "",
            "tags": [
              "Level-6"
            ],
            "fileTypesAndContributionMap": {
              "java": {
                "insertions": 17,
                "deletions": 6
              }
            }
          },
          {
            "hash": "fef447e22044efd0658f94f6d3b14dd9440ec845",
            "messageTitle": "Level-7",
            "messageBody": "",
            "tags": [
              "Level-7"
            ],
            "fileTypesAndContributionMap": {
              "java": {
                "insertions": 183,
                "deletions": 53
              }
            }
          },
          {
            "hash": "6410fdfac05f7d0feb49ca46c0bb00c7d75b0c77",
            "messageTitle": "Revert \"Level-7\"",
            "messageBody": "This reverts commit fef447e22044efd0658f94f6d3b14dd9440ec845.\n",
            "tags": [
              "A-Jar"
            ],
            "fileTypesAndContributionMap": {
              "java": {
                "insertions": 53,
                "deletions": 183
              }
            }
          }
        ]
      }
    ]
  },
  "authorFileTypeContributionMap": {
    "shaojingle": {
      "java": 97,
      "md": 0,
      "sh": 0,
      "bat": 0,
      "gradle": 0,
      "txt": 0
    }
  },
  "authorContributionVariance": {
    "shaojingle": 7489.963
  },
  "authorDisplayNameMap": {
    "shaojingle": "CS2113-T16-3 CHAN..JING"
  }
}
