[
  {
    "path": "src/main/java/Duke.java",
    "fileType": "java",
    "lines": [
      {
        "lineNumber": 1,
        "author": {
          "gitId": "JuZihao"
        },
        "content": "import java.util.Scanner;"
      },
      {
        "lineNumber": 2,
        "author": {
          "gitId": "JuZihao"
        },
        "content": ""
      },
      {
        "lineNumber": 3,
        "author": {
          "gitId": "JuZihao"
        },
        "content": "import functions.AnalyseCommand;"
      },
      {
        "lineNumber": 4,
        "author": {
          "gitId": "JuZihao"
        },
        "content": "import functions.TaskList;"
      },
      {
        "lineNumber": 5,
        "author": {
          "gitId": "JuZihao"
        },
        "content": "import static functions.DefaultMessages.greet;"
      },
      {
        "lineNumber": 6,
        "author": {
          "gitId": "JuZihao"
        },
        "content": "import static functions.DefaultMessages.bye;"
      },
      {
        "lineNumber": 7,
        "author": {
          "gitId": "JuZihao"
        },
        "content": ""
      },
      {
        "lineNumber": 8,
        "author": {
          "gitId": "-"
        },
        "content": "public class Duke {"
      },
      {
        "lineNumber": 9,
        "author": {
          "gitId": "-"
        },
        "content": "    public static void main(String[] args) {"
      },
      {
        "lineNumber": 10,
        "author": {
          "gitId": "JuZihao"
        },
        "content": "        String input;"
      },
      {
        "lineNumber": 11,
        "author": {
          "gitId": "JuZihao"
        },
        "content": "        Scanner in \u003d new Scanner(System.in);"
      },
      {
        "lineNumber": 12,
        "author": {
          "gitId": "JuZihao"
        },
        "content": "        TaskList currentTaskList \u003d new TaskList();"
      },
      {
        "lineNumber": 13,
        "author": {
          "gitId": "JuZihao"
        },
        "content": ""
      },
      {
        "lineNumber": 14,
        "author": {
          "gitId": "JuZihao"
        },
        "content": "        greet();"
      },
      {
        "lineNumber": 15,
        "author": {
          "gitId": "JuZihao"
        },
        "content": "        while (true) {"
      },
      {
        "lineNumber": 16,
        "author": {
          "gitId": "JuZihao"
        },
        "content": "            input \u003d in.nextLine();"
      },
      {
        "lineNumber": 17,
        "author": {
          "gitId": "JuZihao"
        },
        "content": "            AnalyseCommand userCommands \u003d new AnalyseCommand(input);"
      },
      {
        "lineNumber": 18,
        "author": {
          "gitId": "JuZihao"
        },
        "content": "            if (userCommands.isBye()) {"
      },
      {
        "lineNumber": 19,
        "author": {
          "gitId": "JuZihao"
        },
        "content": "                break;"
      },
      {
        "lineNumber": 20,
        "author": {
          "gitId": "JuZihao"
        },
        "content": "            } else if (userCommands.isList()) {"
      },
      {
        "lineNumber": 21,
        "author": {
          "gitId": "JuZihao"
        },
        "content": "                currentTaskList.printAllTasks();"
      },
      {
        "lineNumber": 22,
        "author": {
          "gitId": "JuZihao"
        },
        "content": "            } else if (userCommands.isDone()) {"
      },
      {
        "lineNumber": 23,
        "author": {
          "gitId": "JuZihao"
        },
        "content": "                currentTaskList.setTaskAsDone(userCommands.getCommandDescription());"
      },
      {
        "lineNumber": 24,
        "author": {
          "gitId": "JuZihao"
        },
        "content": "            } else {"
      },
      {
        "lineNumber": 25,
        "author": {
          "gitId": "JuZihao"
        },
        "content": "                currentTaskList.addTask(userCommands);"
      },
      {
        "lineNumber": 26,
        "author": {
          "gitId": "JuZihao"
        },
        "content": "            }"
      },
      {
        "lineNumber": 27,
        "author": {
          "gitId": "JuZihao"
        },
        "content": "        }"
      },
      {
        "lineNumber": 28,
        "author": {
          "gitId": "JuZihao"
        },
        "content": "        bye();"
      },
      {
        "lineNumber": 29,
        "author": {
          "gitId": "-"
        },
        "content": "    }"
      },
      {
        "lineNumber": 30,
        "author": {
          "gitId": "-"
        },
        "content": "}"
      }
    ],
    "authorContributionMap": {
      "JuZihao": 26,
      "-": 4
    }
  },
  {
    "path": "src/main/java/datatypes/Deadline.java",
    "fileType": "java",
    "lines": [
      {
        "lineNumber": 1,
        "author": {
          "gitId": "JuZihao"
        },
        "content": "package datatypes;"
      },
      {
        "lineNumber": 2,
        "author": {
          "gitId": "JuZihao"
        },
        "content": ""
      },
      {
        "lineNumber": 3,
        "author": {
          "gitId": "JuZihao"
        },
        "content": "public class Deadline extends Task {"
      },
      {
        "lineNumber": 4,
        "author": {
          "gitId": "JuZihao"
        },
        "content": ""
      },
      {
        "lineNumber": 5,
        "author": {
          "gitId": "JuZihao"
        },
        "content": "    private final String DEADLINE_SIGN \u003d \"[D]\";"
      },
      {
        "lineNumber": 6,
        "author": {
          "gitId": "JuZihao"
        },
        "content": "    protected String deadlineBy;"
      },
      {
        "lineNumber": 7,
        "author": {
          "gitId": "JuZihao"
        },
        "content": ""
      },
      {
        "lineNumber": 8,
        "author": {
          "gitId": "JuZihao"
        },
        "content": "    public Deadline(String description, String deadlineBy) {"
      },
      {
        "lineNumber": 9,
        "author": {
          "gitId": "JuZihao"
        },
        "content": "        super(description);"
      },
      {
        "lineNumber": 10,
        "author": {
          "gitId": "JuZihao"
        },
        "content": "        setDeadlineBy(deadlineBy);"
      },
      {
        "lineNumber": 11,
        "author": {
          "gitId": "JuZihao"
        },
        "content": "    }"
      },
      {
        "lineNumber": 12,
        "author": {
          "gitId": "JuZihao"
        },
        "content": ""
      },
      {
        "lineNumber": 13,
        "author": {
          "gitId": "JuZihao"
        },
        "content": "    public void setDeadlineBy(String deadlineBy) {"
      },
      {
        "lineNumber": 14,
        "author": {
          "gitId": "JuZihao"
        },
        "content": "        String by \u003d deadlineBy.replace(\"by\",\"by:\");"
      },
      {
        "lineNumber": 15,
        "author": {
          "gitId": "JuZihao"
        },
        "content": "        this.deadlineBy \u003d by;"
      },
      {
        "lineNumber": 16,
        "author": {
          "gitId": "JuZihao"
        },
        "content": "    }"
      },
      {
        "lineNumber": 17,
        "author": {
          "gitId": "JuZihao"
        },
        "content": ""
      },
      {
        "lineNumber": 18,
        "author": {
          "gitId": "JuZihao"
        },
        "content": "    public String getDeadlineBy() {"
      },
      {
        "lineNumber": 19,
        "author": {
          "gitId": "JuZihao"
        },
        "content": "        return deadlineBy;"
      },
      {
        "lineNumber": 20,
        "author": {
          "gitId": "JuZihao"
        },
        "content": "    }"
      },
      {
        "lineNumber": 21,
        "author": {
          "gitId": "JuZihao"
        },
        "content": ""
      },
      {
        "lineNumber": 22,
        "author": {
          "gitId": "JuZihao"
        },
        "content": "    @Override"
      },
      {
        "lineNumber": 23,
        "author": {
          "gitId": "JuZihao"
        },
        "content": "    public String toString() {"
      },
      {
        "lineNumber": 24,
        "author": {
          "gitId": "JuZihao"
        },
        "content": "        return DEADLINE_SIGN + super.toString() + \"(\" + getDeadlineBy() + \")\";"
      },
      {
        "lineNumber": 25,
        "author": {
          "gitId": "JuZihao"
        },
        "content": "    }"
      },
      {
        "lineNumber": 26,
        "author": {
          "gitId": "JuZihao"
        },
        "content": "}"
      }
    ],
    "authorContributionMap": {
      "JuZihao": 26
    }
  },
  {
    "path": "src/main/java/datatypes/Event.java",
    "fileType": "java",
    "lines": [
      {
        "lineNumber": 1,
        "author": {
          "gitId": "JuZihao"
        },
        "content": "package datatypes;"
      },
      {
        "lineNumber": 2,
        "author": {
          "gitId": "JuZihao"
        },
        "content": ""
      },
      {
        "lineNumber": 3,
        "author": {
          "gitId": "JuZihao"
        },
        "content": "public class Event extends Task {"
      },
      {
        "lineNumber": 4,
        "author": {
          "gitId": "JuZihao"
        },
        "content": ""
      },
      {
        "lineNumber": 5,
        "author": {
          "gitId": "JuZihao"
        },
        "content": "    private final String EVENT_SIGN \u003d \"[E]\";"
      },
      {
        "lineNumber": 6,
        "author": {
          "gitId": "JuZihao"
        },
        "content": "    protected String eventAt;"
      },
      {
        "lineNumber": 7,
        "author": {
          "gitId": "JuZihao"
        },
        "content": ""
      },
      {
        "lineNumber": 8,
        "author": {
          "gitId": "JuZihao"
        },
        "content": "    public Event(String description, String eventAt) {"
      },
      {
        "lineNumber": 9,
        "author": {
          "gitId": "JuZihao"
        },
        "content": "        super(description);"
      },
      {
        "lineNumber": 10,
        "author": {
          "gitId": "JuZihao"
        },
        "content": "        setEventAt(eventAt);"
      },
      {
        "lineNumber": 11,
        "author": {
          "gitId": "JuZihao"
        },
        "content": "    }"
      },
      {
        "lineNumber": 12,
        "author": {
          "gitId": "JuZihao"
        },
        "content": ""
      },
      {
        "lineNumber": 13,
        "author": {
          "gitId": "JuZihao"
        },
        "content": "    public void setEventAt(String eventAt) {"
      },
      {
        "lineNumber": 14,
        "author": {
          "gitId": "JuZihao"
        },
        "content": "        String at \u003d eventAt.replace(\"at\",\"at:\");"
      },
      {
        "lineNumber": 15,
        "author": {
          "gitId": "JuZihao"
        },
        "content": "        this.eventAt \u003d at;"
      },
      {
        "lineNumber": 16,
        "author": {
          "gitId": "JuZihao"
        },
        "content": "    }"
      },
      {
        "lineNumber": 17,
        "author": {
          "gitId": "JuZihao"
        },
        "content": ""
      },
      {
        "lineNumber": 18,
        "author": {
          "gitId": "JuZihao"
        },
        "content": "    public String getEventAt() {"
      },
      {
        "lineNumber": 19,
        "author": {
          "gitId": "JuZihao"
        },
        "content": "        return eventAt;"
      },
      {
        "lineNumber": 20,
        "author": {
          "gitId": "JuZihao"
        },
        "content": "    }"
      },
      {
        "lineNumber": 21,
        "author": {
          "gitId": "JuZihao"
        },
        "content": ""
      },
      {
        "lineNumber": 22,
        "author": {
          "gitId": "JuZihao"
        },
        "content": "    @Override"
      },
      {
        "lineNumber": 23,
        "author": {
          "gitId": "JuZihao"
        },
        "content": "    public String toString() {"
      },
      {
        "lineNumber": 24,
        "author": {
          "gitId": "JuZihao"
        },
        "content": "        return EVENT_SIGN + super.toString() + \"(\" + getEventAt() + \")\";"
      },
      {
        "lineNumber": 25,
        "author": {
          "gitId": "JuZihao"
        },
        "content": "    }"
      },
      {
        "lineNumber": 26,
        "author": {
          "gitId": "JuZihao"
        },
        "content": "}"
      }
    ],
    "authorContributionMap": {
      "JuZihao": 26
    }
  },
  {
    "path": "src/main/java/datatypes/Task.java",
    "fileType": "java",
    "lines": [
      {
        "lineNumber": 1,
        "author": {
          "gitId": "JuZihao"
        },
        "content": "package datatypes;"
      },
      {
        "lineNumber": 2,
        "author": {
          "gitId": "JuZihao"
        },
        "content": ""
      },
      {
        "lineNumber": 3,
        "author": {
          "gitId": "JuZihao"
        },
        "content": "public abstract class Task {"
      },
      {
        "lineNumber": 4,
        "author": {
          "gitId": "JuZihao"
        },
        "content": "    protected String description;"
      },
      {
        "lineNumber": 5,
        "author": {
          "gitId": "JuZihao"
        },
        "content": "    protected boolean isDone;"
      },
      {
        "lineNumber": 6,
        "author": {
          "gitId": "JuZihao"
        },
        "content": ""
      },
      {
        "lineNumber": 7,
        "author": {
          "gitId": "JuZihao"
        },
        "content": "    public Task(String description) {"
      },
      {
        "lineNumber": 8,
        "author": {
          "gitId": "JuZihao"
        },
        "content": "        setDescription(description);"
      },
      {
        "lineNumber": 9,
        "author": {
          "gitId": "JuZihao"
        },
        "content": "        this.isDone \u003d false;"
      },
      {
        "lineNumber": 10,
        "author": {
          "gitId": "JuZihao"
        },
        "content": "    }"
      },
      {
        "lineNumber": 11,
        "author": {
          "gitId": "JuZihao"
        },
        "content": ""
      },
      {
        "lineNumber": 12,
        "author": {
          "gitId": "JuZihao"
        },
        "content": "    /**"
      },
      {
        "lineNumber": 13,
        "author": {
          "gitId": "JuZihao"
        },
        "content": "     * Returns the status of the current task"
      },
      {
        "lineNumber": 14,
        "author": {
          "gitId": "JuZihao"
        },
        "content": "     * The default status is a cross"
      },
      {
        "lineNumber": 15,
        "author": {
          "gitId": "JuZihao"
        },
        "content": "     * If the task is done it will return a tick"
      },
      {
        "lineNumber": 16,
        "author": {
          "gitId": "JuZihao"
        },
        "content": "     *"
      },
      {
        "lineNumber": 17,
        "author": {
          "gitId": "JuZihao"
        },
        "content": "     * @return returns a tick or a cross"
      },
      {
        "lineNumber": 18,
        "author": {
          "gitId": "JuZihao"
        },
        "content": "     */"
      },
      {
        "lineNumber": 19,
        "author": {
          "gitId": "JuZihao"
        },
        "content": "    public String getStatusIcon() {"
      },
      {
        "lineNumber": 20,
        "author": {
          "gitId": "JuZihao"
        },
        "content": "        return (isDone ? \"\\u2713\" : \"\\u2718\");"
      },
      {
        "lineNumber": 21,
        "author": {
          "gitId": "JuZihao"
        },
        "content": "    }"
      },
      {
        "lineNumber": 22,
        "author": {
          "gitId": "JuZihao"
        },
        "content": ""
      },
      {
        "lineNumber": 23,
        "author": {
          "gitId": "JuZihao"
        },
        "content": "    public void markAsDone() {"
      },
      {
        "lineNumber": 24,
        "author": {
          "gitId": "JuZihao"
        },
        "content": "        this.isDone \u003d true;"
      },
      {
        "lineNumber": 25,
        "author": {
          "gitId": "JuZihao"
        },
        "content": "    }"
      },
      {
        "lineNumber": 26,
        "author": {
          "gitId": "JuZihao"
        },
        "content": ""
      },
      {
        "lineNumber": 27,
        "author": {
          "gitId": "JuZihao"
        },
        "content": "    public String getDescription() {"
      },
      {
        "lineNumber": 28,
        "author": {
          "gitId": "JuZihao"
        },
        "content": "        return this.description;"
      },
      {
        "lineNumber": 29,
        "author": {
          "gitId": "JuZihao"
        },
        "content": "    }"
      },
      {
        "lineNumber": 30,
        "author": {
          "gitId": "JuZihao"
        },
        "content": ""
      },
      {
        "lineNumber": 31,
        "author": {
          "gitId": "JuZihao"
        },
        "content": "    public void setDescription(String description) {"
      },
      {
        "lineNumber": 32,
        "author": {
          "gitId": "JuZihao"
        },
        "content": "        this.description \u003d description;"
      },
      {
        "lineNumber": 33,
        "author": {
          "gitId": "JuZihao"
        },
        "content": "    }"
      },
      {
        "lineNumber": 34,
        "author": {
          "gitId": "JuZihao"
        },
        "content": ""
      },
      {
        "lineNumber": 35,
        "author": {
          "gitId": "JuZihao"
        },
        "content": "    @Override"
      },
      {
        "lineNumber": 36,
        "author": {
          "gitId": "JuZihao"
        },
        "content": "    public String toString() {"
      },
      {
        "lineNumber": 37,
        "author": {
          "gitId": "JuZihao"
        },
        "content": "        return \"[\" + getStatusIcon() + \"]\" + \" \" + getDescription();"
      },
      {
        "lineNumber": 38,
        "author": {
          "gitId": "JuZihao"
        },
        "content": "    }"
      },
      {
        "lineNumber": 39,
        "author": {
          "gitId": "JuZihao"
        },
        "content": "}"
      }
    ],
    "authorContributionMap": {
      "JuZihao": 39
    }
  },
  {
    "path": "src/main/java/datatypes/Todo.java",
    "fileType": "java",
    "lines": [
      {
        "lineNumber": 1,
        "author": {
          "gitId": "JuZihao"
        },
        "content": "package datatypes;"
      },
      {
        "lineNumber": 2,
        "author": {
          "gitId": "JuZihao"
        },
        "content": ""
      },
      {
        "lineNumber": 3,
        "author": {
          "gitId": "JuZihao"
        },
        "content": "public class Todo extends Task {"
      },
      {
        "lineNumber": 4,
        "author": {
          "gitId": "JuZihao"
        },
        "content": ""
      },
      {
        "lineNumber": 5,
        "author": {
          "gitId": "JuZihao"
        },
        "content": "    private final String TODO_SIGN \u003d \"[T]\";"
      },
      {
        "lineNumber": 6,
        "author": {
          "gitId": "JuZihao"
        },
        "content": ""
      },
      {
        "lineNumber": 7,
        "author": {
          "gitId": "JuZihao"
        },
        "content": "    public Todo(String description) {"
      },
      {
        "lineNumber": 8,
        "author": {
          "gitId": "JuZihao"
        },
        "content": "        super(description);"
      },
      {
        "lineNumber": 9,
        "author": {
          "gitId": "JuZihao"
        },
        "content": "    }"
      },
      {
        "lineNumber": 10,
        "author": {
          "gitId": "JuZihao"
        },
        "content": ""
      },
      {
        "lineNumber": 11,
        "author": {
          "gitId": "JuZihao"
        },
        "content": "    @Override"
      },
      {
        "lineNumber": 12,
        "author": {
          "gitId": "JuZihao"
        },
        "content": "    public String toString() {"
      },
      {
        "lineNumber": 13,
        "author": {
          "gitId": "JuZihao"
        },
        "content": "        return TODO_SIGN + super.toString();"
      },
      {
        "lineNumber": 14,
        "author": {
          "gitId": "JuZihao"
        },
        "content": "    }"
      },
      {
        "lineNumber": 15,
        "author": {
          "gitId": "JuZihao"
        },
        "content": "}"
      }
    ],
    "authorContributionMap": {
      "JuZihao": 15
    }
  },
  {
    "path": "src/main/java/functions/AnalyseCommand.java",
    "fileType": "java",
    "lines": [
      {
        "lineNumber": 1,
        "author": {
          "gitId": "JuZihao"
        },
        "content": "package functions;"
      },
      {
        "lineNumber": 2,
        "author": {
          "gitId": "JuZihao"
        },
        "content": ""
      },
      {
        "lineNumber": 3,
        "author": {
          "gitId": "JuZihao"
        },
        "content": "public class AnalyseCommand {"
      },
      {
        "lineNumber": 4,
        "author": {
          "gitId": "JuZihao"
        },
        "content": ""
      },
      {
        "lineNumber": 5,
        "author": {
          "gitId": "JuZihao"
        },
        "content": "    protected String commandType;"
      },
      {
        "lineNumber": 6,
        "author": {
          "gitId": "JuZihao"
        },
        "content": "    protected String commandDescription;"
      },
      {
        "lineNumber": 7,
        "author": {
          "gitId": "JuZihao"
        },
        "content": "    protected String commandTime;"
      },
      {
        "lineNumber": 8,
        "author": {
          "gitId": "JuZihao"
        },
        "content": ""
      },
      {
        "lineNumber": 9,
        "author": {
          "gitId": "JuZihao"
        },
        "content": "    public AnalyseCommand(String input) {"
      },
      {
        "lineNumber": 10,
        "author": {
          "gitId": "JuZihao"
        },
        "content": "        setCommandType(input);"
      },
      {
        "lineNumber": 11,
        "author": {
          "gitId": "JuZihao"
        },
        "content": "        setCommandDescription(input);"
      },
      {
        "lineNumber": 12,
        "author": {
          "gitId": "JuZihao"
        },
        "content": "        setCommandTime(input);"
      },
      {
        "lineNumber": 13,
        "author": {
          "gitId": "JuZihao"
        },
        "content": "    }"
      },
      {
        "lineNumber": 14,
        "author": {
          "gitId": "JuZihao"
        },
        "content": ""
      },
      {
        "lineNumber": 15,
        "author": {
          "gitId": "JuZihao"
        },
        "content": "    public void setCommandType(String input) {"
      },
      {
        "lineNumber": 16,
        "author": {
          "gitId": "JuZihao"
        },
        "content": "        if (input.contains(\" \")) {"
      },
      {
        "lineNumber": 17,
        "author": {
          "gitId": "JuZihao"
        },
        "content": "            String[] commandType \u003d input.split(\" \");"
      },
      {
        "lineNumber": 18,
        "author": {
          "gitId": "JuZihao"
        },
        "content": "            this.commandType \u003d commandType[0].toLowerCase();"
      },
      {
        "lineNumber": 19,
        "author": {
          "gitId": "JuZihao"
        },
        "content": "        } else {"
      },
      {
        "lineNumber": 20,
        "author": {
          "gitId": "JuZihao"
        },
        "content": "            this.commandType \u003d input.toLowerCase();"
      },
      {
        "lineNumber": 21,
        "author": {
          "gitId": "JuZihao"
        },
        "content": "        }"
      },
      {
        "lineNumber": 22,
        "author": {
          "gitId": "JuZihao"
        },
        "content": "    }"
      },
      {
        "lineNumber": 23,
        "author": {
          "gitId": "JuZihao"
        },
        "content": ""
      },
      {
        "lineNumber": 24,
        "author": {
          "gitId": "JuZihao"
        },
        "content": "    public String getCommandType(){"
      },
      {
        "lineNumber": 25,
        "author": {
          "gitId": "JuZihao"
        },
        "content": "        return this.commandType;"
      },
      {
        "lineNumber": 26,
        "author": {
          "gitId": "JuZihao"
        },
        "content": "    }"
      },
      {
        "lineNumber": 27,
        "author": {
          "gitId": "JuZihao"
        },
        "content": ""
      },
      {
        "lineNumber": 28,
        "author": {
          "gitId": "JuZihao"
        },
        "content": "    public void setCommandDescription(String input) {"
      },
      {
        "lineNumber": 29,
        "author": {
          "gitId": "JuZihao"
        },
        "content": "        if (isBye()||isList()) {"
      },
      {
        "lineNumber": 30,
        "author": {
          "gitId": "JuZihao"
        },
        "content": "            this.commandDescription \u003d \"No description\";"
      },
      {
        "lineNumber": 31,
        "author": {
          "gitId": "JuZihao"
        },
        "content": "        } else {"
      },
      {
        "lineNumber": 32,
        "author": {
          "gitId": "JuZihao"
        },
        "content": "            String[] commandDescription \u003d input.split(\" \", 2);"
      },
      {
        "lineNumber": 33,
        "author": {
          "gitId": "JuZihao"
        },
        "content": "            if (isEvent()||isDeadline()) {"
      },
      {
        "lineNumber": 34,
        "author": {
          "gitId": "JuZihao"
        },
        "content": "                String[] descriptionWithoutTime \u003d commandDescription[1].split(\"/\");"
      },
      {
        "lineNumber": 35,
        "author": {
          "gitId": "JuZihao"
        },
        "content": "                this.commandDescription \u003d descriptionWithoutTime[0];"
      },
      {
        "lineNumber": 36,
        "author": {
          "gitId": "JuZihao"
        },
        "content": "            } else {"
      },
      {
        "lineNumber": 37,
        "author": {
          "gitId": "JuZihao"
        },
        "content": "                this.commandDescription \u003d commandDescription[1];"
      },
      {
        "lineNumber": 38,
        "author": {
          "gitId": "JuZihao"
        },
        "content": "            }"
      },
      {
        "lineNumber": 39,
        "author": {
          "gitId": "JuZihao"
        },
        "content": "        }"
      },
      {
        "lineNumber": 40,
        "author": {
          "gitId": "JuZihao"
        },
        "content": "    }"
      },
      {
        "lineNumber": 41,
        "author": {
          "gitId": "JuZihao"
        },
        "content": ""
      },
      {
        "lineNumber": 42,
        "author": {
          "gitId": "JuZihao"
        },
        "content": "    public String getCommandDescription() {"
      },
      {
        "lineNumber": 43,
        "author": {
          "gitId": "JuZihao"
        },
        "content": "        return this.commandDescription;"
      },
      {
        "lineNumber": 44,
        "author": {
          "gitId": "JuZihao"
        },
        "content": "    }"
      },
      {
        "lineNumber": 45,
        "author": {
          "gitId": "JuZihao"
        },
        "content": ""
      },
      {
        "lineNumber": 46,
        "author": {
          "gitId": "JuZihao"
        },
        "content": "    public void setCommandTime(String input) {"
      },
      {
        "lineNumber": 47,
        "author": {
          "gitId": "JuZihao"
        },
        "content": "        if (input.contains(\"/\")) {"
      },
      {
        "lineNumber": 48,
        "author": {
          "gitId": "JuZihao"
        },
        "content": "            String[] commandTime \u003d input.split(\"/\");"
      },
      {
        "lineNumber": 49,
        "author": {
          "gitId": "JuZihao"
        },
        "content": "            this.commandTime \u003d commandTime[1];"
      },
      {
        "lineNumber": 50,
        "author": {
          "gitId": "JuZihao"
        },
        "content": "        } else {"
      },
      {
        "lineNumber": 51,
        "author": {
          "gitId": "JuZihao"
        },
        "content": "            this.commandTime \u003d \"No Given time\";"
      },
      {
        "lineNumber": 52,
        "author": {
          "gitId": "JuZihao"
        },
        "content": "        }"
      },
      {
        "lineNumber": 53,
        "author": {
          "gitId": "JuZihao"
        },
        "content": "    }"
      },
      {
        "lineNumber": 54,
        "author": {
          "gitId": "JuZihao"
        },
        "content": ""
      },
      {
        "lineNumber": 55,
        "author": {
          "gitId": "JuZihao"
        },
        "content": "    public String getCommandTime() {"
      },
      {
        "lineNumber": 56,
        "author": {
          "gitId": "JuZihao"
        },
        "content": "        return this.commandTime;"
      },
      {
        "lineNumber": 57,
        "author": {
          "gitId": "JuZihao"
        },
        "content": "    }"
      },
      {
        "lineNumber": 58,
        "author": {
          "gitId": "JuZihao"
        },
        "content": ""
      },
      {
        "lineNumber": 59,
        "author": {
          "gitId": "JuZihao"
        },
        "content": "    public boolean isBye() {"
      },
      {
        "lineNumber": 60,
        "author": {
          "gitId": "JuZihao"
        },
        "content": "        return getCommandType().equals(\"bye\");"
      },
      {
        "lineNumber": 61,
        "author": {
          "gitId": "JuZihao"
        },
        "content": "    }"
      },
      {
        "lineNumber": 62,
        "author": {
          "gitId": "JuZihao"
        },
        "content": ""
      },
      {
        "lineNumber": 63,
        "author": {
          "gitId": "JuZihao"
        },
        "content": "    public boolean isList() {"
      },
      {
        "lineNumber": 64,
        "author": {
          "gitId": "JuZihao"
        },
        "content": "        return getCommandType().equals(\"list\");"
      },
      {
        "lineNumber": 65,
        "author": {
          "gitId": "JuZihao"
        },
        "content": "    }"
      },
      {
        "lineNumber": 66,
        "author": {
          "gitId": "JuZihao"
        },
        "content": ""
      },
      {
        "lineNumber": 67,
        "author": {
          "gitId": "JuZihao"
        },
        "content": "    public boolean isDone() {"
      },
      {
        "lineNumber": 68,
        "author": {
          "gitId": "JuZihao"
        },
        "content": "        return getCommandType().equals(\"done\");"
      },
      {
        "lineNumber": 69,
        "author": {
          "gitId": "JuZihao"
        },
        "content": "    }"
      },
      {
        "lineNumber": 70,
        "author": {
          "gitId": "JuZihao"
        },
        "content": ""
      },
      {
        "lineNumber": 71,
        "author": {
          "gitId": "JuZihao"
        },
        "content": "    public boolean isToDo() {"
      },
      {
        "lineNumber": 72,
        "author": {
          "gitId": "JuZihao"
        },
        "content": "        return getCommandType().equals(\"todo\");"
      },
      {
        "lineNumber": 73,
        "author": {
          "gitId": "JuZihao"
        },
        "content": "    }"
      },
      {
        "lineNumber": 74,
        "author": {
          "gitId": "JuZihao"
        },
        "content": ""
      },
      {
        "lineNumber": 75,
        "author": {
          "gitId": "JuZihao"
        },
        "content": "    public boolean isEvent() {"
      },
      {
        "lineNumber": 76,
        "author": {
          "gitId": "JuZihao"
        },
        "content": "        return getCommandType().equals(\"event\");"
      },
      {
        "lineNumber": 77,
        "author": {
          "gitId": "JuZihao"
        },
        "content": "    }"
      },
      {
        "lineNumber": 78,
        "author": {
          "gitId": "JuZihao"
        },
        "content": ""
      },
      {
        "lineNumber": 79,
        "author": {
          "gitId": "JuZihao"
        },
        "content": "    public boolean isDeadline() {"
      },
      {
        "lineNumber": 80,
        "author": {
          "gitId": "JuZihao"
        },
        "content": "        return getCommandType().equals(\"deadline\");"
      },
      {
        "lineNumber": 81,
        "author": {
          "gitId": "JuZihao"
        },
        "content": "    }"
      },
      {
        "lineNumber": 82,
        "author": {
          "gitId": "JuZihao"
        },
        "content": ""
      },
      {
        "lineNumber": 83,
        "author": {
          "gitId": "JuZihao"
        },
        "content": ""
      },
      {
        "lineNumber": 84,
        "author": {
          "gitId": "JuZihao"
        },
        "content": "}"
      }
    ],
    "authorContributionMap": {
      "JuZihao": 84
    }
  },
  {
    "path": "src/main/java/functions/DefaultMessages.java",
    "fileType": "java",
    "lines": [
      {
        "lineNumber": 1,
        "author": {
          "gitId": "JuZihao"
        },
        "content": "package functions;"
      },
      {
        "lineNumber": 2,
        "author": {
          "gitId": "JuZihao"
        },
        "content": ""
      },
      {
        "lineNumber": 3,
        "author": {
          "gitId": "JuZihao"
        },
        "content": "public class DefaultMessages {"
      },
      {
        "lineNumber": 4,
        "author": {
          "gitId": "JuZihao"
        },
        "content": ""
      },
      {
        "lineNumber": 5,
        "author": {
          "gitId": "JuZihao"
        },
        "content": "    public static void greet() {"
      },
      {
        "lineNumber": 6,
        "author": {
          "gitId": "JuZihao"
        },
        "content": "        String logo \u003d \" ____        _        \\n\""
      },
      {
        "lineNumber": 7,
        "author": {
          "gitId": "JuZihao"
        },
        "content": "                + \"|  _ \\\\ _   _| | _____ \\n\""
      },
      {
        "lineNumber": 8,
        "author": {
          "gitId": "JuZihao"
        },
        "content": "                + \"| | | | | | | |/ / _ \\\\\\n\""
      },
      {
        "lineNumber": 9,
        "author": {
          "gitId": "JuZihao"
        },
        "content": "                + \"| |_| | |_| |   \u003c  __/\\n\""
      },
      {
        "lineNumber": 10,
        "author": {
          "gitId": "JuZihao"
        },
        "content": "                + \"|____/ \\\\__,_|_|\\\\_\\\\___|\\n\";"
      },
      {
        "lineNumber": 11,
        "author": {
          "gitId": "JuZihao"
        },
        "content": "        System.out.println(\"Hello from\\n\" + logo);"
      },
      {
        "lineNumber": 12,
        "author": {
          "gitId": "JuZihao"
        },
        "content": "        System.out.println(\"Hello! I\u0027m Duke\");"
      },
      {
        "lineNumber": 13,
        "author": {
          "gitId": "JuZihao"
        },
        "content": "        System.out.println(\"What can I do for you?\");"
      },
      {
        "lineNumber": 14,
        "author": {
          "gitId": "JuZihao"
        },
        "content": "    }"
      },
      {
        "lineNumber": 15,
        "author": {
          "gitId": "JuZihao"
        },
        "content": ""
      },
      {
        "lineNumber": 16,
        "author": {
          "gitId": "JuZihao"
        },
        "content": "    public static void bye() {"
      },
      {
        "lineNumber": 17,
        "author": {
          "gitId": "JuZihao"
        },
        "content": "        System.out.println(\"Bye! Hope to see you soon!\");"
      },
      {
        "lineNumber": 18,
        "author": {
          "gitId": "JuZihao"
        },
        "content": "    }"
      },
      {
        "lineNumber": 19,
        "author": {
          "gitId": "JuZihao"
        },
        "content": "}"
      }
    ],
    "authorContributionMap": {
      "JuZihao": 19
    }
  },
  {
    "path": "src/main/java/functions/TaskList.java",
    "fileType": "java",
    "lines": [
      {
        "lineNumber": 1,
        "author": {
          "gitId": "JuZihao"
        },
        "content": "package functions;"
      },
      {
        "lineNumber": 2,
        "author": {
          "gitId": "JuZihao"
        },
        "content": ""
      },
      {
        "lineNumber": 3,
        "author": {
          "gitId": "JuZihao"
        },
        "content": "import datatypes.Deadline;"
      },
      {
        "lineNumber": 4,
        "author": {
          "gitId": "JuZihao"
        },
        "content": "import datatypes.Event;"
      },
      {
        "lineNumber": 5,
        "author": {
          "gitId": "JuZihao"
        },
        "content": "import datatypes.Task;"
      },
      {
        "lineNumber": 6,
        "author": {
          "gitId": "JuZihao"
        },
        "content": "import datatypes.Todo;"
      },
      {
        "lineNumber": 7,
        "author": {
          "gitId": "JuZihao"
        },
        "content": "import java.util.ArrayList;"
      },
      {
        "lineNumber": 8,
        "author": {
          "gitId": "JuZihao"
        },
        "content": ""
      },
      {
        "lineNumber": 9,
        "author": {
          "gitId": "JuZihao"
        },
        "content": "public class TaskList {"
      },
      {
        "lineNumber": 10,
        "author": {
          "gitId": "JuZihao"
        },
        "content": "    private final ArrayList\u003cTask\u003e arrayOfTasks \u003d new ArrayList\u003c\u003e();"
      },
      {
        "lineNumber": 11,
        "author": {
          "gitId": "JuZihao"
        },
        "content": "    private int numberOfTasks;"
      },
      {
        "lineNumber": 12,
        "author": {
          "gitId": "JuZihao"
        },
        "content": ""
      },
      {
        "lineNumber": 13,
        "author": {
          "gitId": "JuZihao"
        },
        "content": "    public TaskList() {"
      },
      {
        "lineNumber": 14,
        "author": {
          "gitId": "JuZihao"
        },
        "content": "        setNumberOfTasks(0);"
      },
      {
        "lineNumber": 15,
        "author": {
          "gitId": "JuZihao"
        },
        "content": "    }"
      },
      {
        "lineNumber": 16,
        "author": {
          "gitId": "JuZihao"
        },
        "content": ""
      },
      {
        "lineNumber": 17,
        "author": {
          "gitId": "JuZihao"
        },
        "content": "    public int getNumberOfTasks() {"
      },
      {
        "lineNumber": 18,
        "author": {
          "gitId": "JuZihao"
        },
        "content": "        return numberOfTasks;"
      },
      {
        "lineNumber": 19,
        "author": {
          "gitId": "JuZihao"
        },
        "content": "    }"
      },
      {
        "lineNumber": 20,
        "author": {
          "gitId": "JuZihao"
        },
        "content": ""
      },
      {
        "lineNumber": 21,
        "author": {
          "gitId": "JuZihao"
        },
        "content": "    public void setNumberOfTasks(int numberOfTasks) {"
      },
      {
        "lineNumber": 22,
        "author": {
          "gitId": "JuZihao"
        },
        "content": "        this.numberOfTasks\u003dnumberOfTasks;"
      },
      {
        "lineNumber": 23,
        "author": {
          "gitId": "JuZihao"
        },
        "content": "    }"
      },
      {
        "lineNumber": 24,
        "author": {
          "gitId": "JuZihao"
        },
        "content": ""
      },
      {
        "lineNumber": 25,
        "author": {
          "gitId": "JuZihao"
        },
        "content": "    public void printAllTasks() {"
      },
      {
        "lineNumber": 26,
        "author": {
          "gitId": "JuZihao"
        },
        "content": "        if(arrayOfTasks.isEmpty()) {"
      },
      {
        "lineNumber": 27,
        "author": {
          "gitId": "JuZihao"
        },
        "content": "            System.out.println(\"No tasks added yet!\");"
      },
      {
        "lineNumber": 28,
        "author": {
          "gitId": "JuZihao"
        },
        "content": "        } else {"
      },
      {
        "lineNumber": 29,
        "author": {
          "gitId": "JuZihao"
        },
        "content": "            System.out.println(\"Here are the tasks in your list:\");"
      },
      {
        "lineNumber": 30,
        "author": {
          "gitId": "JuZihao"
        },
        "content": "            for (int i \u003d 0; i\u003carrayOfTasks.size();i++){"
      },
      {
        "lineNumber": 31,
        "author": {
          "gitId": "JuZihao"
        },
        "content": "                Task currentTask \u003d arrayOfTasks.get(i);"
      },
      {
        "lineNumber": 32,
        "author": {
          "gitId": "JuZihao"
        },
        "content": "                System.out.println(i+1 + \".\" + currentTask.toString());"
      },
      {
        "lineNumber": 33,
        "author": {
          "gitId": "JuZihao"
        },
        "content": "            }"
      },
      {
        "lineNumber": 34,
        "author": {
          "gitId": "JuZihao"
        },
        "content": "        }"
      },
      {
        "lineNumber": 35,
        "author": {
          "gitId": "JuZihao"
        },
        "content": "    }"
      },
      {
        "lineNumber": 36,
        "author": {
          "gitId": "JuZihao"
        },
        "content": ""
      },
      {
        "lineNumber": 37,
        "author": {
          "gitId": "JuZihao"
        },
        "content": "    public void addTask(AnalyseCommand usercommands) {"
      },
      {
        "lineNumber": 38,
        "author": {
          "gitId": "JuZihao"
        },
        "content": ""
      },
      {
        "lineNumber": 39,
        "author": {
          "gitId": "JuZihao"
        },
        "content": "        Task newTask;"
      },
      {
        "lineNumber": 40,
        "author": {
          "gitId": "JuZihao"
        },
        "content": ""
      },
      {
        "lineNumber": 41,
        "author": {
          "gitId": "JuZihao"
        },
        "content": "        switch (usercommands.getCommandType()) {"
      },
      {
        "lineNumber": 42,
        "author": {
          "gitId": "JuZihao"
        },
        "content": "        case \"todo\":"
      },
      {
        "lineNumber": 43,
        "author": {
          "gitId": "JuZihao"
        },
        "content": "            newTask\u003d new Todo(usercommands.getCommandDescription());"
      },
      {
        "lineNumber": 44,
        "author": {
          "gitId": "JuZihao"
        },
        "content": "            arrayOfTasks.add(newTask);"
      },
      {
        "lineNumber": 45,
        "author": {
          "gitId": "JuZihao"
        },
        "content": "            setNumberOfTasks(getNumberOfTasks()+1);"
      },
      {
        "lineNumber": 46,
        "author": {
          "gitId": "JuZihao"
        },
        "content": "            printAddTaskMessage(newTask);"
      },
      {
        "lineNumber": 47,
        "author": {
          "gitId": "JuZihao"
        },
        "content": "            break;"
      },
      {
        "lineNumber": 48,
        "author": {
          "gitId": "JuZihao"
        },
        "content": "        case \"deadline\":"
      },
      {
        "lineNumber": 49,
        "author": {
          "gitId": "JuZihao"
        },
        "content": "            newTask\u003d new Deadline(usercommands.getCommandDescription(), usercommands.getCommandTime());"
      },
      {
        "lineNumber": 50,
        "author": {
          "gitId": "JuZihao"
        },
        "content": "            arrayOfTasks.add(newTask);"
      },
      {
        "lineNumber": 51,
        "author": {
          "gitId": "JuZihao"
        },
        "content": "            setNumberOfTasks(getNumberOfTasks()+1);"
      },
      {
        "lineNumber": 52,
        "author": {
          "gitId": "JuZihao"
        },
        "content": "            printAddTaskMessage(newTask);"
      },
      {
        "lineNumber": 53,
        "author": {
          "gitId": "JuZihao"
        },
        "content": "            break;"
      },
      {
        "lineNumber": 54,
        "author": {
          "gitId": "JuZihao"
        },
        "content": "        case \"event\":"
      },
      {
        "lineNumber": 55,
        "author": {
          "gitId": "JuZihao"
        },
        "content": "            newTask\u003d new Event(usercommands.getCommandDescription(), usercommands.getCommandTime());"
      },
      {
        "lineNumber": 56,
        "author": {
          "gitId": "JuZihao"
        },
        "content": "            arrayOfTasks.add(newTask);"
      },
      {
        "lineNumber": 57,
        "author": {
          "gitId": "JuZihao"
        },
        "content": "            setNumberOfTasks(getNumberOfTasks()+1);"
      },
      {
        "lineNumber": 58,
        "author": {
          "gitId": "JuZihao"
        },
        "content": "            printAddTaskMessage(newTask);"
      },
      {
        "lineNumber": 59,
        "author": {
          "gitId": "JuZihao"
        },
        "content": "            break;"
      },
      {
        "lineNumber": 60,
        "author": {
          "gitId": "JuZihao"
        },
        "content": "        default:"
      },
      {
        "lineNumber": 61,
        "author": {
          "gitId": "JuZihao"
        },
        "content": "            System.out.println(\"No such commands!\");"
      },
      {
        "lineNumber": 62,
        "author": {
          "gitId": "JuZihao"
        },
        "content": "            break;"
      },
      {
        "lineNumber": 63,
        "author": {
          "gitId": "JuZihao"
        },
        "content": "        }"
      },
      {
        "lineNumber": 64,
        "author": {
          "gitId": "JuZihao"
        },
        "content": ""
      },
      {
        "lineNumber": 65,
        "author": {
          "gitId": "JuZihao"
        },
        "content": "    }"
      },
      {
        "lineNumber": 66,
        "author": {
          "gitId": "JuZihao"
        },
        "content": ""
      },
      {
        "lineNumber": 67,
        "author": {
          "gitId": "JuZihao"
        },
        "content": "    private void printAddTaskMessage(Task newTask) {"
      },
      {
        "lineNumber": 68,
        "author": {
          "gitId": "JuZihao"
        },
        "content": "        System.out.println(\"Got it. I\u0027ve added this task:\");"
      },
      {
        "lineNumber": 69,
        "author": {
          "gitId": "JuZihao"
        },
        "content": "        System.out.println(\"  \" + newTask.toString());"
      },
      {
        "lineNumber": 70,
        "author": {
          "gitId": "JuZihao"
        },
        "content": "        if (getNumberOfTasks() \u003c 2) {"
      },
      {
        "lineNumber": 71,
        "author": {
          "gitId": "JuZihao"
        },
        "content": "            System.out.println(\"Now you have \" + getNumberOfTasks() + \" task in the list.\");"
      },
      {
        "lineNumber": 72,
        "author": {
          "gitId": "JuZihao"
        },
        "content": "        } else {"
      },
      {
        "lineNumber": 73,
        "author": {
          "gitId": "JuZihao"
        },
        "content": "            System.out.println(\"Now you have \" + getNumberOfTasks() + \" tasks in the list.\");"
      },
      {
        "lineNumber": 74,
        "author": {
          "gitId": "JuZihao"
        },
        "content": "        }"
      },
      {
        "lineNumber": 75,
        "author": {
          "gitId": "JuZihao"
        },
        "content": "    }"
      },
      {
        "lineNumber": 76,
        "author": {
          "gitId": "JuZihao"
        },
        "content": ""
      },
      {
        "lineNumber": 77,
        "author": {
          "gitId": "JuZihao"
        },
        "content": "    public void setTaskAsDone(String input) {"
      },
      {
        "lineNumber": 78,
        "author": {
          "gitId": "JuZihao"
        },
        "content": "        int taskToBeDone \u003d Integer.parseInt(input);"
      },
      {
        "lineNumber": 79,
        "author": {
          "gitId": "JuZihao"
        },
        "content": ""
      },
      {
        "lineNumber": 80,
        "author": {
          "gitId": "JuZihao"
        },
        "content": "        if (taskToBeDone  \u003c\u003d getNumberOfTasks()) {"
      },
      {
        "lineNumber": 81,
        "author": {
          "gitId": "JuZihao"
        },
        "content": "            arrayOfTasks.get(taskToBeDone - 1).markAsDone();"
      },
      {
        "lineNumber": 82,
        "author": {
          "gitId": "JuZihao"
        },
        "content": "            System.out.println(\"Nice! I\u0027ve marked this task as done:\");"
      },
      {
        "lineNumber": 83,
        "author": {
          "gitId": "JuZihao"
        },
        "content": "            System.out.println(arrayOfTasks.get(taskToBeDone - 1).toString());"
      },
      {
        "lineNumber": 84,
        "author": {
          "gitId": "JuZihao"
        },
        "content": "        } else if (taskToBeDone  \u003e getNumberOfTasks()) {"
      },
      {
        "lineNumber": 85,
        "author": {
          "gitId": "JuZihao"
        },
        "content": "            System.out.println(\"No such task exists in the list!\");"
      },
      {
        "lineNumber": 86,
        "author": {
          "gitId": "JuZihao"
        },
        "content": "        } else {"
      },
      {
        "lineNumber": 87,
        "author": {
          "gitId": "JuZihao"
        },
        "content": "            System.out.println(\"Invalid input!\");"
      },
      {
        "lineNumber": 88,
        "author": {
          "gitId": "JuZihao"
        },
        "content": "            System.out.println(\"Please key in your input in the format:\");"
      },
      {
        "lineNumber": 89,
        "author": {
          "gitId": "JuZihao"
        },
        "content": "            System.out.println(\"done 1\");"
      },
      {
        "lineNumber": 90,
        "author": {
          "gitId": "JuZihao"
        },
        "content": "        }"
      },
      {
        "lineNumber": 91,
        "author": {
          "gitId": "JuZihao"
        },
        "content": "    }"
      },
      {
        "lineNumber": 92,
        "author": {
          "gitId": "JuZihao"
        },
        "content": "}"
      }
    ],
    "authorContributionMap": {
      "JuZihao": 92
    }
  },
  {
    "path": "text-ui-test/input.txt",
    "fileType": "txt",
    "lines": [
      {
        "lineNumber": 1,
        "author": {
          "gitId": "JuZihao"
        },
        "content": "done 1"
      },
      {
        "lineNumber": 2,
        "author": {
          "gitId": "JuZihao"
        },
        "content": "list"
      },
      {
        "lineNumber": 3,
        "author": {
          "gitId": "JuZihao"
        },
        "content": "todo borrow book"
      },
      {
        "lineNumber": 4,
        "author": {
          "gitId": "JuZihao"
        },
        "content": "event project meeting /at Mon 2-4pm"
      },
      {
        "lineNumber": 5,
        "author": {
          "gitId": "JuZihao"
        },
        "content": "deadline return book /by Sunday"
      },
      {
        "lineNumber": 6,
        "author": {
          "gitId": "JuZihao"
        },
        "content": "list"
      },
      {
        "lineNumber": 7,
        "author": {
          "gitId": "JuZihao"
        },
        "content": "done 1"
      },
      {
        "lineNumber": 8,
        "author": {
          "gitId": "JuZihao"
        },
        "content": "done 2"
      },
      {
        "lineNumber": 9,
        "author": {
          "gitId": "JuZihao"
        },
        "content": "done 3"
      },
      {
        "lineNumber": 10,
        "author": {
          "gitId": "JuZihao"
        },
        "content": "list"
      },
      {
        "lineNumber": 11,
        "author": {
          "gitId": "JuZihao"
        },
        "content": "bye"
      }
    ],
    "authorContributionMap": {
      "JuZihao": 11
    }
  },
  {
    "path": "text-ui-test/runtest.bat",
    "fileType": "bat",
    "lines": [
      {
        "lineNumber": 1,
        "author": {
          "gitId": "-"
        },
        "content": "@ECHO OFF"
      },
      {
        "lineNumber": 2,
        "author": {
          "gitId": "-"
        },
        "content": ""
      },
      {
        "lineNumber": 3,
        "author": {
          "gitId": "-"
        },
        "content": "REM create bin directory if it doesn\u0027t exist"
      },
      {
        "lineNumber": 4,
        "author": {
          "gitId": "-"
        },
        "content": "if not exist ..\\bin mkdir ..\\bin"
      },
      {
        "lineNumber": 5,
        "author": {
          "gitId": "-"
        },
        "content": ""
      },
      {
        "lineNumber": 6,
        "author": {
          "gitId": "-"
        },
        "content": "REM delete output from previous run"
      },
      {
        "lineNumber": 7,
        "author": {
          "gitId": "-"
        },
        "content": "del ACTUAL.TXT"
      },
      {
        "lineNumber": 8,
        "author": {
          "gitId": "-"
        },
        "content": ""
      },
      {
        "lineNumber": 9,
        "author": {
          "gitId": "-"
        },
        "content": "REM compile the code into the bin folder"
      },
      {
        "lineNumber": 10,
        "author": {
          "gitId": "JuZihao"
        },
        "content": "javac  -cp ..\\bin -Xlint:none -d ..\\bin ..\\src\\main\\java\\functions\\DefaultMessages.java"
      },
      {
        "lineNumber": 11,
        "author": {
          "gitId": "JuZihao"
        },
        "content": "javac  -cp ..\\bin -Xlint:none -d ..\\bin ..\\src\\main\\java\\functions\\AnalyseCommand.java"
      },
      {
        "lineNumber": 12,
        "author": {
          "gitId": "JuZihao"
        },
        "content": "javac  -cp ..\\bin -Xlint:none -d ..\\bin ..\\src\\main\\java\\datatypes\\Task.java"
      },
      {
        "lineNumber": 13,
        "author": {
          "gitId": "JuZihao"
        },
        "content": "javac  -cp ..\\bin -Xlint:none -d ..\\bin ..\\src\\main\\java\\datatypes\\Todo.java"
      },
      {
        "lineNumber": 14,
        "author": {
          "gitId": "JuZihao"
        },
        "content": "javac  -cp ..\\bin -Xlint:none -d ..\\bin ..\\src\\main\\java\\datatypes\\Deadline.java"
      },
      {
        "lineNumber": 15,
        "author": {
          "gitId": "JuZihao"
        },
        "content": "javac  -cp ..\\bin -Xlint:none -d ..\\bin ..\\src\\main\\java\\datatypes\\Event.java"
      },
      {
        "lineNumber": 16,
        "author": {
          "gitId": "JuZihao"
        },
        "content": "javac  -cp ..\\bin -Xlint:none -d ..\\bin ..\\src\\main\\java\\functions\\TaskList.java"
      },
      {
        "lineNumber": 17,
        "author": {
          "gitId": "JuZihao"
        },
        "content": "javac  -cp ..\\bin -Xlint:none -d ..\\bin ..\\src\\main\\java\\Duke.java"
      },
      {
        "lineNumber": 18,
        "author": {
          "gitId": "-"
        },
        "content": "IF ERRORLEVEL 1 ("
      },
      {
        "lineNumber": 19,
        "author": {
          "gitId": "-"
        },
        "content": "    echo ********** BUILD FAILURE **********"
      },
      {
        "lineNumber": 20,
        "author": {
          "gitId": "-"
        },
        "content": "    exit /b 1"
      },
      {
        "lineNumber": 21,
        "author": {
          "gitId": "-"
        },
        "content": ")"
      },
      {
        "lineNumber": 22,
        "author": {
          "gitId": "-"
        },
        "content": "REM no error here, errorlevel \u003d\u003d 0"
      },
      {
        "lineNumber": 23,
        "author": {
          "gitId": "-"
        },
        "content": ""
      },
      {
        "lineNumber": 24,
        "author": {
          "gitId": "-"
        },
        "content": "REM run the program, feed commands from input.txt file and redirect the output to the ACTUAL.TXT"
      },
      {
        "lineNumber": 25,
        "author": {
          "gitId": "-"
        },
        "content": "java -classpath ..\\bin Duke \u003c input.txt \u003e ACTUAL.TXT"
      },
      {
        "lineNumber": 26,
        "author": {
          "gitId": "-"
        },
        "content": ""
      },
      {
        "lineNumber": 27,
        "author": {
          "gitId": "-"
        },
        "content": "REM compare the output to the expected output"
      },
      {
        "lineNumber": 28,
        "author": {
          "gitId": "-"
        },
        "content": "FC ACTUAL.TXT EXPECTED.TXT"
      }
    ],
    "authorContributionMap": {
      "JuZihao": 8,
      "-": 20
    }
  }
]
