{
  "authorDailyContributionsMap": {
    "GuoAi": [
      {
        "date": "2020-08-15",
        "commitResults": [
          {
            "hash": "843bdcd38bb8468d75e4b9c8fe46fa81ddbbfbbe",
            "messageTitle": "add level 0.greet",
            "messageBody": "",
            "tags": [
              "Level-0"
            ],
            "fileTypesAndContributionMap": {
              "java": {
                "insertions": 7,
                "deletions": 1
              }
            }
          }
        ]
      },
      {
        "date": "2020-08-23",
        "commitResults": [
          {
            "hash": "a1358fcc68e78d9674dc416be4a8626dd6fe2ab8",
            "messageTitle": "Add greet, echo, exit methods",
            "messageBody": "",
            "tags": [
              "Level-1"
            ],
            "fileTypesAndContributionMap": {
              "java": {
                "insertions": 38,
                "deletions": 8
              }
            }
          },
          {
            "hash": "56885ea81466f38b343b2ae387d0b8f83abbeaca",
            "messageTitle": "Add \"add\" and \"list\" methods",
            "messageBody": "",
            "tags": [
              "Level-2"
            ],
            "fileTypesAndContributionMap": {
              "java": {
                "insertions": 32,
                "deletions": 1
              }
            }
          }
        ]
      },
      {
        "date": "2020-08-24",
        "commitResults": [
          {
            "hash": "ba5e41e2320e5b5baec1f73808b86c05d9ce662e",
            "messageTitle": "Add \"mark as done\" feature",
            "messageBody": "",
            "tags": [
              "Level-3",
              "A-CodingStandard"
            ],
            "fileTypesAndContributionMap": {
              "java": {
                "insertions": 31,
                "deletions": 5
              }
            }
          }
        ]
      },
      {
        "date": "2020-09-02",
        "commitResults": [
          {
            "hash": "2709764ded8aae8d559312bc3e5f9a1e4c1162d2",
            "messageTitle": "Add Todo, Evnet, Deadline, Todo classes",
            "messageBody": "",
            "tags": [
              "Level-4",
              "A-Inheritance"
            ],
            "fileTypesAndContributionMap": {
              "java": {
                "insertions": 96,
                "deletions": 28
              }
            }
          },
          {
            "hash": "d24a2a22912637b24d3eeeaa3a7617b71892c575",
            "messageTitle": "Add text-ui-test",
            "messageBody": "",
            "tags": [
              "A-TextUiTesting",
              "A-CodeQuality"
            ],
            "fileTypesAndContributionMap": {
              "txt": {
                "insertions": 13,
                "deletions": 0
              },
              "java": {
                "insertions": 6,
                "deletions": 5
              }
            }
          }
        ]
      },
      {
        "date": "2020-09-05",
        "commitResults": [
          {
            "hash": "3a0c48a6e1ece38e1de66a03a2e38ea7dfacbac4",
            "messageTitle": "Handle errors with Exceptions",
            "messageBody": "",
            "tags": [
              "A-Exceptions"
            ],
            "fileTypesAndContributionMap": {
              "java": {
                "insertions": 88,
                "deletions": 41
              }
            }
          },
          {
            "hash": "ebc578aa9821a914dbaee51535d70ddfdd41e572",
            "messageTitle": "Add packages duke and duke.task; handle error of input with wrong task format",
            "messageBody": "",
            "fileTypesAndContributionMap": {
              "java": {
                "insertions": 33,
                "deletions": 7
              }
            }
          }
        ]
      },
      {
        "date": "2020-09-16",
        "commitResults": [
          {
            "hash": "1c4f9c73bad25898e7be378687ef92e4546972f6",
            "messageTitle": "Add \"delete\" feature",
            "messageBody": "",
            "fileTypesAndContributionMap": {
              "java": {
                "insertions": 35,
                "deletions": 30
              }
            }
          },
          {
            "hash": "61882b1dd1cd96494d94fc28ed83ea979c2653fd",
            "messageTitle": "Add \"save\" feature",
            "messageBody": "",
            "fileTypesAndContributionMap": {
              "java": {
                "insertions": 99,
                "deletions": 0
              }
            }
          }
        ]
      },
      {
        "date": "2020-09-17",
        "commitResults": [
          {
            "hash": "d00a5dc25c0dee4565565807f24d1ea3a71c3dfc",
            "messageTitle": "Modify \"save\" feature",
            "messageBody": "",
            "fileTypesAndContributionMap": {
              "txt": {
                "insertions": 3,
                "deletions": 0
              },
              "java": {
                "insertions": 7,
                "deletions": 8
              }
            }
          },
          {
            "hash": "a0d929da9be970cf1478f55d905b50cdbbbf34dd",
            "messageTitle": "Use unicode to represent ticks, crosses, and faces",
            "messageBody": "",
            "fileTypesAndContributionMap": {
              "txt": {
                "insertions": 3,
                "deletions": 0
              },
              "java": {
                "insertions": 14,
                "deletions": 13
              }
            }
          }
        ]
      },
      {
        "date": "2020-09-24",
        "commitResults": [
          {
            "hash": "51cf94857cdf9ef0d4e92a8634f5967df0b3e63e",
            "messageTitle": "Change unicode characters to ascii characters",
            "messageBody": "",
            "fileTypesAndContributionMap": {
              "txt": {
                "insertions": 1,
                "deletions": 6
              },
              "java": {
                "insertions": 24,
                "deletions": 12
              }
            }
          }
        ]
      },
      {
        "date": "2020-09-30",
        "commitResults": [
          {
            "hash": "8b74b27924f808fd5e16508e60d35c5eea94b3a0",
            "messageTitle": "Reorganise codes and add more OOP",
            "messageBody": "",
            "tags": [
              "A-MoreOOP"
            ],
            "fileTypesAndContributionMap": {
              "txt": {
                "insertions": 4,
                "deletions": 1
              },
              "java": {
                "insertions": 497,
                "deletions": 199
              }
            }
          }
        ]
      },
      {
        "date": "2020-10-01",
        "commitResults": [
          {
            "hash": "a5349c2f1c8af70df478a397a31c7ab7f87fc3c5",
            "messageTitle": "Add dates and times functionality",
            "messageBody": "",
            "fileTypesAndContributionMap": {
              "java": {
                "insertions": 48,
                "deletions": 4
              }
            }
          },
          {
            "hash": "f2284be0a9d2df056b15f015d3344cf224650726",
            "messageTitle": "Add find functionality",
            "messageBody": "",
            "fileTypesAndContributionMap": {
              "txt": {
                "insertions": 2,
                "deletions": 0
              },
              "java": {
                "insertions": 52,
                "deletions": 6
              }
            }
          },
          {
            "hash": "01c4fcbfd54cbe8366d973110cb65e67e63dfb29",
            "messageTitle": "Add JavaDoc comments",
            "messageBody": "",
            "fileTypesAndContributionMap": {
              "java": {
                "insertions": 267,
                "deletions": 8
              }
            }
          },
          {
            "hash": "db14d4ab8caa0528d3efd9d1acf16c8ff876b164",
            "messageTitle": "Add User Guide",
            "messageBody": "",
            "tags": [
              "A-UserGuide"
            ],
            "fileTypesAndContributionMap": {
              "txt": {
                "insertions": 0,
                "deletions": 2
              },
              "md": {
                "insertions": 105,
                "deletions": 15
              }
            }
          },
          {
            "hash": "c3ae562473ced88bc404d987a4b7c6653779f2ab",
            "messageTitle": "Update User Guide",
            "messageBody": "",
            "fileTypesAndContributionMap": {
              "md": {
                "insertions": 10,
                "deletions": 8
              }
            }
          },
          {
            "hash": "818ebbe9496316b365df978b53d19dd12a0e60e6",
            "messageTitle": "Update User Guide",
            "messageBody": "",
            "fileTypesAndContributionMap": {
              "md": {
                "insertions": 7,
                "deletions": 7
              }
            }
          },
          {
            "hash": "c7dea20132d175b0c86688e7a43babf42cbbb1d6",
            "messageTitle": "Update README.md",
            "messageBody": "",
            "fileTypesAndContributionMap": {
              "md": {
                "insertions": 2,
                "deletions": 2
              }
            }
          },
          {
            "hash": "9373136118dc61b50e1ace2ed30a89e04bbf0f4f",
            "messageTitle": "Update README.md",
            "messageBody": "",
            "fileTypesAndContributionMap": {
              "md": {
                "insertions": 1,
                "deletions": 0
              }
            }
          }
        ]
      }
    ]
  },
  "authorFileTypeContributionMap": {
    "GuoAi": {
      "java": 1007,
      "md": 98,
      "sh": 0,
      "bat": 0,
      "gradle": 0,
      "txt": 17
    }
  },
  "authorContributionVariance": {
    "GuoAi": 16360.52
  },
  "authorDisplayNameMap": {
    "GuoAi": "CS2113-T14-3 GUO ..O AI"
  }
}
