[
  {
    "path": "src/main/java/Deadline.java",
    "fileType": "java",
    "lines": [
      {
        "lineNumber": 1,
        "author": {
          "gitId": "ivanderjmw"
        },
        "content": "public class Deadline extends Task{"
      },
      {
        "lineNumber": 2,
        "author": {
          "gitId": "ivanderjmw"
        },
        "content": "    protected String by;"
      },
      {
        "lineNumber": 3,
        "author": {
          "gitId": "ivanderjmw"
        },
        "content": ""
      },
      {
        "lineNumber": 4,
        "author": {
          "gitId": "ivanderjmw"
        },
        "content": "    public Deadline(String description, String by) {"
      },
      {
        "lineNumber": 5,
        "author": {
          "gitId": "ivanderjmw"
        },
        "content": "        super(description);"
      },
      {
        "lineNumber": 6,
        "author": {
          "gitId": "ivanderjmw"
        },
        "content": "        this.by \u003d by;"
      },
      {
        "lineNumber": 7,
        "author": {
          "gitId": "ivanderjmw"
        },
        "content": "    }"
      },
      {
        "lineNumber": 8,
        "author": {
          "gitId": "ivanderjmw"
        },
        "content": ""
      },
      {
        "lineNumber": 9,
        "author": {
          "gitId": "ivanderjmw"
        },
        "content": ""
      },
      {
        "lineNumber": 10,
        "author": {
          "gitId": "ivanderjmw"
        },
        "content": "    public String getStatusIcon() {"
      },
      {
        "lineNumber": 11,
        "author": {
          "gitId": "ivanderjmw"
        },
        "content": "        return \"D - \"+ (isDone ? \"\\u2713\" : \"\\u2718\") + \" (by:\" + by + \")\"; //return tick or X symbols"
      },
      {
        "lineNumber": 12,
        "author": {
          "gitId": "ivanderjmw"
        },
        "content": "    }"
      },
      {
        "lineNumber": 13,
        "author": {
          "gitId": "ivanderjmw"
        },
        "content": ""
      },
      {
        "lineNumber": 14,
        "author": {
          "gitId": "ivanderjmw"
        },
        "content": "    @Override"
      },
      {
        "lineNumber": 15,
        "author": {
          "gitId": "ivanderjmw"
        },
        "content": "    public String toString() {"
      },
      {
        "lineNumber": 16,
        "author": {
          "gitId": "ivanderjmw"
        },
        "content": "        return this.getStatusIcon() + \" \" + description;"
      },
      {
        "lineNumber": 17,
        "author": {
          "gitId": "ivanderjmw"
        },
        "content": "    }"
      },
      {
        "lineNumber": 18,
        "author": {
          "gitId": "ivanderjmw"
        },
        "content": ""
      },
      {
        "lineNumber": 19,
        "author": {
          "gitId": "ivanderjmw"
        },
        "content": "    public void setDone() {"
      },
      {
        "lineNumber": 20,
        "author": {
          "gitId": "ivanderjmw"
        },
        "content": "        this.isDone \u003d true;"
      },
      {
        "lineNumber": 21,
        "author": {
          "gitId": "ivanderjmw"
        },
        "content": "    }"
      },
      {
        "lineNumber": 22,
        "author": {
          "gitId": "ivanderjmw"
        },
        "content": "}"
      }
    ],
    "authorContributionMap": {
      "ivanderjmw": 22
    }
  },
  {
    "path": "src/main/java/Duke.java",
    "fileType": "java",
    "lines": [
      {
        "lineNumber": 1,
        "author": {
          "gitId": "ivanderjmw"
        },
        "content": "import java.util.Scanner;"
      },
      {
        "lineNumber": 2,
        "author": {
          "gitId": "ivanderjmw"
        },
        "content": ""
      },
      {
        "lineNumber": 3,
        "author": {
          "gitId": "ivanderjmw"
        },
        "content": ""
      },
      {
        "lineNumber": 4,
        "author": {
          "gitId": "-"
        },
        "content": "public class Duke {"
      },
      {
        "lineNumber": 5,
        "author": {
          "gitId": "ivanderjmw"
        },
        "content": "    private static Task[] tasks;"
      },
      {
        "lineNumber": 6,
        "author": {
          "gitId": "ivanderjmw"
        },
        "content": "    private static int taskCount;"
      },
      {
        "lineNumber": 7,
        "author": {
          "gitId": "ivanderjmw"
        },
        "content": ""
      },
      {
        "lineNumber": 8,
        "author": {
          "gitId": "ivanderjmw"
        },
        "content": "    /**"
      },
      {
        "lineNumber": 9,
        "author": {
          "gitId": "ivanderjmw"
        },
        "content": "     * Prints a string using a specified template."
      },
      {
        "lineNumber": 10,
        "author": {
          "gitId": "ivanderjmw"
        },
        "content": "     * Here the template is set as a horizontal line before and after the output."
      },
      {
        "lineNumber": 11,
        "author": {
          "gitId": "ivanderjmw"
        },
        "content": "     *"
      },
      {
        "lineNumber": 12,
        "author": {
          "gitId": "ivanderjmw"
        },
        "content": "     * @param text is the desired string to be printed."
      },
      {
        "lineNumber": 13,
        "author": {
          "gitId": "ivanderjmw"
        },
        "content": "     * */"
      },
      {
        "lineNumber": 14,
        "author": {
          "gitId": "ivanderjmw"
        },
        "content": "    public static void printWithTemplate(String text) {"
      },
      {
        "lineNumber": 15,
        "author": {
          "gitId": "ivanderjmw"
        },
        "content": "        String line \u003d \"____________________________________________________________\";"
      },
      {
        "lineNumber": 16,
        "author": {
          "gitId": "ivanderjmw"
        },
        "content": ""
      },
      {
        "lineNumber": 17,
        "author": {
          "gitId": "ivanderjmw"
        },
        "content": "        System.out.println(line);"
      },
      {
        "lineNumber": 18,
        "author": {
          "gitId": "ivanderjmw"
        },
        "content": "        System.out.println(text);"
      },
      {
        "lineNumber": 19,
        "author": {
          "gitId": "ivanderjmw"
        },
        "content": "        System.out.println(line);"
      },
      {
        "lineNumber": 20,
        "author": {
          "gitId": "ivanderjmw"
        },
        "content": "    }"
      },
      {
        "lineNumber": 21,
        "author": {
          "gitId": "ivanderjmw"
        },
        "content": ""
      },
      {
        "lineNumber": 22,
        "author": {
          "gitId": "ivanderjmw"
        },
        "content": "    public static void printWelcomeMessage() {"
      },
      {
        "lineNumber": 23,
        "author": {
          "gitId": "-"
        },
        "content": "        String logo \u003d \" ____        _        \\n\""
      },
      {
        "lineNumber": 24,
        "author": {
          "gitId": "-"
        },
        "content": "                + \"|  _ \\\\ _   _| | _____ \\n\""
      },
      {
        "lineNumber": 25,
        "author": {
          "gitId": "-"
        },
        "content": "                + \"| | | | | | | |/ / _ \\\\\\n\""
      },
      {
        "lineNumber": 26,
        "author": {
          "gitId": "-"
        },
        "content": "                + \"| |_| | |_| |   \u003c  __/\\n\""
      },
      {
        "lineNumber": 27,
        "author": {
          "gitId": "-"
        },
        "content": "                + \"|____/ \\\\__,_|_|\\\\_\\\\___|\\n\";"
      },
      {
        "lineNumber": 28,
        "author": {
          "gitId": "ivanderjmw"
        },
        "content": "        String welcomeMessage \u003d \"Hello! I\u0027m Duke\\n\" +"
      },
      {
        "lineNumber": 29,
        "author": {
          "gitId": "ivanderjmw"
        },
        "content": "                \"What can I do for you?\";"
      },
      {
        "lineNumber": 30,
        "author": {
          "gitId": "ivanderjmw"
        },
        "content": ""
      },
      {
        "lineNumber": 31,
        "author": {
          "gitId": "-"
        },
        "content": "        System.out.println(\"Hello from\\n\" + logo);"
      },
      {
        "lineNumber": 32,
        "author": {
          "gitId": "ivanderjmw"
        },
        "content": ""
      },
      {
        "lineNumber": 33,
        "author": {
          "gitId": "ivanderjmw"
        },
        "content": "        printWithTemplate(welcomeMessage);"
      },
      {
        "lineNumber": 34,
        "author": {
          "gitId": "ivanderjmw"
        },
        "content": "    }"
      },
      {
        "lineNumber": 35,
        "author": {
          "gitId": "ivanderjmw"
        },
        "content": ""
      },
      {
        "lineNumber": 36,
        "author": {
          "gitId": "ivanderjmw"
        },
        "content": "    public static void printByeMessage() {"
      },
      {
        "lineNumber": 37,
        "author": {
          "gitId": "ivanderjmw"
        },
        "content": "        String byeMessage \u003d \"Bye. Hope to see you again soon!\";"
      },
      {
        "lineNumber": 38,
        "author": {
          "gitId": "ivanderjmw"
        },
        "content": ""
      },
      {
        "lineNumber": 39,
        "author": {
          "gitId": "ivanderjmw"
        },
        "content": "        printWithTemplate(byeMessage);"
      },
      {
        "lineNumber": 40,
        "author": {
          "gitId": "ivanderjmw"
        },
        "content": "    }"
      },
      {
        "lineNumber": 41,
        "author": {
          "gitId": "ivanderjmw"
        },
        "content": ""
      },
      {
        "lineNumber": 42,
        "author": {
          "gitId": "ivanderjmw"
        },
        "content": "    public static void parseAndAddTask(String taskData) {"
      },
      {
        "lineNumber": 43,
        "author": {
          "gitId": "ivanderjmw"
        },
        "content": ""
      },
      {
        "lineNumber": 44,
        "author": {
          "gitId": "ivanderjmw"
        },
        "content": "        // Checks the type of task in the prefix"
      },
      {
        "lineNumber": 45,
        "author": {
          "gitId": "ivanderjmw"
        },
        "content": "        if (taskData.startsWith(\"todo\")) {"
      },
      {
        "lineNumber": 46,
        "author": {
          "gitId": "ivanderjmw"
        },
        "content": "            tasks[taskCount] \u003d new ToDo(taskData.replaceFirst(\"^todo\", \"\").trim());"
      },
      {
        "lineNumber": 47,
        "author": {
          "gitId": "ivanderjmw"
        },
        "content": ""
      },
      {
        "lineNumber": 48,
        "author": {
          "gitId": "ivanderjmw"
        },
        "content": "        } else if (taskData.startsWith(\"deadline\")) {"
      },
      {
        "lineNumber": 49,
        "author": {
          "gitId": "ivanderjmw"
        },
        "content": "            tasks[taskCount] \u003d new Deadline("
      },
      {
        "lineNumber": 50,
        "author": {
          "gitId": "ivanderjmw"
        },
        "content": "                    taskData.substring(0,taskData.indexOf(\"/by\"))"
      },
      {
        "lineNumber": 51,
        "author": {
          "gitId": "ivanderjmw"
        },
        "content": "                            .replaceFirst(\"^deadline\", \"\").trim(),"
      },
      {
        "lineNumber": 52,
        "author": {
          "gitId": "ivanderjmw"
        },
        "content": "                    taskData.substring(taskData.indexOf(\"/by\") + \"/by\".length()).trim()"
      },
      {
        "lineNumber": 53,
        "author": {
          "gitId": "ivanderjmw"
        },
        "content": "            );"
      },
      {
        "lineNumber": 54,
        "author": {
          "gitId": "ivanderjmw"
        },
        "content": ""
      },
      {
        "lineNumber": 55,
        "author": {
          "gitId": "ivanderjmw"
        },
        "content": "        } else if (taskData.startsWith(\"event\")) {"
      },
      {
        "lineNumber": 56,
        "author": {
          "gitId": "ivanderjmw"
        },
        "content": "            tasks[taskCount] \u003d new Event("
      },
      {
        "lineNumber": 57,
        "author": {
          "gitId": "ivanderjmw"
        },
        "content": "                    taskData.substring(0, taskData.indexOf(\"/at\"))"
      },
      {
        "lineNumber": 58,
        "author": {
          "gitId": "ivanderjmw"
        },
        "content": "                            .replaceFirst(\"^event\", \"\").trim(),"
      },
      {
        "lineNumber": 59,
        "author": {
          "gitId": "ivanderjmw"
        },
        "content": "                    taskData.substring(taskData.indexOf(\"/at\") + \"/at\".length()).trim()"
      },
      {
        "lineNumber": 60,
        "author": {
          "gitId": "ivanderjmw"
        },
        "content": "            );"
      },
      {
        "lineNumber": 61,
        "author": {
          "gitId": "ivanderjmw"
        },
        "content": "        }"
      },
      {
        "lineNumber": 62,
        "author": {
          "gitId": "ivanderjmw"
        },
        "content": ""
      },
      {
        "lineNumber": 63,
        "author": {
          "gitId": "ivanderjmw"
        },
        "content": ""
      },
      {
        "lineNumber": 64,
        "author": {
          "gitId": "ivanderjmw"
        },
        "content": "        printWithTemplate(\"added: \" + tasks[taskCount].toString());"
      },
      {
        "lineNumber": 65,
        "author": {
          "gitId": "ivanderjmw"
        },
        "content": "        taskCount++;"
      },
      {
        "lineNumber": 66,
        "author": {
          "gitId": "ivanderjmw"
        },
        "content": ""
      },
      {
        "lineNumber": 67,
        "author": {
          "gitId": "ivanderjmw"
        },
        "content": "    }"
      },
      {
        "lineNumber": 68,
        "author": {
          "gitId": "ivanderjmw"
        },
        "content": ""
      },
      {
        "lineNumber": 69,
        "author": {
          "gitId": "ivanderjmw"
        },
        "content": "    public static void listTasks() {"
      },
      {
        "lineNumber": 70,
        "author": {
          "gitId": "ivanderjmw"
        },
        "content": ""
      },
      {
        "lineNumber": 71,
        "author": {
          "gitId": "ivanderjmw"
        },
        "content": "        String taskList \u003d \"\";"
      },
      {
        "lineNumber": 72,
        "author": {
          "gitId": "ivanderjmw"
        },
        "content": ""
      },
      {
        "lineNumber": 73,
        "author": {
          "gitId": "ivanderjmw"
        },
        "content": "        if (taskCount \u003d\u003d 0) {"
      },
      {
        "lineNumber": 74,
        "author": {
          "gitId": "ivanderjmw"
        },
        "content": "            printWithTemplate(\"You have no tasks\");"
      },
      {
        "lineNumber": 75,
        "author": {
          "gitId": "ivanderjmw"
        },
        "content": "            return;"
      },
      {
        "lineNumber": 76,
        "author": {
          "gitId": "ivanderjmw"
        },
        "content": "        }"
      },
      {
        "lineNumber": 77,
        "author": {
          "gitId": "ivanderjmw"
        },
        "content": ""
      },
      {
        "lineNumber": 78,
        "author": {
          "gitId": "ivanderjmw"
        },
        "content": "        for (int i \u003d 0; i \u003c taskCount; i++) {"
      },
      {
        "lineNumber": 79,
        "author": {
          "gitId": "ivanderjmw"
        },
        "content": "            taskList \u003d taskList.concat((i + 1) + \". \" +"
      },
      {
        "lineNumber": 80,
        "author": {
          "gitId": "ivanderjmw"
        },
        "content": "                    tasks[i].toString() + \"\\n\");"
      },
      {
        "lineNumber": 81,
        "author": {
          "gitId": "ivanderjmw"
        },
        "content": "        }"
      },
      {
        "lineNumber": 82,
        "author": {
          "gitId": "ivanderjmw"
        },
        "content": ""
      },
      {
        "lineNumber": 83,
        "author": {
          "gitId": "ivanderjmw"
        },
        "content": "        // removes last newline item"
      },
      {
        "lineNumber": 84,
        "author": {
          "gitId": "ivanderjmw"
        },
        "content": "        taskList \u003d taskList.substring(0, taskList.length() - 1);"
      },
      {
        "lineNumber": 85,
        "author": {
          "gitId": "ivanderjmw"
        },
        "content": ""
      },
      {
        "lineNumber": 86,
        "author": {
          "gitId": "ivanderjmw"
        },
        "content": "        printWithTemplate(taskList);"
      },
      {
        "lineNumber": 87,
        "author": {
          "gitId": "ivanderjmw"
        },
        "content": ""
      },
      {
        "lineNumber": 88,
        "author": {
          "gitId": "ivanderjmw"
        },
        "content": "    }"
      },
      {
        "lineNumber": 89,
        "author": {
          "gitId": "ivanderjmw"
        },
        "content": ""
      },
      {
        "lineNumber": 90,
        "author": {
          "gitId": "ivanderjmw"
        },
        "content": "    public static void setTaskDone(String input) {"
      },
      {
        "lineNumber": 91,
        "author": {
          "gitId": "ivanderjmw"
        },
        "content": ""
      },
      {
        "lineNumber": 92,
        "author": {
          "gitId": "ivanderjmw"
        },
        "content": "        // Parses the task index from the users input with format \"done \u003cindex\u003e\""
      },
      {
        "lineNumber": 93,
        "author": {
          "gitId": "ivanderjmw"
        },
        "content": "        int taskIndex \u003d Integer.parseInt(input) -  1;"
      },
      {
        "lineNumber": 94,
        "author": {
          "gitId": "ivanderjmw"
        },
        "content": ""
      },
      {
        "lineNumber": 95,
        "author": {
          "gitId": "ivanderjmw"
        },
        "content": "        if (taskIndex \u003e taskCount - 1) {"
      },
      {
        "lineNumber": 96,
        "author": {
          "gitId": "ivanderjmw"
        },
        "content": "            printWithTemplate("
      },
      {
        "lineNumber": 97,
        "author": {
          "gitId": "ivanderjmw"
        },
        "content": "                    \"Task number \" + (taskIndex + 1)"
      },
      {
        "lineNumber": 98,
        "author": {
          "gitId": "ivanderjmw"
        },
        "content": "                            + \" doesn\u0027t exist.\\nPlease enter a valid task index.\""
      },
      {
        "lineNumber": 99,
        "author": {
          "gitId": "ivanderjmw"
        },
        "content": "            );"
      },
      {
        "lineNumber": 100,
        "author": {
          "gitId": "ivanderjmw"
        },
        "content": "            return;"
      },
      {
        "lineNumber": 101,
        "author": {
          "gitId": "ivanderjmw"
        },
        "content": "        }"
      },
      {
        "lineNumber": 102,
        "author": {
          "gitId": "ivanderjmw"
        },
        "content": ""
      },
      {
        "lineNumber": 103,
        "author": {
          "gitId": "ivanderjmw"
        },
        "content": "        Task selectedTask \u003d tasks[taskIndex];"
      },
      {
        "lineNumber": 104,
        "author": {
          "gitId": "ivanderjmw"
        },
        "content": ""
      },
      {
        "lineNumber": 105,
        "author": {
          "gitId": "ivanderjmw"
        },
        "content": "        selectedTask.setDone();"
      },
      {
        "lineNumber": 106,
        "author": {
          "gitId": "ivanderjmw"
        },
        "content": "        printWithTemplate(\"Great! I have marked this task as done:\\n\" +"
      },
      {
        "lineNumber": 107,
        "author": {
          "gitId": "ivanderjmw"
        },
        "content": "                selectedTask.getStatusIcon() + \" \" + selectedTask.description"
      },
      {
        "lineNumber": 108,
        "author": {
          "gitId": "ivanderjmw"
        },
        "content": "        );"
      },
      {
        "lineNumber": 109,
        "author": {
          "gitId": "ivanderjmw"
        },
        "content": "    }"
      },
      {
        "lineNumber": 110,
        "author": {
          "gitId": "ivanderjmw"
        },
        "content": ""
      },
      {
        "lineNumber": 111,
        "author": {
          "gitId": "ivanderjmw"
        },
        "content": "    public static void parseCommand(String input) {"
      },
      {
        "lineNumber": 112,
        "author": {
          "gitId": "ivanderjmw"
        },
        "content": "        String commandEntered \u003d input.trim().split(\" \")[0];"
      },
      {
        "lineNumber": 113,
        "author": {
          "gitId": "ivanderjmw"
        },
        "content": "        String inputData \u003d input.replaceFirst(commandEntered, \"\").trim();"
      },
      {
        "lineNumber": 114,
        "author": {
          "gitId": "ivanderjmw"
        },
        "content": ""
      },
      {
        "lineNumber": 115,
        "author": {
          "gitId": "ivanderjmw"
        },
        "content": "        switch (commandEntered) {"
      },
      {
        "lineNumber": 116,
        "author": {
          "gitId": "ivanderjmw"
        },
        "content": "        case \"todo\": case \"deadline\": case \"event\":"
      },
      {
        "lineNumber": 117,
        "author": {
          "gitId": "ivanderjmw"
        },
        "content": "            parseAndAddTask(input);"
      },
      {
        "lineNumber": 118,
        "author": {
          "gitId": "ivanderjmw"
        },
        "content": "            break;"
      },
      {
        "lineNumber": 119,
        "author": {
          "gitId": "ivanderjmw"
        },
        "content": "        case \"list\":"
      },
      {
        "lineNumber": 120,
        "author": {
          "gitId": "ivanderjmw"
        },
        "content": "            listTasks();"
      },
      {
        "lineNumber": 121,
        "author": {
          "gitId": "ivanderjmw"
        },
        "content": "            break;"
      },
      {
        "lineNumber": 122,
        "author": {
          "gitId": "ivanderjmw"
        },
        "content": "        case \"done\":"
      },
      {
        "lineNumber": 123,
        "author": {
          "gitId": "ivanderjmw"
        },
        "content": "            setTaskDone(inputData);"
      },
      {
        "lineNumber": 124,
        "author": {
          "gitId": "ivanderjmw"
        },
        "content": "            break;"
      },
      {
        "lineNumber": 125,
        "author": {
          "gitId": "ivanderjmw"
        },
        "content": "        case \"bye\":"
      },
      {
        "lineNumber": 126,
        "author": {
          "gitId": "ivanderjmw"
        },
        "content": "            printByeMessage();"
      },
      {
        "lineNumber": 127,
        "author": {
          "gitId": "ivanderjmw"
        },
        "content": "            System.exit(0);"
      },
      {
        "lineNumber": 128,
        "author": {
          "gitId": "ivanderjmw"
        },
        "content": "            break;"
      },
      {
        "lineNumber": 129,
        "author": {
          "gitId": "ivanderjmw"
        },
        "content": "        default:"
      },
      {
        "lineNumber": 130,
        "author": {
          "gitId": "ivanderjmw"
        },
        "content": "            break;"
      },
      {
        "lineNumber": 131,
        "author": {
          "gitId": "ivanderjmw"
        },
        "content": "        }"
      },
      {
        "lineNumber": 132,
        "author": {
          "gitId": "ivanderjmw"
        },
        "content": "    }"
      },
      {
        "lineNumber": 133,
        "author": {
          "gitId": "ivanderjmw"
        },
        "content": ""
      },
      {
        "lineNumber": 134,
        "author": {
          "gitId": "ivanderjmw"
        },
        "content": "    public static void main(String[] args) {"
      },
      {
        "lineNumber": 135,
        "author": {
          "gitId": "ivanderjmw"
        },
        "content": "        tasks \u003d new Task[100];"
      },
      {
        "lineNumber": 136,
        "author": {
          "gitId": "ivanderjmw"
        },
        "content": "        taskCount \u003d 0;"
      },
      {
        "lineNumber": 137,
        "author": {
          "gitId": "ivanderjmw"
        },
        "content": ""
      },
      {
        "lineNumber": 138,
        "author": {
          "gitId": "ivanderjmw"
        },
        "content": "        printWelcomeMessage();"
      },
      {
        "lineNumber": 139,
        "author": {
          "gitId": "ivanderjmw"
        },
        "content": ""
      },
      {
        "lineNumber": 140,
        "author": {
          "gitId": "ivanderjmw"
        },
        "content": "        String input;"
      },
      {
        "lineNumber": 141,
        "author": {
          "gitId": "ivanderjmw"
        },
        "content": "        Scanner in \u003d new Scanner(System.in);"
      },
      {
        "lineNumber": 142,
        "author": {
          "gitId": "ivanderjmw"
        },
        "content": ""
      },
      {
        "lineNumber": 143,
        "author": {
          "gitId": "ivanderjmw"
        },
        "content": "        input \u003d in.nextLine();"
      },
      {
        "lineNumber": 144,
        "author": {
          "gitId": "ivanderjmw"
        },
        "content": ""
      },
      {
        "lineNumber": 145,
        "author": {
          "gitId": "ivanderjmw"
        },
        "content": "        while (in.hasNextLine()) {"
      },
      {
        "lineNumber": 146,
        "author": {
          "gitId": "ivanderjmw"
        },
        "content": "            // Checks cases for the command entered"
      },
      {
        "lineNumber": 147,
        "author": {
          "gitId": "ivanderjmw"
        },
        "content": "            parseCommand(input);"
      },
      {
        "lineNumber": 148,
        "author": {
          "gitId": "ivanderjmw"
        },
        "content": ""
      },
      {
        "lineNumber": 149,
        "author": {
          "gitId": "ivanderjmw"
        },
        "content": "            // Gets the next command entered"
      },
      {
        "lineNumber": 150,
        "author": {
          "gitId": "ivanderjmw"
        },
        "content": "            input \u003d in.nextLine();"
      },
      {
        "lineNumber": 151,
        "author": {
          "gitId": "ivanderjmw"
        },
        "content": "        }"
      },
      {
        "lineNumber": 152,
        "author": {
          "gitId": "ivanderjmw"
        },
        "content": ""
      },
      {
        "lineNumber": 153,
        "author": {
          "gitId": "-"
        },
        "content": "    }"
      },
      {
        "lineNumber": 154,
        "author": {
          "gitId": "-"
        },
        "content": "}"
      }
    ],
    "authorContributionMap": {
      "-": 9,
      "ivanderjmw": 145
    }
  },
  {
    "path": "src/main/java/Event.java",
    "fileType": "java",
    "lines": [
      {
        "lineNumber": 1,
        "author": {
          "gitId": "ivanderjmw"
        },
        "content": "public class Event extends Task{"
      },
      {
        "lineNumber": 2,
        "author": {
          "gitId": "ivanderjmw"
        },
        "content": "    protected String at;"
      },
      {
        "lineNumber": 3,
        "author": {
          "gitId": "ivanderjmw"
        },
        "content": ""
      },
      {
        "lineNumber": 4,
        "author": {
          "gitId": "ivanderjmw"
        },
        "content": "    public Event(String description, String at) {"
      },
      {
        "lineNumber": 5,
        "author": {
          "gitId": "ivanderjmw"
        },
        "content": "        super(description);"
      },
      {
        "lineNumber": 6,
        "author": {
          "gitId": "ivanderjmw"
        },
        "content": "        this.at \u003d at;"
      },
      {
        "lineNumber": 7,
        "author": {
          "gitId": "ivanderjmw"
        },
        "content": "    }"
      },
      {
        "lineNumber": 8,
        "author": {
          "gitId": "ivanderjmw"
        },
        "content": ""
      },
      {
        "lineNumber": 9,
        "author": {
          "gitId": "ivanderjmw"
        },
        "content": "    public String getStatusIcon() {"
      },
      {
        "lineNumber": 10,
        "author": {
          "gitId": "ivanderjmw"
        },
        "content": "        return \"E - \"+ (isDone ? \"\\u2713\" : \"\\u2718\") + \" (at:\" + at + \")\"; //return tick or X symbols"
      },
      {
        "lineNumber": 11,
        "author": {
          "gitId": "ivanderjmw"
        },
        "content": "    }"
      },
      {
        "lineNumber": 12,
        "author": {
          "gitId": "ivanderjmw"
        },
        "content": ""
      },
      {
        "lineNumber": 13,
        "author": {
          "gitId": "ivanderjmw"
        },
        "content": "    @Override"
      },
      {
        "lineNumber": 14,
        "author": {
          "gitId": "ivanderjmw"
        },
        "content": "    public String toString() {"
      },
      {
        "lineNumber": 15,
        "author": {
          "gitId": "ivanderjmw"
        },
        "content": "        return this.getStatusIcon() + \" \" + description;"
      },
      {
        "lineNumber": 16,
        "author": {
          "gitId": "ivanderjmw"
        },
        "content": "    }"
      },
      {
        "lineNumber": 17,
        "author": {
          "gitId": "ivanderjmw"
        },
        "content": ""
      },
      {
        "lineNumber": 18,
        "author": {
          "gitId": "ivanderjmw"
        },
        "content": "    public void setDone() {"
      },
      {
        "lineNumber": 19,
        "author": {
          "gitId": "ivanderjmw"
        },
        "content": "        this.isDone \u003d true;"
      },
      {
        "lineNumber": 20,
        "author": {
          "gitId": "ivanderjmw"
        },
        "content": "    }"
      },
      {
        "lineNumber": 21,
        "author": {
          "gitId": "ivanderjmw"
        },
        "content": ""
      },
      {
        "lineNumber": 22,
        "author": {
          "gitId": "ivanderjmw"
        },
        "content": "}"
      }
    ],
    "authorContributionMap": {
      "ivanderjmw": 22
    }
  },
  {
    "path": "src/main/java/Task.java",
    "fileType": "java",
    "lines": [
      {
        "lineNumber": 1,
        "author": {
          "gitId": "ivanderjmw"
        },
        "content": "public class Task {"
      },
      {
        "lineNumber": 2,
        "author": {
          "gitId": "ivanderjmw"
        },
        "content": "    protected String description;"
      },
      {
        "lineNumber": 3,
        "author": {
          "gitId": "ivanderjmw"
        },
        "content": "    protected boolean isDone;"
      },
      {
        "lineNumber": 4,
        "author": {
          "gitId": "ivanderjmw"
        },
        "content": ""
      },
      {
        "lineNumber": 5,
        "author": {
          "gitId": "ivanderjmw"
        },
        "content": "    public Task(String description) {"
      },
      {
        "lineNumber": 6,
        "author": {
          "gitId": "ivanderjmw"
        },
        "content": "        this.description \u003d description;"
      },
      {
        "lineNumber": 7,
        "author": {
          "gitId": "ivanderjmw"
        },
        "content": "        this.isDone \u003d false;"
      },
      {
        "lineNumber": 8,
        "author": {
          "gitId": "ivanderjmw"
        },
        "content": "    }"
      },
      {
        "lineNumber": 9,
        "author": {
          "gitId": "ivanderjmw"
        },
        "content": ""
      },
      {
        "lineNumber": 10,
        "author": {
          "gitId": "ivanderjmw"
        },
        "content": "    public String getStatusIcon() {"
      },
      {
        "lineNumber": 11,
        "author": {
          "gitId": "ivanderjmw"
        },
        "content": "        return (isDone ? \"\\u2713\" : \"\\u2718\"); //return tick or X symbols"
      },
      {
        "lineNumber": 12,
        "author": {
          "gitId": "ivanderjmw"
        },
        "content": "    }"
      },
      {
        "lineNumber": 13,
        "author": {
          "gitId": "ivanderjmw"
        },
        "content": ""
      },
      {
        "lineNumber": 14,
        "author": {
          "gitId": "ivanderjmw"
        },
        "content": "    public void setDone() {"
      },
      {
        "lineNumber": 15,
        "author": {
          "gitId": "ivanderjmw"
        },
        "content": "        this.isDone \u003d true;"
      },
      {
        "lineNumber": 16,
        "author": {
          "gitId": "ivanderjmw"
        },
        "content": "    }"
      },
      {
        "lineNumber": 17,
        "author": {
          "gitId": "ivanderjmw"
        },
        "content": "}"
      }
    ],
    "authorContributionMap": {
      "ivanderjmw": 17
    }
  },
  {
    "path": "src/main/java/ToDo.java",
    "fileType": "java",
    "lines": [
      {
        "lineNumber": 1,
        "author": {
          "gitId": "ivanderjmw"
        },
        "content": "public class ToDo extends Task {"
      },
      {
        "lineNumber": 2,
        "author": {
          "gitId": "ivanderjmw"
        },
        "content": ""
      },
      {
        "lineNumber": 3,
        "author": {
          "gitId": "ivanderjmw"
        },
        "content": "    public ToDo(String description) {"
      },
      {
        "lineNumber": 4,
        "author": {
          "gitId": "ivanderjmw"
        },
        "content": "        super(description);"
      },
      {
        "lineNumber": 5,
        "author": {
          "gitId": "ivanderjmw"
        },
        "content": "    }"
      },
      {
        "lineNumber": 6,
        "author": {
          "gitId": "ivanderjmw"
        },
        "content": ""
      },
      {
        "lineNumber": 7,
        "author": {
          "gitId": "ivanderjmw"
        },
        "content": "    public String getStatusIcon() {"
      },
      {
        "lineNumber": 8,
        "author": {
          "gitId": "ivanderjmw"
        },
        "content": "        return \"T - \"+ (isDone ? \"\\u2713\" : \"\\u2718\"); //return tick or X symbols"
      },
      {
        "lineNumber": 9,
        "author": {
          "gitId": "ivanderjmw"
        },
        "content": "    }"
      },
      {
        "lineNumber": 10,
        "author": {
          "gitId": "ivanderjmw"
        },
        "content": ""
      },
      {
        "lineNumber": 11,
        "author": {
          "gitId": "ivanderjmw"
        },
        "content": "    @Override"
      },
      {
        "lineNumber": 12,
        "author": {
          "gitId": "ivanderjmw"
        },
        "content": "    public String toString() {"
      },
      {
        "lineNumber": 13,
        "author": {
          "gitId": "ivanderjmw"
        },
        "content": "        return this.getStatusIcon() + \" \" + description;"
      },
      {
        "lineNumber": 14,
        "author": {
          "gitId": "ivanderjmw"
        },
        "content": "    }"
      },
      {
        "lineNumber": 15,
        "author": {
          "gitId": "ivanderjmw"
        },
        "content": ""
      },
      {
        "lineNumber": 16,
        "author": {
          "gitId": "ivanderjmw"
        },
        "content": "    public void setDone() {"
      },
      {
        "lineNumber": 17,
        "author": {
          "gitId": "ivanderjmw"
        },
        "content": "        this.isDone \u003d true;"
      },
      {
        "lineNumber": 18,
        "author": {
          "gitId": "ivanderjmw"
        },
        "content": "    }"
      },
      {
        "lineNumber": 19,
        "author": {
          "gitId": "ivanderjmw"
        },
        "content": "}"
      }
    ],
    "authorContributionMap": {
      "ivanderjmw": 19
    }
  },
  {
    "path": "text-ui-test/input.txt",
    "fileType": "txt",
    "lines": [
      {
        "lineNumber": 1,
        "author": {
          "gitId": "ivanderjmw"
        },
        "content": "todo Answer CS2113 tutorial questions"
      },
      {
        "lineNumber": 2,
        "author": {
          "gitId": "ivanderjmw"
        },
        "content": "list"
      },
      {
        "lineNumber": 3,
        "author": {
          "gitId": "ivanderjmw"
        },
        "content": "event CS2113 tutorial /at Wed 11am"
      },
      {
        "lineNumber": 4,
        "author": {
          "gitId": "ivanderjmw"
        },
        "content": "list"
      },
      {
        "lineNumber": 5,
        "author": {
          "gitId": "ivanderjmw"
        },
        "content": "deadline Submit TP direction on teammates /by 4 Sept"
      },
      {
        "lineNumber": 6,
        "author": {
          "gitId": "ivanderjmw"
        },
        "content": "list"
      },
      {
        "lineNumber": 7,
        "author": {
          "gitId": "ivanderjmw"
        },
        "content": "todo Complete code review"
      },
      {
        "lineNumber": 8,
        "author": {
          "gitId": "ivanderjmw"
        },
        "content": "list"
      },
      {
        "lineNumber": 9,
        "author": {
          "gitId": "ivanderjmw"
        },
        "content": "exit"
      }
    ],
    "authorContributionMap": {
      "ivanderjmw": 9
    }
  },
  {
    "path": "text-ui-test/runtest.sh",
    "fileType": "sh",
    "lines": [
      {
        "lineNumber": 1,
        "author": {
          "gitId": "-"
        },
        "content": "#!/usr/bin/env bash"
      },
      {
        "lineNumber": 2,
        "author": {
          "gitId": "-"
        },
        "content": ""
      },
      {
        "lineNumber": 3,
        "author": {
          "gitId": "-"
        },
        "content": "# create bin directory if it doesn\u0027t exist"
      },
      {
        "lineNumber": 4,
        "author": {
          "gitId": "-"
        },
        "content": "if [ ! -d \"../bin\" ]"
      },
      {
        "lineNumber": 5,
        "author": {
          "gitId": "-"
        },
        "content": "then"
      },
      {
        "lineNumber": 6,
        "author": {
          "gitId": "-"
        },
        "content": "    mkdir ../bin"
      },
      {
        "lineNumber": 7,
        "author": {
          "gitId": "-"
        },
        "content": "fi"
      },
      {
        "lineNumber": 8,
        "author": {
          "gitId": "-"
        },
        "content": ""
      },
      {
        "lineNumber": 9,
        "author": {
          "gitId": "-"
        },
        "content": "# delete output from previous run"
      },
      {
        "lineNumber": 10,
        "author": {
          "gitId": "-"
        },
        "content": "if [ -e \"./ACTUAL.TXT\" ]"
      },
      {
        "lineNumber": 11,
        "author": {
          "gitId": "-"
        },
        "content": "then"
      },
      {
        "lineNumber": 12,
        "author": {
          "gitId": "-"
        },
        "content": "    rm ACTUAL.TXT"
      },
      {
        "lineNumber": 13,
        "author": {
          "gitId": "-"
        },
        "content": "fi"
      },
      {
        "lineNumber": 14,
        "author": {
          "gitId": "-"
        },
        "content": ""
      },
      {
        "lineNumber": 15,
        "author": {
          "gitId": "-"
        },
        "content": "# compile the code into the bin folder, terminates if error occurred"
      },
      {
        "lineNumber": 16,
        "author": {
          "gitId": "ivanderjmw"
        },
        "content": "if ! javac -cp ../src -Xlint:none -d ../bin ../src/main/java/*.java"
      },
      {
        "lineNumber": 17,
        "author": {
          "gitId": "-"
        },
        "content": "then"
      },
      {
        "lineNumber": 18,
        "author": {
          "gitId": "-"
        },
        "content": "    echo \"********** BUILD FAILURE **********\""
      },
      {
        "lineNumber": 19,
        "author": {
          "gitId": "-"
        },
        "content": "    exit 1"
      },
      {
        "lineNumber": 20,
        "author": {
          "gitId": "-"
        },
        "content": "fi"
      },
      {
        "lineNumber": 21,
        "author": {
          "gitId": "-"
        },
        "content": ""
      },
      {
        "lineNumber": 22,
        "author": {
          "gitId": "-"
        },
        "content": "# run the program, feed commands from input.txt file and redirect the output to the ACTUAL.TXT"
      },
      {
        "lineNumber": 23,
        "author": {
          "gitId": "ivanderjmw"
        },
        "content": "java -Dfile.encoding\u003dUTF-8 -classpath ../bin Duke \u003c input.txt \u003e ACTUAL.TXT"
      },
      {
        "lineNumber": 24,
        "author": {
          "gitId": "-"
        },
        "content": ""
      },
      {
        "lineNumber": 25,
        "author": {
          "gitId": "-"
        },
        "content": "# convert to UNIX format"
      },
      {
        "lineNumber": 26,
        "author": {
          "gitId": "-"
        },
        "content": "cp EXPECTED.TXT EXPECTED-UNIX.TXT"
      },
      {
        "lineNumber": 27,
        "author": {
          "gitId": "-"
        },
        "content": "dos2unix ACTUAL.TXT EXPECTED-UNIX.TXT"
      },
      {
        "lineNumber": 28,
        "author": {
          "gitId": "-"
        },
        "content": ""
      },
      {
        "lineNumber": 29,
        "author": {
          "gitId": "-"
        },
        "content": "# compare the output to the expected output"
      },
      {
        "lineNumber": 30,
        "author": {
          "gitId": "-"
        },
        "content": "diff ACTUAL.TXT EXPECTED-UNIX.TXT"
      },
      {
        "lineNumber": 31,
        "author": {
          "gitId": "-"
        },
        "content": "if [ $? -eq 0 ]"
      },
      {
        "lineNumber": 32,
        "author": {
          "gitId": "-"
        },
        "content": "then"
      },
      {
        "lineNumber": 33,
        "author": {
          "gitId": "-"
        },
        "content": "    echo \"Test result: PASSED\""
      },
      {
        "lineNumber": 34,
        "author": {
          "gitId": "-"
        },
        "content": "    exit 0"
      },
      {
        "lineNumber": 35,
        "author": {
          "gitId": "-"
        },
        "content": "else"
      },
      {
        "lineNumber": 36,
        "author": {
          "gitId": "-"
        },
        "content": "    echo \"Test result: FAILED\""
      },
      {
        "lineNumber": 37,
        "author": {
          "gitId": "-"
        },
        "content": "    exit 1"
      },
      {
        "lineNumber": 38,
        "author": {
          "gitId": "-"
        },
        "content": "fi"
      }
    ],
    "authorContributionMap": {
      "-": 36,
      "ivanderjmw": 2
    }
  }
]
