[
  {
    "path": "src/main/java/Deadline.java",
    "fileType": "java",
    "lines": [
      {
        "lineNumber": 1,
        "author": {
          "gitId": "Cao-Zeyu"
        },
        "content": "public class Deadline extends Task {"
      },
      {
        "lineNumber": 2,
        "author": {
          "gitId": "Cao-Zeyu"
        },
        "content": "    protected String byTime;"
      },
      {
        "lineNumber": 3,
        "author": {
          "gitId": "Cao-Zeyu"
        },
        "content": ""
      },
      {
        "lineNumber": 4,
        "author": {
          "gitId": "Cao-Zeyu"
        },
        "content": "    public Deadline(String description, String byTime) {"
      },
      {
        "lineNumber": 5,
        "author": {
          "gitId": "Cao-Zeyu"
        },
        "content": "        super(description);"
      },
      {
        "lineNumber": 6,
        "author": {
          "gitId": "Cao-Zeyu"
        },
        "content": "        this.byTime \u003d byTime;"
      },
      {
        "lineNumber": 7,
        "author": {
          "gitId": "Cao-Zeyu"
        },
        "content": "    }"
      },
      {
        "lineNumber": 8,
        "author": {
          "gitId": "Cao-Zeyu"
        },
        "content": ""
      },
      {
        "lineNumber": 9,
        "author": {
          "gitId": "Cao-Zeyu"
        },
        "content": "    public String toString(){"
      },
      {
        "lineNumber": 10,
        "author": {
          "gitId": "Cao-Zeyu"
        },
        "content": "        return \"[D]\" + super.toString() + \" (by: \" + byTime + \")\";"
      },
      {
        "lineNumber": 11,
        "author": {
          "gitId": "Cao-Zeyu"
        },
        "content": "    }"
      },
      {
        "lineNumber": 12,
        "author": {
          "gitId": "Cao-Zeyu"
        },
        "content": "}"
      }
    ],
    "authorContributionMap": {
      "Cao-Zeyu": 12
    }
  },
  {
    "path": "src/main/java/Duke.java",
    "fileType": "java",
    "lines": [
      {
        "lineNumber": 1,
        "author": {
          "gitId": "Cao-Zeyu"
        },
        "content": "import java.util.Scanner;"
      },
      {
        "lineNumber": 2,
        "author": {
          "gitId": "Cao-Zeyu"
        },
        "content": ""
      },
      {
        "lineNumber": 3,
        "author": {
          "gitId": "-"
        },
        "content": "public class Duke {"
      },
      {
        "lineNumber": 4,
        "author": {
          "gitId": "Cao-Zeyu"
        },
        "content": "    public static final int SKIP_DEADLINE_NUMBER \u003d 9;"
      },
      {
        "lineNumber": 5,
        "author": {
          "gitId": "Cao-Zeyu"
        },
        "content": "    public static final int SKIP_EVENT_NUMBER \u003d 6;"
      },
      {
        "lineNumber": 6,
        "author": {
          "gitId": "Cao-Zeyu"
        },
        "content": "    public static final int SKIP_DONE_NUMBER \u003d 5;"
      },
      {
        "lineNumber": 7,
        "author": {
          "gitId": "Cao-Zeyu"
        },
        "content": "    public static final int SKIP_SEPARATION_NUMBER \u003d 4;"
      },
      {
        "lineNumber": 8,
        "author": {
          "gitId": "Cao-Zeyu"
        },
        "content": ""
      },
      {
        "lineNumber": 9,
        "author": {
          "gitId": "-"
        },
        "content": "    public static void main(String[] args) {"
      },
      {
        "lineNumber": 10,
        "author": {
          "gitId": "-"
        },
        "content": "        String logo \u003d \" ____        _        \\n\""
      },
      {
        "lineNumber": 11,
        "author": {
          "gitId": "-"
        },
        "content": "                + \"|  _ \\\\ _   _| | _____ \\n\""
      },
      {
        "lineNumber": 12,
        "author": {
          "gitId": "-"
        },
        "content": "                + \"| | | | | | | |/ / _ \\\\\\n\""
      },
      {
        "lineNumber": 13,
        "author": {
          "gitId": "-"
        },
        "content": "                + \"| |_| | |_| |   \u003c  __/\\n\""
      },
      {
        "lineNumber": 14,
        "author": {
          "gitId": "-"
        },
        "content": "                + \"|____/ \\\\__,_|_|\\\\_\\\\___|\\n\";"
      },
      {
        "lineNumber": 15,
        "author": {
          "gitId": "-"
        },
        "content": "        System.out.println(\"Hello from\\n\" + logo);"
      },
      {
        "lineNumber": 16,
        "author": {
          "gitId": "Cao-Zeyu"
        },
        "content": "        Duke.greet();"
      },
      {
        "lineNumber": 17,
        "author": {
          "gitId": "Cao-Zeyu"
        },
        "content": "        Scanner in \u003d new Scanner(System.in);"
      },
      {
        "lineNumber": 18,
        "author": {
          "gitId": "Cao-Zeyu"
        },
        "content": "        String command \u003d in.nextLine();"
      },
      {
        "lineNumber": 19,
        "author": {
          "gitId": "Cao-Zeyu"
        },
        "content": "        String description;"
      },
      {
        "lineNumber": 20,
        "author": {
          "gitId": "Cao-Zeyu"
        },
        "content": "        String time;"
      },
      {
        "lineNumber": 21,
        "author": {
          "gitId": "Cao-Zeyu"
        },
        "content": "        Task[] list \u003d new Task[100];"
      },
      {
        "lineNumber": 22,
        "author": {
          "gitId": "Cao-Zeyu"
        },
        "content": "        int separatePosition;"
      },
      {
        "lineNumber": 23,
        "author": {
          "gitId": "Cao-Zeyu"
        },
        "content": "        int number \u003d 0;"
      },
      {
        "lineNumber": 24,
        "author": {
          "gitId": "Cao-Zeyu"
        },
        "content": "        while (!command.equals(\"bye\")) {"
      },
      {
        "lineNumber": 25,
        "author": {
          "gitId": "Cao-Zeyu"
        },
        "content": "            if (command.equals(\"list\")) {"
      },
      {
        "lineNumber": 26,
        "author": {
          "gitId": "Cao-Zeyu"
        },
        "content": "                Duke.displayList(list, number);"
      },
      {
        "lineNumber": 27,
        "author": {
          "gitId": "Cao-Zeyu"
        },
        "content": "            } else if (command.startsWith(\"done\")) {"
      },
      {
        "lineNumber": 28,
        "author": {
          "gitId": "Cao-Zeyu"
        },
        "content": "                Duke.done(list, command, number);"
      },
      {
        "lineNumber": 29,
        "author": {
          "gitId": "Cao-Zeyu"
        },
        "content": "            } else if (command.startsWith(\"todo\")) {"
      },
      {
        "lineNumber": 30,
        "author": {
          "gitId": "Cao-Zeyu"
        },
        "content": "                list[number] \u003d new ToDo(command.substring(5));"
      },
      {
        "lineNumber": 31,
        "author": {
          "gitId": "Cao-Zeyu"
        },
        "content": "                number \u003d Duke.add(list[number], number);"
      },
      {
        "lineNumber": 32,
        "author": {
          "gitId": "Cao-Zeyu"
        },
        "content": "            } else if (command.startsWith(\"deadline\")) {"
      },
      {
        "lineNumber": 33,
        "author": {
          "gitId": "Cao-Zeyu"
        },
        "content": "                separatePosition \u003d command.indexOf(\u0027/\u0027);"
      },
      {
        "lineNumber": 34,
        "author": {
          "gitId": "Cao-Zeyu"
        },
        "content": "                description \u003d command.substring(SKIP_DEADLINE_NUMBER, separatePosition-1);"
      },
      {
        "lineNumber": 35,
        "author": {
          "gitId": "Cao-Zeyu"
        },
        "content": "                time \u003d command.substring(separatePosition+SKIP_SEPARATION_NUMBER);"
      },
      {
        "lineNumber": 36,
        "author": {
          "gitId": "Cao-Zeyu"
        },
        "content": "                list[number] \u003d new Deadline(description, time);"
      },
      {
        "lineNumber": 37,
        "author": {
          "gitId": "Cao-Zeyu"
        },
        "content": "                number \u003d Duke.add(list[number], number);"
      },
      {
        "lineNumber": 38,
        "author": {
          "gitId": "Cao-Zeyu"
        },
        "content": "            } else if (command.startsWith(\"event\")) {"
      },
      {
        "lineNumber": 39,
        "author": {
          "gitId": "Cao-Zeyu"
        },
        "content": "                separatePosition \u003d command.indexOf(\u0027/\u0027);"
      },
      {
        "lineNumber": 40,
        "author": {
          "gitId": "Cao-Zeyu"
        },
        "content": "                description \u003d command.substring(SKIP_EVENT_NUMBER, separatePosition-1);"
      },
      {
        "lineNumber": 41,
        "author": {
          "gitId": "Cao-Zeyu"
        },
        "content": "                time \u003d command.substring(separatePosition+SKIP_SEPARATION_NUMBER);"
      },
      {
        "lineNumber": 42,
        "author": {
          "gitId": "Cao-Zeyu"
        },
        "content": "                list[number] \u003d new Event(description, time);"
      },
      {
        "lineNumber": 43,
        "author": {
          "gitId": "Cao-Zeyu"
        },
        "content": "                number \u003d Duke.add(list[number], number);"
      },
      {
        "lineNumber": 44,
        "author": {
          "gitId": "Cao-Zeyu"
        },
        "content": "            } else {"
      },
      {
        "lineNumber": 45,
        "author": {
          "gitId": "Cao-Zeyu"
        },
        "content": "                Duke.commandAgain();"
      },
      {
        "lineNumber": 46,
        "author": {
          "gitId": "Cao-Zeyu"
        },
        "content": "            }"
      },
      {
        "lineNumber": 47,
        "author": {
          "gitId": "Cao-Zeyu"
        },
        "content": "            command \u003d in.nextLine();"
      },
      {
        "lineNumber": 48,
        "author": {
          "gitId": "Cao-Zeyu"
        },
        "content": "        }"
      },
      {
        "lineNumber": 49,
        "author": {
          "gitId": "Cao-Zeyu"
        },
        "content": "        Duke.exit();"
      },
      {
        "lineNumber": 50,
        "author": {
          "gitId": "Cao-Zeyu"
        },
        "content": "    }"
      },
      {
        "lineNumber": 51,
        "author": {
          "gitId": "Cao-Zeyu"
        },
        "content": ""
      },
      {
        "lineNumber": 52,
        "author": {
          "gitId": "Cao-Zeyu"
        },
        "content": "    public static void greet() {"
      },
      {
        "lineNumber": 53,
        "author": {
          "gitId": "Cao-Zeyu"
        },
        "content": "        Duke.printLine();"
      },
      {
        "lineNumber": 54,
        "author": {
          "gitId": "Cao-Zeyu"
        },
        "content": "        System.out.println(\"\\t\" + \"Hello! I\u0027m Duke\\n\" +"
      },
      {
        "lineNumber": 55,
        "author": {
          "gitId": "Cao-Zeyu"
        },
        "content": "                \"\\t\" + \"What can I do for you?\");"
      },
      {
        "lineNumber": 56,
        "author": {
          "gitId": "Cao-Zeyu"
        },
        "content": "        Duke.printLine();"
      },
      {
        "lineNumber": 57,
        "author": {
          "gitId": "Cao-Zeyu"
        },
        "content": "    }"
      },
      {
        "lineNumber": 58,
        "author": {
          "gitId": "Cao-Zeyu"
        },
        "content": ""
      },
      {
        "lineNumber": 59,
        "author": {
          "gitId": "Cao-Zeyu"
        },
        "content": "    public static void commandAgain() {"
      },
      {
        "lineNumber": 60,
        "author": {
          "gitId": "Cao-Zeyu"
        },
        "content": "        Duke.printLine();"
      },
      {
        "lineNumber": 61,
        "author": {
          "gitId": "Cao-Zeyu"
        },
        "content": "        System.out.println(\"\\tPlease give a valid command!\");"
      },
      {
        "lineNumber": 62,
        "author": {
          "gitId": "Cao-Zeyu"
        },
        "content": "        Duke.printLine();"
      },
      {
        "lineNumber": 63,
        "author": {
          "gitId": "Cao-Zeyu"
        },
        "content": "    }"
      },
      {
        "lineNumber": 64,
        "author": {
          "gitId": "Cao-Zeyu"
        },
        "content": ""
      },
      {
        "lineNumber": 65,
        "author": {
          "gitId": "Cao-Zeyu"
        },
        "content": "    public static void displayList(Task[] list, int number) {"
      },
      {
        "lineNumber": 66,
        "author": {
          "gitId": "Cao-Zeyu"
        },
        "content": "        Duke.printLine();"
      },
      {
        "lineNumber": 67,
        "author": {
          "gitId": "Cao-Zeyu"
        },
        "content": "        System.out.println(\"\\tHere are the tasks in your list:\");"
      },
      {
        "lineNumber": 68,
        "author": {
          "gitId": "Cao-Zeyu"
        },
        "content": "        for(int i\u003d1; i\u003c\u003dnumber; i++) {"
      },
      {
        "lineNumber": 69,
        "author": {
          "gitId": "Cao-Zeyu"
        },
        "content": "            System.out.println(\"\\t\" + i + \". \" + list[i-1].toString());"
      },
      {
        "lineNumber": 70,
        "author": {
          "gitId": "Cao-Zeyu"
        },
        "content": "        }"
      },
      {
        "lineNumber": 71,
        "author": {
          "gitId": "Cao-Zeyu"
        },
        "content": "        Duke.printLine();"
      },
      {
        "lineNumber": 72,
        "author": {
          "gitId": "Cao-Zeyu"
        },
        "content": "    }"
      },
      {
        "lineNumber": 73,
        "author": {
          "gitId": "Cao-Zeyu"
        },
        "content": ""
      },
      {
        "lineNumber": 74,
        "author": {
          "gitId": "Cao-Zeyu"
        },
        "content": "    public static int add(Task task, int number) {"
      },
      {
        "lineNumber": 75,
        "author": {
          "gitId": "Cao-Zeyu"
        },
        "content": "        Duke.printLine();"
      },
      {
        "lineNumber": 76,
        "author": {
          "gitId": "Cao-Zeyu"
        },
        "content": "        System.out.println(\"\\tGot it. I\u0027ve added this task: \");"
      },
      {
        "lineNumber": 77,
        "author": {
          "gitId": "Cao-Zeyu"
        },
        "content": "        System.out.println(\"\\t   \" + task.toString());"
      },
      {
        "lineNumber": 78,
        "author": {
          "gitId": "Cao-Zeyu"
        },
        "content": "        System.out.println(\"\\tNow you have \" + (number+1) + \" tasks in the list. \");"
      },
      {
        "lineNumber": 79,
        "author": {
          "gitId": "Cao-Zeyu"
        },
        "content": "        Duke.printLine();"
      },
      {
        "lineNumber": 80,
        "author": {
          "gitId": "Cao-Zeyu"
        },
        "content": "        return number+1;"
      },
      {
        "lineNumber": 81,
        "author": {
          "gitId": "Cao-Zeyu"
        },
        "content": "    }"
      },
      {
        "lineNumber": 82,
        "author": {
          "gitId": "Cao-Zeyu"
        },
        "content": ""
      },
      {
        "lineNumber": 83,
        "author": {
          "gitId": "Cao-Zeyu"
        },
        "content": "    public static void done(Task[] list, String command, int number) {"
      },
      {
        "lineNumber": 84,
        "author": {
          "gitId": "Cao-Zeyu"
        },
        "content": "        int doneNumber \u003d Integer.parseInt(command.substring(SKIP_DONE_NUMBER));"
      },
      {
        "lineNumber": 85,
        "author": {
          "gitId": "Cao-Zeyu"
        },
        "content": "        list[doneNumber-1].setDone(true);"
      },
      {
        "lineNumber": 86,
        "author": {
          "gitId": "Cao-Zeyu"
        },
        "content": "        Duke.printLine();"
      },
      {
        "lineNumber": 87,
        "author": {
          "gitId": "Cao-Zeyu"
        },
        "content": "        System.out.println(\"\\tNice! I\u0027ve marked this task as done: \");"
      },
      {
        "lineNumber": 88,
        "author": {
          "gitId": "Cao-Zeyu"
        },
        "content": "        System.out.println(\"\\t   \" + list[doneNumber-1].toString());"
      },
      {
        "lineNumber": 89,
        "author": {
          "gitId": "Cao-Zeyu"
        },
        "content": "        Duke.printLine();"
      },
      {
        "lineNumber": 90,
        "author": {
          "gitId": "Cao-Zeyu"
        },
        "content": "    }"
      },
      {
        "lineNumber": 91,
        "author": {
          "gitId": "Cao-Zeyu"
        },
        "content": ""
      },
      {
        "lineNumber": 92,
        "author": {
          "gitId": "Cao-Zeyu"
        },
        "content": "    public static void exit() {"
      },
      {
        "lineNumber": 93,
        "author": {
          "gitId": "Cao-Zeyu"
        },
        "content": "        Duke.printLine();"
      },
      {
        "lineNumber": 94,
        "author": {
          "gitId": "Cao-Zeyu"
        },
        "content": "        System.out.println(\"\\t\" + \"Bye. Hope to see you again soon!\");"
      },
      {
        "lineNumber": 95,
        "author": {
          "gitId": "Cao-Zeyu"
        },
        "content": "        Duke.printLine();"
      },
      {
        "lineNumber": 96,
        "author": {
          "gitId": "Cao-Zeyu"
        },
        "content": "    }"
      },
      {
        "lineNumber": 97,
        "author": {
          "gitId": "Cao-Zeyu"
        },
        "content": ""
      },
      {
        "lineNumber": 98,
        "author": {
          "gitId": "Cao-Zeyu"
        },
        "content": "    public static void printLine() {"
      },
      {
        "lineNumber": 99,
        "author": {
          "gitId": "Cao-Zeyu"
        },
        "content": "        System.out.println(\"\\t\" + \"___________________________________________\");"
      },
      {
        "lineNumber": 100,
        "author": {
          "gitId": "-"
        },
        "content": "    }"
      },
      {
        "lineNumber": 101,
        "author": {
          "gitId": "-"
        },
        "content": "}"
      }
    ],
    "authorContributionMap": {
      "-": 10,
      "Cao-Zeyu": 91
    }
  },
  {
    "path": "src/main/java/Event.java",
    "fileType": "java",
    "lines": [
      {
        "lineNumber": 1,
        "author": {
          "gitId": "Cao-Zeyu"
        },
        "content": "public class Event extends Task{"
      },
      {
        "lineNumber": 2,
        "author": {
          "gitId": "Cao-Zeyu"
        },
        "content": "    protected String atTime;"
      },
      {
        "lineNumber": 3,
        "author": {
          "gitId": "Cao-Zeyu"
        },
        "content": ""
      },
      {
        "lineNumber": 4,
        "author": {
          "gitId": "Cao-Zeyu"
        },
        "content": "    public Event(String description, String atTime) {"
      },
      {
        "lineNumber": 5,
        "author": {
          "gitId": "Cao-Zeyu"
        },
        "content": "        super(description);"
      },
      {
        "lineNumber": 6,
        "author": {
          "gitId": "Cao-Zeyu"
        },
        "content": "        this.atTime \u003d atTime;"
      },
      {
        "lineNumber": 7,
        "author": {
          "gitId": "Cao-Zeyu"
        },
        "content": "    }"
      },
      {
        "lineNumber": 8,
        "author": {
          "gitId": "Cao-Zeyu"
        },
        "content": ""
      },
      {
        "lineNumber": 9,
        "author": {
          "gitId": "Cao-Zeyu"
        },
        "content": "    public String toString(){"
      },
      {
        "lineNumber": 10,
        "author": {
          "gitId": "Cao-Zeyu"
        },
        "content": "        return \"[E]\" + super.toString() + \" (at: \" + atTime + \")\";"
      },
      {
        "lineNumber": 11,
        "author": {
          "gitId": "Cao-Zeyu"
        },
        "content": "    }"
      },
      {
        "lineNumber": 12,
        "author": {
          "gitId": "Cao-Zeyu"
        },
        "content": "}"
      }
    ],
    "authorContributionMap": {
      "Cao-Zeyu": 12
    }
  },
  {
    "path": "src/main/java/Task.java",
    "fileType": "java",
    "lines": [
      {
        "lineNumber": 1,
        "author": {
          "gitId": "Cao-Zeyu"
        },
        "content": "public class Task {"
      },
      {
        "lineNumber": 2,
        "author": {
          "gitId": "Cao-Zeyu"
        },
        "content": "    protected String description;"
      },
      {
        "lineNumber": 3,
        "author": {
          "gitId": "Cao-Zeyu"
        },
        "content": "    protected boolean isDone;"
      },
      {
        "lineNumber": 4,
        "author": {
          "gitId": "Cao-Zeyu"
        },
        "content": ""
      },
      {
        "lineNumber": 5,
        "author": {
          "gitId": "Cao-Zeyu"
        },
        "content": "    public Task(String description) {"
      },
      {
        "lineNumber": 6,
        "author": {
          "gitId": "Cao-Zeyu"
        },
        "content": "        this.description \u003d description;"
      },
      {
        "lineNumber": 7,
        "author": {
          "gitId": "Cao-Zeyu"
        },
        "content": "        this.isDone \u003d false;"
      },
      {
        "lineNumber": 8,
        "author": {
          "gitId": "Cao-Zeyu"
        },
        "content": "    }"
      },
      {
        "lineNumber": 9,
        "author": {
          "gitId": "Cao-Zeyu"
        },
        "content": ""
      },
      {
        "lineNumber": 10,
        "author": {
          "gitId": "Cao-Zeyu"
        },
        "content": "    public String getDescription() {"
      },
      {
        "lineNumber": 11,
        "author": {
          "gitId": "Cao-Zeyu"
        },
        "content": "        return description;"
      },
      {
        "lineNumber": 12,
        "author": {
          "gitId": "Cao-Zeyu"
        },
        "content": "    }"
      },
      {
        "lineNumber": 13,
        "author": {
          "gitId": "Cao-Zeyu"
        },
        "content": ""
      },
      {
        "lineNumber": 14,
        "author": {
          "gitId": "Cao-Zeyu"
        },
        "content": "    public void setDone(boolean isDone) {"
      },
      {
        "lineNumber": 15,
        "author": {
          "gitId": "Cao-Zeyu"
        },
        "content": "        this.isDone \u003d isDone;"
      },
      {
        "lineNumber": 16,
        "author": {
          "gitId": "Cao-Zeyu"
        },
        "content": "    }"
      },
      {
        "lineNumber": 17,
        "author": {
          "gitId": "Cao-Zeyu"
        },
        "content": ""
      },
      {
        "lineNumber": 18,
        "author": {
          "gitId": "Cao-Zeyu"
        },
        "content": "    public String getStatusIcon() {"
      },
      {
        "lineNumber": 19,
        "author": {
          "gitId": "Cao-Zeyu"
        },
        "content": "        return (isDone ? \"\\u2713\" : \"\\u2718\");"
      },
      {
        "lineNumber": 20,
        "author": {
          "gitId": "Cao-Zeyu"
        },
        "content": "    }"
      },
      {
        "lineNumber": 21,
        "author": {
          "gitId": "Cao-Zeyu"
        },
        "content": ""
      },
      {
        "lineNumber": 22,
        "author": {
          "gitId": "Cao-Zeyu"
        },
        "content": "    public String toString() {"
      },
      {
        "lineNumber": 23,
        "author": {
          "gitId": "Cao-Zeyu"
        },
        "content": "        return \"[\" + getStatusIcon() + \"] \" + description;"
      },
      {
        "lineNumber": 24,
        "author": {
          "gitId": "Cao-Zeyu"
        },
        "content": "    }"
      },
      {
        "lineNumber": 25,
        "author": {
          "gitId": "Cao-Zeyu"
        },
        "content": "}"
      }
    ],
    "authorContributionMap": {
      "Cao-Zeyu": 25
    }
  },
  {
    "path": "src/main/java/ToDo.java",
    "fileType": "java",
    "lines": [
      {
        "lineNumber": 1,
        "author": {
          "gitId": "Cao-Zeyu"
        },
        "content": "public class ToDo extends Task{"
      },
      {
        "lineNumber": 2,
        "author": {
          "gitId": "Cao-Zeyu"
        },
        "content": ""
      },
      {
        "lineNumber": 3,
        "author": {
          "gitId": "Cao-Zeyu"
        },
        "content": "    public ToDo(String description) {"
      },
      {
        "lineNumber": 4,
        "author": {
          "gitId": "Cao-Zeyu"
        },
        "content": "        super(description);"
      },
      {
        "lineNumber": 5,
        "author": {
          "gitId": "Cao-Zeyu"
        },
        "content": "    }"
      },
      {
        "lineNumber": 6,
        "author": {
          "gitId": "Cao-Zeyu"
        },
        "content": ""
      },
      {
        "lineNumber": 7,
        "author": {
          "gitId": "Cao-Zeyu"
        },
        "content": "    public String toString(){"
      },
      {
        "lineNumber": 8,
        "author": {
          "gitId": "Cao-Zeyu"
        },
        "content": "        return \"[T]\" + super.toString();"
      },
      {
        "lineNumber": 9,
        "author": {
          "gitId": "Cao-Zeyu"
        },
        "content": "    }"
      },
      {
        "lineNumber": 10,
        "author": {
          "gitId": "Cao-Zeyu"
        },
        "content": "}"
      }
    ],
    "authorContributionMap": {
      "Cao-Zeyu": 10
    }
  },
  {
    "path": "text-ui-test/input.txt",
    "fileType": "txt",
    "lines": [
      {
        "lineNumber": 1,
        "author": {
          "gitId": "Cao-Zeyu"
        },
        "content": "list"
      },
      {
        "lineNumber": 2,
        "author": {
          "gitId": "Cao-Zeyu"
        },
        "content": "bye"
      }
    ],
    "authorContributionMap": {
      "Cao-Zeyu": 2
    }
  },
  {
    "path": "text-ui-test/runtest.bat",
    "fileType": "bat",
    "lines": [
      {
        "lineNumber": 1,
        "author": {
          "gitId": "-"
        },
        "content": "@ECHO OFF"
      },
      {
        "lineNumber": 2,
        "author": {
          "gitId": "-"
        },
        "content": ""
      },
      {
        "lineNumber": 3,
        "author": {
          "gitId": "-"
        },
        "content": "REM create bin directory if it doesn\u0027t exist"
      },
      {
        "lineNumber": 4,
        "author": {
          "gitId": "-"
        },
        "content": "if not exist ..\\bin mkdir ..\\bin"
      },
      {
        "lineNumber": 5,
        "author": {
          "gitId": "-"
        },
        "content": ""
      },
      {
        "lineNumber": 6,
        "author": {
          "gitId": "-"
        },
        "content": "REM delete output from previous run"
      },
      {
        "lineNumber": 7,
        "author": {
          "gitId": "-"
        },
        "content": "del ACTUAL.TXT"
      },
      {
        "lineNumber": 8,
        "author": {
          "gitId": "-"
        },
        "content": ""
      },
      {
        "lineNumber": 9,
        "author": {
          "gitId": "-"
        },
        "content": "REM compile the code into the bin folder"
      },
      {
        "lineNumber": 10,
        "author": {
          "gitId": "Cao-Zeyu"
        },
        "content": "javac  -cp ..\\src -Xlint:none -d ..\\bin ..\\src\\main\\java\\*.java"
      },
      {
        "lineNumber": 11,
        "author": {
          "gitId": "-"
        },
        "content": "IF ERRORLEVEL 1 ("
      },
      {
        "lineNumber": 12,
        "author": {
          "gitId": "-"
        },
        "content": "    echo ********** BUILD FAILURE **********"
      },
      {
        "lineNumber": 13,
        "author": {
          "gitId": "-"
        },
        "content": "    exit /b 1"
      },
      {
        "lineNumber": 14,
        "author": {
          "gitId": "-"
        },
        "content": ")"
      },
      {
        "lineNumber": 15,
        "author": {
          "gitId": "-"
        },
        "content": "REM no error here, errorlevel \u003d\u003d 0"
      },
      {
        "lineNumber": 16,
        "author": {
          "gitId": "-"
        },
        "content": ""
      },
      {
        "lineNumber": 17,
        "author": {
          "gitId": "-"
        },
        "content": "REM run the program, feed commands from input.txt file and redirect the output to the ACTUAL.TXT"
      },
      {
        "lineNumber": 18,
        "author": {
          "gitId": "-"
        },
        "content": "java -classpath ..\\bin Duke \u003c input.txt \u003e ACTUAL.TXT"
      },
      {
        "lineNumber": 19,
        "author": {
          "gitId": "-"
        },
        "content": ""
      },
      {
        "lineNumber": 20,
        "author": {
          "gitId": "-"
        },
        "content": "REM compare the output to the expected output"
      },
      {
        "lineNumber": 21,
        "author": {
          "gitId": "-"
        },
        "content": "FC ACTUAL.TXT EXPECTED.TXT"
      }
    ],
    "authorContributionMap": {
      "-": 20,
      "Cao-Zeyu": 1
    }
  }
]
