[
  {
    "path": "src/main/java/Deadline.java",
    "fileType": "java",
    "lines": [
      {
        "lineNumber": 1,
        "author": {
          "gitId": "czlin98"
        },
        "content": "public class Deadline extends Task {"
      },
      {
        "lineNumber": 2,
        "author": {
          "gitId": "czlin98"
        },
        "content": ""
      },
      {
        "lineNumber": 3,
        "author": {
          "gitId": "czlin98"
        },
        "content": "    protected String by;"
      },
      {
        "lineNumber": 4,
        "author": {
          "gitId": "czlin98"
        },
        "content": ""
      },
      {
        "lineNumber": 5,
        "author": {
          "gitId": "czlin98"
        },
        "content": "    public Deadline(String description, String by) {"
      },
      {
        "lineNumber": 6,
        "author": {
          "gitId": "czlin98"
        },
        "content": "        super(description);"
      },
      {
        "lineNumber": 7,
        "author": {
          "gitId": "czlin98"
        },
        "content": "        this.by \u003d by;"
      },
      {
        "lineNumber": 8,
        "author": {
          "gitId": "czlin98"
        },
        "content": "    }"
      },
      {
        "lineNumber": 9,
        "author": {
          "gitId": "czlin98"
        },
        "content": ""
      },
      {
        "lineNumber": 10,
        "author": {
          "gitId": "czlin98"
        },
        "content": "    @Override"
      },
      {
        "lineNumber": 11,
        "author": {
          "gitId": "czlin98"
        },
        "content": "    public String toString() {"
      },
      {
        "lineNumber": 12,
        "author": {
          "gitId": "czlin98"
        },
        "content": "        return \"[D]\" + super.toString() + \" (by: \" + by + \")\";"
      },
      {
        "lineNumber": 13,
        "author": {
          "gitId": "czlin98"
        },
        "content": "    }"
      },
      {
        "lineNumber": 14,
        "author": {
          "gitId": "czlin98"
        },
        "content": "}"
      }
    ],
    "authorContributionMap": {
      "czlin98": 14
    }
  },
  {
    "path": "src/main/java/Duke.java",
    "fileType": "java",
    "lines": [
      {
        "lineNumber": 1,
        "author": {
          "gitId": "czlin98"
        },
        "content": "import java.util.Scanner;"
      },
      {
        "lineNumber": 2,
        "author": {
          "gitId": "czlin98"
        },
        "content": ""
      },
      {
        "lineNumber": 3,
        "author": {
          "gitId": "-"
        },
        "content": "public class Duke {"
      },
      {
        "lineNumber": 4,
        "author": {
          "gitId": "czlin98"
        },
        "content": ""
      },
      {
        "lineNumber": 5,
        "author": {
          "gitId": "-"
        },
        "content": "    public static void main(String[] args) {"
      },
      {
        "lineNumber": 6,
        "author": {
          "gitId": "czlin98"
        },
        "content": "        Task[] tasks \u003d new Task[100];"
      },
      {
        "lineNumber": 7,
        "author": {
          "gitId": "czlin98"
        },
        "content": "        int taskCount \u003d 0;"
      },
      {
        "lineNumber": 8,
        "author": {
          "gitId": "czlin98"
        },
        "content": ""
      },
      {
        "lineNumber": 9,
        "author": {
          "gitId": "czlin98"
        },
        "content": "        showWelcomeMessage();"
      },
      {
        "lineNumber": 10,
        "author": {
          "gitId": "czlin98"
        },
        "content": "        while (true) {"
      },
      {
        "lineNumber": 11,
        "author": {
          "gitId": "czlin98"
        },
        "content": "            String userCommand \u003d getUserInput();"
      },
      {
        "lineNumber": 12,
        "author": {
          "gitId": "czlin98"
        },
        "content": "            if (userCommand.equals(\"bye\")) {"
      },
      {
        "lineNumber": 13,
        "author": {
          "gitId": "czlin98"
        },
        "content": "                showExitMessage();"
      },
      {
        "lineNumber": 14,
        "author": {
          "gitId": "czlin98"
        },
        "content": "                break;"
      },
      {
        "lineNumber": 15,
        "author": {
          "gitId": "czlin98"
        },
        "content": "            }"
      },
      {
        "lineNumber": 16,
        "author": {
          "gitId": "czlin98"
        },
        "content": "            else if (userCommand.equals(\"list\")) {"
      },
      {
        "lineNumber": 17,
        "author": {
          "gitId": "czlin98"
        },
        "content": "                showList(tasks, taskCount);"
      },
      {
        "lineNumber": 18,
        "author": {
          "gitId": "czlin98"
        },
        "content": "            }"
      },
      {
        "lineNumber": 19,
        "author": {
          "gitId": "czlin98"
        },
        "content": "            else if (userCommand.startsWith(\"done\")) {"
      },
      {
        "lineNumber": 20,
        "author": {
          "gitId": "czlin98"
        },
        "content": "                setDone(tasks, userCommand);"
      },
      {
        "lineNumber": 21,
        "author": {
          "gitId": "czlin98"
        },
        "content": "            }"
      },
      {
        "lineNumber": 22,
        "author": {
          "gitId": "czlin98"
        },
        "content": "            else {"
      },
      {
        "lineNumber": 23,
        "author": {
          "gitId": "czlin98"
        },
        "content": "                int lineSize \u003d userCommand.length();"
      },
      {
        "lineNumber": 24,
        "author": {
          "gitId": "czlin98"
        },
        "content": "                showAddTaskMessage();"
      },
      {
        "lineNumber": 25,
        "author": {
          "gitId": "czlin98"
        },
        "content": "                if (userCommand.startsWith(\"todo\")) {"
      },
      {
        "lineNumber": 26,
        "author": {
          "gitId": "czlin98"
        },
        "content": "                    taskCount \u003d addTodo(tasks, taskCount, userCommand, lineSize);"
      },
      {
        "lineNumber": 27,
        "author": {
          "gitId": "czlin98"
        },
        "content": "                }"
      },
      {
        "lineNumber": 28,
        "author": {
          "gitId": "czlin98"
        },
        "content": "                else if (userCommand.startsWith(\"deadline\")) {"
      },
      {
        "lineNumber": 29,
        "author": {
          "gitId": "czlin98"
        },
        "content": "                    taskCount \u003d addDeadline(tasks, taskCount, userCommand, lineSize);"
      },
      {
        "lineNumber": 30,
        "author": {
          "gitId": "czlin98"
        },
        "content": "                }"
      },
      {
        "lineNumber": 31,
        "author": {
          "gitId": "czlin98"
        },
        "content": "                else if (userCommand.startsWith(\"event\")) {"
      },
      {
        "lineNumber": 32,
        "author": {
          "gitId": "czlin98"
        },
        "content": "                    taskCount \u003d addEvent(tasks, taskCount, userCommand, lineSize);"
      },
      {
        "lineNumber": 33,
        "author": {
          "gitId": "czlin98"
        },
        "content": "                }"
      },
      {
        "lineNumber": 34,
        "author": {
          "gitId": "czlin98"
        },
        "content": "                else {"
      },
      {
        "lineNumber": 35,
        "author": {
          "gitId": "czlin98"
        },
        "content": "                    taskCount \u003d addTask(tasks, taskCount, userCommand);"
      },
      {
        "lineNumber": 36,
        "author": {
          "gitId": "czlin98"
        },
        "content": "                }"
      },
      {
        "lineNumber": 37,
        "author": {
          "gitId": "czlin98"
        },
        "content": "                showTaskCountMessage(taskCount);"
      },
      {
        "lineNumber": 38,
        "author": {
          "gitId": "czlin98"
        },
        "content": "            }"
      },
      {
        "lineNumber": 39,
        "author": {
          "gitId": "czlin98"
        },
        "content": "        }"
      },
      {
        "lineNumber": 40,
        "author": {
          "gitId": "czlin98"
        },
        "content": "    }"
      },
      {
        "lineNumber": 41,
        "author": {
          "gitId": "czlin98"
        },
        "content": ""
      },
      {
        "lineNumber": 42,
        "author": {
          "gitId": "czlin98"
        },
        "content": "    private static String getUserInput() {"
      },
      {
        "lineNumber": 43,
        "author": {
          "gitId": "czlin98"
        },
        "content": "        Scanner input \u003d new Scanner(System.in);"
      },
      {
        "lineNumber": 44,
        "author": {
          "gitId": "czlin98"
        },
        "content": "        return input.nextLine();"
      },
      {
        "lineNumber": 45,
        "author": {
          "gitId": "czlin98"
        },
        "content": "    }"
      },
      {
        "lineNumber": 46,
        "author": {
          "gitId": "czlin98"
        },
        "content": ""
      },
      {
        "lineNumber": 47,
        "author": {
          "gitId": "czlin98"
        },
        "content": "    private static int addTask(Task[] tasks, int taskCount, String userCommand) {"
      },
      {
        "lineNumber": 48,
        "author": {
          "gitId": "czlin98"
        },
        "content": "        for (Task task : tasks) {"
      },
      {
        "lineNumber": 49,
        "author": {
          "gitId": "czlin98"
        },
        "content": "            tasks[taskCount] \u003d new Task(userCommand);"
      },
      {
        "lineNumber": 50,
        "author": {
          "gitId": "czlin98"
        },
        "content": "        }"
      },
      {
        "lineNumber": 51,
        "author": {
          "gitId": "czlin98"
        },
        "content": "        echoTask(tasks, taskCount);"
      },
      {
        "lineNumber": 52,
        "author": {
          "gitId": "czlin98"
        },
        "content": "        taskCount++;"
      },
      {
        "lineNumber": 53,
        "author": {
          "gitId": "czlin98"
        },
        "content": "        return taskCount;"
      },
      {
        "lineNumber": 54,
        "author": {
          "gitId": "czlin98"
        },
        "content": "    }"
      },
      {
        "lineNumber": 55,
        "author": {
          "gitId": "czlin98"
        },
        "content": ""
      },
      {
        "lineNumber": 56,
        "author": {
          "gitId": "czlin98"
        },
        "content": "    private static int addTodo(Task[] tasks, int taskCount, String userCommand, int lineSize) {"
      },
      {
        "lineNumber": 57,
        "author": {
          "gitId": "czlin98"
        },
        "content": "        String todoTask \u003d getTask(userCommand);"
      },
      {
        "lineNumber": 58,
        "author": {
          "gitId": "czlin98"
        },
        "content": "        for (Task task : tasks) {"
      },
      {
        "lineNumber": 59,
        "author": {
          "gitId": "czlin98"
        },
        "content": ""
      },
      {
        "lineNumber": 60,
        "author": {
          "gitId": "czlin98"
        },
        "content": "            tasks[taskCount] \u003d new Todo(todoTask);"
      },
      {
        "lineNumber": 61,
        "author": {
          "gitId": "czlin98"
        },
        "content": "        }"
      },
      {
        "lineNumber": 62,
        "author": {
          "gitId": "czlin98"
        },
        "content": "        echoTask(tasks, taskCount);"
      },
      {
        "lineNumber": 63,
        "author": {
          "gitId": "czlin98"
        },
        "content": "        taskCount++;"
      },
      {
        "lineNumber": 64,
        "author": {
          "gitId": "czlin98"
        },
        "content": "        return taskCount;"
      },
      {
        "lineNumber": 65,
        "author": {
          "gitId": "czlin98"
        },
        "content": "    }"
      },
      {
        "lineNumber": 66,
        "author": {
          "gitId": "czlin98"
        },
        "content": ""
      },
      {
        "lineNumber": 67,
        "author": {
          "gitId": "czlin98"
        },
        "content": "    private static int addDeadline(Task[] tasks, int taskCount, String userCommand, int lineSize) {"
      },
      {
        "lineNumber": 68,
        "author": {
          "gitId": "czlin98"
        },
        "content": "        String deadlineTask \u003d getTask(userCommand);"
      },
      {
        "lineNumber": 69,
        "author": {
          "gitId": "czlin98"
        },
        "content": "        String deadlineBy \u003d getDate(userCommand);"
      },
      {
        "lineNumber": 70,
        "author": {
          "gitId": "czlin98"
        },
        "content": "        for (Task task : tasks) {"
      },
      {
        "lineNumber": 71,
        "author": {
          "gitId": "czlin98"
        },
        "content": "            tasks[taskCount] \u003d new Deadline(deadlineTask, deadlineBy);"
      },
      {
        "lineNumber": 72,
        "author": {
          "gitId": "czlin98"
        },
        "content": "        }"
      },
      {
        "lineNumber": 73,
        "author": {
          "gitId": "czlin98"
        },
        "content": "        echoTask(tasks, taskCount);"
      },
      {
        "lineNumber": 74,
        "author": {
          "gitId": "czlin98"
        },
        "content": "        taskCount++;"
      },
      {
        "lineNumber": 75,
        "author": {
          "gitId": "czlin98"
        },
        "content": "        return taskCount;"
      },
      {
        "lineNumber": 76,
        "author": {
          "gitId": "czlin98"
        },
        "content": "    }"
      },
      {
        "lineNumber": 77,
        "author": {
          "gitId": "czlin98"
        },
        "content": ""
      },
      {
        "lineNumber": 78,
        "author": {
          "gitId": "czlin98"
        },
        "content": "    private static int addEvent(Task[] tasks, int taskCount, String userCommand, int lineSize) {"
      },
      {
        "lineNumber": 79,
        "author": {
          "gitId": "czlin98"
        },
        "content": "        String eventTask \u003d getTask(userCommand);"
      },
      {
        "lineNumber": 80,
        "author": {
          "gitId": "czlin98"
        },
        "content": "        String eventAt \u003d getDate(userCommand);"
      },
      {
        "lineNumber": 81,
        "author": {
          "gitId": "czlin98"
        },
        "content": "        for (Task task : tasks) {"
      },
      {
        "lineNumber": 82,
        "author": {
          "gitId": "czlin98"
        },
        "content": "            tasks[taskCount] \u003d new Event(eventTask, eventAt);"
      },
      {
        "lineNumber": 83,
        "author": {
          "gitId": "czlin98"
        },
        "content": "        }"
      },
      {
        "lineNumber": 84,
        "author": {
          "gitId": "czlin98"
        },
        "content": "        echoTask(tasks, taskCount);"
      },
      {
        "lineNumber": 85,
        "author": {
          "gitId": "czlin98"
        },
        "content": "        taskCount++;"
      },
      {
        "lineNumber": 86,
        "author": {
          "gitId": "czlin98"
        },
        "content": "        return taskCount;"
      },
      {
        "lineNumber": 87,
        "author": {
          "gitId": "czlin98"
        },
        "content": "    }"
      },
      {
        "lineNumber": 88,
        "author": {
          "gitId": "czlin98"
        },
        "content": ""
      },
      {
        "lineNumber": 89,
        "author": {
          "gitId": "czlin98"
        },
        "content": "    private static void setDone(Task[] tasks, String userCommand) {"
      },
      {
        "lineNumber": 90,
        "author": {
          "gitId": "czlin98"
        },
        "content": "        int index \u003d getDoneIndex(userCommand);"
      },
      {
        "lineNumber": 91,
        "author": {
          "gitId": "czlin98"
        },
        "content": "        tasks[index].markAsDone();"
      },
      {
        "lineNumber": 92,
        "author": {
          "gitId": "czlin98"
        },
        "content": "        showDoneMessage(tasks, index);"
      },
      {
        "lineNumber": 93,
        "author": {
          "gitId": "czlin98"
        },
        "content": "    }"
      },
      {
        "lineNumber": 94,
        "author": {
          "gitId": "czlin98"
        },
        "content": ""
      },
      {
        "lineNumber": 95,
        "author": {
          "gitId": "czlin98"
        },
        "content": "    private static String getTask(String userCommand) {"
      },
      {
        "lineNumber": 96,
        "author": {
          "gitId": "czlin98"
        },
        "content": "        if (userCommand.contains(\"/\")) {"
      },
      {
        "lineNumber": 97,
        "author": {
          "gitId": "czlin98"
        },
        "content": "            return userCommand.substring(userCommand.indexOf(\" \") + 1, userCommand.indexOf(\"/\") - 1);"
      },
      {
        "lineNumber": 98,
        "author": {
          "gitId": "czlin98"
        },
        "content": "        }"
      },
      {
        "lineNumber": 99,
        "author": {
          "gitId": "czlin98"
        },
        "content": "        else {"
      },
      {
        "lineNumber": 100,
        "author": {
          "gitId": "czlin98"
        },
        "content": "            return userCommand.substring(userCommand.indexOf(\" \") + 1);"
      },
      {
        "lineNumber": 101,
        "author": {
          "gitId": "czlin98"
        },
        "content": "        }"
      },
      {
        "lineNumber": 102,
        "author": {
          "gitId": "czlin98"
        },
        "content": "    }"
      },
      {
        "lineNumber": 103,
        "author": {
          "gitId": "czlin98"
        },
        "content": ""
      },
      {
        "lineNumber": 104,
        "author": {
          "gitId": "czlin98"
        },
        "content": "    private static String getDate(String userCommand) {"
      },
      {
        "lineNumber": 105,
        "author": {
          "gitId": "czlin98"
        },
        "content": "        return userCommand.substring(userCommand.indexOf(\"/\") + 4);"
      },
      {
        "lineNumber": 106,
        "author": {
          "gitId": "czlin98"
        },
        "content": "    }"
      },
      {
        "lineNumber": 107,
        "author": {
          "gitId": "czlin98"
        },
        "content": ""
      },
      {
        "lineNumber": 108,
        "author": {
          "gitId": "czlin98"
        },
        "content": "    private static int getDoneIndex(String userCommand) {"
      },
      {
        "lineNumber": 109,
        "author": {
          "gitId": "czlin98"
        },
        "content": "        return Integer.parseInt(userCommand.substring(userCommand.indexOf(\" \") + 1)) - 1;"
      },
      {
        "lineNumber": 110,
        "author": {
          "gitId": "czlin98"
        },
        "content": "    }"
      },
      {
        "lineNumber": 111,
        "author": {
          "gitId": "czlin98"
        },
        "content": ""
      },
      {
        "lineNumber": 112,
        "author": {
          "gitId": "czlin98"
        },
        "content": "    private static void showWelcomeMessage() {"
      },
      {
        "lineNumber": 113,
        "author": {
          "gitId": "czlin98"
        },
        "content": "        System.out.println(\"    ____________________________________________________________\");"
      },
      {
        "lineNumber": 114,
        "author": {
          "gitId": "czlin98"
        },
        "content": "        System.out.println(\"     Hello! I\u0027m Duke\");"
      },
      {
        "lineNumber": 115,
        "author": {
          "gitId": "czlin98"
        },
        "content": "        System.out.println(\"     What can I do for you?\");"
      },
      {
        "lineNumber": 116,
        "author": {
          "gitId": "czlin98"
        },
        "content": "        System.out.println(\"    ____________________________________________________________\\n\");"
      },
      {
        "lineNumber": 117,
        "author": {
          "gitId": "czlin98"
        },
        "content": "    }"
      },
      {
        "lineNumber": 118,
        "author": {
          "gitId": "czlin98"
        },
        "content": ""
      },
      {
        "lineNumber": 119,
        "author": {
          "gitId": "czlin98"
        },
        "content": "    private static void showExitMessage() {"
      },
      {
        "lineNumber": 120,
        "author": {
          "gitId": "czlin98"
        },
        "content": "        System.out.println(\"    ____________________________________________________________\");"
      },
      {
        "lineNumber": 121,
        "author": {
          "gitId": "czlin98"
        },
        "content": "        System.out.println(\"     Bye. Hope to see you again soon!\");"
      },
      {
        "lineNumber": 122,
        "author": {
          "gitId": "czlin98"
        },
        "content": "        System.out.println(\"    ____________________________________________________________\\n\");"
      },
      {
        "lineNumber": 123,
        "author": {
          "gitId": "czlin98"
        },
        "content": "    }"
      },
      {
        "lineNumber": 124,
        "author": {
          "gitId": "czlin98"
        },
        "content": ""
      },
      {
        "lineNumber": 125,
        "author": {
          "gitId": "czlin98"
        },
        "content": "    private static void showList(Task[] tasks, int taskCount) {"
      },
      {
        "lineNumber": 126,
        "author": {
          "gitId": "czlin98"
        },
        "content": "        System.out.println(\"    ____________________________________________________________\");"
      },
      {
        "lineNumber": 127,
        "author": {
          "gitId": "czlin98"
        },
        "content": "        System.out.println(\"     Here are the tasks in your list:\");"
      },
      {
        "lineNumber": 128,
        "author": {
          "gitId": "czlin98"
        },
        "content": "        for (int i \u003d 0; i \u003c taskCount; i++) {"
      },
      {
        "lineNumber": 129,
        "author": {
          "gitId": "czlin98"
        },
        "content": "            System.out.println(\"     \" + (i + 1) + \".\" + tasks[i].toString());"
      },
      {
        "lineNumber": 130,
        "author": {
          "gitId": "czlin98"
        },
        "content": "        }"
      },
      {
        "lineNumber": 131,
        "author": {
          "gitId": "czlin98"
        },
        "content": "        System.out.println(\"    ____________________________________________________________\\n\");"
      },
      {
        "lineNumber": 132,
        "author": {
          "gitId": "czlin98"
        },
        "content": "    }"
      },
      {
        "lineNumber": 133,
        "author": {
          "gitId": "czlin98"
        },
        "content": ""
      },
      {
        "lineNumber": 134,
        "author": {
          "gitId": "czlin98"
        },
        "content": "    private static void showAddTaskMessage() {"
      },
      {
        "lineNumber": 135,
        "author": {
          "gitId": "czlin98"
        },
        "content": "        System.out.println(\"    ____________________________________________________________\");"
      },
      {
        "lineNumber": 136,
        "author": {
          "gitId": "czlin98"
        },
        "content": "        System.out.println(\"     Got it. I\u0027ve added this task:\");"
      },
      {
        "lineNumber": 137,
        "author": {
          "gitId": "czlin98"
        },
        "content": "    }"
      },
      {
        "lineNumber": 138,
        "author": {
          "gitId": "czlin98"
        },
        "content": ""
      },
      {
        "lineNumber": 139,
        "author": {
          "gitId": "czlin98"
        },
        "content": "    private static void showTaskCountMessage(int taskCount) {"
      },
      {
        "lineNumber": 140,
        "author": {
          "gitId": "czlin98"
        },
        "content": "        System.out.println(\"     Now you have \" + taskCount + \" tasks in the list.\");"
      },
      {
        "lineNumber": 141,
        "author": {
          "gitId": "czlin98"
        },
        "content": "        System.out.println(\"    ____________________________________________________________\\n\");"
      },
      {
        "lineNumber": 142,
        "author": {
          "gitId": "czlin98"
        },
        "content": "    }"
      },
      {
        "lineNumber": 143,
        "author": {
          "gitId": "czlin98"
        },
        "content": ""
      },
      {
        "lineNumber": 144,
        "author": {
          "gitId": "czlin98"
        },
        "content": "    private static void showDoneMessage(Task[] tasks, int index) {"
      },
      {
        "lineNumber": 145,
        "author": {
          "gitId": "czlin98"
        },
        "content": "        System.out.println(\"    ____________________________________________________________\");"
      },
      {
        "lineNumber": 146,
        "author": {
          "gitId": "czlin98"
        },
        "content": "        System.out.println(\"     Nice! I\u0027ve marked this task as done:\");"
      },
      {
        "lineNumber": 147,
        "author": {
          "gitId": "czlin98"
        },
        "content": "        System.out.println(\"       \" + tasks[index].toString());"
      },
      {
        "lineNumber": 148,
        "author": {
          "gitId": "czlin98"
        },
        "content": "        System.out.println(\"    ____________________________________________________________\\n\");"
      },
      {
        "lineNumber": 149,
        "author": {
          "gitId": "czlin98"
        },
        "content": "    }"
      },
      {
        "lineNumber": 150,
        "author": {
          "gitId": "czlin98"
        },
        "content": ""
      },
      {
        "lineNumber": 151,
        "author": {
          "gitId": "czlin98"
        },
        "content": "    private static void echoTask(Task[] tasks, int taskCount) {"
      },
      {
        "lineNumber": 152,
        "author": {
          "gitId": "czlin98"
        },
        "content": "        System.out.println(\"       \" + tasks[taskCount].toString());"
      },
      {
        "lineNumber": 153,
        "author": {
          "gitId": "-"
        },
        "content": "    }"
      },
      {
        "lineNumber": 154,
        "author": {
          "gitId": "-"
        },
        "content": "}"
      }
    ],
    "authorContributionMap": {
      "czlin98": 150,
      "-": 4
    }
  },
  {
    "path": "src/main/java/Event.java",
    "fileType": "java",
    "lines": [
      {
        "lineNumber": 1,
        "author": {
          "gitId": "czlin98"
        },
        "content": "public class Event extends Task {"
      },
      {
        "lineNumber": 2,
        "author": {
          "gitId": "czlin98"
        },
        "content": ""
      },
      {
        "lineNumber": 3,
        "author": {
          "gitId": "czlin98"
        },
        "content": "    protected String at;"
      },
      {
        "lineNumber": 4,
        "author": {
          "gitId": "czlin98"
        },
        "content": ""
      },
      {
        "lineNumber": 5,
        "author": {
          "gitId": "czlin98"
        },
        "content": "    public Event(String description, String at) {"
      },
      {
        "lineNumber": 6,
        "author": {
          "gitId": "czlin98"
        },
        "content": "        super(description);"
      },
      {
        "lineNumber": 7,
        "author": {
          "gitId": "czlin98"
        },
        "content": "        this.at \u003d at;"
      },
      {
        "lineNumber": 8,
        "author": {
          "gitId": "czlin98"
        },
        "content": "    }"
      },
      {
        "lineNumber": 9,
        "author": {
          "gitId": "czlin98"
        },
        "content": ""
      },
      {
        "lineNumber": 10,
        "author": {
          "gitId": "czlin98"
        },
        "content": "    @Override"
      },
      {
        "lineNumber": 11,
        "author": {
          "gitId": "czlin98"
        },
        "content": "    public String toString() {"
      },
      {
        "lineNumber": 12,
        "author": {
          "gitId": "czlin98"
        },
        "content": "        return \"[E]\" + super.toString() + \" (at: \" + at + \")\";"
      },
      {
        "lineNumber": 13,
        "author": {
          "gitId": "czlin98"
        },
        "content": "    }"
      },
      {
        "lineNumber": 14,
        "author": {
          "gitId": "czlin98"
        },
        "content": "}"
      }
    ],
    "authorContributionMap": {
      "czlin98": 14
    }
  },
  {
    "path": "src/main/java/Task.java",
    "fileType": "java",
    "lines": [
      {
        "lineNumber": 1,
        "author": {
          "gitId": "czlin98"
        },
        "content": "public class Task {"
      },
      {
        "lineNumber": 2,
        "author": {
          "gitId": "czlin98"
        },
        "content": "    protected String description;"
      },
      {
        "lineNumber": 3,
        "author": {
          "gitId": "czlin98"
        },
        "content": "    protected boolean isDone;"
      },
      {
        "lineNumber": 4,
        "author": {
          "gitId": "czlin98"
        },
        "content": ""
      },
      {
        "lineNumber": 5,
        "author": {
          "gitId": "czlin98"
        },
        "content": "    public Task(String description) {"
      },
      {
        "lineNumber": 6,
        "author": {
          "gitId": "czlin98"
        },
        "content": "        this.description \u003d description;"
      },
      {
        "lineNumber": 7,
        "author": {
          "gitId": "czlin98"
        },
        "content": "        this.isDone \u003d false;"
      },
      {
        "lineNumber": 8,
        "author": {
          "gitId": "czlin98"
        },
        "content": "    }"
      },
      {
        "lineNumber": 9,
        "author": {
          "gitId": "czlin98"
        },
        "content": ""
      },
      {
        "lineNumber": 10,
        "author": {
          "gitId": "czlin98"
        },
        "content": "    public String getStatusIcon() {"
      },
      {
        "lineNumber": 11,
        "author": {
          "gitId": "czlin98"
        },
        "content": "        return (isDone ? \"\\u2713\" : \"\\u2718\");"
      },
      {
        "lineNumber": 12,
        "author": {
          "gitId": "czlin98"
        },
        "content": "    }"
      },
      {
        "lineNumber": 13,
        "author": {
          "gitId": "czlin98"
        },
        "content": ""
      },
      {
        "lineNumber": 14,
        "author": {
          "gitId": "czlin98"
        },
        "content": "    public void markAsDone() {"
      },
      {
        "lineNumber": 15,
        "author": {
          "gitId": "czlin98"
        },
        "content": "        this.isDone \u003d true;"
      },
      {
        "lineNumber": 16,
        "author": {
          "gitId": "czlin98"
        },
        "content": "    }"
      },
      {
        "lineNumber": 17,
        "author": {
          "gitId": "czlin98"
        },
        "content": ""
      },
      {
        "lineNumber": 18,
        "author": {
          "gitId": "czlin98"
        },
        "content": "    public String toString() {"
      },
      {
        "lineNumber": 19,
        "author": {
          "gitId": "czlin98"
        },
        "content": "        return \"[\" + getStatusIcon() + \"] \" + description;"
      },
      {
        "lineNumber": 20,
        "author": {
          "gitId": "czlin98"
        },
        "content": "    }"
      },
      {
        "lineNumber": 21,
        "author": {
          "gitId": "czlin98"
        },
        "content": "}"
      }
    ],
    "authorContributionMap": {
      "czlin98": 21
    }
  },
  {
    "path": "src/main/java/Todo.java",
    "fileType": "java",
    "lines": [
      {
        "lineNumber": 1,
        "author": {
          "gitId": "czlin98"
        },
        "content": "public class Todo extends Task {"
      },
      {
        "lineNumber": 2,
        "author": {
          "gitId": "czlin98"
        },
        "content": ""
      },
      {
        "lineNumber": 3,
        "author": {
          "gitId": "czlin98"
        },
        "content": "    public Todo(String description) {"
      },
      {
        "lineNumber": 4,
        "author": {
          "gitId": "czlin98"
        },
        "content": "        super(description);"
      },
      {
        "lineNumber": 5,
        "author": {
          "gitId": "czlin98"
        },
        "content": "    }"
      },
      {
        "lineNumber": 6,
        "author": {
          "gitId": "czlin98"
        },
        "content": ""
      },
      {
        "lineNumber": 7,
        "author": {
          "gitId": "czlin98"
        },
        "content": "    @Override"
      },
      {
        "lineNumber": 8,
        "author": {
          "gitId": "czlin98"
        },
        "content": "    public String toString() {"
      },
      {
        "lineNumber": 9,
        "author": {
          "gitId": "czlin98"
        },
        "content": "        return \"[T]\" + super.toString();"
      },
      {
        "lineNumber": 10,
        "author": {
          "gitId": "czlin98"
        },
        "content": "    }"
      },
      {
        "lineNumber": 11,
        "author": {
          "gitId": "czlin98"
        },
        "content": "}"
      }
    ],
    "authorContributionMap": {
      "czlin98": 11
    }
  }
]
