{
  "authorDailyContributionsMap": {
    "vanessa-kang": [
      {
        "date": "2020-08-19",
        "commitResults": [
          {
            "hash": "d691fccec0c9a4cbf660b82783addf60ec3d1dbd",
            "messageTitle": "Added Level-0 increment (wk2)",
            "messageBody": "",
            "fileTypesAndContributionMap": {
              "java": {
                "insertions": 12,
                "deletions": 6
              }
            }
          }
        ]
      },
      {
        "date": "2020-08-27",
        "commitResults": [
          {
            "hash": "a2a450f642a748d0ab837f72ccf9cdc0b903f10d",
            "messageTitle": "Added Level-1 increment (wk3)",
            "messageBody": "",
            "tags": [
              "Level-1"
            ],
            "fileTypesAndContributionMap": {
              "java": {
                "insertions": 15,
                "deletions": 9
              }
            }
          },
          {
            "hash": "647d45bd7464db00a0f9fc6d93a5274b75fc4b6b",
            "messageTitle": "Added Level-2 increment (wk3): Add, List",
            "messageBody": "",
            "tags": [
              "Level-2"
            ],
            "fileTypesAndContributionMap": {
              "java": {
                "insertions": 25,
                "deletions": 1
              }
            }
          },
          {
            "hash": "54713fbaf0ed6d4c42dabe213c8534e4948fc384",
            "messageTitle": "Added Level-3 and A-Classes extension (wk3): Mark as Done, implement Task class",
            "messageBody": "",
            "tags": [
              "Level-3",
              "A-Classes"
            ],
            "fileTypesAndContributionMap": {
              "java": {
                "insertions": 50,
                "deletions": 10
              }
            }
          }
        ]
      },
      {
        "date": "2020-09-03",
        "commitResults": [
          {
            "hash": "74bd957002465374c9a5d71c479257a3943233b6",
            "messageTitle": "Added Level-4 and A-Inheritance extension (wk4): ToDos, Events, Deadlines",
            "messageBody": "",
            "tags": [
              "Level-4",
              "A-Inheritance"
            ],
            "fileTypesAndContributionMap": {
              "java": {
                "insertions": 161,
                "deletions": 26
              }
            }
          }
        ]
      },
      {
        "date": "2020-09-10",
        "commitResults": [
          {
            "hash": "3a5c4bc69846a0134d4ff034d96ec798587736cc",
            "messageTitle": "Added Level 5 (wk5): Handle Errors. Just the basic two for now",
            "messageBody": "",
            "tags": [
              "Level-5"
            ],
            "fileTypesAndContributionMap": {
              "java": {
                "insertions": 38,
                "deletions": 27
              }
            }
          },
          {
            "hash": "381f72bf629944db1fda48ba8f16fa220b8ac292",
            "messageTitle": "Added exception handling for \u0027done\u0027 command",
            "messageBody": "",
            "tags": [
              "A-Exceptions"
            ],
            "fileTypesAndContributionMap": {
              "java": {
                "insertions": 17,
                "deletions": 6
              }
            }
          },
          {
            "hash": "4dc14b4d98091bcb4591629e204452efe9215fa9",
            "messageTitle": "Revert \"Added exception handling for \u0027done\u0027 command\"",
            "messageBody": "This reverts commit 381f72bf629944db1fda48ba8f16fa220b8ac292.\n",
            "fileTypesAndContributionMap": {
              "java": {
                "insertions": 6,
                "deletions": 17
              }
            }
          },
          {
            "hash": "58867147a8dc7c23f3f0d533f5f1f2d64f2dca79",
            "messageTitle": "test",
            "messageBody": "",
            "fileTypesAndContributionMap": {
              "java": {
                "insertions": 0,
                "deletions": 4
              }
            }
          }
        ]
      },
      {
        "date": "2020-09-15",
        "commitResults": [
          {
            "hash": "b963cde0818d0197103f39e13f6ac43cf2a6aa84",
            "messageTitle": "Added Level-6 and A-Collections (wk6): delete, ArrayList",
            "messageBody": "",
            "tags": [
              "Level-6",
              "A-Collections"
            ],
            "fileTypesAndContributionMap": {
              "java": {
                "insertions": 71,
                "deletions": 44
              }
            }
          },
          {
            "hash": "351cdd3267e259c37dfb768082d4402dc018ce64",
            "messageTitle": "Added Level-7: save. Haven\u0027t handled the cases where file or dir doesn\u0027t exist at the start yet.",
            "messageBody": "",
            "tags": [
              "Level-7"
            ],
            "fileTypesAndContributionMap": {
              "txt": {
                "insertions": 5,
                "deletions": 0
              },
              "java": {
                "insertions": 136,
                "deletions": 44
              }
            }
          },
          {
            "hash": "8ec62be9c46233d9e8b71a28ea2ce3993cb25f5c",
            "messageTitle": "Handled cases where file or dir does not initially exist.",
            "messageBody": "",
            "fileTypesAndContributionMap": {
              "txt": {
                "insertions": 0,
                "deletions": 5
              },
              "java": {
                "insertions": 17,
                "deletions": 3
              }
            }
          },
          {
            "hash": "aa727c70052055d6c88ea43961acc109fb4fe936",
            "messageTitle": "removed data dir, updated gitignore",
            "messageBody": "",
            "fileTypesAndContributionMap": {
              "txt": {
                "insertions": 0,
                "deletions": 0
              }
            }
          },
          {
            "hash": "c5af3cd7cf62ccb8b0f95e9f62752abd63b6ce46",
            "messageTitle": "Refactored code to adhere more closely to Coding Standard and Code Quality. Also packaged as JAR file",
            "messageBody": "",
            "tags": [
              "v0.1",
              "A-Jar",
              "A-CodingStandard",
              "A-CodeQuality"
            ],
            "fileTypesAndContributionMap": {
              "java": {
                "insertions": 191,
                "deletions": 163
              }
            }
          }
        ]
      },
      {
        "date": "2020-09-29",
        "commitResults": [
          {
            "hash": "be455ced5f4d5119db41d384e457914c439c2f2d",
            "messageTitle": "Added A-MoreOOP increment.",
            "messageBody": "",
            "tags": [
              "A-MoreOOP"
            ],
            "fileTypesAndContributionMap": {
              "java": {
                "insertions": 409,
                "deletions": 269
              }
            }
          }
        ]
      },
      {
        "date": "2020-09-30",
        "commitResults": [
          {
            "hash": "9f1bdb528565f9887476952820dbe8925b5e4a77",
            "messageTitle": "Added Level-9 increment: Find",
            "messageBody": "",
            "tags": [
              "Level-9"
            ],
            "fileTypesAndContributionMap": {
              "java": {
                "insertions": 36,
                "deletions": 4
              }
            }
          },
          {
            "hash": "debd87fb4587b68a2237ecb0c61518e1296afc72",
            "messageTitle": "Further refactored TaskList and Ui classes.",
            "messageBody": "",
            "fileTypesAndContributionMap": {
              "java": {
                "insertions": 35,
                "deletions": 28
              }
            }
          }
        ]
      },
      {
        "date": "2020-10-01",
        "commitResults": [
          {
            "hash": "af3be5d859f86df0a6fb2412e4dce40cd4e95802",
            "messageTitle": "Added A-JavaDoc increment + some minor cleanup.",
            "messageBody": "",
            "tags": [
              "A-JavaDoc"
            ],
            "fileTypesAndContributionMap": {
              "java": {
                "insertions": 101,
                "deletions": 39
              }
            }
          },
          {
            "hash": "9a3a94358917c2302832dacaf870953f40d80937",
            "messageTitle": "Added A-UserGuide increment.",
            "messageBody": "",
            "tags": [
              "A-UserGuide"
            ],
            "fileTypesAndContributionMap": {
              "java": {
                "insertions": 1,
                "deletions": 1
              },
              "md": {
                "insertions": 166,
                "deletions": 7
              }
            }
          },
          {
            "hash": "0e23cd1accefe37f578f786b58e7ffe889f24c72",
            "messageTitle": "Added help command to list available commands. Also did minor cleanup of Ui class.",
            "messageBody": "",
            "fileTypesAndContributionMap": {
              "java": {
                "insertions": 47,
                "deletions": 24
              }
            }
          },
          {
            "hash": "ddf49af322dead3b4a27e862e6333d237e37bf88",
            "messageTitle": "Further refactored Ui class.",
            "messageBody": "",
            "fileTypesAndContributionMap": {
              "java": {
                "insertions": 32,
                "deletions": 41
              }
            }
          },
          {
            "hash": "136879f87336a3e6f4bcb53a8d45247d23d8d03a",
            "messageTitle": "Updated README to include help command.",
            "messageBody": "",
            "fileTypesAndContributionMap": {
              "md": {
                "insertions": 37,
                "deletions": 8
              }
            }
          },
          {
            "hash": "36c02f399f831ee1e6ca5f9242d8672757651dd7",
            "messageTitle": "Modified list of help commands printed.",
            "messageBody": "",
            "fileTypesAndContributionMap": {
              "java": {
                "insertions": 1,
                "deletions": 0
              },
              "md": {
                "insertions": 1,
                "deletions": 0
              }
            }
          }
        ]
      },
      {
        "date": "2020-10-02",
        "commitResults": [
          {
            "hash": "28850c74337f9e30111ff1459a63d4b640382237",
            "messageTitle": "Fixed bug which was causing file loading error at program restart. Deadlines/events without a date were being allowed to be added into the task list. This did not raise any issues while saving and exiting the program, but threw an IndexOutOfBoundsException at program restart and file data loading. Fixed by disallowing date-less deadlines/events from being added into the task list in the first place.",
            "messageBody": "",
            "fileTypesAndContributionMap": {
              "java": {
                "insertions": 16,
                "deletions": 5
              }
            }
          },
          {
            "hash": "e4e6cba4294ebf313c64a8400355bdb7e54482de",
            "messageTitle": "Improved file IO UI messages, added more JavaDoc comments. On program startup, file IO messages for file creation and file loading have been separated, in order to make the current file status clearer to the user.",
            "messageBody": "",
            "fileTypesAndContributionMap": {
              "java": {
                "insertions": 47,
                "deletions": 23
              }
            }
          },
          {
            "hash": "3d7ac171bd64a29802fc4df0971d30babf5ad60e",
            "messageTitle": "Fixed bug where uppercase inputs were throwing unhandled exceptions. Fixed by converting all inputs to lowercase before parsing.",
            "messageBody": "",
            "fileTypesAndContributionMap": {
              "java": {
                "insertions": 5,
                "deletions": 0
              }
            }
          },
          {
            "hash": "6fc0603c98bef696ccdd010fa6cf07f2db636d49",
            "messageTitle": "Minor code quality improvements.",
            "messageBody": "",
            "tags": [
              "v0.2",
              "A-Release"
            ],
            "fileTypesAndContributionMap": {
              "java": {
                "insertions": 15,
                "deletions": 18
              }
            }
          }
        ]
      }
    ]
  },
  "authorFileTypeContributionMap": {
    "vanessa-kang": {
      "java": 683,
      "md": 195,
      "sh": 0,
      "bat": 0,
      "gradle": 0,
      "txt": 0
    }
  },
  "authorContributionVariance": {
    "vanessa-kang": 22742.33
  },
  "authorDisplayNameMap": {
    "vanessa-kang": "CS2113T-F12-1 VANE.. RUI"
  }
}
