{
  "authorDailyContributionsMap": {
    "ninggggx99": [
      {
        "date": "2020-08-21",
        "commitResults": [
          {
            "hash": "7c50cb409d3f3a9ae517687865dd15df6344f4df",
            "messageTitle": "Implement Level-0",
            "messageBody": "",
            "tags": [
              "Level-0"
            ],
            "fileTypesAndContributionMap": {
              "java": {
                "insertions": 6,
                "deletions": 0
              }
            }
          }
        ]
      },
      {
        "date": "2020-08-26",
        "commitResults": [
          {
            "hash": "b2d378527ef8dc4117cdc649970be4cd58966c2e",
            "messageTitle": "Implement Level-1",
            "messageBody": "",
            "tags": [
              "Level-1"
            ],
            "fileTypesAndContributionMap": {
              "java": {
                "insertions": 40,
                "deletions": 0
              }
            }
          },
          {
            "hash": "c5a0750e15a2e504a679709bd5fa55d4357e91c7",
            "messageTitle": "Implement Level-2",
            "messageBody": "",
            "tags": [
              "Level-2"
            ],
            "fileTypesAndContributionMap": {
              "java": {
                "insertions": 14,
                "deletions": 5
              }
            }
          },
          {
            "hash": "efa23648fae4426f6f582b5feca2cc7b0c625e33",
            "messageTitle": "Implement Level-3",
            "messageBody": "",
            "tags": [
              "Level-3"
            ],
            "fileTypesAndContributionMap": {
              "java": {
                "insertions": 94,
                "deletions": 5
              }
            }
          },
          {
            "hash": "0eb7a83effdb59388537784be41423075dd10113",
            "messageTitle": "Implement A-CodingStandard",
            "messageBody": "",
            "fileTypesAndContributionMap": {
              "java": {
                "insertions": 10,
                "deletions": 10
              }
            }
          },
          {
            "hash": "98533a2e774452af977f8704d21c5e33c7414b0e",
            "messageTitle": "Implement A-CodingStandard",
            "messageBody": "",
            "fileTypesAndContributionMap": {
              "java": {
                "insertions": 13,
                "deletions": 9
              }
            }
          },
          {
            "hash": "cfbada293af9581b2431966198045de4fae0b5d8",
            "messageTitle": "Revert \"Implement A-CodingStandard\"",
            "messageBody": "This reverts commit 98533a2e774452af977f8704d21c5e33c7414b0e.\n",
            "fileTypesAndContributionMap": {
              "java": {
                "insertions": 9,
                "deletions": 13
              }
            }
          },
          {
            "hash": "cb5ea74e98358d6074e8ebb1a5fec5bc02bf0948",
            "messageTitle": "Revert \"Implement A-CodingStandard\"",
            "messageBody": "This reverts commit 0eb7a83effdb59388537784be41423075dd10113.\n",
            "fileTypesAndContributionMap": {
              "java": {
                "insertions": 10,
                "deletions": 10
              }
            }
          },
          {
            "hash": "d4907ac3df8f419da72c5b8970eaef8ece853f21",
            "messageTitle": "Implement A-CodingStandard",
            "messageBody": "",
            "fileTypesAndContributionMap": {
              "java": {
                "insertions": 15,
                "deletions": 15
              }
            }
          },
          {
            "hash": "9a3f6dc3dd36435f900f5e74bda029f5f782ae81",
            "messageTitle": "Revert \"Implement A-CodingStandard\"",
            "messageBody": "This reverts commit d4907ac3df8f419da72c5b8970eaef8ece853f21.\n",
            "fileTypesAndContributionMap": {
              "java": {
                "insertions": 15,
                "deletions": 15
              }
            }
          },
          {
            "hash": "275aa00a229d89924344e7248d703c715dae6bd7",
            "messageTitle": "Implement A-CodingStandard",
            "messageBody": "",
            "tags": [
              "A-CodingStandard"
            ],
            "fileTypesAndContributionMap": {
              "java": {
                "insertions": 3,
                "deletions": 2
              }
            }
          }
        ]
      },
      {
        "date": "2020-09-02",
        "commitResults": [
          {
            "hash": "12a55f4a9ad6bee74ba0b68c4d552f919d050365",
            "messageTitle": "Implement Level-4",
            "messageBody": "",
            "fileTypesAndContributionMap": {
              "java": {
                "insertions": 268,
                "deletions": 60
              }
            }
          },
          {
            "hash": "90df4ab7aa5c776b227e32d9015c217109efa61c",
            "messageTitle": "Revert \"Implement Level-4\"",
            "messageBody": "This reverts commit 12a55f4a9ad6bee74ba0b68c4d552f919d050365.\n",
            "fileTypesAndContributionMap": {
              "java": {
                "insertions": 60,
                "deletions": 268
              }
            }
          },
          {
            "hash": "37e98608ac008423417ce02b7ce1ef82db93a946",
            "messageTitle": "Implement Level-4",
            "messageBody": "",
            "tags": [
              "Level-4"
            ],
            "fileTypesAndContributionMap": {
              "java": {
                "insertions": 371,
                "deletions": 82
              }
            }
          },
          {
            "hash": "c05899c89f3fd85e4866b9efcae08f14a7a23d35",
            "messageTitle": "Implement A-TextUiTesting",
            "messageBody": "",
            "tags": [
              "A-TextUiTesting"
            ],
            "fileTypesAndContributionMap": {
              "txt": {
                "insertions": 7,
                "deletions": 0
              },
              "java": {
                "insertions": 10,
                "deletions": 4
              },
              "bat": {
                "insertions": 2,
                "deletions": 1
              }
            }
          },
          {
            "hash": "2563316b63d4126e1e62e5141da4043b3d0e960f",
            "messageTitle": "Implement A-CodeQuality",
            "messageBody": "",
            "tags": [
              "A-CodeQuality"
            ],
            "fileTypesAndContributionMap": {
              "java": {
                "insertions": 41,
                "deletions": 6
              }
            }
          }
        ]
      },
      {
        "date": "2020-09-07",
        "commitResults": [
          {
            "hash": "e25f236a6bafc17caa2b2124fe0fa706980f70e5",
            "messageTitle": "Implement Level-5",
            "messageBody": "",
            "fileTypesAndContributionMap": {
              "java": {
                "insertions": 417,
                "deletions": 124
              }
            }
          }
        ]
      },
      {
        "date": "2020-09-08",
        "commitResults": [
          {
            "hash": "d2bcfd467e9196cf54d3c2315ea7d045b0963fdb",
            "messageTitle": "Implement A-Packages",
            "messageBody": "",
            "fileTypesAndContributionMap": {
              "java": {
                "insertions": 97,
                "deletions": 97
              },
              "bat": {
                "insertions": 2,
                "deletions": 2
              }
            }
          }
        ]
      }
    ]
  },
  "authorFileTypeContributionMap": {
    "ninggggx99": {
      "java": 775,
      "md": 0,
      "sh": 0,
      "bat": 3,
      "gradle": 0,
      "txt": 7
    }
  },
  "authorContributionVariance": {
    "ninggggx99": 62575.42
  },
  "authorDisplayNameMap": {
    "ninggggx99": "CS2113T-T12-4 LOW ..NING"
  }
}
