{
  "authorDailyContributionsMap": {
    "WangZixin67": [
      {
        "date": "2020-08-18",
        "commitResults": [
          {
            "hash": "f18cb19b4e810186fd212fec73f4853672bd438f",
            "messageTitle": "Update Duke.java",
            "messageBody": "Level-0\n",
            "tags": [
              "level-0"
            ],
            "fileTypesAndContributionMap": {
              "java": {
                "insertions": 5,
                "deletions": 2
              }
            }
          }
        ]
      },
      {
        "date": "2020-08-22",
        "commitResults": [
          {
            "hash": "fecbc7278b17e90e43302ad436d6847455bef827",
            "messageTitle": "level-1",
            "messageBody": "Level 1. Greet, Echo, Exit\n",
            "tags": [
              "Level-1"
            ],
            "fileTypesAndContributionMap": {
              "java": {
                "insertions": 21,
                "deletions": 1
              }
            }
          },
          {
            "hash": "7820649127b1b49326e79ad3f46fc9757be6352a",
            "messageTitle": "Level-2",
            "messageBody": "add, list\n",
            "tags": [
              "Level-2"
            ],
            "fileTypesAndContributionMap": {
              "java": {
                "insertions": 29,
                "deletions": 2
              }
            }
          },
          {
            "hash": "0f92ec8839d7b2ecee4df8fb958a8884a9643625",
            "messageTitle": "Level-3",
            "messageBody": "Mark as done\n",
            "tags": [
              "Level-3"
            ],
            "fileTypesAndContributionMap": {
              "java": {
                "insertions": 23,
                "deletions": 3
              }
            }
          }
        ]
      },
      {
        "date": "2020-08-28",
        "commitResults": [
          {
            "hash": "2f53c0c96a8d9af07651bf2683857ec1bd3f8271",
            "messageTitle": "level-3",
            "messageBody": "fixed a bug\n",
            "fileTypesAndContributionMap": {
              "java": {
                "insertions": 2,
                "deletions": 1
              }
            }
          },
          {
            "hash": "5fbc8f80e04f8e3c0e196b2948359675bd1571b6",
            "messageTitle": "level-3 with class",
            "messageBody": "",
            "tags": [
              "Level-4",
              "A-TestUiTesting"
            ],
            "fileTypesAndContributionMap": {
              "java": {
                "insertions": 46,
                "deletions": 40
              }
            }
          }
        ]
      },
      {
        "date": "2020-08-30",
        "commitResults": [
          {
            "hash": "2f056f54399736dddc6d3d046a06366a0950a6ee",
            "messageTitle": "Level - 4",
            "messageBody": "Todo, Event, Deadline\n",
            "fileTypesAndContributionMap": {
              "java": {
                "insertions": 126,
                "deletions": 33
              }
            }
          },
          {
            "hash": "3ab1b00f60bf74a6af65109d5c36d2adde2ed4d4",
            "messageTitle": "A-TextUiTesting",
            "messageBody": "TextUiTesting\n",
            "fileTypesAndContributionMap": {
              "txt": {
                "insertions": 9,
                "deletions": 0
              }
            }
          },
          {
            "hash": "1a5b9b366917ccb0409c7957ba516d5cce103368",
            "messageTitle": "A-CodeQuality",
            "messageBody": "improve code quality\n",
            "tags": [
              "A-CodeQuality"
            ],
            "fileTypesAndContributionMap": {
              "java": {
                "insertions": 15,
                "deletions": 1
              }
            }
          }
        ]
      },
      {
        "date": "2020-09-02",
        "commitResults": [
          {
            "hash": "56aa93d3ccf5473f84c939e85b9fc74e47562336",
            "messageTitle": "A-TextUiTesting",
            "messageBody": "fixed some bugs\n",
            "tags": [
              "A-TextUiTesting"
            ],
            "fileTypesAndContributionMap": {
              "txt": {
                "insertions": 0,
                "deletions": 2
              },
              "bat": {
                "insertions": 2,
                "deletions": 2
              },
              "sh": {
                "insertions": 3,
                "deletions": 3
              }
            }
          }
        ]
      },
      {
        "date": "2020-09-06",
        "commitResults": [
          {
            "hash": "fd7c6439c349a2df221f86b25c31c3837dede044",
            "messageTitle": "non packaged",
            "messageBody": "",
            "fileTypesAndContributionMap": {
              "java": {
                "insertions": 130,
                "deletions": 83
              }
            }
          },
          {
            "hash": "d5ec9cafbf98251f2cac21a006ff4c0be3b97ee8",
            "messageTitle": "Revert \"non packaged\"",
            "messageBody": "This reverts commit fd7c6439c349a2df221f86b25c31c3837dede044.\n",
            "fileTypesAndContributionMap": {
              "java": {
                "insertions": 83,
                "deletions": 130
              }
            }
          },
          {
            "hash": "299953d4612855f9d587d840f385fed2680c29f7",
            "messageTitle": "Revert \"Revert \"non packaged\"\"",
            "messageBody": "This reverts commit d5ec9cafbf98251f2cac21a006ff4c0be3b97ee8.\n",
            "fileTypesAndContributionMap": {
              "java": {
                "insertions": 130,
                "deletions": 83
              }
            }
          },
          {
            "hash": "d4ac0c7ac4fe3dbeadbe4804288450dfabfdffbf",
            "messageTitle": "Level-5",
            "messageBody": "Handle errors\n",
            "tags": [
              "Level-5",
              "A-Packages",
              "A-Exceptions"
            ],
            "fileTypesAndContributionMap": {
              "java": {
                "insertions": 13,
                "deletions": 1
              }
            }
          },
          {
            "hash": "8078cb6e43eadcd7b0199ca990db5d218f6e46bb",
            "messageTitle": "A-Packages",
            "messageBody": "",
            "fileTypesAndContributionMap": {
              "java": {
                "insertions": 17,
                "deletions": 12
              }
            }
          }
        ]
      }
    ]
  },
  "authorFileTypeContributionMap": {
    "WangZixin67": {
      "java": 250,
      "md": 0,
      "sh": 2,
      "bat": 2,
      "gradle": 0,
      "txt": 7
    }
  },
  "authorContributionVariance": {
    "WangZixin67": 19463.943
  },
  "authorDisplayNameMap": {
    "WangZixin67": "CS2113T-F14-1 WANG..IXIN"
  }
}
