{
  "authorDailyContributionsMap": {
    "Ang-Cheng-Jun": [
      {
        "date": "2020-08-27",
        "commitResults": [
          {
            "hash": "e2da9b3bc528f65f86cd973f673111aa38acf67e",
            "messageTitle": "Level 0. Greet",
            "messageBody": "",
            "tags": [
              "Level-0"
            ],
            "fileTypesAndContributionMap": {
              "java": {
                "insertions": 3,
                "deletions": 6
              }
            }
          },
          {
            "hash": "52918f8665439e3fccdc6e0d0a228d6fe9fab0b9",
            "messageTitle": "Level 1. Greet, Echo, Exit",
            "messageBody": "",
            "tags": [
              "Level-1"
            ],
            "fileTypesAndContributionMap": {
              "java": {
                "insertions": 13,
                "deletions": 1
              }
            }
          },
          {
            "hash": "1f5781dad685fdffdb2149025006bb6ed7c231d7",
            "messageTitle": "Level 2. Add, List",
            "messageBody": "",
            "tags": [
              "Level-2"
            ],
            "fileTypesAndContributionMap": {
              "java": {
                "insertions": 14,
                "deletions": 1
              }
            }
          },
          {
            "hash": "09c8d934035ae5d73bd29d31361b3a676728bf4e",
            "messageTitle": "Level 3. Mark as Done",
            "messageBody": "",
            "tags": [
              "Level-3"
            ],
            "fileTypesAndContributionMap": {
              "java": {
                "insertions": 36,
                "deletions": 7
              }
            }
          },
          {
            "hash": "36cc2001e0faa96975b684c885b29144b16e1f18",
            "messageTitle": "Duke_A-CodingStandard",
            "messageBody": "",
            "tags": [
              "A-CodingStandard"
            ],
            "fileTypesAndContributionMap": {
              "java": {
                "insertions": 1,
                "deletions": 3
              }
            }
          },
          {
            "hash": "615869db10050c9bbbf4e43adbef2e275ed62f28",
            "messageTitle": "Duke_A-CodingStandard_2",
            "messageBody": "",
            "tags": [
              "A-CodingStandard_2"
            ],
            "fileTypesAndContributionMap": {
              "java": {
                "insertions": 9,
                "deletions": 6
              }
            }
          }
        ]
      },
      {
        "date": "2020-08-31",
        "commitResults": [
          {
            "hash": "8b8ba761e14f08ce46775edc2d549be9951bb5f1",
            "messageTitle": "Creating PRs",
            "messageBody": "",
            "fileTypesAndContributionMap": {
              "java": {
                "insertions": 8,
                "deletions": 0
              }
            }
          }
        ]
      },
      {
        "date": "2020-09-02",
        "commitResults": [
          {
            "hash": "1e91f5d8fe0fb5bf4a27241e2db9dee896038226",
            "messageTitle": "Level-4: ToDo, Event, Deadline",
            "messageBody": "",
            "tags": [
              "Level-4"
            ],
            "fileTypesAndContributionMap": {
              "java": {
                "insertions": 84,
                "deletions": 17
              }
            }
          },
          {
            "hash": "032c92c4827fd82ab429646e3db2f23bdde958b8",
            "messageTitle": "A-CodeQuality",
            "messageBody": "",
            "tags": [
              "A-CodeQuality"
            ],
            "fileTypesAndContributionMap": {
              "java": {
                "insertions": 79,
                "deletions": 36
              }
            }
          }
        ]
      },
      {
        "date": "2020-09-03",
        "commitResults": [
          {
            "hash": "1a1e3d40840a3d5e9c1750cc7792512d429a3468",
            "messageTitle": "A-CodeQuality",
            "messageBody": "",
            "tags": [
              "A-CodeQuality-2"
            ],
            "fileTypesAndContributionMap": {
              "java": {
                "insertions": 2,
                "deletions": 2
              }
            }
          }
        ]
      },
      {
        "date": "2020-09-09",
        "commitResults": [
          {
            "hash": "48a3935eb36fb1b51f07cdf495c1d4ae6b4add94",
            "messageTitle": "Level 5.Handle Errors",
            "messageBody": "",
            "tags": [
              "Level-5"
            ],
            "fileTypesAndContributionMap": {
              "java": {
                "insertions": 68,
                "deletions": 38
              }
            }
          },
          {
            "hash": "c8f0833fac69a524205cc96cd2ba35fbce74286d",
            "messageTitle": "Level 5",
            "messageBody": "",
            "fileTypesAndContributionMap": {
              "java": {
                "insertions": 2,
                "deletions": 0
              }
            }
          },
          {
            "hash": "1fa801a04ae4f699cad69152705fd7cf193576dc",
            "messageTitle": "Duke Level 5 - A-Exceptions",
            "messageBody": "",
            "tags": [
              "A-Exceptions"
            ],
            "fileTypesAndContributionMap": {
              "java": {
                "insertions": 1,
                "deletions": 1
              }
            }
          }
        ]
      },
      {
        "date": "2020-09-11",
        "commitResults": [
          {
            "hash": "366eb455b81e060e56ba428094194893e7b245cb",
            "messageTitle": "Duke-A_Package",
            "messageBody": "",
            "fileTypesAndContributionMap": {
              "java": {
                "insertions": 11,
                "deletions": 0
              }
            }
          },
          {
            "hash": "79f609e021487a620acce9acdeed433f8916638c",
            "messageTitle": "Revert \"Duke-A_Package\"",
            "messageBody": "This reverts commit 366eb455b81e060e56ba428094194893e7b245cb.\n",
            "fileTypesAndContributionMap": {
              "java": {
                "insertions": 0,
                "deletions": 11
              }
            }
          },
          {
            "hash": "e13303dd37189452aa12128911f3de5627f74215",
            "messageTitle": "Duke-A-Packages",
            "messageBody": "",
            "tags": [
              "A-Packages"
            ],
            "fileTypesAndContributionMap": {
              "java": {
                "insertions": 11,
                "deletions": 0
              }
            }
          }
        ]
      },
      {
        "date": "2020-09-14",
        "commitResults": [
          {
            "hash": "902041c45bd247eb2fcc2ac47ef74e678bb7c224",
            "messageTitle": "Duke Level 6",
            "messageBody": "",
            "tags": [
              "Level-6",
              "A-Collections"
            ],
            "fileTypesAndContributionMap": {
              "java": {
                "insertions": 56,
                "deletions": 25
              }
            }
          }
        ]
      },
      {
        "date": "2020-09-16",
        "commitResults": [
          {
            "hash": "263577f924a77afb2edafd666f1a9c1d4631dc8d",
            "messageTitle": "Duke Level_7",
            "messageBody": "",
            "tags": [
              "Level-7"
            ],
            "fileTypesAndContributionMap": {
              "java": {
                "insertions": 109,
                "deletions": 5
              }
            }
          }
        ]
      },
      {
        "date": "2020-09-17",
        "commitResults": [
          {
            "hash": "30e467f9c2a486b504d4988f27f49c78de96d72c",
            "messageTitle": "A Collections",
            "messageBody": "",
            "fileTypesAndContributionMap": {
              "java": {
                "insertions": 55,
                "deletions": 38
              }
            }
          }
        ]
      },
      {
        "date": "2020-09-25",
        "commitResults": [
          {
            "hash": "078d20e708a13b9b13efb5f2d509cd31bff30d2a",
            "messageTitle": "Completed Storage and Parser class",
            "messageBody": "",
            "fileTypesAndContributionMap": {
              "txt": {
                "insertions": 2,
                "deletions": 0
              },
              "java": {
                "insertions": 469,
                "deletions": 243
              }
            }
          }
        ]
      },
      {
        "date": "2020-09-27",
        "commitResults": [
          {
            "hash": "1ddea10a9270d5a054b0bde8aaa80479ae9011b6",
            "messageTitle": "Completion of UI, Tasklist, Storage, Commands and Parser class",
            "messageBody": "",
            "tags": [
              "A-MoreOOP"
            ],
            "fileTypesAndContributionMap": {
              "txt": {
                "insertions": 0,
                "deletions": 2
              },
              "java": {
                "insertions": 214,
                "deletions": 178
              }
            }
          },
          {
            "hash": "e134223b31187979683683ac01b642c0427b17fd",
            "messageTitle": "Fixed all the wildcard import",
            "messageBody": "",
            "fileTypesAndContributionMap": {
              "java": {
                "insertions": 9,
                "deletions": 2
              }
            }
          },
          {
            "hash": "dc65acbfd29152d5e99819fdbc917f83ebf5f34e",
            "messageTitle": "Level 9. Find",
            "messageBody": "",
            "tags": [
              "Level-9"
            ],
            "fileTypesAndContributionMap": {
              "txt": {
                "insertions": 2,
                "deletions": 0
              },
              "java": {
                "insertions": 131,
                "deletions": 64
              }
            }
          }
        ]
      }
    ]
  },
  "authorFileTypeContributionMap": {
    "Ang-Cheng-Jun": {
      "java": 707,
      "md": 0,
      "sh": 0,
      "bat": 0,
      "gradle": 0,
      "txt": 2
    }
  },
  "authorContributionVariance": {
    "Ang-Cheng-Jun": 19436.678
  },
  "authorDisplayNameMap": {
    "Ang-Cheng-Jun": "CS2113-T14-1 ANG .. JUN"
  }
}
