{
  "authorDailyContributionsMap": {
    "daniellimws": [
      {
        "date": "2020-08-19",
        "commitResults": [
          {
            "hash": "7d544b4929d9e236849d8977b9a992b40464022d",
            "messageTitle": "Add welcome and exit message",
            "messageBody": "",
            "tags": [
              "Level-0"
            ],
            "fileTypesAndContributionMap": {
              "java": {
                "insertions": 3,
                "deletions": 0
              }
            }
          }
        ]
      },
      {
        "date": "2020-08-21",
        "commitResults": [
          {
            "hash": "7e4ac0986b71ca8f18c6bc88c01ae067a91f707a",
            "messageTitle": "Improve greeting and respond to user input",
            "messageBody": "- Currently only echos the user input, or exits the program if user says\n\"bye\"\n- Change duke logo to robot head\n",
            "tags": [
              "Level-1"
            ],
            "fileTypesAndContributionMap": {
              "java": {
                "insertions": 39,
                "deletions": 9
              }
            }
          },
          {
            "hash": "6541e30825bd2744f75ff5c7f7f83f0c7720f423",
            "messageTitle": "Implement storing of user input in an array",
            "messageBody": "",
            "tags": [
              "Level-2"
            ],
            "fileTypesAndContributionMap": {
              "java": {
                "insertions": 33,
                "deletions": 17
              }
            }
          },
          {
            "hash": "aa341429693160eecbeb4156b8773c93de79b4d0",
            "messageTitle": "Add Task class to track task status",
            "messageBody": "",
            "tags": [
              "Level-3",
              "A-CodingStandard"
            ],
            "fileTypesAndContributionMap": {
              "java": {
                "insertions": 59,
                "deletions": 16
              }
            }
          }
        ]
      },
      {
        "date": "2020-08-31",
        "commitResults": [
          {
            "hash": "e9abadb6a7b4a6b6a1de022e21efb6dc305dcc28",
            "messageTitle": "Support different types of tasks",
            "messageBody": "Allow user to specify the type of tasks by starting each command with\none of (Todo/Deadline/Event)\n",
            "tags": [
              "Level-4",
              "A-Inheritance"
            ],
            "fileTypesAndContributionMap": {
              "java": {
                "insertions": 93,
                "deletions": 5
              }
            }
          },
          {
            "hash": "8f1e59602875993fab68b7e5121c10b272369512",
            "messageTitle": "Refactor constants and ensure SLAP",
            "messageBody": "",
            "tags": [
              "A-CodeQuality"
            ],
            "fileTypesAndContributionMap": {
              "java": {
                "insertions": 55,
                "deletions": 27
              }
            }
          },
          {
            "hash": "e1a59c2a2dcb67069784addaf53f75d990848cfd",
            "messageTitle": "Add test cases",
            "messageBody": "",
            "tags": [
              "A-TextUiTesting"
            ],
            "fileTypesAndContributionMap": {
              "txt": {
                "insertions": 12,
                "deletions": 0
              },
              "sh": {
                "insertions": 1,
                "deletions": 1
              }
            }
          }
        ]
      },
      {
        "date": "2020-09-06",
        "commitResults": [
          {
            "hash": "7bf5e863b8fc91e6fb9e03cc45888a193c4313b5",
            "messageTitle": "Organize source files into duke package",
            "messageBody": "",
            "tags": [
              "A-Packages"
            ],
            "fileTypesAndContributionMap": {
              "java": {
                "insertions": 10,
                "deletions": 8
              },
              "sh": {
                "insertions": 1,
                "deletions": 1
              }
            }
          },
          {
            "hash": "8deee40929fea701a7d031d3d1cf0a3ca822a7f8",
            "messageTitle": "Refactor methods in Duke and improve code formatting",
            "messageBody": "",
            "fileTypesAndContributionMap": {
              "java": {
                "insertions": 42,
                "deletions": 39
              }
            }
          },
          {
            "hash": "84a21a049000a765c95061dca9b410de96ad2b20",
            "messageTitle": "Update runtest script to use duke.Duke",
            "messageBody": "",
            "fileTypesAndContributionMap": {
              "sh": {
                "insertions": 1,
                "deletions": 1
              }
            }
          },
          {
            "hash": "bad884c89d95e7e0d58a324695f07184e5c7464b",
            "messageTitle": "Handle errors due to wrong user input",
            "messageBody": "",
            "tags": [
              "A-Exceptions"
            ],
            "fileTypesAndContributionMap": {
              "txt": {
                "insertions": 5,
                "deletions": 0
              },
              "java": {
                "insertions": 158,
                "deletions": 40
              }
            }
          }
        ]
      },
      {
        "date": "2020-09-08",
        "commitResults": [
          {
            "hash": "348334316671e08fda8c90bbc8c5625d0e053e24",
            "messageTitle": "Check if task_count exceeds capacity and improve code readability",
            "messageBody": "",
            "fileTypesAndContributionMap": {
              "java": {
                "insertions": 13,
                "deletions": 3
              }
            }
          }
        ]
      },
      {
        "date": "2020-09-13",
        "commitResults": [
          {
            "hash": "a320b00a03459927bfc5398905253589dc330c6e",
            "messageTitle": "Add support for deleting of tasks",
            "messageBody": "Change implementation to use ArrayList\u003cTask\u003e instead of Task[]\n",
            "tags": [
              "Level-6",
              "A-Collections"
            ],
            "fileTypesAndContributionMap": {
              "txt": {
                "insertions": 6,
                "deletions": 0
              },
              "java": {
                "insertions": 70,
                "deletions": 51
              }
            }
          },
          {
            "hash": "e6142ebf2bdea19ad551f168ccd515ecb84e32a0",
            "messageTitle": "Auto save tasks data",
            "messageBody": "",
            "tags": [
              "v0.1",
              "Level-7",
              "A-Jar"
            ],
            "fileTypesAndContributionMap": {
              "txt": {
                "insertions": 12,
                "deletions": 5
              },
              "java": {
                "insertions": 99,
                "deletions": 3
              }
            }
          }
        ]
      },
      {
        "date": "2020-09-27",
        "commitResults": [
          {
            "hash": "8a2d07912b2d80ebc91f5611e68de7873fc3a710",
            "messageTitle": "Add data/ to gitignore",
            "messageBody": "",
            "fileTypesAndContributionMap": {
              "txt": {
                "insertions": 0,
                "deletions": 2
              }
            }
          },
          {
            "hash": "110e667df82100161c018761e928fa046d840f57",
            "messageTitle": "Using better variable name for stdin scanner",
            "messageBody": "",
            "fileTypesAndContributionMap": {
              "java": {
                "insertions": 3,
                "deletions": 5
              }
            }
          },
          {
            "hash": "ff8e5195d4c8da0e0dab8bad1cb2dbf1a8c0ce01",
            "messageTitle": "Refactor code by extracting out closely related code",
            "messageBody": "`Ui`: Deals with interactions with the user\n`Storage`: Deals with loading tasks from the file and saving tasks in\nthe file\n`Parser`: Deals with making sense of the user command\n`TaskList`: Contains the task list\n",
            "tags": [
              "A-MoreOOP"
            ],
            "fileTypesAndContributionMap": {
              "txt": {
                "insertions": 2,
                "deletions": 0
              },
              "java": {
                "insertions": 439,
                "deletions": 298
              },
              "sh": {
                "insertions": 1,
                "deletions": 1
              }
            }
          },
          {
            "hash": "8f850d14ce30ff374b49715129a53dac29ea9b9b",
            "messageTitle": "Use LocalDate class to store dates in tasks",
            "messageBody": "",
            "tags": [
              "Level-8"
            ],
            "fileTypesAndContributionMap": {
              "txt": {
                "insertions": 4,
                "deletions": 4
              },
              "java": {
                "insertions": 39,
                "deletions": 15
              }
            }
          },
          {
            "hash": "eaaa08474b1f9dfca809e8ad0d814977c7954eae",
            "messageTitle": "Implement find command to filter tasks",
            "messageBody": "",
            "fileTypesAndContributionMap": {
              "txt": {
                "insertions": 2,
                "deletions": 0
              },
              "java": {
                "insertions": 48,
                "deletions": 9
              }
            }
          },
          {
            "hash": "519c7a2537e87b53c82a9616f26fcddb01383bbb",
            "messageTitle": "Add JavaDoc comments",
            "messageBody": "",
            "fileTypesAndContributionMap": {
              "java": {
                "insertions": 182,
                "deletions": 7
              }
            }
          },
          {
            "hash": "00c4e22bc50e0c1c563baa0f317593e601881a27",
            "messageTitle": "Update help messages for event and deadline",
            "messageBody": "",
            "fileTypesAndContributionMap": {
              "java": {
                "insertions": 2,
                "deletions": 2
              }
            }
          },
          {
            "hash": "4393990204cf0514abc9d98375aa902325a64b25",
            "messageTitle": "Add newline add the end of help messages",
            "messageBody": "",
            "fileTypesAndContributionMap": {
              "java": {
                "insertions": 2,
                "deletions": 0
              }
            }
          },
          {
            "hash": "44d24a4d617d67fe0543d88dc78d5d2049e7b91c",
            "messageTitle": "Parser: Show help message when no argument is given to find",
            "messageBody": "",
            "fileTypesAndContributionMap": {
              "java": {
                "insertions": 6,
                "deletions": 0
              }
            }
          },
          {
            "hash": "0a885081fb54cf5493b65dc4293265fbb63f71cb",
            "messageTitle": "Add user guide",
            "messageBody": "",
            "tags": [
              "A-UserGuide",
              "A-Release"
            ],
            "fileTypesAndContributionMap": {
              "md": {
                "insertions": 108,
                "deletions": 6
              }
            }
          }
        ]
      }
    ]
  },
  "authorFileTypeContributionMap": {
    "daniellimws": {
      "java": 848,
      "md": 108,
      "sh": 2,
      "bat": 0,
      "gradle": 0,
      "txt": 32
    }
  },
  "authorContributionVariance": {
    "daniellimws": 34013.418
  },
  "authorDisplayNameMap": {
    "daniellimws": "CS2113T-W12-2 DANI..OONG"
  }
}
