[
  {
    "path": "src/main/java/Deadline.java",
    "fileType": "java",
    "lines": [
      {
        "lineNumber": 1,
        "author": {
          "gitId": "arindamshivatrip"
        },
        "content": "public class Deadline extends Task {"
      },
      {
        "lineNumber": 2,
        "author": {
          "gitId": "arindamshivatrip"
        },
        "content": "    protected String completeBy;"
      },
      {
        "lineNumber": 3,
        "author": {
          "gitId": "arindamshivatrip"
        },
        "content": "    protected boolean isDone;"
      },
      {
        "lineNumber": 4,
        "author": {
          "gitId": "arindamshivatrip"
        },
        "content": ""
      },
      {
        "lineNumber": 5,
        "author": {
          "gitId": "arindamshivatrip"
        },
        "content": ""
      },
      {
        "lineNumber": 6,
        "author": {
          "gitId": "arindamshivatrip"
        },
        "content": "    public Deadline(String description, String completeBy) {"
      },
      {
        "lineNumber": 7,
        "author": {
          "gitId": "arindamshivatrip"
        },
        "content": "        super(description);"
      },
      {
        "lineNumber": 8,
        "author": {
          "gitId": "arindamshivatrip"
        },
        "content": "        this.workType \u003d \u0027D\u0027;"
      },
      {
        "lineNumber": 9,
        "author": {
          "gitId": "arindamshivatrip"
        },
        "content": "        this.completeBy \u003d completeBy;"
      },
      {
        "lineNumber": 10,
        "author": {
          "gitId": "arindamshivatrip"
        },
        "content": "    }"
      },
      {
        "lineNumber": 11,
        "author": {
          "gitId": "arindamshivatrip"
        },
        "content": ""
      },
      {
        "lineNumber": 12,
        "author": {
          "gitId": "arindamshivatrip"
        },
        "content": "    public String getStatusIcon() {"
      },
      {
        "lineNumber": 13,
        "author": {
          "gitId": "arindamshivatrip"
        },
        "content": "        return (isDone ? \"\\u2713\" : \"\\u2718\"); //return tick or X symbols"
      },
      {
        "lineNumber": 14,
        "author": {
          "gitId": "arindamshivatrip"
        },
        "content": "    }"
      },
      {
        "lineNumber": 15,
        "author": {
          "gitId": "arindamshivatrip"
        },
        "content": ""
      },
      {
        "lineNumber": 16,
        "author": {
          "gitId": "arindamshivatrip"
        },
        "content": "    public String printDetails() {"
      },
      {
        "lineNumber": 17,
        "author": {
          "gitId": "arindamshivatrip"
        },
        "content": "        return \"[\" + this.workType + \"][\" + this.getStatusIcon() + \"]\\t\" + this.description + \"(by:\" + this.completeBy + \")\" + \"\\n\";"
      },
      {
        "lineNumber": 18,
        "author": {
          "gitId": "arindamshivatrip"
        },
        "content": "    }"
      },
      {
        "lineNumber": 19,
        "author": {
          "gitId": "arindamshivatrip"
        },
        "content": ""
      },
      {
        "lineNumber": 20,
        "author": {
          "gitId": "arindamshivatrip"
        },
        "content": "}"
      }
    ],
    "authorContributionMap": {
      "arindamshivatrip": 20
    }
  },
  {
    "path": "src/main/java/Duke.java",
    "fileType": "java",
    "lines": [
      {
        "lineNumber": 1,
        "author": {
          "gitId": "arindamshivatrip"
        },
        "content": "import java.util.Scanner;"
      },
      {
        "lineNumber": 2,
        "author": {
          "gitId": "arindamshivatrip"
        },
        "content": ""
      },
      {
        "lineNumber": 3,
        "author": {
          "gitId": "-"
        },
        "content": "public class Duke {"
      },
      {
        "lineNumber": 4,
        "author": {
          "gitId": "arindamshivatrip"
        },
        "content": "    private static final Task[] listTasks \u003d new Task[100];"
      },
      {
        "lineNumber": 5,
        "author": {
          "gitId": "arindamshivatrip"
        },
        "content": "    public static int jobCount \u003d 0;"
      },
      {
        "lineNumber": 6,
        "author": {
          "gitId": "arindamshivatrip"
        },
        "content": "    /** Function to print Logo and Hello */"
      },
      {
        "lineNumber": 7,
        "author": {
          "gitId": "arindamshivatrip"
        },
        "content": "    static void printHello() {"
      },
      {
        "lineNumber": 8,
        "author": {
          "gitId": "arindamshivatrip"
        },
        "content": "        String logo \u003d \"   _____  .__        \\n\""
      },
      {
        "lineNumber": 9,
        "author": {
          "gitId": "arindamshivatrip"
        },
        "content": "                + \"  /  _  \\\\ |__|______ \\n\""
      },
      {
        "lineNumber": 10,
        "author": {
          "gitId": "arindamshivatrip"
        },
        "content": "                + \" /  /_\\\\  \\\\|  \\\\_  __ \\\\\\n\""
      },
      {
        "lineNumber": 11,
        "author": {
          "gitId": "arindamshivatrip"
        },
        "content": "                + \"/    |    \\\\  ||  | \\\\/\\n\""
      },
      {
        "lineNumber": 12,
        "author": {
          "gitId": "arindamshivatrip"
        },
        "content": "                + \"\\\\____|__  /__||__|   \\n\""
      },
      {
        "lineNumber": 13,
        "author": {
          "gitId": "arindamshivatrip"
        },
        "content": "                + \"        \\\\/           \\n\";"
      },
      {
        "lineNumber": 14,
        "author": {
          "gitId": "arindamshivatrip"
        },
        "content": "        System.out.println(\"\\tHello from\\n\" + logo + \"\\n\");"
      },
      {
        "lineNumber": 15,
        "author": {
          "gitId": "arindamshivatrip"
        },
        "content": "        System.out.println(\"____________________________________________________________\\n\");"
      },
      {
        "lineNumber": 16,
        "author": {
          "gitId": "arindamshivatrip"
        },
        "content": "        System.out.println(\"\\tSup! I\u0027m Air\\n\" + \"\\tHow can I help you out today?\\n\");"
      },
      {
        "lineNumber": 17,
        "author": {
          "gitId": "arindamshivatrip"
        },
        "content": "        System.out.println(\"____________________________________________________________\\n\");"
      },
      {
        "lineNumber": 18,
        "author": {
          "gitId": "arindamshivatrip"
        },
        "content": "    }"
      },
      {
        "lineNumber": 19,
        "author": {
          "gitId": "arindamshivatrip"
        },
        "content": "    /** Function to print the list of tasks on typing list */"
      },
      {
        "lineNumber": 20,
        "author": {
          "gitId": "arindamshivatrip"
        },
        "content": "    static void printTaskList(int index, Task[] listTasks) {"
      },
      {
        "lineNumber": 21,
        "author": {
          "gitId": "arindamshivatrip"
        },
        "content": "        for (int i \u003d 0; i \u003c index; i++) {"
      },
      {
        "lineNumber": 22,
        "author": {
          "gitId": "arindamshivatrip"
        },
        "content": "            System.out.println((i + 1) + \".  \" + listTasks[i].printDetails());"
      },
      {
        "lineNumber": 23,
        "author": {
          "gitId": "arindamshivatrip"
        },
        "content": "        }"
      },
      {
        "lineNumber": 24,
        "author": {
          "gitId": "arindamshivatrip"
        },
        "content": "    }"
      },
      {
        "lineNumber": 25,
        "author": {
          "gitId": "arindamshivatrip"
        },
        "content": "    /** Function to create task and add it to the listTasks */"
      },
      {
        "lineNumber": 26,
        "author": {
          "gitId": "arindamshivatrip"
        },
        "content": ""
      },
      {
        "lineNumber": 27,
        "author": {
          "gitId": "arindamshivatrip"
        },
        "content": "    static void newTask(Task userTask) {"
      },
      {
        "lineNumber": 28,
        "author": {
          "gitId": "arindamshivatrip"
        },
        "content": "        jobCount++;"
      },
      {
        "lineNumber": 29,
        "author": {
          "gitId": "arindamshivatrip"
        },
        "content": "        listTasks[jobCount - 1] \u003d userTask;"
      },
      {
        "lineNumber": 30,
        "author": {
          "gitId": "arindamshivatrip"
        },
        "content": "    }"
      },
      {
        "lineNumber": 31,
        "author": {
          "gitId": "arindamshivatrip"
        },
        "content": ""
      },
      {
        "lineNumber": 32,
        "author": {
          "gitId": "-"
        },
        "content": "    public static void main(String[] args) {"
      },
      {
        "lineNumber": 33,
        "author": {
          "gitId": "arindamshivatrip"
        },
        "content": "        String inputCommand;"
      },
      {
        "lineNumber": 34,
        "author": {
          "gitId": "arindamshivatrip"
        },
        "content": "        printHello();"
      },
      {
        "lineNumber": 35,
        "author": {
          "gitId": "arindamshivatrip"
        },
        "content": "        Scanner scanIn \u003d new Scanner(System.in);"
      },
      {
        "lineNumber": 36,
        "author": {
          "gitId": "arindamshivatrip"
        },
        "content": "        int index \u003d 0;"
      },
      {
        "lineNumber": 37,
        "author": {
          "gitId": "arindamshivatrip"
        },
        "content": "        /** while loop works only till the word exit isn\u0027t typed **/"
      },
      {
        "lineNumber": 38,
        "author": {
          "gitId": "arindamshivatrip"
        },
        "content": "        while (!(inputCommand \u003d scanIn.nextLine()).equals(\"exit\")) {"
      },
      {
        "lineNumber": 39,
        "author": {
          "gitId": "arindamshivatrip"
        },
        "content": "//            String inputCommand \u003d scanIn.nextLine();"
      },
      {
        "lineNumber": 40,
        "author": {
          "gitId": "arindamshivatrip"
        },
        "content": "            String[] splitInputs \u003d inputCommand.split(\" \", 2);"
      },
      {
        "lineNumber": 41,
        "author": {
          "gitId": "arindamshivatrip"
        },
        "content": "            if (inputCommand.equals(\"list\")) {"
      },
      {
        "lineNumber": 42,
        "author": {
          "gitId": "arindamshivatrip"
        },
        "content": "                printTaskList(jobCount, listTasks);"
      },
      {
        "lineNumber": 43,
        "author": {
          "gitId": "arindamshivatrip"
        },
        "content": "//                System.out.println(Task.jobCount);"
      },
      {
        "lineNumber": 44,
        "author": {
          "gitId": "arindamshivatrip"
        },
        "content": "            } else if (inputCommand.length() \u003e\u003d 5) {"
      },
      {
        "lineNumber": 45,
        "author": {
          "gitId": "arindamshivatrip"
        },
        "content": "                /** Above codition used to prevent code for running for nonsensical commands or for commands where no parameters are defined*/"
      },
      {
        "lineNumber": 46,
        "author": {
          "gitId": "arindamshivatrip"
        },
        "content": "                if (inputCommand.contains(\"done\")) {"
      },
      {
        "lineNumber": 47,
        "author": {
          "gitId": "arindamshivatrip"
        },
        "content": "                    int taskNumber \u003d Integer.parseInt(inputCommand.substring(5, 6));"
      },
      {
        "lineNumber": 48,
        "author": {
          "gitId": "arindamshivatrip"
        },
        "content": "                    listTasks[taskNumber - 1].markAsDone();"
      },
      {
        "lineNumber": 49,
        "author": {
          "gitId": "arindamshivatrip"
        },
        "content": "                    System.out.println(\"Noiice! You\u0027re done with this Task. Good for you. I\u0027ve marked that ure done with it.\");"
      },
      {
        "lineNumber": 50,
        "author": {
          "gitId": "arindamshivatrip"
        },
        "content": "                    System.out.println(\"\\t[\" + listTasks[taskNumber - 1].getStatusIcon() + \"]\\t\" + listTasks[taskNumber - 1].description);"
      },
      {
        "lineNumber": 51,
        "author": {
          "gitId": "arindamshivatrip"
        },
        "content": "                }"
      },
      {
        "lineNumber": 52,
        "author": {
          "gitId": "arindamshivatrip"
        },
        "content": "                /** To add TODO to list */"
      },
      {
        "lineNumber": 53,
        "author": {
          "gitId": "arindamshivatrip"
        },
        "content": ""
      },
      {
        "lineNumber": 54,
        "author": {
          "gitId": "arindamshivatrip"
        },
        "content": "                else if ((inputCommand.contains(\"todo\"))) {"
      },
      {
        "lineNumber": 55,
        "author": {
          "gitId": "arindamshivatrip"
        },
        "content": "                    newTask(new Todo(splitInputs[1]));"
      },
      {
        "lineNumber": 56,
        "author": {
          "gitId": "arindamshivatrip"
        },
        "content": "                    System.out.println(\"____________________________________________________________\");"
      },
      {
        "lineNumber": 57,
        "author": {
          "gitId": "arindamshivatrip"
        },
        "content": "                    System.out.println(\"\\tTask added:\\t\" + listTasks[jobCount - 1].printDetails());"
      },
      {
        "lineNumber": 58,
        "author": {
          "gitId": "arindamshivatrip"
        },
        "content": "                    System.out.println(\"\\tNow you have \" + jobCount + \" tasks in the list.\\n\");"
      },
      {
        "lineNumber": 59,
        "author": {
          "gitId": "arindamshivatrip"
        },
        "content": "                    System.out.println(\"____________________________________________________________\");"
      },
      {
        "lineNumber": 60,
        "author": {
          "gitId": "arindamshivatrip"
        },
        "content": "                }"
      },
      {
        "lineNumber": 61,
        "author": {
          "gitId": "arindamshivatrip"
        },
        "content": "                /** To add Deadline to list */"
      },
      {
        "lineNumber": 62,
        "author": {
          "gitId": "arindamshivatrip"
        },
        "content": ""
      },
      {
        "lineNumber": 63,
        "author": {
          "gitId": "arindamshivatrip"
        },
        "content": "                else if ((inputCommand.contains(\"deadline\"))) {"
      },
      {
        "lineNumber": 64,
        "author": {
          "gitId": "arindamshivatrip"
        },
        "content": "                    String[] attributeFinder \u003d splitInputs[1].split(\"/by\");"
      },
      {
        "lineNumber": 65,
        "author": {
          "gitId": "arindamshivatrip"
        },
        "content": "                    String deadlineName \u003d attributeFinder[0];"
      },
      {
        "lineNumber": 66,
        "author": {
          "gitId": "arindamshivatrip"
        },
        "content": "                    String deadlineBy \u003d attributeFinder[1];"
      },
      {
        "lineNumber": 67,
        "author": {
          "gitId": "arindamshivatrip"
        },
        "content": "                    newTask(new Deadline(deadlineName, deadlineBy));"
      },
      {
        "lineNumber": 68,
        "author": {
          "gitId": "arindamshivatrip"
        },
        "content": "                    System.out.println(\"____________________________________________________________\");"
      },
      {
        "lineNumber": 69,
        "author": {
          "gitId": "arindamshivatrip"
        },
        "content": "                    System.out.println(\"\\tTask added:\\t\" + listTasks[jobCount - 1].printDetails());"
      },
      {
        "lineNumber": 70,
        "author": {
          "gitId": "arindamshivatrip"
        },
        "content": "                    System.out.println(\"\\tNow you have \" + jobCount + \" tasks in the list.\\n\");"
      },
      {
        "lineNumber": 71,
        "author": {
          "gitId": "arindamshivatrip"
        },
        "content": "                    System.out.println(\"____________________________________________________________\");"
      },
      {
        "lineNumber": 72,
        "author": {
          "gitId": "arindamshivatrip"
        },
        "content": "                }"
      },
      {
        "lineNumber": 73,
        "author": {
          "gitId": "arindamshivatrip"
        },
        "content": "                /** To add event to list */"
      },
      {
        "lineNumber": 74,
        "author": {
          "gitId": "arindamshivatrip"
        },
        "content": "                else if ((inputCommand.contains(\"event\"))) {"
      },
      {
        "lineNumber": 75,
        "author": {
          "gitId": "arindamshivatrip"
        },
        "content": "                    String[] attributeFinder \u003d splitInputs[1].split(\"/at\");"
      },
      {
        "lineNumber": 76,
        "author": {
          "gitId": "arindamshivatrip"
        },
        "content": "                    String eventName \u003d attributeFinder[0];"
      },
      {
        "lineNumber": 77,
        "author": {
          "gitId": "arindamshivatrip"
        },
        "content": "                    String eventAt \u003d attributeFinder[1];"
      },
      {
        "lineNumber": 78,
        "author": {
          "gitId": "arindamshivatrip"
        },
        "content": "                    newTask(new Events(eventName, eventAt));"
      },
      {
        "lineNumber": 79,
        "author": {
          "gitId": "arindamshivatrip"
        },
        "content": "                    System.out.println(\"____________________________________________________________\");"
      },
      {
        "lineNumber": 80,
        "author": {
          "gitId": "arindamshivatrip"
        },
        "content": "                    System.out.println(\"\\tTask added:\\t\" + listTasks[jobCount - 1].printDetails());"
      },
      {
        "lineNumber": 81,
        "author": {
          "gitId": "arindamshivatrip"
        },
        "content": "                    System.out.println(\"\\tNow you have \" + jobCount + \" tasks in the list.\\n\");"
      },
      {
        "lineNumber": 82,
        "author": {
          "gitId": "arindamshivatrip"
        },
        "content": "                    System.out.println(\"____________________________________________________________\");"
      },
      {
        "lineNumber": 83,
        "author": {
          "gitId": "arindamshivatrip"
        },
        "content": "                }"
      },
      {
        "lineNumber": 84,
        "author": {
          "gitId": "arindamshivatrip"
        },
        "content": "                else {"
      },
      {
        "lineNumber": 85,
        "author": {
          "gitId": "arindamshivatrip"
        },
        "content": "                    System.out.println(\"____________________________You messed up type again________________________________\");"
      },
      {
        "lineNumber": 86,
        "author": {
          "gitId": "arindamshivatrip"
        },
        "content": "                }"
      },
      {
        "lineNumber": 87,
        "author": {
          "gitId": "arindamshivatrip"
        },
        "content": "            }"
      },
      {
        "lineNumber": 88,
        "author": {
          "gitId": "arindamshivatrip"
        },
        "content": "            System.out.println(\"____________________________________________________________\");"
      },
      {
        "lineNumber": 89,
        "author": {
          "gitId": "arindamshivatrip"
        },
        "content": ""
      },
      {
        "lineNumber": 90,
        "author": {
          "gitId": "arindamshivatrip"
        },
        "content": "        }"
      },
      {
        "lineNumber": 91,
        "author": {
          "gitId": "arindamshivatrip"
        },
        "content": ""
      },
      {
        "lineNumber": 92,
        "author": {
          "gitId": "arindamshivatrip"
        },
        "content": "        {"
      },
      {
        "lineNumber": 93,
        "author": {
          "gitId": "arindamshivatrip"
        },
        "content": "            System.out.println(\"\\tSession Ending! Over and Out! \\n\");"
      },
      {
        "lineNumber": 94,
        "author": {
          "gitId": "arindamshivatrip"
        },
        "content": "            System.out.println(\"____________________________________________________________\\n\");"
      },
      {
        "lineNumber": 95,
        "author": {
          "gitId": "-"
        },
        "content": "        }"
      },
      {
        "lineNumber": 96,
        "author": {
          "gitId": "arindamshivatrip"
        },
        "content": ""
      },
      {
        "lineNumber": 97,
        "author": {
          "gitId": "-"
        },
        "content": "    }"
      },
      {
        "lineNumber": 98,
        "author": {
          "gitId": "-"
        },
        "content": "}"
      }
    ],
    "authorContributionMap": {
      "arindamshivatrip": 93,
      "-": 5
    }
  },
  {
    "path": "src/main/java/Events.java",
    "fileType": "java",
    "lines": [
      {
        "lineNumber": 1,
        "author": {
          "gitId": "arindamshivatrip"
        },
        "content": "public class Events extends Task {"
      },
      {
        "lineNumber": 2,
        "author": {
          "gitId": "arindamshivatrip"
        },
        "content": "    protected String eventAt;"
      },
      {
        "lineNumber": 3,
        "author": {
          "gitId": "arindamshivatrip"
        },
        "content": "    protected boolean isDone;"
      },
      {
        "lineNumber": 4,
        "author": {
          "gitId": "arindamshivatrip"
        },
        "content": ""
      },
      {
        "lineNumber": 5,
        "author": {
          "gitId": "arindamshivatrip"
        },
        "content": ""
      },
      {
        "lineNumber": 6,
        "author": {
          "gitId": "arindamshivatrip"
        },
        "content": "    public Events(String description,String eventAt) {"
      },
      {
        "lineNumber": 7,
        "author": {
          "gitId": "arindamshivatrip"
        },
        "content": "        super(description);"
      },
      {
        "lineNumber": 8,
        "author": {
          "gitId": "arindamshivatrip"
        },
        "content": "        this.workType \u003d \u0027E\u0027;"
      },
      {
        "lineNumber": 9,
        "author": {
          "gitId": "arindamshivatrip"
        },
        "content": "        this.eventAt\u003deventAt;"
      },
      {
        "lineNumber": 10,
        "author": {
          "gitId": "arindamshivatrip"
        },
        "content": "    }"
      },
      {
        "lineNumber": 11,
        "author": {
          "gitId": "arindamshivatrip"
        },
        "content": ""
      },
      {
        "lineNumber": 12,
        "author": {
          "gitId": "arindamshivatrip"
        },
        "content": "    public String getStatusIcon() {"
      },
      {
        "lineNumber": 13,
        "author": {
          "gitId": "arindamshivatrip"
        },
        "content": "        return (isDone ? \"\\u2713\" : \"\\u2718\"); //return tick or X symbols"
      },
      {
        "lineNumber": 14,
        "author": {
          "gitId": "arindamshivatrip"
        },
        "content": "    }"
      },
      {
        "lineNumber": 15,
        "author": {
          "gitId": "arindamshivatrip"
        },
        "content": ""
      },
      {
        "lineNumber": 16,
        "author": {
          "gitId": "arindamshivatrip"
        },
        "content": "    public String printDetails() {"
      },
      {
        "lineNumber": 17,
        "author": {
          "gitId": "arindamshivatrip"
        },
        "content": "        return \"[\" + this.workType+\"][\" + this.getStatusIcon()+\"]\\t\" + this.description + \"(at:\"+this.eventAt+\")\" + \"\\n\";}"
      },
      {
        "lineNumber": 18,
        "author": {
          "gitId": "arindamshivatrip"
        },
        "content": "}"
      }
    ],
    "authorContributionMap": {
      "arindamshivatrip": 18
    }
  },
  {
    "path": "src/main/java/Task.java",
    "fileType": "java",
    "lines": [
      {
        "lineNumber": 1,
        "author": {
          "gitId": "arindamshivatrip"
        },
        "content": "public class Task {"
      },
      {
        "lineNumber": 2,
        "author": {
          "gitId": "arindamshivatrip"
        },
        "content": "    protected static int jobCount \u003d 0;"
      },
      {
        "lineNumber": 3,
        "author": {
          "gitId": "arindamshivatrip"
        },
        "content": "    protected char workType;"
      },
      {
        "lineNumber": 4,
        "author": {
          "gitId": "arindamshivatrip"
        },
        "content": "    protected String description;"
      },
      {
        "lineNumber": 5,
        "author": {
          "gitId": "arindamshivatrip"
        },
        "content": "    protected boolean isDone;"
      },
      {
        "lineNumber": 6,
        "author": {
          "gitId": "arindamshivatrip"
        },
        "content": ""
      },
      {
        "lineNumber": 7,
        "author": {
          "gitId": "arindamshivatrip"
        },
        "content": ""
      },
      {
        "lineNumber": 8,
        "author": {
          "gitId": "arindamshivatrip"
        },
        "content": "    public Task(String description) {"
      },
      {
        "lineNumber": 9,
        "author": {
          "gitId": "arindamshivatrip"
        },
        "content": "        this.workType \u003d \u0027T\u0027;"
      },
      {
        "lineNumber": 10,
        "author": {
          "gitId": "arindamshivatrip"
        },
        "content": "        this.description \u003d description;"
      },
      {
        "lineNumber": 11,
        "author": {
          "gitId": "arindamshivatrip"
        },
        "content": "        this.isDone \u003d false;"
      },
      {
        "lineNumber": 12,
        "author": {
          "gitId": "arindamshivatrip"
        },
        "content": "    }"
      },
      {
        "lineNumber": 13,
        "author": {
          "gitId": "arindamshivatrip"
        },
        "content": ""
      },
      {
        "lineNumber": 14,
        "author": {
          "gitId": "arindamshivatrip"
        },
        "content": "    public String getStatusIcon() {"
      },
      {
        "lineNumber": 15,
        "author": {
          "gitId": "arindamshivatrip"
        },
        "content": "        return (isDone ? \"\\u2713\" : \"\\u2718\"); //return tick or X symbols"
      },
      {
        "lineNumber": 16,
        "author": {
          "gitId": "arindamshivatrip"
        },
        "content": "    }"
      },
      {
        "lineNumber": 17,
        "author": {
          "gitId": "arindamshivatrip"
        },
        "content": ""
      },
      {
        "lineNumber": 18,
        "author": {
          "gitId": "arindamshivatrip"
        },
        "content": "    public String printDetails() {"
      },
      {
        "lineNumber": 19,
        "author": {
          "gitId": "arindamshivatrip"
        },
        "content": "        return \"[\" + this.workType + \"][\" + this.getStatusIcon() + \"]\\t\" + this.description + \"\\n\";"
      },
      {
        "lineNumber": 20,
        "author": {
          "gitId": "arindamshivatrip"
        },
        "content": "    }"
      },
      {
        "lineNumber": 21,
        "author": {
          "gitId": "arindamshivatrip"
        },
        "content": ""
      },
      {
        "lineNumber": 22,
        "author": {
          "gitId": "arindamshivatrip"
        },
        "content": "    public void markAsDone() {"
      },
      {
        "lineNumber": 23,
        "author": {
          "gitId": "arindamshivatrip"
        },
        "content": "        this.isDone \u003d true;"
      },
      {
        "lineNumber": 24,
        "author": {
          "gitId": "arindamshivatrip"
        },
        "content": "    }"
      },
      {
        "lineNumber": 25,
        "author": {
          "gitId": "arindamshivatrip"
        },
        "content": "}"
      }
    ],
    "authorContributionMap": {
      "arindamshivatrip": 25
    }
  },
  {
    "path": "src/main/java/Todo.java",
    "fileType": "java",
    "lines": [
      {
        "lineNumber": 1,
        "author": {
          "gitId": "arindamshivatrip"
        },
        "content": "public class Todo extends Task {"
      },
      {
        "lineNumber": 2,
        "author": {
          "gitId": "arindamshivatrip"
        },
        "content": "    protected static int jobCount \u003d 0;"
      },
      {
        "lineNumber": 3,
        "author": {
          "gitId": "arindamshivatrip"
        },
        "content": "    protected char workType;"
      },
      {
        "lineNumber": 4,
        "author": {
          "gitId": "arindamshivatrip"
        },
        "content": "    protected String description;"
      },
      {
        "lineNumber": 5,
        "author": {
          "gitId": "arindamshivatrip"
        },
        "content": "    protected boolean isDone;"
      },
      {
        "lineNumber": 6,
        "author": {
          "gitId": "arindamshivatrip"
        },
        "content": ""
      },
      {
        "lineNumber": 7,
        "author": {
          "gitId": "arindamshivatrip"
        },
        "content": ""
      },
      {
        "lineNumber": 8,
        "author": {
          "gitId": "arindamshivatrip"
        },
        "content": "    public Todo(String description) {"
      },
      {
        "lineNumber": 9,
        "author": {
          "gitId": "arindamshivatrip"
        },
        "content": "        super(description);"
      },
      {
        "lineNumber": 10,
        "author": {
          "gitId": "arindamshivatrip"
        },
        "content": "        this.workType \u003d \u0027T\u0027;"
      },
      {
        "lineNumber": 11,
        "author": {
          "gitId": "arindamshivatrip"
        },
        "content": "    }"
      },
      {
        "lineNumber": 12,
        "author": {
          "gitId": "arindamshivatrip"
        },
        "content": ""
      },
      {
        "lineNumber": 13,
        "author": {
          "gitId": "arindamshivatrip"
        },
        "content": "    public String getStatusIcon() {"
      },
      {
        "lineNumber": 14,
        "author": {
          "gitId": "arindamshivatrip"
        },
        "content": "        return (isDone ? \"\\u2713\" : \"\\u2718\"); //return tick or X symbols"
      },
      {
        "lineNumber": 15,
        "author": {
          "gitId": "arindamshivatrip"
        },
        "content": "    }"
      },
      {
        "lineNumber": 16,
        "author": {
          "gitId": "arindamshivatrip"
        },
        "content": ""
      },
      {
        "lineNumber": 17,
        "author": {
          "gitId": "arindamshivatrip"
        },
        "content": "    public String printDetails() {"
      },
      {
        "lineNumber": 18,
        "author": {
          "gitId": "arindamshivatrip"
        },
        "content": "        return \"[\" + this.workType + \"][\" + this.getStatusIcon() + \"]\\t\" + this.description + \"\\n\";"
      },
      {
        "lineNumber": 19,
        "author": {
          "gitId": "arindamshivatrip"
        },
        "content": "    }"
      },
      {
        "lineNumber": 20,
        "author": {
          "gitId": "arindamshivatrip"
        },
        "content": ""
      },
      {
        "lineNumber": 21,
        "author": {
          "gitId": "arindamshivatrip"
        },
        "content": "}"
      }
    ],
    "authorContributionMap": {
      "arindamshivatrip": 21
    }
  }
]
