{
  "authorDailyContributionsMap": {
    "arindamshivatrip": [
      {
        "date": "2020-08-29",
        "commitResults": [
          {
            "hash": "6d1e905ddc3c2d838fe101033aef336a42985f2b",
            "messageTitle": "Week 2 changes relflected in the IP.",
            "messageBody": "",
            "fileTypesAndContributionMap": {
              "java": {
                "insertions": 6,
                "deletions": 1
              }
            }
          }
        ]
      },
      {
        "date": "2020-08-30",
        "commitResults": [
          {
            "hash": "450fab9c02dc041e63c41feec0c5df96f569f8d4",
            "messageTitle": "Changed Duke\u0027s name to Air. Air currently echos whatever the user types out anything other than exit, Air echos it. On printing exit, the code is exited",
            "messageBody": "",
            "tags": [
              "Level-1"
            ],
            "fileTypesAndContributionMap": {
              "java": {
                "insertions": 26,
                "deletions": 9
              }
            }
          },
          {
            "hash": "805b87f310faca7cae79f86e32501e088d7fef01",
            "messageTitle": "Added ability to store tasks and display them when required.",
            "messageBody": "",
            "tags": [
              "Level-2"
            ],
            "fileTypesAndContributionMap": {
              "java": {
                "insertions": 21,
                "deletions": 5
              }
            }
          },
          {
            "hash": "89746326f3e958af7e06b1b9b3dc30f56ddd27c2",
            "messageTitle": "Added ability to mark tasks as done by creating a new class task.",
            "messageBody": "",
            "tags": [
              "Level-3",
              "A-CodingStandard",
              "A-Classes"
            ],
            "fileTypesAndContributionMap": {
              "java": {
                "insertions": 50,
                "deletions": 22
              }
            }
          }
        ]
      },
      {
        "date": "2020-09-03",
        "commitResults": [
          {
            "hash": "1c9935800e3eb872083b57c51f4c5b7d13a114b0",
            "messageTitle": "Added Level 4. ToDos, Events, Deadlines functionalities.",
            "messageBody": "",
            "tags": [
              "Level-4"
            ],
            "fileTypesAndContributionMap": {
              "java": {
                "insertions": 125,
                "deletions": 34
              }
            }
          },
          {
            "hash": "27054f773a7a16aad181cdc4757d7cc179bccfa7",
            "messageTitle": "Made code more readable",
            "messageBody": "",
            "tags": [
              "A-CodeQuality"
            ],
            "fileTypesAndContributionMap": {
              "java": {
                "insertions": 53,
                "deletions": 38
              }
            }
          }
        ]
      },
      {
        "date": "2020-09-09",
        "commitResults": [
          {
            "hash": "93f3d1d821aeb01bab5c526850031ceacafa0d39",
            "messageTitle": "Made error messages",
            "messageBody": "",
            "fileTypesAndContributionMap": {
              "java": {
                "insertions": 19,
                "deletions": 6
              }
            }
          },
          {
            "hash": "37cb55f8517ae9395ecaa46d1fc3d7c5d3d1e368",
            "messageTitle": "Test",
            "messageBody": "",
            "fileTypesAndContributionMap": {
              "java": {
                "insertions": 1,
                "deletions": 0
              }
            }
          },
          {
            "hash": "a0621aca9b72227b7d765dc94c5531c18cd4aaa8",
            "messageTitle": "Made some change with regards to the exceptions",
            "messageBody": "",
            "tags": [
              "Level-6",
              "A-Exceptions",
              "A-Collections"
            ],
            "fileTypesAndContributionMap": {
              "java": {
                "insertions": 66,
                "deletions": 39
              }
            }
          }
        ]
      },
      {
        "date": "2020-09-15",
        "commitResults": [
          {
            "hash": "b76486b3af10e782196d00a1494448c69dbf566c",
            "messageTitle": "Finishing Level 6 requirements and changed from array to arraylist",
            "messageBody": "",
            "tags": [
              "Level-7"
            ],
            "fileTypesAndContributionMap": {
              "java": {
                "insertions": 48,
                "deletions": 18
              }
            }
          }
        ]
      },
      {
        "date": "2020-09-16",
        "commitResults": [
          {
            "hash": "f13b9aec2b080de8f5236d6bebb1fa4d1dd53193",
            "messageTitle": "Finished the save shit.",
            "messageBody": "",
            "fileTypesAndContributionMap": {
              "txt": {
                "insertions": 4,
                "deletions": 0
              },
              "java": {
                "insertions": 157,
                "deletions": 5
              }
            }
          }
        ]
      }
    ]
  },
  "authorFileTypeContributionMap": {
    "arindamshivatrip": {
      "java": 401,
      "md": 0,
      "sh": 0,
      "bat": 0,
      "gradle": 0,
      "txt": 4
    }
  },
  "authorContributionVariance": {
    "arindamshivatrip": 3312.772
  },
  "authorDisplayNameMap": {
    "arindamshivatrip": "CS2113T-W12-1 ARIN..ATHI"
  }
}
