{
  "authorDailyContributionsMap": {
    "TanLeeWei": [
      {
        "date": "2020-08-31",
        "commitResults": [
          {
            "hash": "28a2280e1e3d7aefd3bb56d7c042ce18290c4bc5",
            "messageTitle": "Greet",
            "messageBody": "",
            "tags": [
              "Level-0"
            ],
            "fileTypesAndContributionMap": {
              "java": {
                "insertions": 7,
                "deletions": 0
              }
            }
          },
          {
            "hash": "f0f6ff8373c0bb4e6dc29d38d08bfc27d9f15a16",
            "messageTitle": "Greet, Echo, Exit",
            "messageBody": "",
            "tags": [
              "Level-1"
            ],
            "fileTypesAndContributionMap": {
              "java": {
                "insertions": 14,
                "deletions": 0
              }
            }
          },
          {
            "hash": "77b42c1924c91d34232932b8a1593994f3b2b8ee",
            "messageTitle": "Add, List",
            "messageBody": "",
            "tags": [
              "Level-2"
            ],
            "fileTypesAndContributionMap": {
              "java": {
                "insertions": 11,
                "deletions": 2
              }
            }
          },
          {
            "hash": "8f01973833ca4edc0c4bad911299173f935e4210",
            "messageTitle": "Mark as Done",
            "messageBody": "",
            "tags": [
              "Level-3"
            ],
            "fileTypesAndContributionMap": {
              "java": {
                "insertions": 41,
                "deletions": 5
              }
            }
          }
        ]
      },
      {
        "date": "2020-09-03",
        "commitResults": [
          {
            "hash": "5885570f992a7bcae5e58772c0ad55cd3f93b1d0",
            "messageTitle": "ToDos, Events, Deadlines",
            "messageBody": "",
            "tags": [
              "Level-4"
            ],
            "fileTypesAndContributionMap": {
              "java": {
                "insertions": 102,
                "deletions": 3
              }
            }
          }
        ]
      },
      {
        "date": "2020-09-09",
        "commitResults": [
          {
            "hash": "697c25448db0e99ba5b5e9f3e88d95c5400a5988",
            "messageTitle": "Updating coding standards",
            "messageBody": "",
            "tags": [
              "A-CodingStandard"
            ],
            "fileTypesAndContributionMap": {
              "java": {
                "insertions": 88,
                "deletions": 92
              }
            }
          },
          {
            "hash": "c9ad41ff8f18fb196ec9d6d0cb90da802dd5850f",
            "messageTitle": "Updating coding quality",
            "messageBody": "",
            "tags": [
              "A-CodeQuality"
            ],
            "fileTypesAndContributionMap": {
              "java": {
                "insertions": 2,
                "deletions": 0
              }
            }
          }
        ]
      },
      {
        "date": "2020-09-10",
        "commitResults": [
          {
            "hash": "bd6befe2635d18cc116f0383051c60138e42dbcb",
            "messageTitle": "Handle Errors",
            "messageBody": "",
            "tags": [
              "Level-5"
            ],
            "fileTypesAndContributionMap": {
              "java": {
                "insertions": 72,
                "deletions": 56
              }
            }
          },
          {
            "hash": "4992f2bdc55d170d323cbb2adb902532fa85f7c2",
            "messageTitle": "handling errors",
            "messageBody": "",
            "tags": [
              "A-Exceptions"
            ],
            "fileTypesAndContributionMap": {
              "java": {
                "insertions": 0,
                "deletions": 1
              }
            }
          }
        ]
      },
      {
        "date": "2020-09-16",
        "commitResults": [
          {
            "hash": "74fe84c7fc9815fe5cd73133bdf0008546198c87",
            "messageTitle": "Delete",
            "messageBody": "",
            "fileTypesAndContributionMap": {
              "java": {
                "insertions": 24,
                "deletions": 8
              }
            }
          },
          {
            "hash": "191b21df55168657280a2ee91b4cdce041b76edc",
            "messageTitle": "Delete",
            "messageBody": "",
            "tags": [
              "Level-6",
              "A-Collections"
            ],
            "fileTypesAndContributionMap": {
              "java": {
                "insertions": 1,
                "deletions": 6
              }
            }
          }
        ]
      },
      {
        "date": "2020-09-17",
        "commitResults": [
          {
            "hash": "216f8aa69690c23466481b4d9a496cdc7d2431f5",
            "messageTitle": "Save",
            "messageBody": "",
            "tags": [
              "v0.1",
              "Level-7"
            ],
            "fileTypesAndContributionMap": {
              "txt": {
                "insertions": 3,
                "deletions": 0
              },
              "java": {
                "insertions": 124,
                "deletions": 14
              }
            }
          }
        ]
      }
    ]
  },
  "authorFileTypeContributionMap": {
    "TanLeeWei": {
      "java": 298,
      "md": 0,
      "sh": 0,
      "bat": 0,
      "gradle": 0,
      "txt": 3
    }
  },
  "authorContributionVariance": {
    "TanLeeWei": 2158.1584
  },
  "authorDisplayNameMap": {
    "TanLeeWei": "CS2113-T14-1 TAN .. WEI"
  }
}
