{
  "authorDailyContributionsMap": {
    "Zhangyilin0203": [
      {
        "date": "2020-08-18",
        "commitResults": [
          {
            "hash": "f71b23c542db914de3a8f87fa58efbfa050f82fb",
            "messageTitle": "Add initial greeting",
            "messageBody": "",
            "fileTypesAndContributionMap": {
              "java": {
                "insertions": 8,
                "deletions": 0
              }
            }
          }
        ]
      },
      {
        "date": "2020-08-22",
        "commitResults": [
          {
            "hash": "3cfc8597a1f858afca5f4cc5fed406dc783dd7cc",
            "messageTitle": "Add greet, echo, exit",
            "messageBody": "",
            "tags": [
              "level-1"
            ],
            "fileTypesAndContributionMap": {
              "java": {
                "insertions": 16,
                "deletions": 10
              }
            }
          },
          {
            "hash": "2cae965b0f1e310294d3ff9ff333e25fff2ebee2",
            "messageTitle": "Add a list",
            "messageBody": "",
            "tags": [
              "level-2"
            ],
            "fileTypesAndContributionMap": {
              "java": {
                "insertions": 44,
                "deletions": 13
              }
            }
          }
        ]
      },
      {
        "date": "2020-08-26",
        "commitResults": [
          {
            "hash": "977a373c77688a6088810a1cde0c2edf28fb66de",
            "messageTitle": "Add Task class",
            "messageBody": "",
            "fileTypesAndContributionMap": {
              "java": {
                "insertions": 21,
                "deletions": 0
              }
            }
          },
          {
            "hash": "61a037a10f327de0d962a3b6ecc925635f689b5f",
            "messageTitle": "Add mark as done",
            "messageBody": "",
            "fileTypesAndContributionMap": {
              "java": {
                "insertions": 15,
                "deletions": 5
              }
            }
          }
        ]
      },
      {
        "date": "2020-08-27",
        "commitResults": [
          {
            "hash": "f414caaa604a7a6527848fe5fb4243f24e1f09e4",
            "messageTitle": "fix a bug and adjusting the coding standard",
            "messageBody": "",
            "tags": [
              "level-3.1"
            ],
            "fileTypesAndContributionMap": {
              "java": {
                "insertions": 13,
                "deletions": 13
              }
            }
          }
        ]
      },
      {
        "date": "2020-08-29",
        "commitResults": [
          {
            "hash": "fc7e856d900ce899ab373c49c31ff7bab80520c6",
            "messageTitle": "Add Deadline class",
            "messageBody": "",
            "fileTypesAndContributionMap": {
              "java": {
                "insertions": 17,
                "deletions": 0
              }
            }
          },
          {
            "hash": "61a2ab4bf4639cb80e21b1f46e3b70f85ceac44a",
            "messageTitle": "Add Event class",
            "messageBody": "",
            "fileTypesAndContributionMap": {
              "java": {
                "insertions": 16,
                "deletions": 0
              }
            }
          },
          {
            "hash": "7b8f6567d099e49930e2965c1530c9d1c08f56d7",
            "messageTitle": "Add Todo class",
            "messageBody": "",
            "fileTypesAndContributionMap": {
              "java": {
                "insertions": 14,
                "deletions": 0
              }
            }
          },
          {
            "hash": "52acee2f644ea91f8617f351c42c4c43205c1cf4",
            "messageTitle": "Add toString() to make it easier to print",
            "messageBody": "",
            "fileTypesAndContributionMap": {
              "java": {
                "insertions": 5,
                "deletions": 1
              }
            }
          },
          {
            "hash": "1e57d2bdcfa61c24620242fc3858d1b41221bfef",
            "messageTitle": "Add Todo Event and Deadline",
            "messageBody": "",
            "tags": [
              "level-4"
            ],
            "fileTypesAndContributionMap": {
              "java": {
                "insertions": 60,
                "deletions": 20
              }
            }
          }
        ]
      },
      {
        "date": "2020-09-01",
        "commitResults": [
          {
            "hash": "30241472c995d1d89682e158e2cac6947e821dd0",
            "messageTitle": "Change format of deadline class",
            "messageBody": "",
            "fileTypesAndContributionMap": {
              "java": {
                "insertions": 1,
                "deletions": 1
              }
            }
          },
          {
            "hash": "f69612312383a4a46ff43d7a9daa3fa29175fda0",
            "messageTitle": "Change format of Duke",
            "messageBody": "",
            "fileTypesAndContributionMap": {
              "java": {
                "insertions": 1,
                "deletions": 1
              }
            }
          },
          {
            "hash": "cae7a582f0c6517e88cc1273f7cadbfc1e539aa0",
            "messageTitle": "add input",
            "messageBody": "",
            "fileTypesAndContributionMap": {
              "txt": {
                "insertions": 7,
                "deletions": 0
              }
            }
          },
          {
            "hash": "e95741fdce20d897782f855bc8d83fe3a6a01691",
            "messageTitle": "Change runtest.bat to make it suitable for all class",
            "messageBody": "",
            "fileTypesAndContributionMap": {
              "bat": {
                "insertions": 1,
                "deletions": 1
              }
            }
          },
          {
            "hash": "e6af864203ca102037a5b9da92ee849770f203d2",
            "messageTitle": "Change runtest.sh to make it suitable for all class",
            "messageBody": "",
            "tags": [
              "A-TextUiTesting"
            ],
            "fileTypesAndContributionMap": {
              "sh": {
                "insertions": 1,
                "deletions": 5
              }
            }
          }
        ]
      },
      {
        "date": "2020-09-04",
        "commitResults": [
          {
            "hash": "b773d4bc0bffe73a7845176f5c893de2c42e1a40",
            "messageTitle": "Add handle errors",
            "messageBody": "",
            "fileTypesAndContributionMap": {
              "java": {
                "insertions": 53,
                "deletions": 22
              }
            }
          }
        ]
      },
      {
        "date": "2020-09-08",
        "commitResults": [
          {
            "hash": "b6ac28b95b152277079c9d2a7b83b19784906d00",
            "messageTitle": "Add package duke",
            "messageBody": "",
            "fileTypesAndContributionMap": {
              "java": {
                "insertions": 24,
                "deletions": 7
              },
              "bat": {
                "insertions": 1,
                "deletions": 1
              },
              "md": {
                "insertions": 2,
                "deletions": 2
              }
            }
          }
        ]
      },
      {
        "date": "2020-09-10",
        "commitResults": [
          {
            "hash": "2b223238206ea5fb4ea6acc89eae4c44ad880676",
            "messageTitle": "improve code quality",
            "messageBody": "",
            "fileTypesAndContributionMap": {
              "java": {
                "insertions": 26,
                "deletions": 19
              }
            }
          },
          {
            "hash": "6dd434d25cdee8569724ba23faf5dd795749ff74",
            "messageTitle": "update text-ui-test",
            "messageBody": "",
            "fileTypesAndContributionMap": {
              "bat": {
                "insertions": 1,
                "deletions": 1
              },
              "sh": {
                "insertions": 3,
                "deletions": 3
              }
            }
          }
        ]
      },
      {
        "date": "2020-09-11",
        "commitResults": [
          {
            "hash": "29ca538d3fd9c838cc1f9743afa13f160b76a47e",
            "messageTitle": "add delete feature",
            "messageBody": "",
            "tags": [
              "A-Collections"
            ],
            "fileTypesAndContributionMap": {
              "java": {
                "insertions": 33,
                "deletions": 11
              }
            }
          },
          {
            "hash": "2f23cd010a1979e11fd2136f02bf105e02d4f08c",
            "messageTitle": "fix small bugs",
            "messageBody": "",
            "fileTypesAndContributionMap": {
              "java": {
                "insertions": 4,
                "deletions": 2
              }
            }
          },
          {
            "hash": "cdd28349200f0b29291c2bd17664feff19144318",
            "messageTitle": "Add small changes to level6",
            "messageBody": "",
            "tags": [
              "level-6.1"
            ],
            "fileTypesAndContributionMap": {
              "java": {
                "insertions": 17,
                "deletions": 12
              }
            }
          },
          {
            "hash": "a80f62d2ebe58566c70d105d8b256e7a041c880d",
            "messageTitle": "Add save feature",
            "messageBody": "",
            "tags": [
              "level-7"
            ],
            "fileTypesAndContributionMap": {
              "txt": {
                "insertions": 3,
                "deletions": 0
              },
              "java": {
                "insertions": 66,
                "deletions": 1
              }
            }
          }
        ]
      },
      {
        "date": "2020-09-13",
        "commitResults": [
          {
            "hash": "3db31886a9a53a04ebd2c4e316a009f6684fe44a",
            "messageTitle": "fix small bugs of level 7",
            "messageBody": "",
            "tags": [
              "level-7.2"
            ],
            "fileTypesAndContributionMap": {
              "txt": {
                "insertions": 3,
                "deletions": 3
              },
              "java": {
                "insertions": 3,
                "deletions": 0
              }
            }
          }
        ]
      }
    ]
  },
  "authorFileTypeContributionMap": {
    "Zhangyilin0203": {
      "java": 326,
      "md": 2,
      "sh": 3,
      "bat": 2,
      "gradle": 0,
      "txt": 10
    }
  },
  "authorContributionVariance": {
    "Zhangyilin0203": 1500.6302
  },
  "authorDisplayNameMap": {
    "Zhangyilin0203": "CS2113T-T12-2 ZHAN..ILIN"
  }
}
