{
  "authorDailyContributionsMap": {
    "Lusi711": [
      {
        "date": "2020-09-01",
        "commitResults": [
          {
            "hash": "e5519ccc68eb0586dad6debd17aefc52d37b7d9e",
            "messageTitle": "Add Level - 0: Implement Greet() method: Greets user and exits",
            "messageBody": "",
            "tags": [
              "Level-0"
            ],
            "fileTypesAndContributionMap": {
              "java": {
                "insertions": 14,
                "deletions": 1
              }
            }
          },
          {
            "hash": "28fa574a82f8d1e8d1f8b6c4e032aaa6e46173de",
            "messageTitle": "Add Level-1: * Split Greet() into enterGreet() and farewellGreet() * Echo() echos commands entered",
            "messageBody": "",
            "tags": [
              "Level-1"
            ],
            "fileTypesAndContributionMap": {
              "java": {
                "insertions": 35,
                "deletions": 10
              }
            }
          },
          {
            "hash": "7e2ca9fa88f6352851e4e10563d23bf3fa66e451",
            "messageTitle": "Add Level-2: * addList() method to store tasks in list * displayList() method prints list",
            "messageBody": "",
            "tags": [
              "Level-2"
            ],
            "fileTypesAndContributionMap": {
              "java": {
                "insertions": 33,
                "deletions": 6
              }
            }
          },
          {
            "hash": "b269a49aade1e347338e79af0ebfba3deee22069",
            "messageTitle": "Create Task subclass",
            "messageBody": "",
            "tags": [
              "A-Classes"
            ],
            "fileTypesAndContributionMap": {
              "java": {
                "insertions": 17,
                "deletions": 0
              }
            }
          },
          {
            "hash": "a342de1bd6c0d1fd04773c2e71164114d25ed473",
            "messageTitle": "Add Level-3: * markAsDone() method marks Task as done",
            "messageBody": "",
            "tags": [
              "Level-3",
              "A-CodingStandard"
            ],
            "fileTypesAndContributionMap": {
              "java": {
                "insertions": 27,
                "deletions": 9
              }
            }
          },
          {
            "hash": "7412037593a9396b548cad908bb5a9288b95ae02",
            "messageTitle": "Created ToDo class",
            "messageBody": "",
            "fileTypesAndContributionMap": {
              "java": {
                "insertions": 11,
                "deletions": 0
              }
            }
          },
          {
            "hash": "6db3b3b4b4cb627ec1d1efe4bf04521edab1ecb6",
            "messageTitle": "Create Deadline class",
            "messageBody": "",
            "fileTypesAndContributionMap": {
              "java": {
                "insertions": 14,
                "deletions": 0
              }
            }
          },
          {
            "hash": "cce011a7af5dfab238b6722733724e6b4acdfacc",
            "messageTitle": "Create Event subclass",
            "messageBody": "",
            "tags": [
              "A-Inheritance"
            ],
            "fileTypesAndContributionMap": {
              "java": {
                "insertions": 13,
                "deletions": 0
              }
            }
          },
          {
            "hash": "e8bc7b2dbf7240f73de05c385af43747ca58ca19",
            "messageTitle": "Add Level-4: Supports all 3 types of task in addList()",
            "messageBody": "",
            "tags": [
              "Level-4"
            ],
            "fileTypesAndContributionMap": {
              "java": {
                "insertions": 99,
                "deletions": 43
              }
            }
          },
          {
            "hash": "4344fb5853cfeef889acd2e54e98ed0bde3f084c",
            "messageTitle": "Renamed Events to Event",
            "messageBody": "",
            "fileTypesAndContributionMap": {
              "java": {
                "insertions": 0,
                "deletions": 13
              }
            }
          },
          {
            "hash": "afa0a834830d87588eec8828d34631452088e3fa",
            "messageTitle": "Semi-automate testing of Duke",
            "messageBody": "",
            "tags": [
              "A-TextUITesting"
            ],
            "fileTypesAndContributionMap": {
              "txt": {
                "insertions": 12,
                "deletions": 0
              },
              "java": {
                "insertions": 1,
                "deletions": 1
              }
            }
          },
          {
            "hash": "453a6fe577d7f90a463845049183c4479b0d6b60",
            "messageTitle": "Improve code quality * Changed long if-else statements to switch statements * Consolidate Duplicate Conditional Fragments",
            "messageBody": "",
            "tags": [
              "A-CodeQuality"
            ],
            "fileTypesAndContributionMap": {
              "java": {
                "insertions": 23,
                "deletions": 48
              }
            }
          }
        ]
      },
      {
        "date": "2020-09-08",
        "commitResults": [
          {
            "hash": "7f7b33e3f74ebdbd3f6adc12ffe01f89a69ac79e",
            "messageTitle": "Updated input text",
            "messageBody": "",
            "fileTypesAndContributionMap": {
              "txt": {
                "insertions": 6,
                "deletions": 11
              }
            }
          },
          {
            "hash": "b616179f79e40798874061cb31ca3e0b7dcf4c97",
            "messageTitle": "Add Level-5: * Deal with errors such as incorrect inputs",
            "messageBody": "",
            "fileTypesAndContributionMap": {
              "java": {
                "insertions": 36,
                "deletions": 11
              }
            }
          },
          {
            "hash": "87c50c8fba1155f3f040a4976b232fe8a50e842e",
            "messageTitle": "* Create DukeException for descriptions * Used CommandType enum to organize command types",
            "messageBody": "",
            "tags": [
              "Level-5",
              "A-Exceptions"
            ],
            "fileTypesAndContributionMap": {
              "java": {
                "insertions": 98,
                "deletions": 37
              }
            }
          },
          {
            "hash": "537272baa14d74f26a0429924e879c0aa17959dd",
            "messageTitle": "Organize classes into \u0027command\u0027 and \u0027task\u0027 packages",
            "messageBody": "",
            "fileTypesAndContributionMap": {
              "java": {
                "insertions": 33,
                "deletions": 4
              },
              "bat": {
                "insertions": 1,
                "deletions": 1
              },
              "sh": {
                "insertions": 1,
                "deletions": 1
              }
            }
          }
        ]
      },
      {
        "date": "2020-09-16",
        "commitResults": [
          {
            "hash": "8f4e18687746c6df961cce1c6fee73c1044747f6",
            "messageTitle": "* Add Level 6: Add support for deleting tasks from the list * Use ArrayList\u003cTask\u003e to store tasks",
            "messageBody": "",
            "tags": [
              "Level-6",
              "A-Collections"
            ],
            "fileTypesAndContributionMap": {
              "txt": {
                "insertions": 8,
                "deletions": 6
              },
              "java": {
                "insertions": 69,
                "deletions": 34
              },
              "bat": {
                "insertions": 1,
                "deletions": 1
              }
            }
          },
          {
            "hash": "1f4f6febc5dddead031719e7a367a5e47dd69e8d",
            "messageTitle": "Add Level-7: Save and load data from hard disk Implemented new FileProcessing subclass for file management",
            "messageBody": "",
            "tags": [
              "Level-7"
            ],
            "fileTypesAndContributionMap": {
              "txt": {
                "insertions": 1,
                "deletions": 0
              },
              "java": {
                "insertions": 118,
                "deletions": 21
              }
            }
          }
        ]
      },
      {
        "date": "2020-09-17",
        "commitResults": [
          {
            "hash": "be3591253f5b96cbf2db821ac4eb3c65d991e72e",
            "messageTitle": "* Amended ToFile() method to include descriptor * Moved FileProcessing.java to package command",
            "messageBody": "",
            "fileTypesAndContributionMap": {
              "txt": {
                "insertions": 3,
                "deletions": 3
              },
              "java": {
                "insertions": 8,
                "deletions": 4
              }
            }
          }
        ]
      },
      {
        "date": "2020-09-20",
        "commitResults": [
          {
            "hash": "99ddf28a4c678519acea5a60099602cc1683f662",
            "messageTitle": "Refactor FileProcessing as Storage",
            "messageBody": "",
            "fileTypesAndContributionMap": {
              "java": {
                "insertions": 5,
                "deletions": 5
              }
            }
          },
          {
            "hash": "ace6c4ed0f6fef67ffde3c2bca6a57a09fa28f56",
            "messageTitle": "Extract Ui class: deals with interactions with the user",
            "messageBody": "",
            "fileTypesAndContributionMap": {
              "java": {
                "insertions": 80,
                "deletions": 0
              }
            }
          },
          {
            "hash": "2f68b6cef91750a894b01917271499b2f78428b0",
            "messageTitle": "Extract Storage class: deals with loading tasks from the file and saving tasks in the file",
            "messageBody": "",
            "fileTypesAndContributionMap": {
              "java": {
                "insertions": 113,
                "deletions": 33
              }
            }
          },
          {
            "hash": "e1c2ede4e9b9254e9446e4653a9feabbb3d8363b",
            "messageTitle": "Extract Parser class: deals with making sense of the user command",
            "messageBody": "",
            "fileTypesAndContributionMap": {
              "java": {
                "insertions": 57,
                "deletions": 0
              }
            }
          },
          {
            "hash": "7ea5788999bbc475fa19e849b054282810510c7a",
            "messageTitle": "Extract TaskList class: contains the task list",
            "messageBody": "",
            "fileTypesAndContributionMap": {
              "java": {
                "insertions": 39,
                "deletions": 0
              }
            }
          },
          {
            "hash": "e106c67e3f4674fa23564400258bc0bd13a39ebb",
            "messageTitle": "extracted ui, parser, tasklist and storage from duke",
            "messageBody": "",
            "fileTypesAndContributionMap": {
              "java": {
                "insertions": 49,
                "deletions": 27
              }
            }
          },
          {
            "hash": "8b864e231cd252a53f19b55b1e1c4c4e7708e464",
            "messageTitle": "Extract *Command classes: deal with execution of commands",
            "messageBody": "",
            "fileTypesAndContributionMap": {
              "java": {
                "insertions": 219,
                "deletions": 0
              }
            }
          },
          {
            "hash": "6bee90d55b9640b1a1549a463906a97fbe5f1b59",
            "messageTitle": "added encodeToFile method to format each task in file",
            "messageBody": "",
            "fileTypesAndContributionMap": {
              "java": {
                "insertions": 28,
                "deletions": 16
              }
            }
          },
          {
            "hash": "5fd63a9723e29be77a03ef227c981faf636f0427",
            "messageTitle": "changed test input",
            "messageBody": "",
            "fileTypesAndContributionMap": {
              "txt": {
                "insertions": 5,
                "deletions": 2
              }
            }
          },
          {
            "hash": "f621a608591ad465159a6757a1c6470b0905295a",
            "messageTitle": "removed commented section",
            "messageBody": "",
            "fileTypesAndContributionMap": {
              "java": {
                "insertions": 0,
                "deletions": 204
              }
            }
          }
        ]
      },
      {
        "date": "2020-09-21",
        "commitResults": [
          {
            "hash": "c4d0ec2612dbb41c46e561ed2d43f2c714ec8aea",
            "messageTitle": "Use exception to handle errors",
            "messageBody": "",
            "tags": [
              "A-MoreOOP"
            ],
            "fileTypesAndContributionMap": {
              "java": {
                "insertions": 116,
                "deletions": 30
              }
            }
          },
          {
            "hash": "606e8552b9faf54a21f31d4d5a9c8a19f0e73d04",
            "messageTitle": "Add Level-8: Dates and Times * Store deadline dates as a java.time.LocalDate in task objects * Accept dates in yyyy-mm-dd HHmm format",
            "messageBody": "",
            "fileTypesAndContributionMap": {
              "txt": {
                "insertions": 2,
                "deletions": 2
              },
              "java": {
                "insertions": 29,
                "deletions": 10
              }
            }
          },
          {
            "hash": "c6619a9134aec562bb6bd7913443e2c40f9e39a4",
            "messageTitle": "Include DateTimeParseException exception",
            "messageBody": "",
            "fileTypesAndContributionMap": {
              "java": {
                "insertions": 28,
                "deletions": 10
              }
            }
          },
          {
            "hash": "7245fcef100d33c0b569205ee80adc00ea9e168a",
            "messageTitle": "Reformat code files",
            "messageBody": "",
            "fileTypesAndContributionMap": {
              "txt": {
                "insertions": 6,
                "deletions": 2
              },
              "java": {
                "insertions": 38,
                "deletions": 60
              }
            }
          }
        ]
      },
      {
        "date": "2020-09-22",
        "commitResults": [
          {
            "hash": "072080694b10ffd825fa41f7e1a0973bbb2dd123",
            "messageTitle": "Stretch goal: Add FindDateCommand to print deadlines/events occurring on a specific date.",
            "messageBody": "",
            "fileTypesAndContributionMap": {
              "java": {
                "insertions": 96,
                "deletions": 26
              }
            }
          },
          {
            "hash": "9a0bb3e4f5fb75f0609c4affc44a880431e09581",
            "messageTitle": "Add Level 9: Find Give users a way to find a task by searching for a keyword.",
            "messageBody": "",
            "fileTypesAndContributionMap": {
              "txt": {
                "insertions": 1,
                "deletions": 1
              },
              "java": {
                "insertions": 88,
                "deletions": 28
              }
            }
          },
          {
            "hash": "fe4c7263c48a8663f5d5b16ecf5e6af0f99f5793",
            "messageTitle": "Reformat code files",
            "messageBody": "",
            "fileTypesAndContributionMap": {
              "java": {
                "insertions": 51,
                "deletions": 81
              }
            }
          },
          {
            "hash": "c39c12229f1cb43200a66d550502efb8e1b840c5",
            "messageTitle": "Reformat code files",
            "messageBody": "",
            "fileTypesAndContributionMap": {
              "java": {
                "insertions": 7,
                "deletions": 29
              }
            }
          },
          {
            "hash": "2acc45a25255a93d4b9a9e0385e2dbf6bf817384",
            "messageTitle": "Add JavaDoc comments to the code",
            "messageBody": "",
            "fileTypesAndContributionMap": {
              "java": {
                "insertions": 361,
                "deletions": 41
              }
            }
          },
          {
            "hash": "1c690924b9a8ae6f57666ab86274994ccc1083c5",
            "messageTitle": "Reformat code files",
            "messageBody": "",
            "fileTypesAndContributionMap": {
              "java": {
                "insertions": 109,
                "deletions": 106
              }
            }
          }
        ]
      }
    ]
  },
  "authorFileTypeContributionMap": {
    "Lusi711": {
      "java": 1358,
      "md": 0,
      "sh": 1,
      "bat": 1,
      "gradle": 0,
      "txt": 20
    }
  },
  "authorContributionVariance": {
    "Lusi711": 49885.47
  },
  "authorDisplayNameMap": {
    "Lusi711": "CS2113T-T12-3 LUSI..U QI"
  }
}
