[
  {
    "path": "src/main/java/Duke.java",
    "fileType": "java",
    "lines": [
      {
        "lineNumber": 1,
        "author": {
          "gitId": "zsk612"
        },
        "content": "package src.main.java;"
      },
      {
        "lineNumber": 2,
        "author": {
          "gitId": "zsk612"
        },
        "content": ""
      },
      {
        "lineNumber": 3,
        "author": {
          "gitId": "zsk612"
        },
        "content": "import src.main.java.exceptions.*;"
      },
      {
        "lineNumber": 4,
        "author": {
          "gitId": "zsk612"
        },
        "content": "import src.main.java.tasktypes.*;"
      },
      {
        "lineNumber": 5,
        "author": {
          "gitId": "zsk612"
        },
        "content": ""
      },
      {
        "lineNumber": 6,
        "author": {
          "gitId": "zsk612"
        },
        "content": "import java.util.Scanner;"
      },
      {
        "lineNumber": 7,
        "author": {
          "gitId": "zsk612"
        },
        "content": "import java.util.ArrayList;"
      },
      {
        "lineNumber": 8,
        "author": {
          "gitId": "zsk612"
        },
        "content": ""
      },
      {
        "lineNumber": 9,
        "author": {
          "gitId": "-"
        },
        "content": "public class Duke {"
      },
      {
        "lineNumber": 10,
        "author": {
          "gitId": "zsk612"
        },
        "content": ""
      },
      {
        "lineNumber": 11,
        "author": {
          "gitId": "zsk612"
        },
        "content": "    public static final String GREETING_MESSAGE \u003d"
      },
      {
        "lineNumber": 12,
        "author": {
          "gitId": "zsk612"
        },
        "content": "            \"Hello! I\u0027m Duke\" + \"\\n\""
      },
      {
        "lineNumber": 13,
        "author": {
          "gitId": "zsk612"
        },
        "content": "            + \"What can I do for you?\" + \"\\n\""
      },
      {
        "lineNumber": 14,
        "author": {
          "gitId": "zsk612"
        },
        "content": "            + \"Tell me your plan!\";"
      },
      {
        "lineNumber": 15,
        "author": {
          "gitId": "zsk612"
        },
        "content": "    public static final String LIST_DISPLAY_MESSAGE \u003d"
      },
      {
        "lineNumber": 16,
        "author": {
          "gitId": "zsk612"
        },
        "content": "            \"Here are the tasks in your list:\";"
      },
      {
        "lineNumber": 17,
        "author": {
          "gitId": "zsk612"
        },
        "content": "    public static final String MESSAGE_RECEIVED_MESSAGE \u003d"
      },
      {
        "lineNumber": 18,
        "author": {
          "gitId": "zsk612"
        },
        "content": "            \"Got it. I\u0027ve added this task:\";"
      },
      {
        "lineNumber": 19,
        "author": {
          "gitId": "zsk612"
        },
        "content": "    public static final String BYE_MESSAGE \u003d"
      },
      {
        "lineNumber": 20,
        "author": {
          "gitId": "zsk612"
        },
        "content": "            \"Bye. Hope to see you again soon!\" + \"\\n\";"
      },
      {
        "lineNumber": 21,
        "author": {
          "gitId": "zsk612"
        },
        "content": ""
      },
      {
        "lineNumber": 22,
        "author": {
          "gitId": "zsk612"
        },
        "content": "    public static final String HORIZONTAL_LINE \u003d \"---------------------\" + \"\\n\";"
      },
      {
        "lineNumber": 23,
        "author": {
          "gitId": "zsk612"
        },
        "content": "    public static final String DDL_CMD_SEPARATOR \u003d \"/by\";"
      },
      {
        "lineNumber": 24,
        "author": {
          "gitId": "zsk612"
        },
        "content": "    public static final String EVENT_CMD_SEPARATOR \u003d \"/at\";"
      },
      {
        "lineNumber": 25,
        "author": {
          "gitId": "zsk612"
        },
        "content": "    public static final String DONE_CMD \u003d \"done\";"
      },
      {
        "lineNumber": 26,
        "author": {
          "gitId": "zsk612"
        },
        "content": "    public static final String BYE_CMD \u003d \"bye\";"
      },
      {
        "lineNumber": 27,
        "author": {
          "gitId": "zsk612"
        },
        "content": "    public static final String TODO_CMD \u003d \"todo\";"
      },
      {
        "lineNumber": 28,
        "author": {
          "gitId": "zsk612"
        },
        "content": "    public static final String DEADLINE_CMD \u003d \"deadline\";"
      },
      {
        "lineNumber": 29,
        "author": {
          "gitId": "zsk612"
        },
        "content": "    public static final String EVENT_CMD \u003d \"event\";"
      },
      {
        "lineNumber": 30,
        "author": {
          "gitId": "zsk612"
        },
        "content": "    public static final String LIST_CMD \u003d \"list\";"
      },
      {
        "lineNumber": 31,
        "author": {
          "gitId": "zsk612"
        },
        "content": ""
      },
      {
        "lineNumber": 32,
        "author": {
          "gitId": "zsk612"
        },
        "content": "    public static final String ILLEGAL_DONE_INDEX_WARNING \u003d"
      },
      {
        "lineNumber": 33,
        "author": {
          "gitId": "zsk612"
        },
        "content": "            \"No task with such index found!\" + \"\\n\";"
      },
      {
        "lineNumber": 34,
        "author": {
          "gitId": "zsk612"
        },
        "content": "    public static final String NO_TASK_WARNING \u003d"
      },
      {
        "lineNumber": 35,
        "author": {
          "gitId": "zsk612"
        },
        "content": "            \"There is no task yet. Please add your task!\" + \"\\n\";"
      },
      {
        "lineNumber": 36,
        "author": {
          "gitId": "zsk612"
        },
        "content": "    public static final String SPECIFY_TASK_NAME_WARNING \u003d"
      },
      {
        "lineNumber": 37,
        "author": {
          "gitId": "zsk612"
        },
        "content": "            \"Please specify task!\" + \"\\n\";"
      },
      {
        "lineNumber": 38,
        "author": {
          "gitId": "zsk612"
        },
        "content": "    public static final String SPECIFY_TASK_TIME_WARNING \u003d \"\" +"
      },
      {
        "lineNumber": 39,
        "author": {
          "gitId": "zsk612"
        },
        "content": "            \"Please specify time!\" + \"\\n\";"
      },
      {
        "lineNumber": 40,
        "author": {
          "gitId": "zsk612"
        },
        "content": "    public static final String ILLEGAL_CMD_WARNING \u003d"
      },
      {
        "lineNumber": 41,
        "author": {
          "gitId": "zsk612"
        },
        "content": "            \"No such command! Please try again!\" + \"\\n\";"
      },
      {
        "lineNumber": 42,
        "author": {
          "gitId": "zsk612"
        },
        "content": "    public static final String WRONG_DDL_COMMAND_WARNING \u003d"
      },
      {
        "lineNumber": 43,
        "author": {
          "gitId": "zsk612"
        },
        "content": "            \"Please add \\\"/by\\\" in your command!\" + \"\\n\";"
      },
      {
        "lineNumber": 44,
        "author": {
          "gitId": "zsk612"
        },
        "content": "    public static final String WRONG_EVENT_COMMAND_WARNING \u003d"
      },
      {
        "lineNumber": 45,
        "author": {
          "gitId": "zsk612"
        },
        "content": "            \"Please add \\\"/at\\\" in your command!\" + \"\\n\";"
      },
      {
        "lineNumber": 46,
        "author": {
          "gitId": "zsk612"
        },
        "content": ""
      },
      {
        "lineNumber": 47,
        "author": {
          "gitId": "-"
        },
        "content": "    public static void main(String[] args) {"
      },
      {
        "lineNumber": 48,
        "author": {
          "gitId": "zsk612"
        },
        "content": ""
      },
      {
        "lineNumber": 49,
        "author": {
          "gitId": "zsk612"
        },
        "content": "        printGreet();"
      },
      {
        "lineNumber": 50,
        "author": {
          "gitId": "zsk612"
        },
        "content": "        ArrayList\u003cTask\u003e storedTasks \u003d new ArrayList\u003c\u003e();"
      },
      {
        "lineNumber": 51,
        "author": {
          "gitId": "zsk612"
        },
        "content": "        Scanner in \u003d new Scanner(System.in);"
      },
      {
        "lineNumber": 52,
        "author": {
          "gitId": "zsk612"
        },
        "content": "        String response \u003d in.nextLine();"
      },
      {
        "lineNumber": 53,
        "author": {
          "gitId": "zsk612"
        },
        "content": ""
      },
      {
        "lineNumber": 54,
        "author": {
          "gitId": "zsk612"
        },
        "content": "        while(!response.equals(BYE_CMD)){"
      },
      {
        "lineNumber": 55,
        "author": {
          "gitId": "zsk612"
        },
        "content": ""
      },
      {
        "lineNumber": 56,
        "author": {
          "gitId": "zsk612"
        },
        "content": "            String[] commands \u003d response.trim().split(\" \", 2);"
      },
      {
        "lineNumber": 57,
        "author": {
          "gitId": "zsk612"
        },
        "content": ""
      },
      {
        "lineNumber": 58,
        "author": {
          "gitId": "zsk612"
        },
        "content": "            switch (commands[0].trim()) {"
      },
      {
        "lineNumber": 59,
        "author": {
          "gitId": "zsk612"
        },
        "content": "            case DONE_CMD:"
      },
      {
        "lineNumber": 60,
        "author": {
          "gitId": "zsk612"
        },
        "content": "                executeDoneCommand(storedTasks, commands);"
      },
      {
        "lineNumber": 61,
        "author": {
          "gitId": "zsk612"
        },
        "content": "                break;"
      },
      {
        "lineNumber": 62,
        "author": {
          "gitId": "zsk612"
        },
        "content": "            case TODO_CMD:"
      },
      {
        "lineNumber": 63,
        "author": {
          "gitId": "zsk612"
        },
        "content": "                executeTodoCommand(storedTasks, commands);"
      },
      {
        "lineNumber": 64,
        "author": {
          "gitId": "zsk612"
        },
        "content": "                break;"
      },
      {
        "lineNumber": 65,
        "author": {
          "gitId": "zsk612"
        },
        "content": "            case DEADLINE_CMD:"
      },
      {
        "lineNumber": 66,
        "author": {
          "gitId": "zsk612"
        },
        "content": "                try{"
      },
      {
        "lineNumber": 67,
        "author": {
          "gitId": "zsk612"
        },
        "content": "                    executeDeadlineCommand(storedTasks, response.trim());"
      },
      {
        "lineNumber": 68,
        "author": {
          "gitId": "zsk612"
        },
        "content": "                } catch (WrongCommandFormatException e) {"
      },
      {
        "lineNumber": 69,
        "author": {
          "gitId": "zsk612"
        },
        "content": "                    printWrongDeadlineCommandWarning();"
      },
      {
        "lineNumber": 70,
        "author": {
          "gitId": "zsk612"
        },
        "content": "                }"
      },
      {
        "lineNumber": 71,
        "author": {
          "gitId": "zsk612"
        },
        "content": "                break;"
      },
      {
        "lineNumber": 72,
        "author": {
          "gitId": "zsk612"
        },
        "content": "            case EVENT_CMD:"
      },
      {
        "lineNumber": 73,
        "author": {
          "gitId": "zsk612"
        },
        "content": "                try{"
      },
      {
        "lineNumber": 74,
        "author": {
          "gitId": "zsk612"
        },
        "content": "                    executeEventCommand(storedTasks, response.trim());"
      },
      {
        "lineNumber": 75,
        "author": {
          "gitId": "zsk612"
        },
        "content": "                } catch (WrongCommandFormatException e) {"
      },
      {
        "lineNumber": 76,
        "author": {
          "gitId": "zsk612"
        },
        "content": "                    printWrongEventCommandWarning();"
      },
      {
        "lineNumber": 77,
        "author": {
          "gitId": "zsk612"
        },
        "content": "                }"
      },
      {
        "lineNumber": 78,
        "author": {
          "gitId": "zsk612"
        },
        "content": "                break;"
      },
      {
        "lineNumber": 79,
        "author": {
          "gitId": "zsk612"
        },
        "content": "            case LIST_CMD:"
      },
      {
        "lineNumber": 80,
        "author": {
          "gitId": "zsk612"
        },
        "content": "                executeListCommand(storedTasks);"
      },
      {
        "lineNumber": 81,
        "author": {
          "gitId": "zsk612"
        },
        "content": "                break;"
      },
      {
        "lineNumber": 82,
        "author": {
          "gitId": "zsk612"
        },
        "content": "            default:"
      },
      {
        "lineNumber": 83,
        "author": {
          "gitId": "zsk612"
        },
        "content": "                printIllegalCommandWarning();"
      },
      {
        "lineNumber": 84,
        "author": {
          "gitId": "zsk612"
        },
        "content": "                break;"
      },
      {
        "lineNumber": 85,
        "author": {
          "gitId": "zsk612"
        },
        "content": "            }"
      },
      {
        "lineNumber": 86,
        "author": {
          "gitId": "zsk612"
        },
        "content": ""
      },
      {
        "lineNumber": 87,
        "author": {
          "gitId": "zsk612"
        },
        "content": "            System.out.println(\"What else?\");"
      },
      {
        "lineNumber": 88,
        "author": {
          "gitId": "zsk612"
        },
        "content": "            response \u003d in.nextLine();"
      },
      {
        "lineNumber": 89,
        "author": {
          "gitId": "zsk612"
        },
        "content": ""
      },
      {
        "lineNumber": 90,
        "author": {
          "gitId": "zsk612"
        },
        "content": "        }"
      },
      {
        "lineNumber": 91,
        "author": {
          "gitId": "zsk612"
        },
        "content": ""
      },
      {
        "lineNumber": 92,
        "author": {
          "gitId": "zsk612"
        },
        "content": "        printExit();"
      },
      {
        "lineNumber": 93,
        "author": {
          "gitId": "zsk612"
        },
        "content": "        in.close();"
      },
      {
        "lineNumber": 94,
        "author": {
          "gitId": "zsk612"
        },
        "content": "    }"
      },
      {
        "lineNumber": 95,
        "author": {
          "gitId": "zsk612"
        },
        "content": ""
      },
      {
        "lineNumber": 96,
        "author": {
          "gitId": "zsk612"
        },
        "content": "    public static void printGreet() {"
      },
      {
        "lineNumber": 97,
        "author": {
          "gitId": "zsk612"
        },
        "content": ""
      },
      {
        "lineNumber": 98,
        "author": {
          "gitId": "zsk612"
        },
        "content": "        System.out.println(GREETING_MESSAGE);"
      },
      {
        "lineNumber": 99,
        "author": {
          "gitId": "zsk612"
        },
        "content": "    }"
      },
      {
        "lineNumber": 100,
        "author": {
          "gitId": "zsk612"
        },
        "content": ""
      },
      {
        "lineNumber": 101,
        "author": {
          "gitId": "zsk612"
        },
        "content": "    public static void printExit() {"
      },
      {
        "lineNumber": 102,
        "author": {
          "gitId": "zsk612"
        },
        "content": ""
      },
      {
        "lineNumber": 103,
        "author": {
          "gitId": "zsk612"
        },
        "content": "        System.out.print(HORIZONTAL_LINE + BYE_MESSAGE + HORIZONTAL_LINE);"
      },
      {
        "lineNumber": 104,
        "author": {
          "gitId": "zsk612"
        },
        "content": "    }"
      },
      {
        "lineNumber": 105,
        "author": {
          "gitId": "zsk612"
        },
        "content": ""
      },
      {
        "lineNumber": 106,
        "author": {
          "gitId": "zsk612"
        },
        "content": "    public static void executeListCommand(ArrayList\u003cTask\u003e storedTasks) {"
      },
      {
        "lineNumber": 107,
        "author": {
          "gitId": "zsk612"
        },
        "content": ""
      },
      {
        "lineNumber": 108,
        "author": {
          "gitId": "zsk612"
        },
        "content": "        try {"
      },
      {
        "lineNumber": 109,
        "author": {
          "gitId": "zsk612"
        },
        "content": "            displayFormat(storedTasks);"
      },
      {
        "lineNumber": 110,
        "author": {
          "gitId": "zsk612"
        },
        "content": "        } catch (NoTaskException e) {"
      },
      {
        "lineNumber": 111,
        "author": {
          "gitId": "zsk612"
        },
        "content": "            printNoTaskWarning();"
      },
      {
        "lineNumber": 112,
        "author": {
          "gitId": "zsk612"
        },
        "content": "        }"
      },
      {
        "lineNumber": 113,
        "author": {
          "gitId": "zsk612"
        },
        "content": "    }"
      },
      {
        "lineNumber": 114,
        "author": {
          "gitId": "zsk612"
        },
        "content": ""
      },
      {
        "lineNumber": 115,
        "author": {
          "gitId": "zsk612"
        },
        "content": "    public static void executeEventCommand(ArrayList\u003cTask\u003e storedTasks, String taskResponse)"
      },
      {
        "lineNumber": 116,
        "author": {
          "gitId": "zsk612"
        },
        "content": "            throws WrongCommandFormatException {"
      },
      {
        "lineNumber": 117,
        "author": {
          "gitId": "zsk612"
        },
        "content": ""
      },
      {
        "lineNumber": 118,
        "author": {
          "gitId": "zsk612"
        },
        "content": "        if(!taskResponse.contains(EVENT_CMD_SEPARATOR)) {"
      },
      {
        "lineNumber": 119,
        "author": {
          "gitId": "zsk612"
        },
        "content": "            throw new WrongCommandFormatException();"
      },
      {
        "lineNumber": 120,
        "author": {
          "gitId": "zsk612"
        },
        "content": "        }"
      },
      {
        "lineNumber": 121,
        "author": {
          "gitId": "zsk612"
        },
        "content": ""
      },
      {
        "lineNumber": 122,
        "author": {
          "gitId": "zsk612"
        },
        "content": "        try {"
      },
      {
        "lineNumber": 123,
        "author": {
          "gitId": "zsk612"
        },
        "content": "            String [] arrOfTaskAndTime \u003d extractWords(taskResponse);"
      },
      {
        "lineNumber": 124,
        "author": {
          "gitId": "zsk612"
        },
        "content": "            addEvent(storedTasks, arrOfTaskAndTime);"
      },
      {
        "lineNumber": 125,
        "author": {
          "gitId": "zsk612"
        },
        "content": "        } catch (NoTaskNameException e) {"
      },
      {
        "lineNumber": 126,
        "author": {
          "gitId": "zsk612"
        },
        "content": "            printSpecifyNameWarning();"
      },
      {
        "lineNumber": 127,
        "author": {
          "gitId": "zsk612"
        },
        "content": "        } catch (NoTaskTimeException | IndexOutOfBoundsException e) {"
      },
      {
        "lineNumber": 128,
        "author": {
          "gitId": "zsk612"
        },
        "content": "            printSpecifyTimeWarning();"
      },
      {
        "lineNumber": 129,
        "author": {
          "gitId": "zsk612"
        },
        "content": "        }"
      },
      {
        "lineNumber": 130,
        "author": {
          "gitId": "zsk612"
        },
        "content": "    }"
      },
      {
        "lineNumber": 131,
        "author": {
          "gitId": "zsk612"
        },
        "content": ""
      },
      {
        "lineNumber": 132,
        "author": {
          "gitId": "zsk612"
        },
        "content": "    public static void executeDeadlineCommand(ArrayList\u003cTask\u003e storedTasks, String taskResponse)"
      },
      {
        "lineNumber": 133,
        "author": {
          "gitId": "zsk612"
        },
        "content": "            throws WrongCommandFormatException {"
      },
      {
        "lineNumber": 134,
        "author": {
          "gitId": "zsk612"
        },
        "content": ""
      },
      {
        "lineNumber": 135,
        "author": {
          "gitId": "zsk612"
        },
        "content": "        if(!taskResponse.contains(DDL_CMD_SEPARATOR)) {"
      },
      {
        "lineNumber": 136,
        "author": {
          "gitId": "zsk612"
        },
        "content": "            throw new WrongCommandFormatException();"
      },
      {
        "lineNumber": 137,
        "author": {
          "gitId": "zsk612"
        },
        "content": "        }"
      },
      {
        "lineNumber": 138,
        "author": {
          "gitId": "zsk612"
        },
        "content": ""
      },
      {
        "lineNumber": 139,
        "author": {
          "gitId": "zsk612"
        },
        "content": "        try {"
      },
      {
        "lineNumber": 140,
        "author": {
          "gitId": "zsk612"
        },
        "content": "            String [] arrOfTaskAndTime \u003d extractWords(taskResponse);"
      },
      {
        "lineNumber": 141,
        "author": {
          "gitId": "zsk612"
        },
        "content": "            addDeadline(storedTasks, arrOfTaskAndTime);"
      },
      {
        "lineNumber": 142,
        "author": {
          "gitId": "zsk612"
        },
        "content": "        } catch (NoTaskNameException e) {"
      },
      {
        "lineNumber": 143,
        "author": {
          "gitId": "zsk612"
        },
        "content": "            printSpecifyNameWarning();"
      },
      {
        "lineNumber": 144,
        "author": {
          "gitId": "zsk612"
        },
        "content": "        } catch (NoTaskTimeException | IndexOutOfBoundsException e) {"
      },
      {
        "lineNumber": 145,
        "author": {
          "gitId": "zsk612"
        },
        "content": "            printSpecifyTimeWarning();"
      },
      {
        "lineNumber": 146,
        "author": {
          "gitId": "zsk612"
        },
        "content": "        }"
      },
      {
        "lineNumber": 147,
        "author": {
          "gitId": "zsk612"
        },
        "content": "    }"
      },
      {
        "lineNumber": 148,
        "author": {
          "gitId": "zsk612"
        },
        "content": ""
      },
      {
        "lineNumber": 149,
        "author": {
          "gitId": "zsk612"
        },
        "content": "    public static void executeDoneCommand(ArrayList\u003cTask\u003e storedTasks, String[] commands) {"
      },
      {
        "lineNumber": 150,
        "author": {
          "gitId": "zsk612"
        },
        "content": ""
      },
      {
        "lineNumber": 151,
        "author": {
          "gitId": "zsk612"
        },
        "content": "        try {"
      },
      {
        "lineNumber": 152,
        "author": {
          "gitId": "zsk612"
        },
        "content": "            String doneIndex \u003d commands[1].trim();"
      },
      {
        "lineNumber": 153,
        "author": {
          "gitId": "zsk612"
        },
        "content": "            int taskNumber \u003d Integer.parseInt(doneIndex);"
      },
      {
        "lineNumber": 154,
        "author": {
          "gitId": "zsk612"
        },
        "content": "            storedTasks.get(taskNumber - 1).setDone();"
      },
      {
        "lineNumber": 155,
        "author": {
          "gitId": "zsk612"
        },
        "content": "            executeListCommand(storedTasks);"
      },
      {
        "lineNumber": 156,
        "author": {
          "gitId": "zsk612"
        },
        "content": "        } catch (IndexOutOfBoundsException | NumberFormatException e){"
      },
      {
        "lineNumber": 157,
        "author": {
          "gitId": "zsk612"
        },
        "content": "            printIllegalDoneIndexWarning();"
      },
      {
        "lineNumber": 158,
        "author": {
          "gitId": "zsk612"
        },
        "content": "        }"
      },
      {
        "lineNumber": 159,
        "author": {
          "gitId": "zsk612"
        },
        "content": "    }"
      },
      {
        "lineNumber": 160,
        "author": {
          "gitId": "zsk612"
        },
        "content": ""
      },
      {
        "lineNumber": 161,
        "author": {
          "gitId": "zsk612"
        },
        "content": "    public static void executeTodoCommand(ArrayList\u003cTask\u003e storedTasks, String[] commands) {"
      },
      {
        "lineNumber": 162,
        "author": {
          "gitId": "zsk612"
        },
        "content": ""
      },
      {
        "lineNumber": 163,
        "author": {
          "gitId": "zsk612"
        },
        "content": "        try{"
      },
      {
        "lineNumber": 164,
        "author": {
          "gitId": "zsk612"
        },
        "content": "            String todoTask \u003d commands[1].trim();"
      },
      {
        "lineNumber": 165,
        "author": {
          "gitId": "zsk612"
        },
        "content": "            Todo t \u003d new Todo(todoTask);"
      },
      {
        "lineNumber": 166,
        "author": {
          "gitId": "zsk612"
        },
        "content": "            storedTasks.add(t);"
      },
      {
        "lineNumber": 167,
        "author": {
          "gitId": "zsk612"
        },
        "content": "            displayCurrentTask(storedTasks);"
      },
      {
        "lineNumber": 168,
        "author": {
          "gitId": "zsk612"
        },
        "content": "        } catch (IndexOutOfBoundsException e) {"
      },
      {
        "lineNumber": 169,
        "author": {
          "gitId": "zsk612"
        },
        "content": "            printSpecifyNameWarning();"
      },
      {
        "lineNumber": 170,
        "author": {
          "gitId": "zsk612"
        },
        "content": "        }"
      },
      {
        "lineNumber": 171,
        "author": {
          "gitId": "zsk612"
        },
        "content": ""
      },
      {
        "lineNumber": 172,
        "author": {
          "gitId": "zsk612"
        },
        "content": ""
      },
      {
        "lineNumber": 173,
        "author": {
          "gitId": "zsk612"
        },
        "content": "    }"
      },
      {
        "lineNumber": 174,
        "author": {
          "gitId": "zsk612"
        },
        "content": ""
      },
      {
        "lineNumber": 175,
        "author": {
          "gitId": "zsk612"
        },
        "content": "    public static void displayFormat(ArrayList\u003cTask\u003e storedTasks)"
      },
      {
        "lineNumber": 176,
        "author": {
          "gitId": "zsk612"
        },
        "content": "            throws NoTaskException {"
      },
      {
        "lineNumber": 177,
        "author": {
          "gitId": "zsk612"
        },
        "content": ""
      },
      {
        "lineNumber": 178,
        "author": {
          "gitId": "zsk612"
        },
        "content": "        if(storedTasks.isEmpty()) {"
      },
      {
        "lineNumber": 179,
        "author": {
          "gitId": "zsk612"
        },
        "content": "            throw new NoTaskException();"
      },
      {
        "lineNumber": 180,
        "author": {
          "gitId": "zsk612"
        },
        "content": "        }"
      },
      {
        "lineNumber": 181,
        "author": {
          "gitId": "zsk612"
        },
        "content": ""
      },
      {
        "lineNumber": 182,
        "author": {
          "gitId": "zsk612"
        },
        "content": "        System.out.println(HORIZONTAL_LINE + LIST_DISPLAY_MESSAGE);"
      },
      {
        "lineNumber": 183,
        "author": {
          "gitId": "zsk612"
        },
        "content": "        displayTasks(storedTasks);"
      },
      {
        "lineNumber": 184,
        "author": {
          "gitId": "zsk612"
        },
        "content": "        System.out.print(HORIZONTAL_LINE);"
      },
      {
        "lineNumber": 185,
        "author": {
          "gitId": "zsk612"
        },
        "content": "    }"
      },
      {
        "lineNumber": 186,
        "author": {
          "gitId": "zsk612"
        },
        "content": ""
      },
      {
        "lineNumber": 187,
        "author": {
          "gitId": "zsk612"
        },
        "content": "    public static void displayTasks(ArrayList\u003cTask\u003e storedTasks) {"
      },
      {
        "lineNumber": 188,
        "author": {
          "gitId": "zsk612"
        },
        "content": ""
      },
      {
        "lineNumber": 189,
        "author": {
          "gitId": "zsk612"
        },
        "content": "        int numOfInfo \u003d 1;"
      },
      {
        "lineNumber": 190,
        "author": {
          "gitId": "zsk612"
        },
        "content": ""
      },
      {
        "lineNumber": 191,
        "author": {
          "gitId": "zsk612"
        },
        "content": "        for(Task storedTask : storedTasks) {"
      },
      {
        "lineNumber": 192,
        "author": {
          "gitId": "zsk612"
        },
        "content": "            System.out.println(numOfInfo + \". \" + storedTask.toString());"
      },
      {
        "lineNumber": 193,
        "author": {
          "gitId": "zsk612"
        },
        "content": "            numOfInfo++;"
      },
      {
        "lineNumber": 194,
        "author": {
          "gitId": "zsk612"
        },
        "content": "        }"
      },
      {
        "lineNumber": 195,
        "author": {
          "gitId": "zsk612"
        },
        "content": "    }"
      },
      {
        "lineNumber": 196,
        "author": {
          "gitId": "zsk612"
        },
        "content": ""
      },
      {
        "lineNumber": 197,
        "author": {
          "gitId": "zsk612"
        },
        "content": "    public static void displayCurrentTask(ArrayList\u003cTask\u003e storedTasks) {"
      },
      {
        "lineNumber": 198,
        "author": {
          "gitId": "zsk612"
        },
        "content": ""
      },
      {
        "lineNumber": 199,
        "author": {
          "gitId": "zsk612"
        },
        "content": "        System.out.println(HORIZONTAL_LINE + MESSAGE_RECEIVED_MESSAGE);"
      },
      {
        "lineNumber": 200,
        "author": {
          "gitId": "zsk612"
        },
        "content": "        try {"
      },
      {
        "lineNumber": 201,
        "author": {
          "gitId": "zsk612"
        },
        "content": "            System.out.println(\"\\t\" + storedTasks.get(storedTasks.size() - 1).toString());"
      },
      {
        "lineNumber": 202,
        "author": {
          "gitId": "zsk612"
        },
        "content": "            System.out.println(\"Now you have \" + storedTasks.size() + \" task\""
      },
      {
        "lineNumber": 203,
        "author": {
          "gitId": "zsk612"
        },
        "content": "                    + ((storedTasks.size() \u003e 1) ? \"s\" : \"\"));"
      },
      {
        "lineNumber": 204,
        "author": {
          "gitId": "zsk612"
        },
        "content": "        } catch (IndexOutOfBoundsException e) {"
      },
      {
        "lineNumber": 205,
        "author": {
          "gitId": "zsk612"
        },
        "content": "            printNoTaskWarning();"
      },
      {
        "lineNumber": 206,
        "author": {
          "gitId": "zsk612"
        },
        "content": "        }"
      },
      {
        "lineNumber": 207,
        "author": {
          "gitId": "zsk612"
        },
        "content": "        System.out.print(HORIZONTAL_LINE);"
      },
      {
        "lineNumber": 208,
        "author": {
          "gitId": "zsk612"
        },
        "content": "    }"
      },
      {
        "lineNumber": 209,
        "author": {
          "gitId": "zsk612"
        },
        "content": ""
      },
      {
        "lineNumber": 210,
        "author": {
          "gitId": "zsk612"
        },
        "content": "    public static String[] extractWords(String response)"
      },
      {
        "lineNumber": 211,
        "author": {
          "gitId": "zsk612"
        },
        "content": "            throws NoTaskTimeException, NoTaskNameException {"
      },
      {
        "lineNumber": 212,
        "author": {
          "gitId": "zsk612"
        },
        "content": ""
      },
      {
        "lineNumber": 213,
        "author": {
          "gitId": "zsk612"
        },
        "content": "        int endIndexOfTask \u003d (response.contains(\"/\")) ?"
      },
      {
        "lineNumber": 214,
        "author": {
          "gitId": "zsk612"
        },
        "content": "                response.indexOf(\"/\") : response.length();"
      },
      {
        "lineNumber": 215,
        "author": {
          "gitId": "zsk612"
        },
        "content": "        int beginIndexOfTask \u003d response.indexOf(\" \");"
      },
      {
        "lineNumber": 216,
        "author": {
          "gitId": "zsk612"
        },
        "content": ""
      },
      {
        "lineNumber": 217,
        "author": {
          "gitId": "zsk612"
        },
        "content": "        String taskName \u003d response.substring(beginIndexOfTask, endIndexOfTask).trim();"
      },
      {
        "lineNumber": 218,
        "author": {
          "gitId": "zsk612"
        },
        "content": ""
      },
      {
        "lineNumber": 219,
        "author": {
          "gitId": "zsk612"
        },
        "content": "        String taskTime \u003d response.substring(endIndexOfTask).split(\" \", 2)[1];"
      },
      {
        "lineNumber": 220,
        "author": {
          "gitId": "zsk612"
        },
        "content": ""
      },
      {
        "lineNumber": 221,
        "author": {
          "gitId": "zsk612"
        },
        "content": "        if (taskTime.isEmpty()) {"
      },
      {
        "lineNumber": 222,
        "author": {
          "gitId": "zsk612"
        },
        "content": "            throw new NoTaskTimeException();"
      },
      {
        "lineNumber": 223,
        "author": {
          "gitId": "zsk612"
        },
        "content": "        } else if (taskName.isEmpty()) {"
      },
      {
        "lineNumber": 224,
        "author": {
          "gitId": "zsk612"
        },
        "content": "            throw new NoTaskNameException();"
      },
      {
        "lineNumber": 225,
        "author": {
          "gitId": "zsk612"
        },
        "content": "        }"
      },
      {
        "lineNumber": 226,
        "author": {
          "gitId": "zsk612"
        },
        "content": ""
      },
      {
        "lineNumber": 227,
        "author": {
          "gitId": "zsk612"
        },
        "content": "        return new String[]{taskName, taskTime};"
      },
      {
        "lineNumber": 228,
        "author": {
          "gitId": "zsk612"
        },
        "content": "    }"
      },
      {
        "lineNumber": 229,
        "author": {
          "gitId": "zsk612"
        },
        "content": ""
      },
      {
        "lineNumber": 230,
        "author": {
          "gitId": "zsk612"
        },
        "content": "    public static void addDeadline(ArrayList\u003cTask\u003e storedTasks, String[] arrOfTaskAndTime) {"
      },
      {
        "lineNumber": 231,
        "author": {
          "gitId": "zsk612"
        },
        "content": ""
      },
      {
        "lineNumber": 232,
        "author": {
          "gitId": "zsk612"
        },
        "content": "        Deadline t \u003d new Deadline(arrOfTaskAndTime[0], arrOfTaskAndTime[1]);"
      },
      {
        "lineNumber": 233,
        "author": {
          "gitId": "zsk612"
        },
        "content": "        storedTasks.add(t);"
      },
      {
        "lineNumber": 234,
        "author": {
          "gitId": "zsk612"
        },
        "content": "        displayCurrentTask(storedTasks);"
      },
      {
        "lineNumber": 235,
        "author": {
          "gitId": "zsk612"
        },
        "content": "    }"
      },
      {
        "lineNumber": 236,
        "author": {
          "gitId": "zsk612"
        },
        "content": ""
      },
      {
        "lineNumber": 237,
        "author": {
          "gitId": "zsk612"
        },
        "content": "    public static void addEvent(ArrayList\u003cTask\u003e storedTasks, String[] arrOfTaskAndTime) {"
      },
      {
        "lineNumber": 238,
        "author": {
          "gitId": "zsk612"
        },
        "content": ""
      },
      {
        "lineNumber": 239,
        "author": {
          "gitId": "zsk612"
        },
        "content": "        Event t \u003d new Event(arrOfTaskAndTime[0], arrOfTaskAndTime[1]);"
      },
      {
        "lineNumber": 240,
        "author": {
          "gitId": "zsk612"
        },
        "content": "        storedTasks.add(t);"
      },
      {
        "lineNumber": 241,
        "author": {
          "gitId": "zsk612"
        },
        "content": "        displayCurrentTask(storedTasks);"
      },
      {
        "lineNumber": 242,
        "author": {
          "gitId": "zsk612"
        },
        "content": "    }"
      },
      {
        "lineNumber": 243,
        "author": {
          "gitId": "zsk612"
        },
        "content": ""
      },
      {
        "lineNumber": 244,
        "author": {
          "gitId": "zsk612"
        },
        "content": "    public static void printIllegalCommandWarning() {"
      },
      {
        "lineNumber": 245,
        "author": {
          "gitId": "zsk612"
        },
        "content": ""
      },
      {
        "lineNumber": 246,
        "author": {
          "gitId": "zsk612"
        },
        "content": "        System.out.print(HORIZONTAL_LINE + ILLEGAL_CMD_WARNING + HORIZONTAL_LINE);"
      },
      {
        "lineNumber": 247,
        "author": {
          "gitId": "zsk612"
        },
        "content": "    }"
      },
      {
        "lineNumber": 248,
        "author": {
          "gitId": "zsk612"
        },
        "content": ""
      },
      {
        "lineNumber": 249,
        "author": {
          "gitId": "zsk612"
        },
        "content": "    public static void printIllegalDoneIndexWarning() {"
      },
      {
        "lineNumber": 250,
        "author": {
          "gitId": "zsk612"
        },
        "content": ""
      },
      {
        "lineNumber": 251,
        "author": {
          "gitId": "zsk612"
        },
        "content": "        System.out.print(HORIZONTAL_LINE + ILLEGAL_DONE_INDEX_WARNING + HORIZONTAL_LINE);"
      },
      {
        "lineNumber": 252,
        "author": {
          "gitId": "zsk612"
        },
        "content": "    }"
      },
      {
        "lineNumber": 253,
        "author": {
          "gitId": "zsk612"
        },
        "content": ""
      },
      {
        "lineNumber": 254,
        "author": {
          "gitId": "zsk612"
        },
        "content": "    public static void printNoTaskWarning() {"
      },
      {
        "lineNumber": 255,
        "author": {
          "gitId": "zsk612"
        },
        "content": ""
      },
      {
        "lineNumber": 256,
        "author": {
          "gitId": "zsk612"
        },
        "content": "        System.out.print(HORIZONTAL_LINE + NO_TASK_WARNING + HORIZONTAL_LINE);"
      },
      {
        "lineNumber": 257,
        "author": {
          "gitId": "zsk612"
        },
        "content": "    }"
      },
      {
        "lineNumber": 258,
        "author": {
          "gitId": "zsk612"
        },
        "content": ""
      },
      {
        "lineNumber": 259,
        "author": {
          "gitId": "zsk612"
        },
        "content": "    public static void printWrongEventCommandWarning() {"
      },
      {
        "lineNumber": 260,
        "author": {
          "gitId": "zsk612"
        },
        "content": ""
      },
      {
        "lineNumber": 261,
        "author": {
          "gitId": "zsk612"
        },
        "content": "        System.out.print(HORIZONTAL_LINE + WRONG_EVENT_COMMAND_WARNING + HORIZONTAL_LINE);"
      },
      {
        "lineNumber": 262,
        "author": {
          "gitId": "zsk612"
        },
        "content": "    }"
      },
      {
        "lineNumber": 263,
        "author": {
          "gitId": "zsk612"
        },
        "content": ""
      },
      {
        "lineNumber": 264,
        "author": {
          "gitId": "zsk612"
        },
        "content": "    public static void printWrongDeadlineCommandWarning() {"
      },
      {
        "lineNumber": 265,
        "author": {
          "gitId": "zsk612"
        },
        "content": ""
      },
      {
        "lineNumber": 266,
        "author": {
          "gitId": "zsk612"
        },
        "content": "        System.out.print(HORIZONTAL_LINE + WRONG_DDL_COMMAND_WARNING + HORIZONTAL_LINE);"
      },
      {
        "lineNumber": 267,
        "author": {
          "gitId": "zsk612"
        },
        "content": "    }"
      },
      {
        "lineNumber": 268,
        "author": {
          "gitId": "zsk612"
        },
        "content": ""
      },
      {
        "lineNumber": 269,
        "author": {
          "gitId": "zsk612"
        },
        "content": "    public static void printSpecifyTimeWarning() {"
      },
      {
        "lineNumber": 270,
        "author": {
          "gitId": "zsk612"
        },
        "content": ""
      },
      {
        "lineNumber": 271,
        "author": {
          "gitId": "zsk612"
        },
        "content": "        System.out.print(HORIZONTAL_LINE + SPECIFY_TASK_TIME_WARNING + HORIZONTAL_LINE);"
      },
      {
        "lineNumber": 272,
        "author": {
          "gitId": "zsk612"
        },
        "content": "    }"
      },
      {
        "lineNumber": 273,
        "author": {
          "gitId": "zsk612"
        },
        "content": ""
      },
      {
        "lineNumber": 274,
        "author": {
          "gitId": "zsk612"
        },
        "content": "    public static void printSpecifyNameWarning() {"
      },
      {
        "lineNumber": 275,
        "author": {
          "gitId": "zsk612"
        },
        "content": ""
      },
      {
        "lineNumber": 276,
        "author": {
          "gitId": "zsk612"
        },
        "content": "        System.out.print(HORIZONTAL_LINE + SPECIFY_TASK_NAME_WARNING + HORIZONTAL_LINE);"
      },
      {
        "lineNumber": 277,
        "author": {
          "gitId": "-"
        },
        "content": "    }"
      },
      {
        "lineNumber": 278,
        "author": {
          "gitId": "-"
        },
        "content": "}"
      }
    ],
    "authorContributionMap": {
      "zsk612": 274,
      "-": 4
    }
  },
  {
    "path": "src/main/java/exceptions/NoTaskException.java",
    "fileType": "java",
    "lines": [
      {
        "lineNumber": 1,
        "author": {
          "gitId": "zsk612"
        },
        "content": "package src.main.java.exceptions;"
      },
      {
        "lineNumber": 2,
        "author": {
          "gitId": "zsk612"
        },
        "content": ""
      },
      {
        "lineNumber": 3,
        "author": {
          "gitId": "zsk612"
        },
        "content": "public class NoTaskException extends Exception {"
      },
      {
        "lineNumber": 4,
        "author": {
          "gitId": "zsk612"
        },
        "content": "}"
      }
    ],
    "authorContributionMap": {
      "zsk612": 4
    }
  },
  {
    "path": "src/main/java/exceptions/NoTaskNameException.java",
    "fileType": "java",
    "lines": [
      {
        "lineNumber": 1,
        "author": {
          "gitId": "zsk612"
        },
        "content": "package src.main.java.exceptions;"
      },
      {
        "lineNumber": 2,
        "author": {
          "gitId": "zsk612"
        },
        "content": ""
      },
      {
        "lineNumber": 3,
        "author": {
          "gitId": "zsk612"
        },
        "content": "public class NoTaskNameException extends Exception {"
      },
      {
        "lineNumber": 4,
        "author": {
          "gitId": "zsk612"
        },
        "content": ""
      },
      {
        "lineNumber": 5,
        "author": {
          "gitId": "zsk612"
        },
        "content": "}"
      }
    ],
    "authorContributionMap": {
      "zsk612": 5
    }
  },
  {
    "path": "src/main/java/exceptions/NoTaskTimeException.java",
    "fileType": "java",
    "lines": [
      {
        "lineNumber": 1,
        "author": {
          "gitId": "zsk612"
        },
        "content": "package src.main.java.exceptions;"
      },
      {
        "lineNumber": 2,
        "author": {
          "gitId": "zsk612"
        },
        "content": ""
      },
      {
        "lineNumber": 3,
        "author": {
          "gitId": "zsk612"
        },
        "content": "public class NoTaskTimeException extends Exception{"
      },
      {
        "lineNumber": 4,
        "author": {
          "gitId": "zsk612"
        },
        "content": "}"
      }
    ],
    "authorContributionMap": {
      "zsk612": 4
    }
  },
  {
    "path": "src/main/java/exceptions/WrongCommandFormatException.java",
    "fileType": "java",
    "lines": [
      {
        "lineNumber": 1,
        "author": {
          "gitId": "zsk612"
        },
        "content": "package src.main.java.exceptions;"
      },
      {
        "lineNumber": 2,
        "author": {
          "gitId": "zsk612"
        },
        "content": ""
      },
      {
        "lineNumber": 3,
        "author": {
          "gitId": "zsk612"
        },
        "content": "public class WrongCommandFormatException extends Exception {"
      },
      {
        "lineNumber": 4,
        "author": {
          "gitId": "zsk612"
        },
        "content": "}"
      }
    ],
    "authorContributionMap": {
      "zsk612": 4
    }
  },
  {
    "path": "src/main/java/tasktypes/Deadline.java",
    "fileType": "java",
    "lines": [
      {
        "lineNumber": 1,
        "author": {
          "gitId": "zsk612"
        },
        "content": "package src.main.java.tasktypes;"
      },
      {
        "lineNumber": 2,
        "author": {
          "gitId": "zsk612"
        },
        "content": ""
      },
      {
        "lineNumber": 3,
        "author": {
          "gitId": "zsk612"
        },
        "content": "import src.main.java.tasktypes.Task;"
      },
      {
        "lineNumber": 4,
        "author": {
          "gitId": "zsk612"
        },
        "content": ""
      },
      {
        "lineNumber": 5,
        "author": {
          "gitId": "zsk612"
        },
        "content": "public class Deadline extends Task {"
      },
      {
        "lineNumber": 6,
        "author": {
          "gitId": "zsk612"
        },
        "content": ""
      },
      {
        "lineNumber": 7,
        "author": {
          "gitId": "zsk612"
        },
        "content": "    protected String by;"
      },
      {
        "lineNumber": 8,
        "author": {
          "gitId": "zsk612"
        },
        "content": ""
      },
      {
        "lineNumber": 9,
        "author": {
          "gitId": "zsk612"
        },
        "content": "    public Deadline(String description, String by) {"
      },
      {
        "lineNumber": 10,
        "author": {
          "gitId": "zsk612"
        },
        "content": ""
      },
      {
        "lineNumber": 11,
        "author": {
          "gitId": "zsk612"
        },
        "content": "        super(description);"
      },
      {
        "lineNumber": 12,
        "author": {
          "gitId": "zsk612"
        },
        "content": "        this.by \u003d by;"
      },
      {
        "lineNumber": 13,
        "author": {
          "gitId": "zsk612"
        },
        "content": "    }"
      },
      {
        "lineNumber": 14,
        "author": {
          "gitId": "zsk612"
        },
        "content": ""
      },
      {
        "lineNumber": 15,
        "author": {
          "gitId": "zsk612"
        },
        "content": "    @Override"
      },
      {
        "lineNumber": 16,
        "author": {
          "gitId": "zsk612"
        },
        "content": "    public String toString() {"
      },
      {
        "lineNumber": 17,
        "author": {
          "gitId": "zsk612"
        },
        "content": ""
      },
      {
        "lineNumber": 18,
        "author": {
          "gitId": "zsk612"
        },
        "content": "        return \"[D]\" + super.toString() + \" (by: \" + by + \")\";"
      },
      {
        "lineNumber": 19,
        "author": {
          "gitId": "zsk612"
        },
        "content": "    }"
      },
      {
        "lineNumber": 20,
        "author": {
          "gitId": "zsk612"
        },
        "content": "}"
      }
    ],
    "authorContributionMap": {
      "zsk612": 20
    }
  },
  {
    "path": "src/main/java/tasktypes/Event.java",
    "fileType": "java",
    "lines": [
      {
        "lineNumber": 1,
        "author": {
          "gitId": "zsk612"
        },
        "content": "package src.main.java.tasktypes;"
      },
      {
        "lineNumber": 2,
        "author": {
          "gitId": "zsk612"
        },
        "content": ""
      },
      {
        "lineNumber": 3,
        "author": {
          "gitId": "zsk612"
        },
        "content": "public class Event extends Task {"
      },
      {
        "lineNumber": 4,
        "author": {
          "gitId": "zsk612"
        },
        "content": ""
      },
      {
        "lineNumber": 5,
        "author": {
          "gitId": "zsk612"
        },
        "content": "    protected String at;"
      },
      {
        "lineNumber": 6,
        "author": {
          "gitId": "zsk612"
        },
        "content": ""
      },
      {
        "lineNumber": 7,
        "author": {
          "gitId": "zsk612"
        },
        "content": "    public Event(String description, String at) {"
      },
      {
        "lineNumber": 8,
        "author": {
          "gitId": "zsk612"
        },
        "content": ""
      },
      {
        "lineNumber": 9,
        "author": {
          "gitId": "zsk612"
        },
        "content": "        super(description);"
      },
      {
        "lineNumber": 10,
        "author": {
          "gitId": "zsk612"
        },
        "content": "        this.at \u003d at;"
      },
      {
        "lineNumber": 11,
        "author": {
          "gitId": "zsk612"
        },
        "content": "    }"
      },
      {
        "lineNumber": 12,
        "author": {
          "gitId": "zsk612"
        },
        "content": ""
      },
      {
        "lineNumber": 13,
        "author": {
          "gitId": "zsk612"
        },
        "content": "    @Override"
      },
      {
        "lineNumber": 14,
        "author": {
          "gitId": "zsk612"
        },
        "content": "    public String toString() {"
      },
      {
        "lineNumber": 15,
        "author": {
          "gitId": "zsk612"
        },
        "content": ""
      },
      {
        "lineNumber": 16,
        "author": {
          "gitId": "zsk612"
        },
        "content": "        return \"[E]\" + super.toString() + \" (at: \" + at + \")\";"
      },
      {
        "lineNumber": 17,
        "author": {
          "gitId": "zsk612"
        },
        "content": "    }"
      },
      {
        "lineNumber": 18,
        "author": {
          "gitId": "zsk612"
        },
        "content": "}"
      },
      {
        "lineNumber": 19,
        "author": {
          "gitId": "zsk612"
        },
        "content": ""
      }
    ],
    "authorContributionMap": {
      "zsk612": 19
    }
  },
  {
    "path": "src/main/java/tasktypes/Task.java",
    "fileType": "java",
    "lines": [
      {
        "lineNumber": 1,
        "author": {
          "gitId": "zsk612"
        },
        "content": "package src.main.java.tasktypes;"
      },
      {
        "lineNumber": 2,
        "author": {
          "gitId": "zsk612"
        },
        "content": ""
      },
      {
        "lineNumber": 3,
        "author": {
          "gitId": "zsk612"
        },
        "content": "public class Task {"
      },
      {
        "lineNumber": 4,
        "author": {
          "gitId": "zsk612"
        },
        "content": ""
      },
      {
        "lineNumber": 5,
        "author": {
          "gitId": "zsk612"
        },
        "content": "    protected String description;"
      },
      {
        "lineNumber": 6,
        "author": {
          "gitId": "zsk612"
        },
        "content": "    protected boolean isDone;"
      },
      {
        "lineNumber": 7,
        "author": {
          "gitId": "zsk612"
        },
        "content": ""
      },
      {
        "lineNumber": 8,
        "author": {
          "gitId": "zsk612"
        },
        "content": "    public Task(String description) {"
      },
      {
        "lineNumber": 9,
        "author": {
          "gitId": "zsk612"
        },
        "content": ""
      },
      {
        "lineNumber": 10,
        "author": {
          "gitId": "zsk612"
        },
        "content": "        this.description \u003d description;"
      },
      {
        "lineNumber": 11,
        "author": {
          "gitId": "zsk612"
        },
        "content": "        this.isDone \u003d false;"
      },
      {
        "lineNumber": 12,
        "author": {
          "gitId": "zsk612"
        },
        "content": "    }"
      },
      {
        "lineNumber": 13,
        "author": {
          "gitId": "zsk612"
        },
        "content": ""
      },
      {
        "lineNumber": 14,
        "author": {
          "gitId": "zsk612"
        },
        "content": "    public void setDone() {"
      },
      {
        "lineNumber": 15,
        "author": {
          "gitId": "zsk612"
        },
        "content": ""
      },
      {
        "lineNumber": 16,
        "author": {
          "gitId": "zsk612"
        },
        "content": "        this.isDone \u003d true;"
      },
      {
        "lineNumber": 17,
        "author": {
          "gitId": "zsk612"
        },
        "content": "    }"
      },
      {
        "lineNumber": 18,
        "author": {
          "gitId": "zsk612"
        },
        "content": ""
      },
      {
        "lineNumber": 19,
        "author": {
          "gitId": "zsk612"
        },
        "content": "    //return tick or X symbols"
      },
      {
        "lineNumber": 20,
        "author": {
          "gitId": "zsk612"
        },
        "content": "    public String getStatusIcon() {"
      },
      {
        "lineNumber": 21,
        "author": {
          "gitId": "zsk612"
        },
        "content": ""
      },
      {
        "lineNumber": 22,
        "author": {
          "gitId": "zsk612"
        },
        "content": "        return (isDone ? \"\\u2713\" : \"\\u2718\");"
      },
      {
        "lineNumber": 23,
        "author": {
          "gitId": "zsk612"
        },
        "content": "    }"
      },
      {
        "lineNumber": 24,
        "author": {
          "gitId": "zsk612"
        },
        "content": ""
      },
      {
        "lineNumber": 25,
        "author": {
          "gitId": "zsk612"
        },
        "content": "    public String toString() {"
      },
      {
        "lineNumber": 26,
        "author": {
          "gitId": "zsk612"
        },
        "content": ""
      },
      {
        "lineNumber": 27,
        "author": {
          "gitId": "zsk612"
        },
        "content": "        return \"[\" + this.getStatusIcon() + \"] \" + this.description;"
      },
      {
        "lineNumber": 28,
        "author": {
          "gitId": "zsk612"
        },
        "content": "    }"
      },
      {
        "lineNumber": 29,
        "author": {
          "gitId": "zsk612"
        },
        "content": "}"
      }
    ],
    "authorContributionMap": {
      "zsk612": 29
    }
  },
  {
    "path": "src/main/java/tasktypes/Todo.java",
    "fileType": "java",
    "lines": [
      {
        "lineNumber": 1,
        "author": {
          "gitId": "zsk612"
        },
        "content": "package src.main.java.tasktypes;"
      },
      {
        "lineNumber": 2,
        "author": {
          "gitId": "zsk612"
        },
        "content": ""
      },
      {
        "lineNumber": 3,
        "author": {
          "gitId": "zsk612"
        },
        "content": "public class Todo extends Task {"
      },
      {
        "lineNumber": 4,
        "author": {
          "gitId": "zsk612"
        },
        "content": ""
      },
      {
        "lineNumber": 5,
        "author": {
          "gitId": "zsk612"
        },
        "content": "    protected boolean isDone;"
      },
      {
        "lineNumber": 6,
        "author": {
          "gitId": "zsk612"
        },
        "content": ""
      },
      {
        "lineNumber": 7,
        "author": {
          "gitId": "zsk612"
        },
        "content": "    public Todo(String description) {"
      },
      {
        "lineNumber": 8,
        "author": {
          "gitId": "zsk612"
        },
        "content": ""
      },
      {
        "lineNumber": 9,
        "author": {
          "gitId": "zsk612"
        },
        "content": "        super(description);"
      },
      {
        "lineNumber": 10,
        "author": {
          "gitId": "zsk612"
        },
        "content": "        this.isDone \u003d false;"
      },
      {
        "lineNumber": 11,
        "author": {
          "gitId": "zsk612"
        },
        "content": "    }"
      },
      {
        "lineNumber": 12,
        "author": {
          "gitId": "zsk612"
        },
        "content": ""
      },
      {
        "lineNumber": 13,
        "author": {
          "gitId": "zsk612"
        },
        "content": "    @Override"
      },
      {
        "lineNumber": 14,
        "author": {
          "gitId": "zsk612"
        },
        "content": "    public String toString() {"
      },
      {
        "lineNumber": 15,
        "author": {
          "gitId": "zsk612"
        },
        "content": ""
      },
      {
        "lineNumber": 16,
        "author": {
          "gitId": "zsk612"
        },
        "content": "        return \"[T]\" + super.toString();"
      },
      {
        "lineNumber": 17,
        "author": {
          "gitId": "zsk612"
        },
        "content": "    }"
      },
      {
        "lineNumber": 18,
        "author": {
          "gitId": "zsk612"
        },
        "content": "}"
      }
    ],
    "authorContributionMap": {
      "zsk612": 18
    }
  },
  {
    "path": "text-ui-test/input.txt",
    "fileType": "txt",
    "lines": [
      {
        "lineNumber": 1,
        "author": {
          "gitId": "zsk612"
        },
        "content": "todo have lunch"
      },
      {
        "lineNumber": 2,
        "author": {
          "gitId": "zsk612"
        },
        "content": "done 1"
      },
      {
        "lineNumber": 3,
        "author": {
          "gitId": "zsk612"
        },
        "content": "todo go hiking"
      },
      {
        "lineNumber": 4,
        "author": {
          "gitId": "zsk612"
        },
        "content": "list"
      },
      {
        "lineNumber": 5,
        "author": {
          "gitId": "zsk612"
        },
        "content": "done 3"
      },
      {
        "lineNumber": 6,
        "author": {
          "gitId": "zsk612"
        },
        "content": "done 2"
      },
      {
        "lineNumber": 7,
        "author": {
          "gitId": "zsk612"
        },
        "content": "deadline do French homework"
      },
      {
        "lineNumber": 8,
        "author": {
          "gitId": "zsk612"
        },
        "content": "deadline do French homework /by next Tuesday"
      },
      {
        "lineNumber": 9,
        "author": {
          "gitId": "zsk612"
        },
        "content": "list"
      },
      {
        "lineNumber": 10,
        "author": {
          "gitId": "zsk612"
        },
        "content": "event Zoom meeting"
      },
      {
        "lineNumber": 11,
        "author": {
          "gitId": "zsk612"
        },
        "content": "event Zoom meeting /at tomorrow afternoon"
      },
      {
        "lineNumber": 12,
        "author": {
          "gitId": "zsk612"
        },
        "content": "done 4"
      },
      {
        "lineNumber": 13,
        "author": {
          "gitId": "zsk612"
        },
        "content": "list"
      },
      {
        "lineNumber": 14,
        "author": {
          "gitId": "zsk612"
        },
        "content": "bye"
      },
      {
        "lineNumber": 15,
        "author": {
          "gitId": "zsk612"
        },
        "content": ""
      },
      {
        "lineNumber": 16,
        "author": {
          "gitId": "zsk612"
        },
        "content": ""
      },
      {
        "lineNumber": 17,
        "author": {
          "gitId": "zsk612"
        },
        "content": "todo Answer CS2113 tutorial questions"
      },
      {
        "lineNumber": 18,
        "author": {
          "gitId": "zsk612"
        },
        "content": "event CS2113 tutorial /at Friday 11am"
      },
      {
        "lineNumber": 19,
        "author": {
          "gitId": "zsk612"
        },
        "content": "deadline Submit TP direction on Teammates /by Next Week"
      },
      {
        "lineNumber": 20,
        "author": {
          "gitId": "zsk612"
        },
        "content": "todo Complete code review"
      },
      {
        "lineNumber": 21,
        "author": {
          "gitId": "zsk612"
        },
        "content": "list"
      },
      {
        "lineNumber": 22,
        "author": {
          "gitId": "zsk612"
        },
        "content": "done 2"
      },
      {
        "lineNumber": 23,
        "author": {
          "gitId": "zsk612"
        },
        "content": "list"
      },
      {
        "lineNumber": 24,
        "author": {
          "gitId": "zsk612"
        },
        "content": ""
      }
    ],
    "authorContributionMap": {
      "zsk612": 24
    }
  },
  {
    "path": "text-ui-test/runtest.bat",
    "fileType": "bat",
    "lines": [
      {
        "lineNumber": 1,
        "author": {
          "gitId": "-"
        },
        "content": "@ECHO OFF"
      },
      {
        "lineNumber": 2,
        "author": {
          "gitId": "-"
        },
        "content": ""
      },
      {
        "lineNumber": 3,
        "author": {
          "gitId": "-"
        },
        "content": "REM create bin directory if it doesn\u0027t exist"
      },
      {
        "lineNumber": 4,
        "author": {
          "gitId": "-"
        },
        "content": "if not exist ..\\bin mkdir ..\\bin"
      },
      {
        "lineNumber": 5,
        "author": {
          "gitId": "-"
        },
        "content": ""
      },
      {
        "lineNumber": 6,
        "author": {
          "gitId": "-"
        },
        "content": "REM delete output from previous run"
      },
      {
        "lineNumber": 7,
        "author": {
          "gitId": "-"
        },
        "content": "del ACTUAL.TXT"
      },
      {
        "lineNumber": 8,
        "author": {
          "gitId": "-"
        },
        "content": ""
      },
      {
        "lineNumber": 9,
        "author": {
          "gitId": "-"
        },
        "content": "REM compile the code into the bin folder"
      },
      {
        "lineNumber": 10,
        "author": {
          "gitId": "zsk612"
        },
        "content": "javac  -cp ..\\src\\main\\java -Xlint:none -d ..\\bin ..\\src\\main\\java\\*.java"
      },
      {
        "lineNumber": 11,
        "author": {
          "gitId": "-"
        },
        "content": "IF ERRORLEVEL 1 ("
      },
      {
        "lineNumber": 12,
        "author": {
          "gitId": "-"
        },
        "content": "    echo ********** BUILD FAILURE **********"
      },
      {
        "lineNumber": 13,
        "author": {
          "gitId": "-"
        },
        "content": "    exit /b 1"
      },
      {
        "lineNumber": 14,
        "author": {
          "gitId": "-"
        },
        "content": ")"
      },
      {
        "lineNumber": 15,
        "author": {
          "gitId": "-"
        },
        "content": "REM no error here, errorlevel \u003d\u003d 0"
      },
      {
        "lineNumber": 16,
        "author": {
          "gitId": "-"
        },
        "content": ""
      },
      {
        "lineNumber": 17,
        "author": {
          "gitId": "-"
        },
        "content": "REM run the program, feed commands from input.txt file and redirect the output to the ACTUAL.TXT"
      },
      {
        "lineNumber": 18,
        "author": {
          "gitId": "zsk612"
        },
        "content": "java -Dfile.encoding\u003dUTF-8 -classpath ..\\bin Duke \u003c input.txt \u003e ACTUAL.TXT"
      },
      {
        "lineNumber": 19,
        "author": {
          "gitId": "-"
        },
        "content": ""
      },
      {
        "lineNumber": 20,
        "author": {
          "gitId": "-"
        },
        "content": "REM compare the output to the expected output"
      },
      {
        "lineNumber": 21,
        "author": {
          "gitId": "-"
        },
        "content": "FC ACTUAL.TXT EXPECTED.TXT"
      }
    ],
    "authorContributionMap": {
      "zsk612": 2,
      "-": 19
    }
  }
]
