{
  "authorDailyContributionsMap": {
    "thatseant": [
      {
        "date": "2020-08-15",
        "commitResults": [
          {
            "hash": "ccc4ff845cd44a8bdcabdb0ec321c111d84306a4",
            "messageTitle": "Add welcome messages (Level-0)",
            "messageBody": "Add welcome message and goodbye message before exiting.\n\nDuke exits before responding to any user input.\n",
            "fileTypesAndContributionMap": {
              "java": {
                "insertions": 3,
                "deletions": 0
              }
            }
          }
        ]
      },
      {
        "date": "2020-08-25",
        "commitResults": [
          {
            "hash": "7b913edf31884a22fe1c92b67defa9eb0962c931",
            "messageTitle": "Echoes commands entered by user",
            "messageBody": "",
            "tags": [
              "Level-1"
            ],
            "fileTypesAndContributionMap": {
              "java": {
                "insertions": 13,
                "deletions": 0
              }
            }
          },
          {
            "hash": "5d6840e7d9fe76b4ea017a660d0fc83ae2462571",
            "messageTitle": "Stores and displays user inputs when requested",
            "messageBody": "",
            "tags": [
              "Level-2"
            ],
            "fileTypesAndContributionMap": {
              "java": {
                "insertions": 14,
                "deletions": 4
              }
            }
          },
          {
            "hash": "4375925c54e2c45b363e31e6d80286e916d45840",
            "messageTitle": "Add task completion feature",
            "messageBody": "Done command followed by task number marks particular task as completed. List command now shows task status as well.\n\nUser inputs previously stored in String Array.\n\nThey are now stored as Tasks (new Task Class created). Tasks track completion status.\n",
            "tags": [
              "Level-3"
            ],
            "fileTypesAndContributionMap": {
              "java": {
                "insertions": 42,
                "deletions": 7
              }
            }
          }
        ]
      },
      {
        "date": "2020-08-31",
        "commitResults": [
          {
            "hash": "680d15d2f7a484ec4fd4b6061d38fe767416316f",
            "messageTitle": "Extracts commands implementation as methods",
            "messageBody": "displayList, markAsDone and addTask are new methods that implements Duke’s commands, previously done in main().\n\nnumberOfTasks now stored as class-level attribute in Tasks and not in Duke class.\n\ntoString method in Task Class prints status of task together with name.\n",
            "tags": [
              "A-CodingStandard"
            ],
            "fileTypesAndContributionMap": {
              "java": {
                "insertions": 53,
                "deletions": 28
              }
            }
          }
        ]
      },
      {
        "date": "2020-09-01",
        "commitResults": [
          {
            "hash": "97226a96716b165d23409431c16513f69e381050",
            "messageTitle": "Classes Event, Deadline, Todo inherits from Task",
            "messageBody": "addTask function in Duke takes note of taskType and creates corresponding Event, Deadline or Todo object.\n\ntoString method in classes overridden to include task type indicator and event date or deadline.\n",
            "tags": [
              "Level-4"
            ],
            "fileTypesAndContributionMap": {
              "java": {
                "insertions": 67,
                "deletions": 3
              }
            }
          },
          {
            "hash": "1e3635a94676d0e4806c6859860cdf1af624e853",
            "messageTitle": "Added Test Cases",
            "messageBody": "Move Task and its child classes to Task folder.\n\nAdded test cases in input.txt and ensures runtest.sh compiles with Task classes too.\n\nFix bug where event and deadline “by/at” only reads single word.\n",
            "tags": [
              "A-TextUiTesting"
            ],
            "fileTypesAndContributionMap": {
              "txt": {
                "insertions": 4,
                "deletions": 0
              },
              "java": {
                "insertions": 20,
                "deletions": 5
              },
              "sh": {
                "insertions": 1,
                "deletions": 1
              }
            }
          },
          {
            "hash": "a33ea88341a1d4fb92a4a58dfdc5ab8d94c5502f",
            "messageTitle": "Ensures SLAP and remove Magic Numbers",
            "messageBody": "SLAP - Command processing loop in Duke now uses Switch statement. Each case in Switch statment only does calling of functions.\n\nRemove Magic Numbers - Tasks array capacity defined as TASKS_CAPACITY.\n\nRegex in string splitting simplified.\n\nTest cases expected output corrected.\n",
            "tags": [
              "A-CodeQuality"
            ],
            "fileTypesAndContributionMap": {
              "java": {
                "insertions": 19,
                "deletions": 10
              }
            }
          },
          {
            "hash": "67c828ad008dbdc2c27dea3834b2744527871dd9",
            "messageTitle": "Fix bug where task name has an additional space",
            "messageBody": "",
            "fileTypesAndContributionMap": {
              "java": {
                "insertions": 3,
                "deletions": 3
              }
            }
          }
        ]
      },
      {
        "date": "2020-09-08",
        "commitResults": [
          {
            "hash": "8f62a3b9d3f6424eac50ae71513118be96aa99e2",
            "messageTitle": "Added Error Handling",
            "messageBody": "Handles incorrect inputs entered by user.\n\nIncorrect inputs handled via try/catch:\n1. Missing task name/description\n2. Deadline without deadline specified\n3. Event without event time\n4. Invalid task number for task completion\n5. Invalid Command (by throwing new Class InvalidCommandException)\n",
            "tags": [
              "A-Exceptions"
            ],
            "fileTypesAndContributionMap": {
              "java": {
                "insertions": 61,
                "deletions": 22
              }
            }
          },
          {
            "hash": "9777906cfd1df4b3c33a9a5f2aa02fe844bd4a26",
            "messageTitle": "Added more test cases",
            "messageBody": "Tests now handles exception.\n",
            "fileTypesAndContributionMap": {
              "txt": {
                "insertions": 6,
                "deletions": 0
              },
              "sh": {
                "insertions": 1,
                "deletions": 1
              }
            }
          }
        ]
      },
      {
        "date": "2020-09-15",
        "commitResults": [
          {
            "hash": "226809692422c93a444b473232a976238e451197",
            "messageTitle": "Stores task in ArrayList instead of Array",
            "messageBody": "",
            "tags": [
              "A-Collections"
            ],
            "fileTypesAndContributionMap": {
              "txt": {
                "insertions": 2,
                "deletions": 2
              },
              "java": {
                "insertions": 11,
                "deletions": 12
              }
            }
          },
          {
            "hash": "b136ef340264f09a0ec6681f60b8c558b225cd0a",
            "messageTitle": "Added Delete Function",
            "messageBody": "Implemented in deleteTask.\n\nTo work on: Repetitive code in printing status of task similar to markAsDone().\n",
            "fileTypesAndContributionMap": {
              "java": {
                "insertions": 24,
                "deletions": 0
              }
            }
          },
          {
            "hash": "2e4337a4fb8fe652cd1880399dbe618aab7acb5d",
            "messageTitle": "Saves and Loads Tasks",
            "messageBody": "Saves to data file by overwriting after every user commands. Loads data at start of program into Tasks array.\n\nSave: saveToFile() and writeToFile()\nLoad: readFile() and loadFromFile()\n",
            "fileTypesAndContributionMap": {
              "java": {
                "insertions": 84,
                "deletions": 1
              }
            }
          }
        ]
      },
      {
        "date": "2020-09-24",
        "commitResults": [
          {
            "hash": "a13f5cae684fc301fdf03426b34d33857377e040",
            "messageTitle": "Auto reformat code in IDE",
            "messageBody": "Code reformatted by Intellij\n",
            "fileTypesAndContributionMap": {
              "java": {
                "insertions": 27,
                "deletions": 26
              }
            }
          }
        ]
      },
      {
        "date": "2020-09-25",
        "commitResults": [
          {
            "hash": "4902482b32bb37dcc2eeb632501e4d63dd33dfe4",
            "messageTitle": "Refactor code for more OOP",
            "messageBody": "Extracted Ui, Storage, Parser and Command classes.\n",
            "tags": [
              "A-MoreOOP"
            ],
            "fileTypesAndContributionMap": {
              "java": {
                "insertions": 430,
                "deletions": 193
              },
              "sh": {
                "insertions": 1,
                "deletions": 1
              }
            }
          }
        ]
      }
    ]
  },
  "authorFileTypeContributionMap": {
    "thatseant": {
      "java": 564,
      "md": 0,
      "sh": 1,
      "bat": 0,
      "gradle": 0,
      "txt": 10
    }
  },
  "authorContributionVariance": {
    "thatseant": 9718.813
  },
  "authorDisplayNameMap": {
    "thatseant": "CS2113T-T09-1 SEAN..I AN"
  }
}
