{
  "authorDailyContributionsMap": {
    "jiaaaqi": [
      {
        "date": "2020-08-17",
        "commitResults": [
          {
            "hash": "6db908f79d7be10f3fc92e230c813fb63e9b2520",
            "messageTitle": "implement Level 0: Greet",
            "messageBody": "",
            "tags": [
              "level-0"
            ],
            "fileTypesAndContributionMap": {
              "java": {
                "insertions": 3,
                "deletions": 0
              }
            }
          }
        ]
      },
      {
        "date": "2020-08-25",
        "commitResults": [
          {
            "hash": "ceda281ff0a6d24f3d708591a37704e5f6cb2b85",
            "messageTitle": "implement Level 1: Greet, Echo, Exit",
            "messageBody": "",
            "tags": [
              "level-1"
            ],
            "fileTypesAndContributionMap": {
              "java": {
                "insertions": 24,
                "deletions": 3
              }
            }
          }
        ]
      },
      {
        "date": "2020-08-26",
        "commitResults": [
          {
            "hash": "f5d2cb25cb8e76a35b1b610973d598f3c83d0757",
            "messageTitle": "implement Level-2: Add, List",
            "messageBody": "",
            "tags": [
              "level-2"
            ],
            "fileTypesAndContributionMap": {
              "java": {
                "insertions": 16,
                "deletions": 2
              }
            }
          },
          {
            "hash": "054924af4c34b08403e7f0c420cbcd831e14c10e",
            "messageTitle": "implement Level-3: Mark as Done",
            "messageBody": "",
            "tags": [
              "level-3",
              "A-CodingStandard"
            ],
            "fileTypesAndContributionMap": {
              "java": {
                "insertions": 38,
                "deletions": 8
              }
            }
          }
        ]
      },
      {
        "date": "2020-09-02",
        "commitResults": [
          {
            "hash": "33c8f7a74423befd50d2b9e8ef0b44e03cb63111",
            "messageTitle": "implement level 4: todos, events, deadlines",
            "messageBody": "",
            "tags": [
              "Level-4"
            ],
            "fileTypesAndContributionMap": {
              "java": {
                "insertions": 77,
                "deletions": 7
              }
            }
          }
        ]
      },
      {
        "date": "2020-09-11",
        "commitResults": [
          {
            "hash": "d4f5cac15c4e902872fc48f87cc56d3e27f222cf",
            "messageTitle": "implement A-TextUiTesting",
            "messageBody": "",
            "tags": [
              "A-TextUiTesting"
            ],
            "fileTypesAndContributionMap": {
              "txt": {
                "insertions": 6,
                "deletions": 0
              },
              "java": {
                "insertions": 3,
                "deletions": 3
              },
              "sh": {
                "insertions": 1,
                "deletions": 1
              }
            }
          },
          {
            "hash": "92b27e4f23a02136d98a811382d6ec4aa92e477e",
            "messageTitle": "implement level 5: handle errors",
            "messageBody": "",
            "tags": [
              "Level-5"
            ],
            "fileTypesAndContributionMap": {
              "java": {
                "insertions": 32,
                "deletions": 1
              }
            }
          }
        ]
      },
      {
        "date": "2020-09-18",
        "commitResults": [
          {
            "hash": "e6cf6ef6ec8452a2074afb2c87e41d917a34a5ef",
            "messageTitle": "implement level 6: delete",
            "messageBody": "",
            "tags": [
              "Level-6"
            ],
            "fileTypesAndContributionMap": {
              "java": {
                "insertions": 23,
                "deletions": 15
              }
            }
          },
          {
            "hash": "fe566653ef36d1f379b3e080792b70de912b9466",
            "messageTitle": "implement A-Packages",
            "messageBody": "",
            "tags": [
              "A-Jar"
            ],
            "fileTypesAndContributionMap": {
              "java": {
                "insertions": 27,
                "deletions": 2
              },
              "sh": {
                "insertions": 1,
                "deletions": 1
              }
            }
          },
          {
            "hash": "18f7413e9fbc518fd27d9f1750e3418984f951ef",
            "messageTitle": "implement A-Packages again",
            "messageBody": "",
            "tags": [
              "A-Packages"
            ],
            "fileTypesAndContributionMap": {
              "java": {
                "insertions": 2,
                "deletions": 27
              },
              "sh": {
                "insertions": 1,
                "deletions": 1
              }
            }
          },
          {
            "hash": "c831e6dbf52c36f75bc8e262369892deb54cebb6",
            "messageTitle": "fix error in previous commit",
            "messageBody": "",
            "fileTypesAndContributionMap": {
              "java": {
                "insertions": 16,
                "deletions": 1
              }
            }
          }
        ]
      },
      {
        "date": "2020-09-19",
        "commitResults": [
          {
            "hash": "315cac4f8d7a020bbb7ba9dd6c9292010e2b2447",
            "messageTitle": "updated testing",
            "messageBody": "",
            "fileTypesAndContributionMap": {
              "txt": {
                "insertions": 2,
                "deletions": 0
              },
              "sh": {
                "insertions": 1,
                "deletions": 1
              }
            }
          },
          {
            "hash": "d63475c2052bcc1df109eb2aaa6623ee92d4e078",
            "messageTitle": "cleaned up code",
            "messageBody": "",
            "fileTypesAndContributionMap": {
              "java": {
                "insertions": 46,
                "deletions": 29
              }
            }
          }
        ]
      },
      {
        "date": "2020-09-20",
        "commitResults": [
          {
            "hash": "b23102176e0b2a34d369271c87e771f4375080be",
            "messageTitle": "implement Level-7",
            "messageBody": "",
            "tags": [
              "Level-7"
            ],
            "fileTypesAndContributionMap": {
              "java": {
                "insertions": 157,
                "deletions": 23
              }
            }
          }
        ]
      },
      {
        "date": "2020-09-21",
        "commitResults": [
          {
            "hash": "80091e4da9a8efe97ea8df44842cc8bd54a124a3",
            "messageTitle": "cleaned up code and reordered main method to be on top",
            "messageBody": "",
            "fileTypesAndContributionMap": {
              "java": {
                "insertions": 57,
                "deletions": 52
              }
            }
          }
        ]
      },
      {
        "date": "2020-10-01",
        "commitResults": [
          {
            "hash": "a80b0300f15df60663e6dd43f9554f1090f07c41",
            "messageTitle": "implement A-MoreOOP",
            "messageBody": "",
            "tags": [
              "A-MoreOOP"
            ],
            "fileTypesAndContributionMap": {
              "java": {
                "insertions": 372,
                "deletions": 242
              }
            }
          }
        ]
      }
    ]
  },
  "authorFileTypeContributionMap": {
    "jiaaaqi": {
      "java": 485,
      "md": 0,
      "sh": 1,
      "bat": 0,
      "gradle": 0,
      "txt": 8
    }
  },
  "authorContributionVariance": {
    "jiaaaqi": 8561.857
  },
  "authorDisplayNameMap": {
    "jiaaaqi": "CS2113T-F14-4 YANG..IAQI"
  }
}
