[
  {
    "path": "src/main/java/Deadline.java",
    "fileType": "java",
    "lines": [
      {
        "lineNumber": 1,
        "author": {
          "gitId": "weishuangtan"
        },
        "content": "public class Deadline extends Task {"
      },
      {
        "lineNumber": 2,
        "author": {
          "gitId": "weishuangtan"
        },
        "content": ""
      },
      {
        "lineNumber": 3,
        "author": {
          "gitId": "weishuangtan"
        },
        "content": "    protected String by;"
      },
      {
        "lineNumber": 4,
        "author": {
          "gitId": "weishuangtan"
        },
        "content": ""
      },
      {
        "lineNumber": 5,
        "author": {
          "gitId": "weishuangtan"
        },
        "content": "    public Deadline(String description, String by) {"
      },
      {
        "lineNumber": 6,
        "author": {
          "gitId": "weishuangtan"
        },
        "content": "        super(description);"
      },
      {
        "lineNumber": 7,
        "author": {
          "gitId": "weishuangtan"
        },
        "content": "        this.by \u003d by;"
      },
      {
        "lineNumber": 8,
        "author": {
          "gitId": "weishuangtan"
        },
        "content": "    }"
      },
      {
        "lineNumber": 9,
        "author": {
          "gitId": "weishuangtan"
        },
        "content": ""
      },
      {
        "lineNumber": 10,
        "author": {
          "gitId": "weishuangtan"
        },
        "content": "    @Override"
      },
      {
        "lineNumber": 11,
        "author": {
          "gitId": "weishuangtan"
        },
        "content": "    public String toString() {"
      },
      {
        "lineNumber": 12,
        "author": {
          "gitId": "weishuangtan"
        },
        "content": "        return \"\\uD835\\uDD3B \" + super.toString() + \" (by: \" + by + \")\";"
      },
      {
        "lineNumber": 13,
        "author": {
          "gitId": "weishuangtan"
        },
        "content": "    }"
      },
      {
        "lineNumber": 14,
        "author": {
          "gitId": "weishuangtan"
        },
        "content": "}"
      }
    ],
    "authorContributionMap": {
      "weishuangtan": 14
    }
  },
  {
    "path": "src/main/java/Duke.java",
    "fileType": "java",
    "lines": [
      {
        "lineNumber": 1,
        "author": {
          "gitId": "weishuangtan"
        },
        "content": "import java.util.ArrayList;"
      },
      {
        "lineNumber": 2,
        "author": {
          "gitId": "weishuangtan"
        },
        "content": "import java.util.Scanner;"
      },
      {
        "lineNumber": 3,
        "author": {
          "gitId": "weishuangtan"
        },
        "content": ""
      },
      {
        "lineNumber": 4,
        "author": {
          "gitId": "-"
        },
        "content": "public class Duke {"
      },
      {
        "lineNumber": 5,
        "author": {
          "gitId": "weishuangtan"
        },
        "content": ""
      },
      {
        "lineNumber": 6,
        "author": {
          "gitId": "-"
        },
        "content": "    public static void main(String[] args) {"
      },
      {
        "lineNumber": 7,
        "author": {
          "gitId": "weishuangtan"
        },
        "content": "        Scanner in \u003d new Scanner(System.in);"
      },
      {
        "lineNumber": 8,
        "author": {
          "gitId": "weishuangtan"
        },
        "content": "        initialiseJulia();"
      },
      {
        "lineNumber": 9,
        "author": {
          "gitId": "weishuangtan"
        },
        "content": "        ArrayList\u003cTask\u003e tasks \u003d new ArrayList\u003c\u003e();"
      },
      {
        "lineNumber": 10,
        "author": {
          "gitId": "weishuangtan"
        },
        "content": "        State state \u003d State.running;"
      },
      {
        "lineNumber": 11,
        "author": {
          "gitId": "weishuangtan"
        },
        "content": "        while (state \u003d\u003d State.running) {"
      },
      {
        "lineNumber": 12,
        "author": {
          "gitId": "weishuangtan"
        },
        "content": "            String input \u003d in.nextLine();"
      },
      {
        "lineNumber": 13,
        "author": {
          "gitId": "weishuangtan"
        },
        "content": "            printLine();"
      },
      {
        "lineNumber": 14,
        "author": {
          "gitId": "weishuangtan"
        },
        "content": "            state \u003d analyseInput(input, tasks);"
      },
      {
        "lineNumber": 15,
        "author": {
          "gitId": "weishuangtan"
        },
        "content": "            printLine();"
      },
      {
        "lineNumber": 16,
        "author": {
          "gitId": "weishuangtan"
        },
        "content": "        }"
      },
      {
        "lineNumber": 17,
        "author": {
          "gitId": "weishuangtan"
        },
        "content": "    }"
      },
      {
        "lineNumber": 18,
        "author": {
          "gitId": "weishuangtan"
        },
        "content": ""
      },
      {
        "lineNumber": 19,
        "author": {
          "gitId": "weishuangtan"
        },
        "content": "    /**"
      },
      {
        "lineNumber": 20,
        "author": {
          "gitId": "weishuangtan"
        },
        "content": "     * Analyses the input given by user and determines the following action"
      },
      {
        "lineNumber": 21,
        "author": {
          "gitId": "weishuangtan"
        },
        "content": "     *"
      },
      {
        "lineNumber": 22,
        "author": {
          "gitId": "weishuangtan"
        },
        "content": "     * @param input user\u0027s input"
      },
      {
        "lineNumber": 23,
        "author": {
          "gitId": "weishuangtan"
        },
        "content": "     * @param tasks list of tasks"
      },
      {
        "lineNumber": 24,
        "author": {
          "gitId": "weishuangtan"
        },
        "content": "     * @return state of chat bot"
      },
      {
        "lineNumber": 25,
        "author": {
          "gitId": "weishuangtan"
        },
        "content": "     */"
      },
      {
        "lineNumber": 26,
        "author": {
          "gitId": "weishuangtan"
        },
        "content": "    public static State analyseInput(String input, ArrayList\u003cTask\u003e tasks) {"
      },
      {
        "lineNumber": 27,
        "author": {
          "gitId": "weishuangtan"
        },
        "content": "        if (input.equals(\"bye\")) {"
      },
      {
        "lineNumber": 28,
        "author": {
          "gitId": "weishuangtan"
        },
        "content": "            printGoodbye();"
      },
      {
        "lineNumber": 29,
        "author": {
          "gitId": "weishuangtan"
        },
        "content": "            return State.stop;"
      },
      {
        "lineNumber": 30,
        "author": {
          "gitId": "weishuangtan"
        },
        "content": "        } else if (input.equals(\"list\")) {"
      },
      {
        "lineNumber": 31,
        "author": {
          "gitId": "weishuangtan"
        },
        "content": "            printList(tasks);"
      },
      {
        "lineNumber": 32,
        "author": {
          "gitId": "weishuangtan"
        },
        "content": "        } else if (input.startsWith(\"done\")) {"
      },
      {
        "lineNumber": 33,
        "author": {
          "gitId": "weishuangtan"
        },
        "content": "            checkTaskOff(input, tasks);"
      },
      {
        "lineNumber": 34,
        "author": {
          "gitId": "weishuangtan"
        },
        "content": "        } else if (input.startsWith(\"todo\")) {"
      },
      {
        "lineNumber": 35,
        "author": {
          "gitId": "weishuangtan"
        },
        "content": "            addToDo(input, tasks);"
      },
      {
        "lineNumber": 36,
        "author": {
          "gitId": "weishuangtan"
        },
        "content": "        } else if (input.startsWith(\"deadline\")) {"
      },
      {
        "lineNumber": 37,
        "author": {
          "gitId": "weishuangtan"
        },
        "content": "            addDeadline(input, tasks);"
      },
      {
        "lineNumber": 38,
        "author": {
          "gitId": "weishuangtan"
        },
        "content": "        } else if (input.startsWith(\"event\")) {"
      },
      {
        "lineNumber": 39,
        "author": {
          "gitId": "weishuangtan"
        },
        "content": "            addEvent(input, tasks);"
      },
      {
        "lineNumber": 40,
        "author": {
          "gitId": "weishuangtan"
        },
        "content": "        } else {"
      },
      {
        "lineNumber": 41,
        "author": {
          "gitId": "weishuangtan"
        },
        "content": "            addTask(input, tasks);"
      },
      {
        "lineNumber": 42,
        "author": {
          "gitId": "weishuangtan"
        },
        "content": "        }"
      },
      {
        "lineNumber": 43,
        "author": {
          "gitId": "weishuangtan"
        },
        "content": "        return State.running;"
      },
      {
        "lineNumber": 44,
        "author": {
          "gitId": "-"
        },
        "content": "    }"
      },
      {
        "lineNumber": 45,
        "author": {
          "gitId": "weishuangtan"
        },
        "content": ""
      },
      {
        "lineNumber": 46,
        "author": {
          "gitId": "weishuangtan"
        },
        "content": ""
      },
      {
        "lineNumber": 47,
        "author": {
          "gitId": "weishuangtan"
        },
        "content": "    /**"
      },
      {
        "lineNumber": 48,
        "author": {
          "gitId": "weishuangtan"
        },
        "content": "     * Prints starting page of Julia the chat bot"
      },
      {
        "lineNumber": 49,
        "author": {
          "gitId": "weishuangtan"
        },
        "content": "     */"
      },
      {
        "lineNumber": 50,
        "author": {
          "gitId": "weishuangtan"
        },
        "content": "    public static void initialiseJulia() {"
      },
      {
        "lineNumber": 51,
        "author": {
          "gitId": "weishuangtan"
        },
        "content": "        String LOGO \u003d \" _____ _   _ _     _ _____\\n\""
      },
      {
        "lineNumber": 52,
        "author": {
          "gitId": "weishuangtan"
        },
        "content": "                + \"|_   _| | | | |   | | . . |\\n\""
      },
      {
        "lineNumber": 53,
        "author": {
          "gitId": "weishuangtan"
        },
        "content": "                + \"  | | | | | | |   | | \\\\_/ |\\n\""
      },
      {
        "lineNumber": 54,
        "author": {
          "gitId": "weishuangtan"
        },
        "content": "                + \"|\\\\| | | |_| | |___| | | | |\\n\""
      },
      {
        "lineNumber": 55,
        "author": {
          "gitId": "weishuangtan"
        },
        "content": "                + \"\\\\___/ \\\\_____/\\\\____|_|_| |_|\\n\";"
      },
      {
        "lineNumber": 56,
        "author": {
          "gitId": "weishuangtan"
        },
        "content": "        String TEXT_BOX \u003d \"                 _____________\\n\""
      },
      {
        "lineNumber": 57,
        "author": {
          "gitId": "weishuangtan"
        },
        "content": "                + \"                |             |\\n\""
      },
      {
        "lineNumber": 58,
        "author": {
          "gitId": "weishuangtan"
        },
        "content": "                + \"                | Hello there!|\\n\""
      },
      {
        "lineNumber": 59,
        "author": {
          "gitId": "weishuangtan"
        },
        "content": "                + \"               \u003c|_____________|\\n\";"
      },
      {
        "lineNumber": 60,
        "author": {
          "gitId": "weishuangtan"
        },
        "content": "        String EMOJI \u003d \"      \\\\(\\uFF61\\u25D5\\u203F\\u25D5\\uFF61)/\";"
      },
      {
        "lineNumber": 61,
        "author": {
          "gitId": "weishuangtan"
        },
        "content": "        System.out.println(LOGO + TEXT_BOX + EMOJI);"
      },
      {
        "lineNumber": 62,
        "author": {
          "gitId": "weishuangtan"
        },
        "content": "        printLine();"
      },
      {
        "lineNumber": 63,
        "author": {
          "gitId": "weishuangtan"
        },
        "content": "        System.out.println(\"Hello! I\u0027m Julia\\nIs there anything I can do for you today?\");"
      },
      {
        "lineNumber": 64,
        "author": {
          "gitId": "weishuangtan"
        },
        "content": "        printLine();"
      },
      {
        "lineNumber": 65,
        "author": {
          "gitId": "weishuangtan"
        },
        "content": "    }"
      },
      {
        "lineNumber": 66,
        "author": {
          "gitId": "weishuangtan"
        },
        "content": ""
      },
      {
        "lineNumber": 67,
        "author": {
          "gitId": "weishuangtan"
        },
        "content": "    /**"
      },
      {
        "lineNumber": 68,
        "author": {
          "gitId": "weishuangtan"
        },
        "content": "     * Prints a separator between chat bot and user"
      },
      {
        "lineNumber": 69,
        "author": {
          "gitId": "weishuangtan"
        },
        "content": "     */"
      },
      {
        "lineNumber": 70,
        "author": {
          "gitId": "weishuangtan"
        },
        "content": "    public static void printLine() {"
      },
      {
        "lineNumber": 71,
        "author": {
          "gitId": "weishuangtan"
        },
        "content": "        System.out.println(\"____________________________________________________________\");"
      },
      {
        "lineNumber": 72,
        "author": {
          "gitId": "-"
        },
        "content": "    }"
      },
      {
        "lineNumber": 73,
        "author": {
          "gitId": "weishuangtan"
        },
        "content": ""
      },
      {
        "lineNumber": 74,
        "author": {
          "gitId": "weishuangtan"
        },
        "content": "    /**"
      },
      {
        "lineNumber": 75,
        "author": {
          "gitId": "weishuangtan"
        },
        "content": "     * Prints goodbye message"
      },
      {
        "lineNumber": 76,
        "author": {
          "gitId": "weishuangtan"
        },
        "content": "     */"
      },
      {
        "lineNumber": 77,
        "author": {
          "gitId": "weishuangtan"
        },
        "content": "    public static void printGoodbye() {"
      },
      {
        "lineNumber": 78,
        "author": {
          "gitId": "weishuangtan"
        },
        "content": "        System.out.println(\"Goodbye! I look forward to seeing you the next time!\");"
      },
      {
        "lineNumber": 79,
        "author": {
          "gitId": "weishuangtan"
        },
        "content": "    }"
      },
      {
        "lineNumber": 80,
        "author": {
          "gitId": "weishuangtan"
        },
        "content": ""
      },
      {
        "lineNumber": 81,
        "author": {
          "gitId": "weishuangtan"
        },
        "content": "    /**"
      },
      {
        "lineNumber": 82,
        "author": {
          "gitId": "weishuangtan"
        },
        "content": "     * Prints error message"
      },
      {
        "lineNumber": 83,
        "author": {
          "gitId": "weishuangtan"
        },
        "content": "     */"
      },
      {
        "lineNumber": 84,
        "author": {
          "gitId": "weishuangtan"
        },
        "content": "    public static void printNotFound() {"
      },
      {
        "lineNumber": 85,
        "author": {
          "gitId": "weishuangtan"
        },
        "content": "        System.out.println(\"No such task found, try again?\");"
      },
      {
        "lineNumber": 86,
        "author": {
          "gitId": "weishuangtan"
        },
        "content": "    }"
      },
      {
        "lineNumber": 87,
        "author": {
          "gitId": "weishuangtan"
        },
        "content": ""
      },
      {
        "lineNumber": 88,
        "author": {
          "gitId": "weishuangtan"
        },
        "content": "    /**"
      },
      {
        "lineNumber": 89,
        "author": {
          "gitId": "weishuangtan"
        },
        "content": "     * Prints incorrect format message"
      },
      {
        "lineNumber": 90,
        "author": {
          "gitId": "weishuangtan"
        },
        "content": "     */"
      },
      {
        "lineNumber": 91,
        "author": {
          "gitId": "weishuangtan"
        },
        "content": "    public static void printIncorrectFormat() {"
      },
      {
        "lineNumber": 92,
        "author": {
          "gitId": "weishuangtan"
        },
        "content": "        System.out.println(\"Incorrect format, please try again!\");"
      },
      {
        "lineNumber": 93,
        "author": {
          "gitId": "weishuangtan"
        },
        "content": "    }"
      },
      {
        "lineNumber": 94,
        "author": {
          "gitId": "weishuangtan"
        },
        "content": ""
      },
      {
        "lineNumber": 95,
        "author": {
          "gitId": "weishuangtan"
        },
        "content": "    /**"
      },
      {
        "lineNumber": 96,
        "author": {
          "gitId": "weishuangtan"
        },
        "content": "     * Prints message when task has been added"
      },
      {
        "lineNumber": 97,
        "author": {
          "gitId": "weishuangtan"
        },
        "content": "     *"
      },
      {
        "lineNumber": 98,
        "author": {
          "gitId": "weishuangtan"
        },
        "content": "     * @param item task description"
      },
      {
        "lineNumber": 99,
        "author": {
          "gitId": "weishuangtan"
        },
        "content": "     * @param numberOfTasks number of tasks in the current list"
      },
      {
        "lineNumber": 100,
        "author": {
          "gitId": "weishuangtan"
        },
        "content": "     */"
      },
      {
        "lineNumber": 101,
        "author": {
          "gitId": "weishuangtan"
        },
        "content": "    public static void printAdded(Task item, int numberOfTasks) {"
      },
      {
        "lineNumber": 102,
        "author": {
          "gitId": "weishuangtan"
        },
        "content": "        System.out.println(\"Okay, I have added the following into the list for you!\\n\" + \"-\u003e \" + item);"
      },
      {
        "lineNumber": 103,
        "author": {
          "gitId": "weishuangtan"
        },
        "content": "        System.out.print(\"Now you have \" + numberOfTasks);"
      },
      {
        "lineNumber": 104,
        "author": {
          "gitId": "weishuangtan"
        },
        "content": "        if (numberOfTasks\u003d\u003d1) {"
      },
      {
        "lineNumber": 105,
        "author": {
          "gitId": "weishuangtan"
        },
        "content": "            System.out.print(\" task\");"
      },
      {
        "lineNumber": 106,
        "author": {
          "gitId": "weishuangtan"
        },
        "content": "        } else {"
      },
      {
        "lineNumber": 107,
        "author": {
          "gitId": "weishuangtan"
        },
        "content": "            System.out.print(\" tasks\");"
      },
      {
        "lineNumber": 108,
        "author": {
          "gitId": "weishuangtan"
        },
        "content": "        }"
      },
      {
        "lineNumber": 109,
        "author": {
          "gitId": "weishuangtan"
        },
        "content": "        System.out.println(\" in the list.\");"
      },
      {
        "lineNumber": 110,
        "author": {
          "gitId": "weishuangtan"
        },
        "content": "    }"
      },
      {
        "lineNumber": 111,
        "author": {
          "gitId": "weishuangtan"
        },
        "content": ""
      },
      {
        "lineNumber": 112,
        "author": {
          "gitId": "weishuangtan"
        },
        "content": "    /**"
      },
      {
        "lineNumber": 113,
        "author": {
          "gitId": "weishuangtan"
        },
        "content": "     * Prints the current collated list based on user inputs"
      },
      {
        "lineNumber": 114,
        "author": {
          "gitId": "weishuangtan"
        },
        "content": "     *"
      },
      {
        "lineNumber": 115,
        "author": {
          "gitId": "weishuangtan"
        },
        "content": "     * @param tasks list of tasks"
      },
      {
        "lineNumber": 116,
        "author": {
          "gitId": "weishuangtan"
        },
        "content": "     */"
      },
      {
        "lineNumber": 117,
        "author": {
          "gitId": "weishuangtan"
        },
        "content": "    public static void printList(ArrayList\u003cTask\u003e tasks) {"
      },
      {
        "lineNumber": 118,
        "author": {
          "gitId": "weishuangtan"
        },
        "content": "        if (tasks.size() \u003d\u003d 0) {"
      },
      {
        "lineNumber": 119,
        "author": {
          "gitId": "weishuangtan"
        },
        "content": "            System.out.println(\"Looks like you have no task yet!\");"
      },
      {
        "lineNumber": 120,
        "author": {
          "gitId": "weishuangtan"
        },
        "content": "        } else {"
      },
      {
        "lineNumber": 121,
        "author": {
          "gitId": "weishuangtan"
        },
        "content": "            System.out.println(\"Here is the collated list of your tasks:\");"
      },
      {
        "lineNumber": 122,
        "author": {
          "gitId": "weishuangtan"
        },
        "content": "            int i \u003d 0;"
      },
      {
        "lineNumber": 123,
        "author": {
          "gitId": "weishuangtan"
        },
        "content": "            for (Task task : tasks) {"
      },
      {
        "lineNumber": 124,
        "author": {
          "gitId": "weishuangtan"
        },
        "content": "                System.out.println(\"(\" + (i + 1) + \") \" + task);"
      },
      {
        "lineNumber": 125,
        "author": {
          "gitId": "weishuangtan"
        },
        "content": "                i++;"
      },
      {
        "lineNumber": 126,
        "author": {
          "gitId": "weishuangtan"
        },
        "content": "            }"
      },
      {
        "lineNumber": 127,
        "author": {
          "gitId": "weishuangtan"
        },
        "content": "        }"
      },
      {
        "lineNumber": 128,
        "author": {
          "gitId": "weishuangtan"
        },
        "content": "        System.out.println(\"Feel free to continue adding to the list! :)\");"
      },
      {
        "lineNumber": 129,
        "author": {
          "gitId": "weishuangtan"
        },
        "content": "    }"
      },
      {
        "lineNumber": 130,
        "author": {
          "gitId": "weishuangtan"
        },
        "content": ""
      },
      {
        "lineNumber": 131,
        "author": {
          "gitId": "weishuangtan"
        },
        "content": "    /**"
      },
      {
        "lineNumber": 132,
        "author": {
          "gitId": "weishuangtan"
        },
        "content": "     * Tries checking given task off the list"
      },
      {
        "lineNumber": 133,
        "author": {
          "gitId": "weishuangtan"
        },
        "content": "     *"
      },
      {
        "lineNumber": 134,
        "author": {
          "gitId": "weishuangtan"
        },
        "content": "     * @param input user\u0027s input"
      },
      {
        "lineNumber": 135,
        "author": {
          "gitId": "weishuangtan"
        },
        "content": "     * @param tasks list of tasks"
      },
      {
        "lineNumber": 136,
        "author": {
          "gitId": "weishuangtan"
        },
        "content": "     */"
      },
      {
        "lineNumber": 137,
        "author": {
          "gitId": "weishuangtan"
        },
        "content": "    public static void checkTaskOff(String input, ArrayList\u003cTask\u003e tasks) {"
      },
      {
        "lineNumber": 138,
        "author": {
          "gitId": "weishuangtan"
        },
        "content": "        String[] words \u003d input.split(\" \");"
      },
      {
        "lineNumber": 139,
        "author": {
          "gitId": "weishuangtan"
        },
        "content": "        try {"
      },
      {
        "lineNumber": 140,
        "author": {
          "gitId": "weishuangtan"
        },
        "content": "            int complete \u003d Integer.parseInt(words[1]);"
      },
      {
        "lineNumber": 141,
        "author": {
          "gitId": "weishuangtan"
        },
        "content": "            if (complete \u003c\u003d tasks.size()) {"
      },
      {
        "lineNumber": 142,
        "author": {
          "gitId": "weishuangtan"
        },
        "content": "                tasks.get(complete - 1).markAsDone();"
      },
      {
        "lineNumber": 143,
        "author": {
          "gitId": "weishuangtan"
        },
        "content": "            } else {"
      },
      {
        "lineNumber": 144,
        "author": {
          "gitId": "weishuangtan"
        },
        "content": "                printNotFound();"
      },
      {
        "lineNumber": 145,
        "author": {
          "gitId": "weishuangtan"
        },
        "content": "            }"
      },
      {
        "lineNumber": 146,
        "author": {
          "gitId": "weishuangtan"
        },
        "content": "        } catch (Exception e) {"
      },
      {
        "lineNumber": 147,
        "author": {
          "gitId": "weishuangtan"
        },
        "content": "            printIncorrectFormat();"
      },
      {
        "lineNumber": 148,
        "author": {
          "gitId": "weishuangtan"
        },
        "content": "        }"
      },
      {
        "lineNumber": 149,
        "author": {
          "gitId": "weishuangtan"
        },
        "content": "    }"
      },
      {
        "lineNumber": 150,
        "author": {
          "gitId": "weishuangtan"
        },
        "content": ""
      },
      {
        "lineNumber": 151,
        "author": {
          "gitId": "weishuangtan"
        },
        "content": "    /**"
      },
      {
        "lineNumber": 152,
        "author": {
          "gitId": "weishuangtan"
        },
        "content": "     * Adds To Do task into the list of tasks"
      },
      {
        "lineNumber": 153,
        "author": {
          "gitId": "weishuangtan"
        },
        "content": "     *"
      },
      {
        "lineNumber": 154,
        "author": {
          "gitId": "weishuangtan"
        },
        "content": "     * @param input user\u0027s input"
      },
      {
        "lineNumber": 155,
        "author": {
          "gitId": "weishuangtan"
        },
        "content": "     * @param tasks list of tasks"
      },
      {
        "lineNumber": 156,
        "author": {
          "gitId": "weishuangtan"
        },
        "content": "     */"
      },
      {
        "lineNumber": 157,
        "author": {
          "gitId": "weishuangtan"
        },
        "content": "    public static void addToDo(String input, ArrayList\u003cTask\u003e tasks) {"
      },
      {
        "lineNumber": 158,
        "author": {
          "gitId": "weishuangtan"
        },
        "content": "        try {"
      },
      {
        "lineNumber": 159,
        "author": {
          "gitId": "weishuangtan"
        },
        "content": "            String task \u003d input.substring(5);"
      },
      {
        "lineNumber": 160,
        "author": {
          "gitId": "weishuangtan"
        },
        "content": "            ToDo item \u003d new ToDo(task);"
      },
      {
        "lineNumber": 161,
        "author": {
          "gitId": "weishuangtan"
        },
        "content": "            tasks.add(item);"
      },
      {
        "lineNumber": 162,
        "author": {
          "gitId": "weishuangtan"
        },
        "content": "            printAdded(item,tasks.size());"
      },
      {
        "lineNumber": 163,
        "author": {
          "gitId": "weishuangtan"
        },
        "content": "        } catch (Exception e) {"
      },
      {
        "lineNumber": 164,
        "author": {
          "gitId": "weishuangtan"
        },
        "content": "            printIncorrectFormat();"
      },
      {
        "lineNumber": 165,
        "author": {
          "gitId": "weishuangtan"
        },
        "content": "        }"
      },
      {
        "lineNumber": 166,
        "author": {
          "gitId": "weishuangtan"
        },
        "content": "    }"
      },
      {
        "lineNumber": 167,
        "author": {
          "gitId": "weishuangtan"
        },
        "content": ""
      },
      {
        "lineNumber": 168,
        "author": {
          "gitId": "weishuangtan"
        },
        "content": "    /**"
      },
      {
        "lineNumber": 169,
        "author": {
          "gitId": "weishuangtan"
        },
        "content": "     * Adds Deadline task into the list of tasks"
      },
      {
        "lineNumber": 170,
        "author": {
          "gitId": "weishuangtan"
        },
        "content": "     *"
      },
      {
        "lineNumber": 171,
        "author": {
          "gitId": "weishuangtan"
        },
        "content": "     * @param input user\u0027s input"
      },
      {
        "lineNumber": 172,
        "author": {
          "gitId": "weishuangtan"
        },
        "content": "     * @param tasks list of tasks"
      },
      {
        "lineNumber": 173,
        "author": {
          "gitId": "weishuangtan"
        },
        "content": "     */"
      },
      {
        "lineNumber": 174,
        "author": {
          "gitId": "weishuangtan"
        },
        "content": "    public static void addDeadline(String input, ArrayList\u003cTask\u003e tasks) {"
      },
      {
        "lineNumber": 175,
        "author": {
          "gitId": "weishuangtan"
        },
        "content": "        try {"
      },
      {
        "lineNumber": 176,
        "author": {
          "gitId": "weishuangtan"
        },
        "content": "            String task \u003d input.substring(9);"
      },
      {
        "lineNumber": 177,
        "author": {
          "gitId": "weishuangtan"
        },
        "content": "            String[] descriptionAndBy \u003d task.split(\" /by \");"
      },
      {
        "lineNumber": 178,
        "author": {
          "gitId": "weishuangtan"
        },
        "content": ""
      },
      {
        "lineNumber": 179,
        "author": {
          "gitId": "weishuangtan"
        },
        "content": "            Deadline item \u003d new Deadline(descriptionAndBy[0], descriptionAndBy[1]);"
      },
      {
        "lineNumber": 180,
        "author": {
          "gitId": "weishuangtan"
        },
        "content": "            tasks.add(item);"
      },
      {
        "lineNumber": 181,
        "author": {
          "gitId": "weishuangtan"
        },
        "content": "            printAdded(item,tasks.size());"
      },
      {
        "lineNumber": 182,
        "author": {
          "gitId": "weishuangtan"
        },
        "content": "        } catch (Exception e) {"
      },
      {
        "lineNumber": 183,
        "author": {
          "gitId": "weishuangtan"
        },
        "content": "            printIncorrectFormat();"
      },
      {
        "lineNumber": 184,
        "author": {
          "gitId": "weishuangtan"
        },
        "content": "        }"
      },
      {
        "lineNumber": 185,
        "author": {
          "gitId": "weishuangtan"
        },
        "content": ""
      },
      {
        "lineNumber": 186,
        "author": {
          "gitId": "weishuangtan"
        },
        "content": "    }"
      },
      {
        "lineNumber": 187,
        "author": {
          "gitId": "weishuangtan"
        },
        "content": ""
      },
      {
        "lineNumber": 188,
        "author": {
          "gitId": "weishuangtan"
        },
        "content": "    /**"
      },
      {
        "lineNumber": 189,
        "author": {
          "gitId": "weishuangtan"
        },
        "content": "     * Adds Event task into the list of tasks"
      },
      {
        "lineNumber": 190,
        "author": {
          "gitId": "weishuangtan"
        },
        "content": "     *"
      },
      {
        "lineNumber": 191,
        "author": {
          "gitId": "weishuangtan"
        },
        "content": "     * @param input user\u0027s input"
      },
      {
        "lineNumber": 192,
        "author": {
          "gitId": "weishuangtan"
        },
        "content": "     * @param tasks list of tasks"
      },
      {
        "lineNumber": 193,
        "author": {
          "gitId": "weishuangtan"
        },
        "content": "     */"
      },
      {
        "lineNumber": 194,
        "author": {
          "gitId": "weishuangtan"
        },
        "content": "    public static void addEvent(String input, ArrayList\u003cTask\u003e tasks) {"
      },
      {
        "lineNumber": 195,
        "author": {
          "gitId": "weishuangtan"
        },
        "content": "        try {"
      },
      {
        "lineNumber": 196,
        "author": {
          "gitId": "weishuangtan"
        },
        "content": "            String task \u003d input.substring(6);"
      },
      {
        "lineNumber": 197,
        "author": {
          "gitId": "weishuangtan"
        },
        "content": "            String[] descriptionAndBy \u003d task.split(\" /at \");"
      },
      {
        "lineNumber": 198,
        "author": {
          "gitId": "weishuangtan"
        },
        "content": "            Event item \u003d new Event(descriptionAndBy[0], descriptionAndBy[1]);"
      },
      {
        "lineNumber": 199,
        "author": {
          "gitId": "weishuangtan"
        },
        "content": "            tasks.add(item);"
      },
      {
        "lineNumber": 200,
        "author": {
          "gitId": "weishuangtan"
        },
        "content": "            printAdded(item,tasks.size());"
      },
      {
        "lineNumber": 201,
        "author": {
          "gitId": "weishuangtan"
        },
        "content": "        } catch (Exception e) {"
      },
      {
        "lineNumber": 202,
        "author": {
          "gitId": "weishuangtan"
        },
        "content": "            printIncorrectFormat();"
      },
      {
        "lineNumber": 203,
        "author": {
          "gitId": "weishuangtan"
        },
        "content": "        }"
      },
      {
        "lineNumber": 204,
        "author": {
          "gitId": "weishuangtan"
        },
        "content": "    }"
      },
      {
        "lineNumber": 205,
        "author": {
          "gitId": "weishuangtan"
        },
        "content": ""
      },
      {
        "lineNumber": 206,
        "author": {
          "gitId": "weishuangtan"
        },
        "content": "    /**"
      },
      {
        "lineNumber": 207,
        "author": {
          "gitId": "weishuangtan"
        },
        "content": "     * Adds given task into the list of tasks"
      },
      {
        "lineNumber": 208,
        "author": {
          "gitId": "weishuangtan"
        },
        "content": "     *"
      },
      {
        "lineNumber": 209,
        "author": {
          "gitId": "weishuangtan"
        },
        "content": "     * @param input task description"
      },
      {
        "lineNumber": 210,
        "author": {
          "gitId": "weishuangtan"
        },
        "content": "     * @param tasks list of tasks"
      },
      {
        "lineNumber": 211,
        "author": {
          "gitId": "weishuangtan"
        },
        "content": "     */"
      },
      {
        "lineNumber": 212,
        "author": {
          "gitId": "weishuangtan"
        },
        "content": "    public static void addTask(String input, ArrayList\u003cTask\u003e tasks) {"
      },
      {
        "lineNumber": 213,
        "author": {
          "gitId": "weishuangtan"
        },
        "content": "        Task item \u003d new Task(input);"
      },
      {
        "lineNumber": 214,
        "author": {
          "gitId": "weishuangtan"
        },
        "content": "        tasks.add(item);"
      },
      {
        "lineNumber": 215,
        "author": {
          "gitId": "weishuangtan"
        },
        "content": "        printAdded(item,tasks.size());"
      },
      {
        "lineNumber": 216,
        "author": {
          "gitId": "-"
        },
        "content": "    }"
      },
      {
        "lineNumber": 217,
        "author": {
          "gitId": "-"
        },
        "content": "}"
      },
      {
        "lineNumber": 218,
        "author": {
          "gitId": "weishuangtan"
        },
        "content": ""
      },
      {
        "lineNumber": 219,
        "author": {
          "gitId": "weishuangtan"
        },
        "content": ""
      },
      {
        "lineNumber": 220,
        "author": {
          "gitId": "weishuangtan"
        },
        "content": ""
      }
    ],
    "authorContributionMap": {
      "-": 6,
      "weishuangtan": 214
    }
  },
  {
    "path": "src/main/java/Event.java",
    "fileType": "java",
    "lines": [
      {
        "lineNumber": 1,
        "author": {
          "gitId": "weishuangtan"
        },
        "content": "public class Event extends Task {"
      },
      {
        "lineNumber": 2,
        "author": {
          "gitId": "weishuangtan"
        },
        "content": ""
      },
      {
        "lineNumber": 3,
        "author": {
          "gitId": "weishuangtan"
        },
        "content": "    protected String at;"
      },
      {
        "lineNumber": 4,
        "author": {
          "gitId": "weishuangtan"
        },
        "content": ""
      },
      {
        "lineNumber": 5,
        "author": {
          "gitId": "weishuangtan"
        },
        "content": "    public Event(String description, String at) {"
      },
      {
        "lineNumber": 6,
        "author": {
          "gitId": "weishuangtan"
        },
        "content": "        super(description);"
      },
      {
        "lineNumber": 7,
        "author": {
          "gitId": "weishuangtan"
        },
        "content": "        this.at \u003d at;"
      },
      {
        "lineNumber": 8,
        "author": {
          "gitId": "weishuangtan"
        },
        "content": "    }"
      },
      {
        "lineNumber": 9,
        "author": {
          "gitId": "weishuangtan"
        },
        "content": ""
      },
      {
        "lineNumber": 10,
        "author": {
          "gitId": "weishuangtan"
        },
        "content": "    @Override"
      },
      {
        "lineNumber": 11,
        "author": {
          "gitId": "weishuangtan"
        },
        "content": "    public String toString() {"
      },
      {
        "lineNumber": 12,
        "author": {
          "gitId": "weishuangtan"
        },
        "content": "        return \"\\uD835\\uDD3C \" + super.toString() + \" (at: \" + at + \")\";"
      },
      {
        "lineNumber": 13,
        "author": {
          "gitId": "weishuangtan"
        },
        "content": "    }"
      },
      {
        "lineNumber": 14,
        "author": {
          "gitId": "weishuangtan"
        },
        "content": "}"
      }
    ],
    "authorContributionMap": {
      "weishuangtan": 14
    }
  },
  {
    "path": "src/main/java/State.java",
    "fileType": "java",
    "lines": [
      {
        "lineNumber": 1,
        "author": {
          "gitId": "weishuangtan"
        },
        "content": "/** Different states for the chat bot */"
      },
      {
        "lineNumber": 2,
        "author": {
          "gitId": "weishuangtan"
        },
        "content": "public enum State {"
      },
      {
        "lineNumber": 3,
        "author": {
          "gitId": "weishuangtan"
        },
        "content": "    running, stop"
      },
      {
        "lineNumber": 4,
        "author": {
          "gitId": "weishuangtan"
        },
        "content": "}"
      }
    ],
    "authorContributionMap": {
      "weishuangtan": 4
    }
  },
  {
    "path": "src/main/java/Task.java",
    "fileType": "java",
    "lines": [
      {
        "lineNumber": 1,
        "author": {
          "gitId": "weishuangtan"
        },
        "content": "public class Task {"
      },
      {
        "lineNumber": 2,
        "author": {
          "gitId": "weishuangtan"
        },
        "content": "    protected String description;"
      },
      {
        "lineNumber": 3,
        "author": {
          "gitId": "weishuangtan"
        },
        "content": "    protected boolean isDone;"
      },
      {
        "lineNumber": 4,
        "author": {
          "gitId": "weishuangtan"
        },
        "content": ""
      },
      {
        "lineNumber": 5,
        "author": {
          "gitId": "weishuangtan"
        },
        "content": "    public Task(String description) {"
      },
      {
        "lineNumber": 6,
        "author": {
          "gitId": "weishuangtan"
        },
        "content": "        this.description \u003d description;"
      },
      {
        "lineNumber": 7,
        "author": {
          "gitId": "weishuangtan"
        },
        "content": "        this.isDone \u003d false;"
      },
      {
        "lineNumber": 8,
        "author": {
          "gitId": "weishuangtan"
        },
        "content": "    }"
      },
      {
        "lineNumber": 9,
        "author": {
          "gitId": "weishuangtan"
        },
        "content": ""
      },
      {
        "lineNumber": 10,
        "author": {
          "gitId": "weishuangtan"
        },
        "content": "    public String getStatusIcon() {"
      },
      {
        "lineNumber": 11,
        "author": {
          "gitId": "weishuangtan"
        },
        "content": "        return (isDone ? \"\\u2713\" : \"\\u2718\"); //return tick or X symbols"
      },
      {
        "lineNumber": 12,
        "author": {
          "gitId": "weishuangtan"
        },
        "content": "    }"
      },
      {
        "lineNumber": 13,
        "author": {
          "gitId": "weishuangtan"
        },
        "content": ""
      },
      {
        "lineNumber": 14,
        "author": {
          "gitId": "weishuangtan"
        },
        "content": "    public void markAsDone() {"
      },
      {
        "lineNumber": 15,
        "author": {
          "gitId": "weishuangtan"
        },
        "content": "        this.isDone \u003d true;"
      },
      {
        "lineNumber": 16,
        "author": {
          "gitId": "weishuangtan"
        },
        "content": "        System.out.println(\"Good job! I checked this off the list for you:\");"
      },
      {
        "lineNumber": 17,
        "author": {
          "gitId": "weishuangtan"
        },
        "content": "        System.out.println(this);"
      },
      {
        "lineNumber": 18,
        "author": {
          "gitId": "weishuangtan"
        },
        "content": "    }"
      },
      {
        "lineNumber": 19,
        "author": {
          "gitId": "weishuangtan"
        },
        "content": ""
      },
      {
        "lineNumber": 20,
        "author": {
          "gitId": "weishuangtan"
        },
        "content": "    public String toString(){"
      },
      {
        "lineNumber": 21,
        "author": {
          "gitId": "weishuangtan"
        },
        "content": "        return getStatusIcon() + \" \" + description;"
      },
      {
        "lineNumber": 22,
        "author": {
          "gitId": "weishuangtan"
        },
        "content": "    }"
      },
      {
        "lineNumber": 23,
        "author": {
          "gitId": "weishuangtan"
        },
        "content": ""
      },
      {
        "lineNumber": 24,
        "author": {
          "gitId": "weishuangtan"
        },
        "content": "}"
      }
    ],
    "authorContributionMap": {
      "weishuangtan": 24
    }
  },
  {
    "path": "src/main/java/ToDo.java",
    "fileType": "java",
    "lines": [
      {
        "lineNumber": 1,
        "author": {
          "gitId": "weishuangtan"
        },
        "content": "public class ToDo extends Task {"
      },
      {
        "lineNumber": 2,
        "author": {
          "gitId": "weishuangtan"
        },
        "content": ""
      },
      {
        "lineNumber": 3,
        "author": {
          "gitId": "weishuangtan"
        },
        "content": "    public ToDo(String description) {"
      },
      {
        "lineNumber": 4,
        "author": {
          "gitId": "weishuangtan"
        },
        "content": "        super(description);"
      },
      {
        "lineNumber": 5,
        "author": {
          "gitId": "weishuangtan"
        },
        "content": "    }"
      },
      {
        "lineNumber": 6,
        "author": {
          "gitId": "weishuangtan"
        },
        "content": ""
      },
      {
        "lineNumber": 7,
        "author": {
          "gitId": "weishuangtan"
        },
        "content": "    @Override"
      },
      {
        "lineNumber": 8,
        "author": {
          "gitId": "weishuangtan"
        },
        "content": "    public String toString() {"
      },
      {
        "lineNumber": 9,
        "author": {
          "gitId": "weishuangtan"
        },
        "content": "        return \"\\uD835\\uDD4B \" + super.toString();"
      },
      {
        "lineNumber": 10,
        "author": {
          "gitId": "weishuangtan"
        },
        "content": "    }"
      },
      {
        "lineNumber": 11,
        "author": {
          "gitId": "weishuangtan"
        },
        "content": "}"
      }
    ],
    "authorContributionMap": {
      "weishuangtan": 11
    }
  },
  {
    "path": "text-ui-test/input.txt",
    "fileType": "txt",
    "lines": [
      {
        "lineNumber": 1,
        "author": {
          "gitId": "weishuangtan"
        },
        "content": "list"
      },
      {
        "lineNumber": 2,
        "author": {
          "gitId": "weishuangtan"
        },
        "content": "todo CS2113T notes today"
      },
      {
        "lineNumber": 3,
        "author": {
          "gitId": "weishuangtan"
        },
        "content": "event CSC elections /at Sunday 5pm"
      },
      {
        "lineNumber": 4,
        "author": {
          "gitId": "weishuangtan"
        },
        "content": "deadline CS2113T iP task /by before tutorial"
      },
      {
        "lineNumber": 5,
        "author": {
          "gitId": "weishuangtan"
        },
        "content": "list"
      },
      {
        "lineNumber": 6,
        "author": {
          "gitId": "weishuangtan"
        },
        "content": "done 2"
      },
      {
        "lineNumber": 7,
        "author": {
          "gitId": "weishuangtan"
        },
        "content": "bye"
      }
    ],
    "authorContributionMap": {
      "weishuangtan": 7
    }
  },
  {
    "path": "text-ui-test/runtest.bat",
    "fileType": "bat",
    "lines": [
      {
        "lineNumber": 1,
        "author": {
          "gitId": "-"
        },
        "content": "@ECHO OFF"
      },
      {
        "lineNumber": 2,
        "author": {
          "gitId": "-"
        },
        "content": ""
      },
      {
        "lineNumber": 3,
        "author": {
          "gitId": "-"
        },
        "content": "REM create bin directory if it doesn\u0027t exist"
      },
      {
        "lineNumber": 4,
        "author": {
          "gitId": "-"
        },
        "content": "if not exist ..\\bin mkdir ..\\bin"
      },
      {
        "lineNumber": 5,
        "author": {
          "gitId": "-"
        },
        "content": ""
      },
      {
        "lineNumber": 6,
        "author": {
          "gitId": "-"
        },
        "content": "REM delete output from previous run"
      },
      {
        "lineNumber": 7,
        "author": {
          "gitId": "-"
        },
        "content": "del ACTUAL.TXT"
      },
      {
        "lineNumber": 8,
        "author": {
          "gitId": "-"
        },
        "content": ""
      },
      {
        "lineNumber": 9,
        "author": {
          "gitId": "-"
        },
        "content": "REM compile the code into the bin folder"
      },
      {
        "lineNumber": 10,
        "author": {
          "gitId": "weishuangtan"
        },
        "content": "javac  -cp ..\\src -Xlint:none -d ..\\bin ..\\src\\main\\java\\*"
      },
      {
        "lineNumber": 11,
        "author": {
          "gitId": "-"
        },
        "content": "IF ERRORLEVEL 1 ("
      },
      {
        "lineNumber": 12,
        "author": {
          "gitId": "-"
        },
        "content": "    echo ********** BUILD FAILURE **********"
      },
      {
        "lineNumber": 13,
        "author": {
          "gitId": "-"
        },
        "content": "    exit /b 1"
      },
      {
        "lineNumber": 14,
        "author": {
          "gitId": "-"
        },
        "content": ")"
      },
      {
        "lineNumber": 15,
        "author": {
          "gitId": "-"
        },
        "content": "REM no error here, errorlevel \u003d\u003d 0"
      },
      {
        "lineNumber": 16,
        "author": {
          "gitId": "-"
        },
        "content": ""
      },
      {
        "lineNumber": 17,
        "author": {
          "gitId": "-"
        },
        "content": "REM run the program, feed commands from input.txt file and redirect the output to the ACTUAL.TXT"
      },
      {
        "lineNumber": 18,
        "author": {
          "gitId": "weishuangtan"
        },
        "content": "java -Dfile.encoding\u003dUTF8 -classpath ..\\bin Duke \u003c input.txt \u003e ACTUAL.TXT"
      },
      {
        "lineNumber": 19,
        "author": {
          "gitId": "-"
        },
        "content": ""
      },
      {
        "lineNumber": 20,
        "author": {
          "gitId": "-"
        },
        "content": "REM compare the output to the expected output"
      },
      {
        "lineNumber": 21,
        "author": {
          "gitId": "-"
        },
        "content": "FC ACTUAL.TXT EXPECTED.TXT"
      }
    ],
    "authorContributionMap": {
      "-": 19,
      "weishuangtan": 2
    }
  }
]
