[
  {
    "path": "src/main/java/Deadline.java",
    "fileType": "java",
    "lines": [
      {
        "lineNumber": 1,
        "author": {
          "gitId": "kerct"
        },
        "content": "public class Deadline extends Task {"
      },
      {
        "lineNumber": 2,
        "author": {
          "gitId": "kerct"
        },
        "content": "    private String by;"
      },
      {
        "lineNumber": 3,
        "author": {
          "gitId": "kerct"
        },
        "content": ""
      },
      {
        "lineNumber": 4,
        "author": {
          "gitId": "kerct"
        },
        "content": "    public Deadline(String name, String by) {"
      },
      {
        "lineNumber": 5,
        "author": {
          "gitId": "kerct"
        },
        "content": "        super(name);"
      },
      {
        "lineNumber": 6,
        "author": {
          "gitId": "kerct"
        },
        "content": "        this.by \u003d by;"
      },
      {
        "lineNumber": 7,
        "author": {
          "gitId": "kerct"
        },
        "content": "    }"
      },
      {
        "lineNumber": 8,
        "author": {
          "gitId": "kerct"
        },
        "content": ""
      },
      {
        "lineNumber": 9,
        "author": {
          "gitId": "kerct"
        },
        "content": "    @Override"
      },
      {
        "lineNumber": 10,
        "author": {
          "gitId": "kerct"
        },
        "content": "    public String toString() {"
      },
      {
        "lineNumber": 11,
        "author": {
          "gitId": "kerct"
        },
        "content": "        return \"[D][\" + getStatusIcon() + \"] \" + name + \" (by: \" + by + \")\";"
      },
      {
        "lineNumber": 12,
        "author": {
          "gitId": "kerct"
        },
        "content": "    }"
      },
      {
        "lineNumber": 13,
        "author": {
          "gitId": "kerct"
        },
        "content": "}"
      }
    ],
    "authorContributionMap": {
      "kerct": 13
    }
  },
  {
    "path": "src/main/java/Duke.java",
    "fileType": "java",
    "lines": [
      {
        "lineNumber": 1,
        "author": {
          "gitId": "kerct"
        },
        "content": "import java.util.ArrayList;"
      },
      {
        "lineNumber": 2,
        "author": {
          "gitId": "kerct"
        },
        "content": "import java.io.File;"
      },
      {
        "lineNumber": 3,
        "author": {
          "gitId": "kerct"
        },
        "content": "import java.io.FileWriter;"
      },
      {
        "lineNumber": 4,
        "author": {
          "gitId": "kerct"
        },
        "content": "import java.io.IOException;"
      },
      {
        "lineNumber": 5,
        "author": {
          "gitId": "kerct"
        },
        "content": "import java.util.Scanner;"
      },
      {
        "lineNumber": 6,
        "author": {
          "gitId": "kerct"
        },
        "content": ""
      },
      {
        "lineNumber": 7,
        "author": {
          "gitId": "-"
        },
        "content": "public class Duke {"
      },
      {
        "lineNumber": 8,
        "author": {
          "gitId": "kerct"
        },
        "content": "    private static final String LOGO \u003d \" ____        _        \\n\""
      },
      {
        "lineNumber": 9,
        "author": {
          "gitId": "-"
        },
        "content": "            + \"|  _ \\\\ _   _| | _____ \\n\""
      },
      {
        "lineNumber": 10,
        "author": {
          "gitId": "-"
        },
        "content": "            + \"| | | | | | | |/ / _ \\\\\\n\""
      },
      {
        "lineNumber": 11,
        "author": {
          "gitId": "-"
        },
        "content": "            + \"| |_| | |_| |   \u003c  __/\\n\""
      },
      {
        "lineNumber": 12,
        "author": {
          "gitId": "-"
        },
        "content": "            + \"|____/ \\\\__,_|_|\\\\_\\\\___|\\n\";"
      },
      {
        "lineNumber": 13,
        "author": {
          "gitId": "kerct"
        },
        "content": "    private static final String DOTTED_LINE \u003d"
      },
      {
        "lineNumber": 14,
        "author": {
          "gitId": "kerct"
        },
        "content": "            \"\\t----------------------------------------------------------\";"
      },
      {
        "lineNumber": 15,
        "author": {
          "gitId": "kerct"
        },
        "content": "    private static final String TODO_COMMAND \u003d \"todo\";"
      },
      {
        "lineNumber": 16,
        "author": {
          "gitId": "kerct"
        },
        "content": "    private static final String DEADLINE_COMMAND \u003d \"deadline\";"
      },
      {
        "lineNumber": 17,
        "author": {
          "gitId": "kerct"
        },
        "content": "    private static final String EVENT_COMMAND \u003d \"event\";"
      },
      {
        "lineNumber": 18,
        "author": {
          "gitId": "kerct"
        },
        "content": "    private static final String BY_COMMAND \u003d \"/by\";"
      },
      {
        "lineNumber": 19,
        "author": {
          "gitId": "kerct"
        },
        "content": "    private static final String AT_COMMAND \u003d \"/at\";"
      },
      {
        "lineNumber": 20,
        "author": {
          "gitId": "kerct"
        },
        "content": "    private static final String LIST_COMMAND \u003d \"list\";"
      },
      {
        "lineNumber": 21,
        "author": {
          "gitId": "kerct"
        },
        "content": "    private static final String DONE_COMMAND \u003d \"done\";"
      },
      {
        "lineNumber": 22,
        "author": {
          "gitId": "kerct"
        },
        "content": "    private static final String DELETE_COMMAND \u003d \"delete\";"
      },
      {
        "lineNumber": 23,
        "author": {
          "gitId": "kerct"
        },
        "content": "    private static final String EXIT_COMMAND \u003d \"bye\";"
      },
      {
        "lineNumber": 24,
        "author": {
          "gitId": "kerct"
        },
        "content": "    private static final String DIR \u003d \"data\";"
      },
      {
        "lineNumber": 25,
        "author": {
          "gitId": "kerct"
        },
        "content": "    private static final String FILEPATH \u003d DIR + File.separator + \"duke.txt\";"
      },
      {
        "lineNumber": 26,
        "author": {
          "gitId": "kerct"
        },
        "content": ""
      },
      {
        "lineNumber": 27,
        "author": {
          "gitId": "kerct"
        },
        "content": "    private static final ArrayList\u003cTask\u003e tasks \u003d new ArrayList\u003c\u003e();"
      },
      {
        "lineNumber": 28,
        "author": {
          "gitId": "kerct"
        },
        "content": ""
      },
      {
        "lineNumber": 29,
        "author": {
          "gitId": "-"
        },
        "content": "    public static void main(String[] args) {"
      },
      {
        "lineNumber": 30,
        "author": {
          "gitId": "kerct"
        },
        "content": "        printWelcomeMessage();"
      },
      {
        "lineNumber": 31,
        "author": {
          "gitId": "kerct"
        },
        "content": "        loadData();"
      },
      {
        "lineNumber": 32,
        "author": {
          "gitId": "kerct"
        },
        "content": "        readInputs();"
      },
      {
        "lineNumber": 33,
        "author": {
          "gitId": "kerct"
        },
        "content": "        printEndMessage();"
      },
      {
        "lineNumber": 34,
        "author": {
          "gitId": "kerct"
        },
        "content": "    }"
      },
      {
        "lineNumber": 35,
        "author": {
          "gitId": "kerct"
        },
        "content": ""
      },
      {
        "lineNumber": 36,
        "author": {
          "gitId": "kerct"
        },
        "content": "    private static void printWelcomeMessage() {"
      },
      {
        "lineNumber": 37,
        "author": {
          "gitId": "kerct"
        },
        "content": "        System.out.println(LOGO);"
      },
      {
        "lineNumber": 38,
        "author": {
          "gitId": "kerct"
        },
        "content": "        System.out.println(DOTTED_LINE);"
      },
      {
        "lineNumber": 39,
        "author": {
          "gitId": "kerct"
        },
        "content": "        System.out.println(\"\\tHello! I\u0027m Duke\");"
      },
      {
        "lineNumber": 40,
        "author": {
          "gitId": "kerct"
        },
        "content": "        System.out.println(\"\\tWhat can I do for you?\");"
      },
      {
        "lineNumber": 41,
        "author": {
          "gitId": "kerct"
        },
        "content": "        System.out.println(DOTTED_LINE);"
      },
      {
        "lineNumber": 42,
        "author": {
          "gitId": "kerct"
        },
        "content": "    }"
      },
      {
        "lineNumber": 43,
        "author": {
          "gitId": "kerct"
        },
        "content": ""
      },
      {
        "lineNumber": 44,
        "author": {
          "gitId": "kerct"
        },
        "content": "    private static void loadData() {"
      },
      {
        "lineNumber": 45,
        "author": {
          "gitId": "kerct"
        },
        "content": "        try {"
      },
      {
        "lineNumber": 46,
        "author": {
          "gitId": "kerct"
        },
        "content": "            File directory \u003d new File(DIR);"
      },
      {
        "lineNumber": 47,
        "author": {
          "gitId": "kerct"
        },
        "content": "            directory.mkdir();"
      },
      {
        "lineNumber": 48,
        "author": {
          "gitId": "kerct"
        },
        "content": ""
      },
      {
        "lineNumber": 49,
        "author": {
          "gitId": "kerct"
        },
        "content": "            File file \u003d new File(FILEPATH);"
      },
      {
        "lineNumber": 50,
        "author": {
          "gitId": "kerct"
        },
        "content": "            // if file already exists, read it"
      },
      {
        "lineNumber": 51,
        "author": {
          "gitId": "kerct"
        },
        "content": "            if (!file.createNewFile()) {"
      },
      {
        "lineNumber": 52,
        "author": {
          "gitId": "kerct"
        },
        "content": "                Scanner reader \u003d new Scanner(file);"
      },
      {
        "lineNumber": 53,
        "author": {
          "gitId": "kerct"
        },
        "content": "                while (reader.hasNext()) {"
      },
      {
        "lineNumber": 54,
        "author": {
          "gitId": "kerct"
        },
        "content": "                    handleInput(reader.nextLine(), false);"
      },
      {
        "lineNumber": 55,
        "author": {
          "gitId": "kerct"
        },
        "content": "                }"
      },
      {
        "lineNumber": 56,
        "author": {
          "gitId": "kerct"
        },
        "content": "            }"
      },
      {
        "lineNumber": 57,
        "author": {
          "gitId": "kerct"
        },
        "content": "        } catch (IOException e) {"
      },
      {
        "lineNumber": 58,
        "author": {
          "gitId": "kerct"
        },
        "content": "            e.printStackTrace();"
      },
      {
        "lineNumber": 59,
        "author": {
          "gitId": "kerct"
        },
        "content": "        }"
      },
      {
        "lineNumber": 60,
        "author": {
          "gitId": "kerct"
        },
        "content": "    }"
      },
      {
        "lineNumber": 61,
        "author": {
          "gitId": "kerct"
        },
        "content": ""
      },
      {
        "lineNumber": 62,
        "author": {
          "gitId": "kerct"
        },
        "content": "    private static void readInputs() {"
      },
      {
        "lineNumber": 63,
        "author": {
          "gitId": "kerct"
        },
        "content": "        Scanner scanner \u003d new Scanner(System.in);"
      },
      {
        "lineNumber": 64,
        "author": {
          "gitId": "kerct"
        },
        "content": "        String input \u003d scanner.nextLine();"
      },
      {
        "lineNumber": 65,
        "author": {
          "gitId": "kerct"
        },
        "content": "        while (!input.equalsIgnoreCase(EXIT_COMMAND)) {"
      },
      {
        "lineNumber": 66,
        "author": {
          "gitId": "kerct"
        },
        "content": "            handleInput(input, true);"
      },
      {
        "lineNumber": 67,
        "author": {
          "gitId": "kerct"
        },
        "content": "            input \u003d scanner.nextLine();"
      },
      {
        "lineNumber": 68,
        "author": {
          "gitId": "kerct"
        },
        "content": "        }"
      },
      {
        "lineNumber": 69,
        "author": {
          "gitId": "kerct"
        },
        "content": "    }"
      },
      {
        "lineNumber": 70,
        "author": {
          "gitId": "kerct"
        },
        "content": ""
      },
      {
        "lineNumber": 71,
        "author": {
          "gitId": "kerct"
        },
        "content": "    private static void addInputToFile(String input) throws IOException {"
      },
      {
        "lineNumber": 72,
        "author": {
          "gitId": "kerct"
        },
        "content": "        // create a FileWriter in append mode"
      },
      {
        "lineNumber": 73,
        "author": {
          "gitId": "kerct"
        },
        "content": "        FileWriter fw \u003d new FileWriter(FILEPATH, true);"
      },
      {
        "lineNumber": 74,
        "author": {
          "gitId": "kerct"
        },
        "content": "        fw.write(input + System.lineSeparator());"
      },
      {
        "lineNumber": 75,
        "author": {
          "gitId": "kerct"
        },
        "content": "        fw.close();"
      },
      {
        "lineNumber": 76,
        "author": {
          "gitId": "kerct"
        },
        "content": "    }"
      },
      {
        "lineNumber": 77,
        "author": {
          "gitId": "kerct"
        },
        "content": ""
      },
      {
        "lineNumber": 78,
        "author": {
          "gitId": "kerct"
        },
        "content": "    private static void handleInput(String input, boolean finishSetup) {"
      },
      {
        "lineNumber": 79,
        "author": {
          "gitId": "kerct"
        },
        "content": "        if (finishSetup) {"
      },
      {
        "lineNumber": 80,
        "author": {
          "gitId": "kerct"
        },
        "content": "            System.out.println(DOTTED_LINE);"
      },
      {
        "lineNumber": 81,
        "author": {
          "gitId": "kerct"
        },
        "content": "        }"
      },
      {
        "lineNumber": 82,
        "author": {
          "gitId": "kerct"
        },
        "content": "        try {"
      },
      {
        "lineNumber": 83,
        "author": {
          "gitId": "kerct"
        },
        "content": "            if (input.trim().equalsIgnoreCase(LIST_COMMAND)) {"
      },
      {
        "lineNumber": 84,
        "author": {
          "gitId": "kerct"
        },
        "content": "                executeCommand(input, LIST_COMMAND, finishSetup);"
      },
      {
        "lineNumber": 85,
        "author": {
          "gitId": "kerct"
        },
        "content": "            } else if (input.startsWith(DONE_COMMAND)) {"
      },
      {
        "lineNumber": 86,
        "author": {
          "gitId": "kerct"
        },
        "content": "                executeCommand(input, DONE_COMMAND, finishSetup);"
      },
      {
        "lineNumber": 87,
        "author": {
          "gitId": "kerct"
        },
        "content": "            } else if (input.startsWith(DELETE_COMMAND)) {"
      },
      {
        "lineNumber": 88,
        "author": {
          "gitId": "kerct"
        },
        "content": "                executeCommand(input, DELETE_COMMAND, finishSetup);"
      },
      {
        "lineNumber": 89,
        "author": {
          "gitId": "kerct"
        },
        "content": "            } else if (input.startsWith(TODO_COMMAND)) {"
      },
      {
        "lineNumber": 90,
        "author": {
          "gitId": "kerct"
        },
        "content": "                executeCommand(input, TODO_COMMAND, finishSetup);"
      },
      {
        "lineNumber": 91,
        "author": {
          "gitId": "kerct"
        },
        "content": "            } else if (input.startsWith(DEADLINE_COMMAND)) {"
      },
      {
        "lineNumber": 92,
        "author": {
          "gitId": "kerct"
        },
        "content": "                executeCommand(input, DEADLINE_COMMAND, finishSetup);"
      },
      {
        "lineNumber": 93,
        "author": {
          "gitId": "kerct"
        },
        "content": "            } else if (input.startsWith(EVENT_COMMAND)) {"
      },
      {
        "lineNumber": 94,
        "author": {
          "gitId": "kerct"
        },
        "content": "                executeCommand(input, EVENT_COMMAND, finishSetup);"
      },
      {
        "lineNumber": 95,
        "author": {
          "gitId": "kerct"
        },
        "content": "            } else {"
      },
      {
        "lineNumber": 96,
        "author": {
          "gitId": "kerct"
        },
        "content": "                System.out.println(\"\\t☹ OOPS!!! I\u0027m sorry, but I don\u0027t know what that means :(\");"
      },
      {
        "lineNumber": 97,
        "author": {
          "gitId": "kerct"
        },
        "content": "            }"
      },
      {
        "lineNumber": 98,
        "author": {
          "gitId": "kerct"
        },
        "content": "        } catch (NumberFormatException e) {"
      },
      {
        "lineNumber": 99,
        "author": {
          "gitId": "kerct"
        },
        "content": "            System.out.println(\"\\tPlease enter the task number too!\");"
      },
      {
        "lineNumber": 100,
        "author": {
          "gitId": "kerct"
        },
        "content": "        } catch (InvalidIndexException e) {"
      },
      {
        "lineNumber": 101,
        "author": {
          "gitId": "kerct"
        },
        "content": "            System.out.println(\"\\t☹ OOPS!!! I can\u0027t find this task\");"
      },
      {
        "lineNumber": 102,
        "author": {
          "gitId": "kerct"
        },
        "content": "        } catch (EmptyNameException e) {"
      },
      {
        "lineNumber": 103,
        "author": {
          "gitId": "kerct"
        },
        "content": "            System.out.println(\"\\t☹ OOPS!!! The description of a todo cannot be empty.\");"
      },
      {
        "lineNumber": 104,
        "author": {
          "gitId": "kerct"
        },
        "content": "        } catch (IOException e) {"
      },
      {
        "lineNumber": 105,
        "author": {
          "gitId": "kerct"
        },
        "content": "            e.printStackTrace();"
      },
      {
        "lineNumber": 106,
        "author": {
          "gitId": "kerct"
        },
        "content": "        }"
      },
      {
        "lineNumber": 107,
        "author": {
          "gitId": "kerct"
        },
        "content": "        if (finishSetup) {"
      },
      {
        "lineNumber": 108,
        "author": {
          "gitId": "kerct"
        },
        "content": "            System.out.println(DOTTED_LINE);"
      },
      {
        "lineNumber": 109,
        "author": {
          "gitId": "kerct"
        },
        "content": "        }"
      },
      {
        "lineNumber": 110,
        "author": {
          "gitId": "kerct"
        },
        "content": "    }"
      },
      {
        "lineNumber": 111,
        "author": {
          "gitId": "kerct"
        },
        "content": ""
      },
      {
        "lineNumber": 112,
        "author": {
          "gitId": "kerct"
        },
        "content": "    private static void executeCommand(String input, String command, boolean finishSetup)"
      },
      {
        "lineNumber": 113,
        "author": {
          "gitId": "kerct"
        },
        "content": "            throws InvalidIndexException, EmptyNameException, IOException {"
      },
      {
        "lineNumber": 114,
        "author": {
          "gitId": "kerct"
        },
        "content": "        switch (command) {"
      },
      {
        "lineNumber": 115,
        "author": {
          "gitId": "kerct"
        },
        "content": "        case LIST_COMMAND: {"
      },
      {
        "lineNumber": 116,
        "author": {
          "gitId": "kerct"
        },
        "content": "            printList();"
      },
      {
        "lineNumber": 117,
        "author": {
          "gitId": "kerct"
        },
        "content": "            break;"
      },
      {
        "lineNumber": 118,
        "author": {
          "gitId": "kerct"
        },
        "content": "        }"
      },
      {
        "lineNumber": 119,
        "author": {
          "gitId": "kerct"
        },
        "content": "        case DONE_COMMAND: {"
      },
      {
        "lineNumber": 120,
        "author": {
          "gitId": "kerct"
        },
        "content": "            int index \u003d getIndexFromInput(input, command);"
      },
      {
        "lineNumber": 121,
        "author": {
          "gitId": "kerct"
        },
        "content": "            markTaskAsDone(index, finishSetup);"
      },
      {
        "lineNumber": 122,
        "author": {
          "gitId": "kerct"
        },
        "content": "            if (finishSetup) {"
      },
      {
        "lineNumber": 123,
        "author": {
          "gitId": "kerct"
        },
        "content": "                addInputToFile(input);"
      },
      {
        "lineNumber": 124,
        "author": {
          "gitId": "kerct"
        },
        "content": "            }"
      },
      {
        "lineNumber": 125,
        "author": {
          "gitId": "kerct"
        },
        "content": "            break;"
      },
      {
        "lineNumber": 126,
        "author": {
          "gitId": "kerct"
        },
        "content": "        }"
      },
      {
        "lineNumber": 127,
        "author": {
          "gitId": "kerct"
        },
        "content": "        case DELETE_COMMAND: {"
      },
      {
        "lineNumber": 128,
        "author": {
          "gitId": "kerct"
        },
        "content": "            int index \u003d getIndexFromInput(input, command);"
      },
      {
        "lineNumber": 129,
        "author": {
          "gitId": "kerct"
        },
        "content": "            removeTask(index, finishSetup);"
      },
      {
        "lineNumber": 130,
        "author": {
          "gitId": "kerct"
        },
        "content": "            if (finishSetup) {"
      },
      {
        "lineNumber": 131,
        "author": {
          "gitId": "kerct"
        },
        "content": "                addInputToFile(input);"
      },
      {
        "lineNumber": 132,
        "author": {
          "gitId": "kerct"
        },
        "content": "            }"
      },
      {
        "lineNumber": 133,
        "author": {
          "gitId": "kerct"
        },
        "content": "            break;"
      },
      {
        "lineNumber": 134,
        "author": {
          "gitId": "kerct"
        },
        "content": "        }"
      },
      {
        "lineNumber": 135,
        "author": {
          "gitId": "kerct"
        },
        "content": "        case TODO_COMMAND: {"
      },
      {
        "lineNumber": 136,
        "author": {
          "gitId": "kerct"
        },
        "content": "            String name \u003d input.substring(TODO_COMMAND.length()).trim();"
      },
      {
        "lineNumber": 137,
        "author": {
          "gitId": "kerct"
        },
        "content": "            if(name.length() \u003d\u003d 0) {"
      },
      {
        "lineNumber": 138,
        "author": {
          "gitId": "kerct"
        },
        "content": "                throw new EmptyNameException();"
      },
      {
        "lineNumber": 139,
        "author": {
          "gitId": "kerct"
        },
        "content": "            }"
      },
      {
        "lineNumber": 140,
        "author": {
          "gitId": "kerct"
        },
        "content": "            Task todo \u003d new Todo(name);"
      },
      {
        "lineNumber": 141,
        "author": {
          "gitId": "kerct"
        },
        "content": "            addToTaskList(todo, finishSetup);"
      },
      {
        "lineNumber": 142,
        "author": {
          "gitId": "kerct"
        },
        "content": "            if (finishSetup) {"
      },
      {
        "lineNumber": 143,
        "author": {
          "gitId": "kerct"
        },
        "content": "                addInputToFile(input);"
      },
      {
        "lineNumber": 144,
        "author": {
          "gitId": "kerct"
        },
        "content": "            }"
      },
      {
        "lineNumber": 145,
        "author": {
          "gitId": "kerct"
        },
        "content": "            break;"
      },
      {
        "lineNumber": 146,
        "author": {
          "gitId": "kerct"
        },
        "content": "        }"
      },
      {
        "lineNumber": 147,
        "author": {
          "gitId": "kerct"
        },
        "content": "        case DEADLINE_COMMAND: {"
      },
      {
        "lineNumber": 148,
        "author": {
          "gitId": "kerct"
        },
        "content": "            int byIndex \u003d input.indexOf(BY_COMMAND);"
      },
      {
        "lineNumber": 149,
        "author": {
          "gitId": "kerct"
        },
        "content": "            if (byIndex \u003d\u003d -1) {"
      },
      {
        "lineNumber": 150,
        "author": {
          "gitId": "kerct"
        },
        "content": "                System.out.println(\"Please tell me when this is due!\");"
      },
      {
        "lineNumber": 151,
        "author": {
          "gitId": "kerct"
        },
        "content": "                return;"
      },
      {
        "lineNumber": 152,
        "author": {
          "gitId": "kerct"
        },
        "content": "            }"
      },
      {
        "lineNumber": 153,
        "author": {
          "gitId": "kerct"
        },
        "content": "            String name \u003d input.substring(DEADLINE_COMMAND.length(), byIndex).trim();"
      },
      {
        "lineNumber": 154,
        "author": {
          "gitId": "kerct"
        },
        "content": "            String by \u003d input.substring(byIndex + BY_COMMAND.length()).trim();"
      },
      {
        "lineNumber": 155,
        "author": {
          "gitId": "kerct"
        },
        "content": "            Task deadline \u003d new Deadline(name, by);"
      },
      {
        "lineNumber": 156,
        "author": {
          "gitId": "kerct"
        },
        "content": "            addToTaskList(deadline, finishSetup);"
      },
      {
        "lineNumber": 157,
        "author": {
          "gitId": "kerct"
        },
        "content": "            if (finishSetup) {"
      },
      {
        "lineNumber": 158,
        "author": {
          "gitId": "kerct"
        },
        "content": "                addInputToFile(input);"
      },
      {
        "lineNumber": 159,
        "author": {
          "gitId": "kerct"
        },
        "content": "            }"
      },
      {
        "lineNumber": 160,
        "author": {
          "gitId": "kerct"
        },
        "content": "            break;"
      },
      {
        "lineNumber": 161,
        "author": {
          "gitId": "kerct"
        },
        "content": "        }"
      },
      {
        "lineNumber": 162,
        "author": {
          "gitId": "kerct"
        },
        "content": "        case EVENT_COMMAND: {"
      },
      {
        "lineNumber": 163,
        "author": {
          "gitId": "kerct"
        },
        "content": "            int atIndex \u003d input.indexOf(AT_COMMAND);"
      },
      {
        "lineNumber": 164,
        "author": {
          "gitId": "kerct"
        },
        "content": "            if (atIndex \u003d\u003d -1) {"
      },
      {
        "lineNumber": 165,
        "author": {
          "gitId": "kerct"
        },
        "content": "                System.out.println(\"Please tell me when is this event!\");"
      },
      {
        "lineNumber": 166,
        "author": {
          "gitId": "kerct"
        },
        "content": "                return;"
      },
      {
        "lineNumber": 167,
        "author": {
          "gitId": "kerct"
        },
        "content": "            }"
      },
      {
        "lineNumber": 168,
        "author": {
          "gitId": "kerct"
        },
        "content": "            String name \u003d input.substring(EVENT_COMMAND.length(), atIndex).trim();"
      },
      {
        "lineNumber": 169,
        "author": {
          "gitId": "kerct"
        },
        "content": "            String at \u003d input.substring(atIndex + AT_COMMAND.length()).trim();"
      },
      {
        "lineNumber": 170,
        "author": {
          "gitId": "kerct"
        },
        "content": "            Task event \u003d new Event(name, at);"
      },
      {
        "lineNumber": 171,
        "author": {
          "gitId": "kerct"
        },
        "content": "            addToTaskList(event, finishSetup);"
      },
      {
        "lineNumber": 172,
        "author": {
          "gitId": "kerct"
        },
        "content": "            if (finishSetup) {"
      },
      {
        "lineNumber": 173,
        "author": {
          "gitId": "kerct"
        },
        "content": "                addInputToFile(input);"
      },
      {
        "lineNumber": 174,
        "author": {
          "gitId": "kerct"
        },
        "content": "            }"
      },
      {
        "lineNumber": 175,
        "author": {
          "gitId": "kerct"
        },
        "content": "            break;"
      },
      {
        "lineNumber": 176,
        "author": {
          "gitId": "kerct"
        },
        "content": "        }"
      },
      {
        "lineNumber": 177,
        "author": {
          "gitId": "kerct"
        },
        "content": "        default: {"
      },
      {
        "lineNumber": 178,
        "author": {
          "gitId": "kerct"
        },
        "content": "            System.out.println(\"Something went wrong here...\");"
      },
      {
        "lineNumber": 179,
        "author": {
          "gitId": "kerct"
        },
        "content": "            break;"
      },
      {
        "lineNumber": 180,
        "author": {
          "gitId": "kerct"
        },
        "content": "        }"
      },
      {
        "lineNumber": 181,
        "author": {
          "gitId": "kerct"
        },
        "content": "        }"
      },
      {
        "lineNumber": 182,
        "author": {
          "gitId": "-"
        },
        "content": "    }"
      },
      {
        "lineNumber": 183,
        "author": {
          "gitId": "kerct"
        },
        "content": ""
      },
      {
        "lineNumber": 184,
        "author": {
          "gitId": "kerct"
        },
        "content": "    private static void printList() {"
      },
      {
        "lineNumber": 185,
        "author": {
          "gitId": "kerct"
        },
        "content": "        System.out.println(\"\\tHere are the tasks in your list:\");"
      },
      {
        "lineNumber": 186,
        "author": {
          "gitId": "kerct"
        },
        "content": "        int numOfTasks \u003d tasks.size();"
      },
      {
        "lineNumber": 187,
        "author": {
          "gitId": "kerct"
        },
        "content": "        for (int i \u003d 0; i \u003c numOfTasks; i++) {"
      },
      {
        "lineNumber": 188,
        "author": {
          "gitId": "kerct"
        },
        "content": "            Task task \u003d tasks.get(i);"
      },
      {
        "lineNumber": 189,
        "author": {
          "gitId": "kerct"
        },
        "content": "            System.out.println(\"\\t\" + (i + 1) + \". \" + task.toString());"
      },
      {
        "lineNumber": 190,
        "author": {
          "gitId": "kerct"
        },
        "content": "        }"
      },
      {
        "lineNumber": 191,
        "author": {
          "gitId": "kerct"
        },
        "content": "    }"
      },
      {
        "lineNumber": 192,
        "author": {
          "gitId": "kerct"
        },
        "content": ""
      },
      {
        "lineNumber": 193,
        "author": {
          "gitId": "kerct"
        },
        "content": "    private static int getIndexFromInput(String input, String command)"
      },
      {
        "lineNumber": 194,
        "author": {
          "gitId": "kerct"
        },
        "content": "            throws NumberFormatException, InvalidIndexException {"
      },
      {
        "lineNumber": 195,
        "author": {
          "gitId": "kerct"
        },
        "content": "        int index \u003d Integer.parseInt(input.substring(command.length()).trim()) - 1;"
      },
      {
        "lineNumber": 196,
        "author": {
          "gitId": "kerct"
        },
        "content": "        if (index \u003c 1 || index \u003e tasks.size()) {"
      },
      {
        "lineNumber": 197,
        "author": {
          "gitId": "kerct"
        },
        "content": "            throw new InvalidIndexException();"
      },
      {
        "lineNumber": 198,
        "author": {
          "gitId": "kerct"
        },
        "content": "        }"
      },
      {
        "lineNumber": 199,
        "author": {
          "gitId": "kerct"
        },
        "content": "        return index;"
      },
      {
        "lineNumber": 200,
        "author": {
          "gitId": "kerct"
        },
        "content": "    }"
      },
      {
        "lineNumber": 201,
        "author": {
          "gitId": "kerct"
        },
        "content": ""
      },
      {
        "lineNumber": 202,
        "author": {
          "gitId": "kerct"
        },
        "content": "    private static void markTaskAsDone(int index, boolean print) {"
      },
      {
        "lineNumber": 203,
        "author": {
          "gitId": "kerct"
        },
        "content": "        Task task \u003d tasks.get(index);"
      },
      {
        "lineNumber": 204,
        "author": {
          "gitId": "kerct"
        },
        "content": "        task.markAsDone();"
      },
      {
        "lineNumber": 205,
        "author": {
          "gitId": "kerct"
        },
        "content": "        if (print) {"
      },
      {
        "lineNumber": 206,
        "author": {
          "gitId": "kerct"
        },
        "content": "            System.out.println(\"\\tNice! I\u0027ve marked this task as done: \");"
      },
      {
        "lineNumber": 207,
        "author": {
          "gitId": "kerct"
        },
        "content": "            System.out.println(\"\\t\" + task.toString());"
      },
      {
        "lineNumber": 208,
        "author": {
          "gitId": "kerct"
        },
        "content": "        }"
      },
      {
        "lineNumber": 209,
        "author": {
          "gitId": "kerct"
        },
        "content": "    }"
      },
      {
        "lineNumber": 210,
        "author": {
          "gitId": "kerct"
        },
        "content": ""
      },
      {
        "lineNumber": 211,
        "author": {
          "gitId": "kerct"
        },
        "content": "    private static void removeTask(int index, boolean print) {"
      },
      {
        "lineNumber": 212,
        "author": {
          "gitId": "kerct"
        },
        "content": "        Task task \u003d tasks.get(index);"
      },
      {
        "lineNumber": 213,
        "author": {
          "gitId": "kerct"
        },
        "content": "        tasks.remove(index);"
      },
      {
        "lineNumber": 214,
        "author": {
          "gitId": "kerct"
        },
        "content": "        if (print) {"
      },
      {
        "lineNumber": 215,
        "author": {
          "gitId": "kerct"
        },
        "content": "            System.out.println(\"\\tNoted. I\u0027ve removed this task: \");"
      },
      {
        "lineNumber": 216,
        "author": {
          "gitId": "kerct"
        },
        "content": "            printTaskAndTotal(task);"
      },
      {
        "lineNumber": 217,
        "author": {
          "gitId": "kerct"
        },
        "content": "        }"
      },
      {
        "lineNumber": 218,
        "author": {
          "gitId": "kerct"
        },
        "content": "    }"
      },
      {
        "lineNumber": 219,
        "author": {
          "gitId": "kerct"
        },
        "content": ""
      },
      {
        "lineNumber": 220,
        "author": {
          "gitId": "kerct"
        },
        "content": "    private static void addToTaskList(Task task, boolean print) {"
      },
      {
        "lineNumber": 221,
        "author": {
          "gitId": "kerct"
        },
        "content": "        tasks.add(task);"
      },
      {
        "lineNumber": 222,
        "author": {
          "gitId": "kerct"
        },
        "content": "        if (print) {"
      },
      {
        "lineNumber": 223,
        "author": {
          "gitId": "kerct"
        },
        "content": "            System.out.println(\"\\tGot it. I\u0027ve added this task:\");"
      },
      {
        "lineNumber": 224,
        "author": {
          "gitId": "kerct"
        },
        "content": "            printTaskAndTotal(task);"
      },
      {
        "lineNumber": 225,
        "author": {
          "gitId": "kerct"
        },
        "content": "        }"
      },
      {
        "lineNumber": 226,
        "author": {
          "gitId": "kerct"
        },
        "content": "    }"
      },
      {
        "lineNumber": 227,
        "author": {
          "gitId": "kerct"
        },
        "content": ""
      },
      {
        "lineNumber": 228,
        "author": {
          "gitId": "kerct"
        },
        "content": "    private static void printTaskAndTotal(Task task) {"
      },
      {
        "lineNumber": 229,
        "author": {
          "gitId": "kerct"
        },
        "content": "        System.out.println(\"\\t\\t\" + task.toString());"
      },
      {
        "lineNumber": 230,
        "author": {
          "gitId": "kerct"
        },
        "content": "        int total \u003d tasks.size();"
      },
      {
        "lineNumber": 231,
        "author": {
          "gitId": "kerct"
        },
        "content": "        if (total \u003d\u003d 1) {"
      },
      {
        "lineNumber": 232,
        "author": {
          "gitId": "kerct"
        },
        "content": "            System.out.println(\"\\tNow you only have 1 task in the list!\");"
      },
      {
        "lineNumber": 233,
        "author": {
          "gitId": "kerct"
        },
        "content": "        } else {"
      },
      {
        "lineNumber": 234,
        "author": {
          "gitId": "kerct"
        },
        "content": "            System.out.println(\"\\tNow you have \" + total + \" tasks in the list.\");"
      },
      {
        "lineNumber": 235,
        "author": {
          "gitId": "kerct"
        },
        "content": "        }"
      },
      {
        "lineNumber": 236,
        "author": {
          "gitId": "kerct"
        },
        "content": "    }"
      },
      {
        "lineNumber": 237,
        "author": {
          "gitId": "kerct"
        },
        "content": ""
      },
      {
        "lineNumber": 238,
        "author": {
          "gitId": "kerct"
        },
        "content": "    private static void printEndMessage() {"
      },
      {
        "lineNumber": 239,
        "author": {
          "gitId": "kerct"
        },
        "content": "        System.out.println(DOTTED_LINE);"
      },
      {
        "lineNumber": 240,
        "author": {
          "gitId": "kerct"
        },
        "content": "        System.out.println(\"\\tBye. Hope to see you again soon!\");"
      },
      {
        "lineNumber": 241,
        "author": {
          "gitId": "kerct"
        },
        "content": "        System.out.println(DOTTED_LINE);"
      },
      {
        "lineNumber": 242,
        "author": {
          "gitId": "-"
        },
        "content": "    }"
      },
      {
        "lineNumber": 243,
        "author": {
          "gitId": "-"
        },
        "content": "}"
      }
    ],
    "authorContributionMap": {
      "kerct": 234,
      "-": 9
    }
  },
  {
    "path": "src/main/java/EmptyNameException.java",
    "fileType": "java",
    "lines": [
      {
        "lineNumber": 1,
        "author": {
          "gitId": "kerct"
        },
        "content": "public class EmptyNameException extends Exception {"
      },
      {
        "lineNumber": 2,
        "author": {
          "gitId": "kerct"
        },
        "content": "}"
      }
    ],
    "authorContributionMap": {
      "kerct": 2
    }
  },
  {
    "path": "src/main/java/Event.java",
    "fileType": "java",
    "lines": [
      {
        "lineNumber": 1,
        "author": {
          "gitId": "kerct"
        },
        "content": "public class Event extends Task {"
      },
      {
        "lineNumber": 2,
        "author": {
          "gitId": "kerct"
        },
        "content": "    private String at;"
      },
      {
        "lineNumber": 3,
        "author": {
          "gitId": "kerct"
        },
        "content": ""
      },
      {
        "lineNumber": 4,
        "author": {
          "gitId": "kerct"
        },
        "content": "    public Event(String name, String at) {"
      },
      {
        "lineNumber": 5,
        "author": {
          "gitId": "kerct"
        },
        "content": "        super(name);"
      },
      {
        "lineNumber": 6,
        "author": {
          "gitId": "kerct"
        },
        "content": "        this.at \u003d at;"
      },
      {
        "lineNumber": 7,
        "author": {
          "gitId": "kerct"
        },
        "content": "    }"
      },
      {
        "lineNumber": 8,
        "author": {
          "gitId": "kerct"
        },
        "content": ""
      },
      {
        "lineNumber": 9,
        "author": {
          "gitId": "kerct"
        },
        "content": "    @Override"
      },
      {
        "lineNumber": 10,
        "author": {
          "gitId": "kerct"
        },
        "content": "    public String toString() {"
      },
      {
        "lineNumber": 11,
        "author": {
          "gitId": "kerct"
        },
        "content": "        return \"[E][\" + getStatusIcon() + \"] \" + name + \" (at: \" + at + \")\";"
      },
      {
        "lineNumber": 12,
        "author": {
          "gitId": "kerct"
        },
        "content": "    }"
      },
      {
        "lineNumber": 13,
        "author": {
          "gitId": "kerct"
        },
        "content": "}"
      }
    ],
    "authorContributionMap": {
      "kerct": 13
    }
  },
  {
    "path": "src/main/java/InvalidIndexException.java",
    "fileType": "java",
    "lines": [
      {
        "lineNumber": 1,
        "author": {
          "gitId": "kerct"
        },
        "content": "public class InvalidIndexException extends Exception {"
      },
      {
        "lineNumber": 2,
        "author": {
          "gitId": "kerct"
        },
        "content": "}"
      }
    ],
    "authorContributionMap": {
      "kerct": 2
    }
  },
  {
    "path": "src/main/java/Task.java",
    "fileType": "java",
    "lines": [
      {
        "lineNumber": 1,
        "author": {
          "gitId": "kerct"
        },
        "content": "public class Task {"
      },
      {
        "lineNumber": 2,
        "author": {
          "gitId": "kerct"
        },
        "content": "    protected String name;"
      },
      {
        "lineNumber": 3,
        "author": {
          "gitId": "kerct"
        },
        "content": "    protected boolean isDone;"
      },
      {
        "lineNumber": 4,
        "author": {
          "gitId": "kerct"
        },
        "content": ""
      },
      {
        "lineNumber": 5,
        "author": {
          "gitId": "kerct"
        },
        "content": "    public Task(String name) {"
      },
      {
        "lineNumber": 6,
        "author": {
          "gitId": "kerct"
        },
        "content": "        this.name \u003d name;"
      },
      {
        "lineNumber": 7,
        "author": {
          "gitId": "kerct"
        },
        "content": "        isDone \u003d false;"
      },
      {
        "lineNumber": 8,
        "author": {
          "gitId": "kerct"
        },
        "content": "    }"
      },
      {
        "lineNumber": 9,
        "author": {
          "gitId": "kerct"
        },
        "content": ""
      },
      {
        "lineNumber": 10,
        "author": {
          "gitId": "kerct"
        },
        "content": "    public void markAsDone() {"
      },
      {
        "lineNumber": 11,
        "author": {
          "gitId": "kerct"
        },
        "content": "        isDone \u003d true;"
      },
      {
        "lineNumber": 12,
        "author": {
          "gitId": "kerct"
        },
        "content": "    }"
      },
      {
        "lineNumber": 13,
        "author": {
          "gitId": "kerct"
        },
        "content": ""
      },
      {
        "lineNumber": 14,
        "author": {
          "gitId": "kerct"
        },
        "content": "    protected String getStatusIcon() {"
      },
      {
        "lineNumber": 15,
        "author": {
          "gitId": "kerct"
        },
        "content": "        //return tick or X symbols"
      },
      {
        "lineNumber": 16,
        "author": {
          "gitId": "kerct"
        },
        "content": "        return (isDone ? \"\\u2713\" : \"\\u2718\");"
      },
      {
        "lineNumber": 17,
        "author": {
          "gitId": "kerct"
        },
        "content": "    }"
      },
      {
        "lineNumber": 18,
        "author": {
          "gitId": "kerct"
        },
        "content": ""
      },
      {
        "lineNumber": 19,
        "author": {
          "gitId": "kerct"
        },
        "content": "    @Override"
      },
      {
        "lineNumber": 20,
        "author": {
          "gitId": "kerct"
        },
        "content": "    public String toString() {"
      },
      {
        "lineNumber": 21,
        "author": {
          "gitId": "kerct"
        },
        "content": "        return \"[\" + getStatusIcon() + \"] \" + name;"
      },
      {
        "lineNumber": 22,
        "author": {
          "gitId": "kerct"
        },
        "content": "    }"
      },
      {
        "lineNumber": 23,
        "author": {
          "gitId": "kerct"
        },
        "content": "}"
      }
    ],
    "authorContributionMap": {
      "kerct": 23
    }
  },
  {
    "path": "src/main/java/Todo.java",
    "fileType": "java",
    "lines": [
      {
        "lineNumber": 1,
        "author": {
          "gitId": "kerct"
        },
        "content": "public class Todo extends Task {"
      },
      {
        "lineNumber": 2,
        "author": {
          "gitId": "kerct"
        },
        "content": "    public Todo(String name) {"
      },
      {
        "lineNumber": 3,
        "author": {
          "gitId": "kerct"
        },
        "content": "        super(name);"
      },
      {
        "lineNumber": 4,
        "author": {
          "gitId": "kerct"
        },
        "content": "    }"
      },
      {
        "lineNumber": 5,
        "author": {
          "gitId": "kerct"
        },
        "content": ""
      },
      {
        "lineNumber": 6,
        "author": {
          "gitId": "kerct"
        },
        "content": "    @Override"
      },
      {
        "lineNumber": 7,
        "author": {
          "gitId": "kerct"
        },
        "content": "    public String toString() {"
      },
      {
        "lineNumber": 8,
        "author": {
          "gitId": "kerct"
        },
        "content": "        return \"[T][\" + getStatusIcon() + \"] \" + name;"
      },
      {
        "lineNumber": 9,
        "author": {
          "gitId": "kerct"
        },
        "content": "    }"
      },
      {
        "lineNumber": 10,
        "author": {
          "gitId": "kerct"
        },
        "content": "}"
      }
    ],
    "authorContributionMap": {
      "kerct": 10
    }
  }
]
