[
  {
    "path": "src/main/java/Deadline.java",
    "fileType": "java",
    "lines": [
      {
        "lineNumber": 1,
        "author": {
          "gitId": "ychong032"
        },
        "content": "public class Deadline extends Task {"
      },
      {
        "lineNumber": 2,
        "author": {
          "gitId": "ychong032"
        },
        "content": "    protected String by;"
      },
      {
        "lineNumber": 3,
        "author": {
          "gitId": "ychong032"
        },
        "content": ""
      },
      {
        "lineNumber": 4,
        "author": {
          "gitId": "ychong032"
        },
        "content": "    public Deadline(String description, String by) {"
      },
      {
        "lineNumber": 5,
        "author": {
          "gitId": "ychong032"
        },
        "content": "        super(description);"
      },
      {
        "lineNumber": 6,
        "author": {
          "gitId": "ychong032"
        },
        "content": "        this.by \u003d by;"
      },
      {
        "lineNumber": 7,
        "author": {
          "gitId": "ychong032"
        },
        "content": "    }"
      },
      {
        "lineNumber": 8,
        "author": {
          "gitId": "ychong032"
        },
        "content": ""
      },
      {
        "lineNumber": 9,
        "author": {
          "gitId": "ychong032"
        },
        "content": "    @Override"
      },
      {
        "lineNumber": 10,
        "author": {
          "gitId": "ychong032"
        },
        "content": "    public String toString() {"
      },
      {
        "lineNumber": 11,
        "author": {
          "gitId": "ychong032"
        },
        "content": "        return \"[D]\" + super.toString() + \"(by:\" + by + \")\";"
      },
      {
        "lineNumber": 12,
        "author": {
          "gitId": "ychong032"
        },
        "content": "    }"
      },
      {
        "lineNumber": 13,
        "author": {
          "gitId": "ychong032"
        },
        "content": "}"
      }
    ],
    "authorContributionMap": {
      "ychong032": 13
    }
  },
  {
    "path": "src/main/java/Duke.java",
    "fileType": "java",
    "lines": [
      {
        "lineNumber": 1,
        "author": {
          "gitId": "ychong032"
        },
        "content": "import java.util.Scanner;"
      },
      {
        "lineNumber": 2,
        "author": {
          "gitId": "-"
        },
        "content": "public class Duke {"
      },
      {
        "lineNumber": 3,
        "author": {
          "gitId": "ychong032"
        },
        "content": "    private static final int MAX_TASK_LENGTH \u003d 100;"
      },
      {
        "lineNumber": 4,
        "author": {
          "gitId": "ychong032"
        },
        "content": "    private static int taskCount \u003d 0;"
      },
      {
        "lineNumber": 5,
        "author": {
          "gitId": "ychong032"
        },
        "content": ""
      },
      {
        "lineNumber": 6,
        "author": {
          "gitId": "-"
        },
        "content": "    public static void main(String[] args) {"
      },
      {
        "lineNumber": 7,
        "author": {
          "gitId": "ychong032"
        },
        "content": "        //Print logo and opening message"
      },
      {
        "lineNumber": 8,
        "author": {
          "gitId": "ychong032"
        },
        "content": "        printLogo();"
      },
      {
        "lineNumber": 9,
        "author": {
          "gitId": "ychong032"
        },
        "content": "        printGreeting();"
      },
      {
        "lineNumber": 10,
        "author": {
          "gitId": "ychong032"
        },
        "content": ""
      },
      {
        "lineNumber": 11,
        "author": {
          "gitId": "ychong032"
        },
        "content": "        //Receive user input and execute corresponding functions"
      },
      {
        "lineNumber": 12,
        "author": {
          "gitId": "ychong032"
        },
        "content": "        getUserInput();"
      },
      {
        "lineNumber": 13,
        "author": {
          "gitId": "ychong032"
        },
        "content": ""
      },
      {
        "lineNumber": 14,
        "author": {
          "gitId": "ychong032"
        },
        "content": "        //Print closing message"
      },
      {
        "lineNumber": 15,
        "author": {
          "gitId": "ychong032"
        },
        "content": "        printFarewell();"
      },
      {
        "lineNumber": 16,
        "author": {
          "gitId": "ychong032"
        },
        "content": "    }"
      },
      {
        "lineNumber": 17,
        "author": {
          "gitId": "ychong032"
        },
        "content": ""
      },
      {
        "lineNumber": 18,
        "author": {
          "gitId": "ychong032"
        },
        "content": "    public static void loopEcho() {"
      },
      {
        "lineNumber": 19,
        "author": {
          "gitId": "ychong032"
        },
        "content": "        Scanner sc \u003d new Scanner(System.in);"
      },
      {
        "lineNumber": 20,
        "author": {
          "gitId": "ychong032"
        },
        "content": "        String userInput \u003d sc.nextLine();"
      },
      {
        "lineNumber": 21,
        "author": {
          "gitId": "ychong032"
        },
        "content": "        while (!userInput.equals(\"bye\")) {"
      },
      {
        "lineNumber": 22,
        "author": {
          "gitId": "ychong032"
        },
        "content": "            printDivider();"
      },
      {
        "lineNumber": 23,
        "author": {
          "gitId": "ychong032"
        },
        "content": "            System.out.printf(\"\\t%s%n\", userInput);"
      },
      {
        "lineNumber": 24,
        "author": {
          "gitId": "ychong032"
        },
        "content": "            printDivider();"
      },
      {
        "lineNumber": 25,
        "author": {
          "gitId": "ychong032"
        },
        "content": "            userInput \u003d sc.nextLine();"
      },
      {
        "lineNumber": 26,
        "author": {
          "gitId": "ychong032"
        },
        "content": "        }"
      },
      {
        "lineNumber": 27,
        "author": {
          "gitId": "-"
        },
        "content": "    }"
      },
      {
        "lineNumber": 28,
        "author": {
          "gitId": "ychong032"
        },
        "content": ""
      },
      {
        "lineNumber": 29,
        "author": {
          "gitId": "ychong032"
        },
        "content": "    public static void getUserInput() {"
      },
      {
        "lineNumber": 30,
        "author": {
          "gitId": "ychong032"
        },
        "content": "        Task[] taskList \u003d new Task[MAX_TASK_LENGTH];"
      },
      {
        "lineNumber": 31,
        "author": {
          "gitId": "ychong032"
        },
        "content": "        int listIndex \u003d 0;"
      },
      {
        "lineNumber": 32,
        "author": {
          "gitId": "ychong032"
        },
        "content": "        Scanner sc \u003d new Scanner(System.in);"
      },
      {
        "lineNumber": 33,
        "author": {
          "gitId": "ychong032"
        },
        "content": "        String userInput \u003d sc.nextLine();"
      },
      {
        "lineNumber": 34,
        "author": {
          "gitId": "ychong032"
        },
        "content": "        while (!userInput.trim().toLowerCase().equals(\"bye\")) {"
      },
      {
        "lineNumber": 35,
        "author": {
          "gitId": "ychong032"
        },
        "content": "            if (userInput.trim().toLowerCase().equals(\"list\")) {"
      },
      {
        "lineNumber": 36,
        "author": {
          "gitId": "ychong032"
        },
        "content": "                displayList(taskList);"
      },
      {
        "lineNumber": 37,
        "author": {
          "gitId": "ychong032"
        },
        "content": "            } else if (userInput.trim().toLowerCase().contains(\"done\")) {"
      },
      {
        "lineNumber": 38,
        "author": {
          "gitId": "ychong032"
        },
        "content": "                markTaskDone(taskList, userInput);"
      },
      {
        "lineNumber": 39,
        "author": {
          "gitId": "ychong032"
        },
        "content": "            } else if (userInput.trim().toLowerCase().contains(\"todo\")) {"
      },
      {
        "lineNumber": 40,
        "author": {
          "gitId": "ychong032"
        },
        "content": "                listIndex \u003d addToList(taskList, listIndex, userInput, \"todo\");"
      },
      {
        "lineNumber": 41,
        "author": {
          "gitId": "ychong032"
        },
        "content": "            } else if (userInput.trim().toLowerCase().contains(\"deadline\")) {"
      },
      {
        "lineNumber": 42,
        "author": {
          "gitId": "ychong032"
        },
        "content": "                listIndex \u003d addToList(taskList, listIndex, userInput, \"deadline\");"
      },
      {
        "lineNumber": 43,
        "author": {
          "gitId": "ychong032"
        },
        "content": "            } else if (userInput.trim().toLowerCase().contains(\"event\")) {"
      },
      {
        "lineNumber": 44,
        "author": {
          "gitId": "ychong032"
        },
        "content": "                listIndex \u003d addToList(taskList, listIndex, userInput, \"event\");"
      },
      {
        "lineNumber": 45,
        "author": {
          "gitId": "ychong032"
        },
        "content": "            } else {"
      },
      {
        "lineNumber": 46,
        "author": {
          "gitId": "ychong032"
        },
        "content": "                printErrorMessage();"
      },
      {
        "lineNumber": 47,
        "author": {
          "gitId": "ychong032"
        },
        "content": "            }"
      },
      {
        "lineNumber": 48,
        "author": {
          "gitId": "ychong032"
        },
        "content": "            userInput \u003d sc.nextLine();"
      },
      {
        "lineNumber": 49,
        "author": {
          "gitId": "ychong032"
        },
        "content": "        }"
      },
      {
        "lineNumber": 50,
        "author": {
          "gitId": "ychong032"
        },
        "content": "    }"
      },
      {
        "lineNumber": 51,
        "author": {
          "gitId": "ychong032"
        },
        "content": ""
      },
      {
        "lineNumber": 52,
        "author": {
          "gitId": "ychong032"
        },
        "content": "    public static void markTaskDone(Task[] taskList, String userInput) {"
      },
      {
        "lineNumber": 53,
        "author": {
          "gitId": "ychong032"
        },
        "content": "        Task taskDone \u003d getCompletedTask(taskList, userInput);"
      },
      {
        "lineNumber": 54,
        "author": {
          "gitId": "ychong032"
        },
        "content": "        taskDone.markAsDone();"
      },
      {
        "lineNumber": 55,
        "author": {
          "gitId": "ychong032"
        },
        "content": "        printDivider();"
      },
      {
        "lineNumber": 56,
        "author": {
          "gitId": "ychong032"
        },
        "content": "        System.out.println(\"\\tVery good, sir. Excellent work accomplishing your task:\");"
      },
      {
        "lineNumber": 57,
        "author": {
          "gitId": "ychong032"
        },
        "content": "        System.out.print(\u0027\\t\u0027);"
      },
      {
        "lineNumber": 58,
        "author": {
          "gitId": "ychong032"
        },
        "content": "        System.out.println(taskDone);"
      },
      {
        "lineNumber": 59,
        "author": {
          "gitId": "ychong032"
        },
        "content": "        printDivider();"
      },
      {
        "lineNumber": 60,
        "author": {
          "gitId": "ychong032"
        },
        "content": "    }"
      },
      {
        "lineNumber": 61,
        "author": {
          "gitId": "ychong032"
        },
        "content": ""
      },
      {
        "lineNumber": 62,
        "author": {
          "gitId": "ychong032"
        },
        "content": "    public static Task getCompletedTask(Task[] taskList, String userInput) {"
      },
      {
        "lineNumber": 63,
        "author": {
          "gitId": "ychong032"
        },
        "content": "        String replacedInput \u003d userInput.trim().toLowerCase().replace(\"done\", \"\");"
      },
      {
        "lineNumber": 64,
        "author": {
          "gitId": "ychong032"
        },
        "content": "        int taskNumber \u003d Integer.parseInt(replacedInput.trim().substring(0, 1));"
      },
      {
        "lineNumber": 65,
        "author": {
          "gitId": "ychong032"
        },
        "content": "        return taskList[taskNumber-1];"
      },
      {
        "lineNumber": 66,
        "author": {
          "gitId": "ychong032"
        },
        "content": "    }"
      },
      {
        "lineNumber": 67,
        "author": {
          "gitId": "ychong032"
        },
        "content": ""
      },
      {
        "lineNumber": 68,
        "author": {
          "gitId": "ychong032"
        },
        "content": "    public static int addToList(Task[] taskList, int listIndex, String userInput, String taskType) {"
      },
      {
        "lineNumber": 69,
        "author": {
          "gitId": "ychong032"
        },
        "content": "        String replacedInput;"
      },
      {
        "lineNumber": 70,
        "author": {
          "gitId": "ychong032"
        },
        "content": "        String description;"
      },
      {
        "lineNumber": 71,
        "author": {
          "gitId": "ychong032"
        },
        "content": "        switch (taskType) {"
      },
      {
        "lineNumber": 72,
        "author": {
          "gitId": "ychong032"
        },
        "content": "        case \"todo\":"
      },
      {
        "lineNumber": 73,
        "author": {
          "gitId": "ychong032"
        },
        "content": "            replacedInput \u003d userInput.replaceFirst(\"(?i)todo\", \"\").trim();"
      },
      {
        "lineNumber": 74,
        "author": {
          "gitId": "ychong032"
        },
        "content": "            description \u003d replacedInput;"
      },
      {
        "lineNumber": 75,
        "author": {
          "gitId": "ychong032"
        },
        "content": "            taskList[listIndex] \u003d new ToDo(description);"
      },
      {
        "lineNumber": 76,
        "author": {
          "gitId": "ychong032"
        },
        "content": "            break;"
      },
      {
        "lineNumber": 77,
        "author": {
          "gitId": "ychong032"
        },
        "content": "        case \"deadline\":"
      },
      {
        "lineNumber": 78,
        "author": {
          "gitId": "ychong032"
        },
        "content": "            replacedInput \u003d userInput.replaceFirst(\"(?i)deadline\", \"\").trim();"
      },
      {
        "lineNumber": 79,
        "author": {
          "gitId": "ychong032"
        },
        "content": "            int byIndex \u003d replacedInput.toLowerCase().indexOf(\"/by\");"
      },
      {
        "lineNumber": 80,
        "author": {
          "gitId": "ychong032"
        },
        "content": "            String by \u003d replacedInput.substring(byIndex + 3);"
      },
      {
        "lineNumber": 81,
        "author": {
          "gitId": "ychong032"
        },
        "content": "            description \u003d replacedInput.substring(0, byIndex);"
      },
      {
        "lineNumber": 82,
        "author": {
          "gitId": "ychong032"
        },
        "content": "            taskList[listIndex] \u003d new Deadline(description, by);"
      },
      {
        "lineNumber": 83,
        "author": {
          "gitId": "ychong032"
        },
        "content": "            break;"
      },
      {
        "lineNumber": 84,
        "author": {
          "gitId": "ychong032"
        },
        "content": "        case \"event\":"
      },
      {
        "lineNumber": 85,
        "author": {
          "gitId": "ychong032"
        },
        "content": "            replacedInput \u003d userInput.replaceFirst(\"(?i)event\", \"\").trim();"
      },
      {
        "lineNumber": 86,
        "author": {
          "gitId": "ychong032"
        },
        "content": "            int atIndex \u003d replacedInput.indexOf(\"/at\");"
      },
      {
        "lineNumber": 87,
        "author": {
          "gitId": "ychong032"
        },
        "content": "            String at \u003d replacedInput.substring(atIndex + 3);"
      },
      {
        "lineNumber": 88,
        "author": {
          "gitId": "ychong032"
        },
        "content": "            description \u003d replacedInput.substring(0, atIndex);"
      },
      {
        "lineNumber": 89,
        "author": {
          "gitId": "ychong032"
        },
        "content": "            taskList[listIndex] \u003d new Event(description, at);"
      },
      {
        "lineNumber": 90,
        "author": {
          "gitId": "ychong032"
        },
        "content": "            break;"
      },
      {
        "lineNumber": 91,
        "author": {
          "gitId": "ychong032"
        },
        "content": "        }"
      },
      {
        "lineNumber": 92,
        "author": {
          "gitId": "ychong032"
        },
        "content": "        printDivider();"
      },
      {
        "lineNumber": 93,
        "author": {
          "gitId": "ychong032"
        },
        "content": "        System.out.println(\"\\tUnderstood, sir. I\u0027ve added this task: \");"
      },
      {
        "lineNumber": 94,
        "author": {
          "gitId": "ychong032"
        },
        "content": "        System.out.println(\"\\t\\t\" + taskList[listIndex]);"
      },
      {
        "lineNumber": 95,
        "author": {
          "gitId": "ychong032"
        },
        "content": "        listIndex++;"
      },
      {
        "lineNumber": 96,
        "author": {
          "gitId": "ychong032"
        },
        "content": "        taskCount++;"
      },
      {
        "lineNumber": 97,
        "author": {
          "gitId": "ychong032"
        },
        "content": "        System.out.printf(\"\\tYou currently have %d task(s) in your list, sir.%n\", taskCount);"
      },
      {
        "lineNumber": 98,
        "author": {
          "gitId": "ychong032"
        },
        "content": "        printDivider();"
      },
      {
        "lineNumber": 99,
        "author": {
          "gitId": "ychong032"
        },
        "content": "        return listIndex;"
      },
      {
        "lineNumber": 100,
        "author": {
          "gitId": "ychong032"
        },
        "content": "    }"
      },
      {
        "lineNumber": 101,
        "author": {
          "gitId": "ychong032"
        },
        "content": ""
      },
      {
        "lineNumber": 102,
        "author": {
          "gitId": "ychong032"
        },
        "content": "    public static void displayList(Task[] taskList) {"
      },
      {
        "lineNumber": 103,
        "author": {
          "gitId": "ychong032"
        },
        "content": "        printDivider();"
      },
      {
        "lineNumber": 104,
        "author": {
          "gitId": "ychong032"
        },
        "content": "        if (taskList[0] \u003d\u003d null) {"
      },
      {
        "lineNumber": 105,
        "author": {
          "gitId": "ychong032"
        },
        "content": "            System.out.println(\"\\tYou have no tasks recorded, sir. Huzzah!\");"
      },
      {
        "lineNumber": 106,
        "author": {
          "gitId": "ychong032"
        },
        "content": "        } else {"
      },
      {
        "lineNumber": 107,
        "author": {
          "gitId": "ychong032"
        },
        "content": "            System.out.println(\"\\tHere are your tasks, sir: \");"
      },
      {
        "lineNumber": 108,
        "author": {
          "gitId": "ychong032"
        },
        "content": "            for (int i \u003d 0; i \u003c taskCount; i++) {"
      },
      {
        "lineNumber": 109,
        "author": {
          "gitId": "ychong032"
        },
        "content": "                System.out.printf(\"\\t%d.\", i + 1);"
      },
      {
        "lineNumber": 110,
        "author": {
          "gitId": "ychong032"
        },
        "content": "                System.out.println(taskList[i]);"
      },
      {
        "lineNumber": 111,
        "author": {
          "gitId": "ychong032"
        },
        "content": "            }"
      },
      {
        "lineNumber": 112,
        "author": {
          "gitId": "ychong032"
        },
        "content": "        }"
      },
      {
        "lineNumber": 113,
        "author": {
          "gitId": "ychong032"
        },
        "content": "        printDivider();"
      },
      {
        "lineNumber": 114,
        "author": {
          "gitId": "ychong032"
        },
        "content": "    }"
      },
      {
        "lineNumber": 115,
        "author": {
          "gitId": "ychong032"
        },
        "content": ""
      },
      {
        "lineNumber": 116,
        "author": {
          "gitId": "ychong032"
        },
        "content": "    public static void printFarewell() {"
      },
      {
        "lineNumber": 117,
        "author": {
          "gitId": "ychong032"
        },
        "content": "        printDivider();"
      },
      {
        "lineNumber": 118,
        "author": {
          "gitId": "ychong032"
        },
        "content": "        System.out.println(\"\\tAlways a pleasure, sir. Do come back soon.\");"
      },
      {
        "lineNumber": 119,
        "author": {
          "gitId": "ychong032"
        },
        "content": "        printDivider();"
      },
      {
        "lineNumber": 120,
        "author": {
          "gitId": "ychong032"
        },
        "content": "    }"
      },
      {
        "lineNumber": 121,
        "author": {
          "gitId": "ychong032"
        },
        "content": ""
      },
      {
        "lineNumber": 122,
        "author": {
          "gitId": "ychong032"
        },
        "content": "    public static void printLogo() {"
      },
      {
        "lineNumber": 123,
        "author": {
          "gitId": "-"
        },
        "content": "        String logo \u003d \" ____        _        \\n\""
      },
      {
        "lineNumber": 124,
        "author": {
          "gitId": "-"
        },
        "content": "                + \"|  _ \\\\ _   _| | _____ \\n\""
      },
      {
        "lineNumber": 125,
        "author": {
          "gitId": "-"
        },
        "content": "                + \"| | | | | | | |/ / _ \\\\\\n\""
      },
      {
        "lineNumber": 126,
        "author": {
          "gitId": "-"
        },
        "content": "                + \"| |_| | |_| |   \u003c  __/\\n\""
      },
      {
        "lineNumber": 127,
        "author": {
          "gitId": "-"
        },
        "content": "                + \"|____/ \\\\__,_|_|\\\\_\\\\___|\\n\";"
      },
      {
        "lineNumber": 128,
        "author": {
          "gitId": "-"
        },
        "content": "        System.out.println(\"Hello from\\n\" + logo);"
      },
      {
        "lineNumber": 129,
        "author": {
          "gitId": "-"
        },
        "content": "    }"
      },
      {
        "lineNumber": 130,
        "author": {
          "gitId": "ychong032"
        },
        "content": ""
      },
      {
        "lineNumber": 131,
        "author": {
          "gitId": "ychong032"
        },
        "content": "    public static void printGreeting() {"
      },
      {
        "lineNumber": 132,
        "author": {
          "gitId": "ychong032"
        },
        "content": "        printDivider();"
      },
      {
        "lineNumber": 133,
        "author": {
          "gitId": "ychong032"
        },
        "content": "        System.out.println(\"\\tGreetings, sir. My name is Duke\");"
      },
      {
        "lineNumber": 134,
        "author": {
          "gitId": "ychong032"
        },
        "content": "        System.out.println(\"\\tHow may I assist you today, sir?\");"
      },
      {
        "lineNumber": 135,
        "author": {
          "gitId": "ychong032"
        },
        "content": "        printDivider();"
      },
      {
        "lineNumber": 136,
        "author": {
          "gitId": "ychong032"
        },
        "content": "    }"
      },
      {
        "lineNumber": 137,
        "author": {
          "gitId": "ychong032"
        },
        "content": ""
      },
      {
        "lineNumber": 138,
        "author": {
          "gitId": "ychong032"
        },
        "content": "    public static void printDivider() {"
      },
      {
        "lineNumber": 139,
        "author": {
          "gitId": "ychong032"
        },
        "content": "        System.out.println(\"\\t+------------------------------------------------------------------+\");"
      },
      {
        "lineNumber": 140,
        "author": {
          "gitId": "ychong032"
        },
        "content": "    }"
      },
      {
        "lineNumber": 141,
        "author": {
          "gitId": "ychong032"
        },
        "content": ""
      },
      {
        "lineNumber": 142,
        "author": {
          "gitId": "ychong032"
        },
        "content": "    public static void printErrorMessage() {"
      },
      {
        "lineNumber": 143,
        "author": {
          "gitId": "ychong032"
        },
        "content": "        printDivider();"
      },
      {
        "lineNumber": 144,
        "author": {
          "gitId": "ychong032"
        },
        "content": "        System.out.println(\"\\tI\u0027m afraid I don\u0027t understand, sir. Please preface your tasks \" +"
      },
      {
        "lineNumber": 145,
        "author": {
          "gitId": "ychong032"
        },
        "content": "                \"\\n\\twith \u0027todo\u0027, \u0027deadline\u0027, or \u0027event\u0027 to add them to your list.\");"
      },
      {
        "lineNumber": 146,
        "author": {
          "gitId": "ychong032"
        },
        "content": "        printDivider();"
      },
      {
        "lineNumber": 147,
        "author": {
          "gitId": "ychong032"
        },
        "content": "    }"
      },
      {
        "lineNumber": 148,
        "author": {
          "gitId": "-"
        },
        "content": "}"
      }
    ],
    "authorContributionMap": {
      "ychong032": 137,
      "-": 11
    }
  },
  {
    "path": "src/main/java/Event.java",
    "fileType": "java",
    "lines": [
      {
        "lineNumber": 1,
        "author": {
          "gitId": "ychong032"
        },
        "content": "public class Event extends Task {"
      },
      {
        "lineNumber": 2,
        "author": {
          "gitId": "ychong032"
        },
        "content": "    protected String at;"
      },
      {
        "lineNumber": 3,
        "author": {
          "gitId": "ychong032"
        },
        "content": ""
      },
      {
        "lineNumber": 4,
        "author": {
          "gitId": "ychong032"
        },
        "content": "    public Event(String description, String at) {"
      },
      {
        "lineNumber": 5,
        "author": {
          "gitId": "ychong032"
        },
        "content": "        super(description);"
      },
      {
        "lineNumber": 6,
        "author": {
          "gitId": "ychong032"
        },
        "content": "        this.at \u003d at;"
      },
      {
        "lineNumber": 7,
        "author": {
          "gitId": "ychong032"
        },
        "content": "    }"
      },
      {
        "lineNumber": 8,
        "author": {
          "gitId": "ychong032"
        },
        "content": ""
      },
      {
        "lineNumber": 9,
        "author": {
          "gitId": "ychong032"
        },
        "content": "    @Override"
      },
      {
        "lineNumber": 10,
        "author": {
          "gitId": "ychong032"
        },
        "content": "    public String toString() {"
      },
      {
        "lineNumber": 11,
        "author": {
          "gitId": "ychong032"
        },
        "content": "        return \"[E]\" + super.toString() + \" (at:\" + at + \")\";"
      },
      {
        "lineNumber": 12,
        "author": {
          "gitId": "ychong032"
        },
        "content": "    }"
      },
      {
        "lineNumber": 13,
        "author": {
          "gitId": "ychong032"
        },
        "content": "}"
      }
    ],
    "authorContributionMap": {
      "ychong032": 13
    }
  },
  {
    "path": "src/main/java/Task.java",
    "fileType": "java",
    "lines": [
      {
        "lineNumber": 1,
        "author": {
          "gitId": "ychong032"
        },
        "content": "public class Task {"
      },
      {
        "lineNumber": 2,
        "author": {
          "gitId": "ychong032"
        },
        "content": "    protected String description;"
      },
      {
        "lineNumber": 3,
        "author": {
          "gitId": "ychong032"
        },
        "content": "    protected boolean isDone;"
      },
      {
        "lineNumber": 4,
        "author": {
          "gitId": "ychong032"
        },
        "content": ""
      },
      {
        "lineNumber": 5,
        "author": {
          "gitId": "ychong032"
        },
        "content": "    public Task(String description) {"
      },
      {
        "lineNumber": 6,
        "author": {
          "gitId": "ychong032"
        },
        "content": "        this.description \u003d description;"
      },
      {
        "lineNumber": 7,
        "author": {
          "gitId": "ychong032"
        },
        "content": "        this.isDone \u003d false;"
      },
      {
        "lineNumber": 8,
        "author": {
          "gitId": "ychong032"
        },
        "content": "    }"
      },
      {
        "lineNumber": 9,
        "author": {
          "gitId": "ychong032"
        },
        "content": ""
      },
      {
        "lineNumber": 10,
        "author": {
          "gitId": "ychong032"
        },
        "content": "    public String getStatusIcon() {"
      },
      {
        "lineNumber": 11,
        "author": {
          "gitId": "ychong032"
        },
        "content": "        return (isDone ? \"\\u2713\" : \"\\u2718\"); //return tick or X symbols"
      },
      {
        "lineNumber": 12,
        "author": {
          "gitId": "ychong032"
        },
        "content": "    }"
      },
      {
        "lineNumber": 13,
        "author": {
          "gitId": "ychong032"
        },
        "content": ""
      },
      {
        "lineNumber": 14,
        "author": {
          "gitId": "ychong032"
        },
        "content": "    public void markAsDone() {"
      },
      {
        "lineNumber": 15,
        "author": {
          "gitId": "ychong032"
        },
        "content": "        this.isDone \u003d true;"
      },
      {
        "lineNumber": 16,
        "author": {
          "gitId": "ychong032"
        },
        "content": "    }"
      },
      {
        "lineNumber": 17,
        "author": {
          "gitId": "ychong032"
        },
        "content": ""
      },
      {
        "lineNumber": 18,
        "author": {
          "gitId": "ychong032"
        },
        "content": "    @Override"
      },
      {
        "lineNumber": 19,
        "author": {
          "gitId": "ychong032"
        },
        "content": "    public String toString() {"
      },
      {
        "lineNumber": 20,
        "author": {
          "gitId": "ychong032"
        },
        "content": "        return \"[\" + getStatusIcon() + \"]\" + \" \" + description;"
      },
      {
        "lineNumber": 21,
        "author": {
          "gitId": "ychong032"
        },
        "content": "    }"
      },
      {
        "lineNumber": 22,
        "author": {
          "gitId": "ychong032"
        },
        "content": "}"
      },
      {
        "lineNumber": 23,
        "author": {
          "gitId": "ychong032"
        },
        "content": ""
      }
    ],
    "authorContributionMap": {
      "ychong032": 23
    }
  },
  {
    "path": "src/main/java/ToDo.java",
    "fileType": "java",
    "lines": [
      {
        "lineNumber": 1,
        "author": {
          "gitId": "ychong032"
        },
        "content": "public class ToDo extends Task {"
      },
      {
        "lineNumber": 2,
        "author": {
          "gitId": "ychong032"
        },
        "content": ""
      },
      {
        "lineNumber": 3,
        "author": {
          "gitId": "ychong032"
        },
        "content": "    public ToDo(String description) {"
      },
      {
        "lineNumber": 4,
        "author": {
          "gitId": "ychong032"
        },
        "content": "        super(description);"
      },
      {
        "lineNumber": 5,
        "author": {
          "gitId": "ychong032"
        },
        "content": "    }"
      },
      {
        "lineNumber": 6,
        "author": {
          "gitId": "ychong032"
        },
        "content": ""
      },
      {
        "lineNumber": 7,
        "author": {
          "gitId": "ychong032"
        },
        "content": "    @Override"
      },
      {
        "lineNumber": 8,
        "author": {
          "gitId": "ychong032"
        },
        "content": "    public String toString() {"
      },
      {
        "lineNumber": 9,
        "author": {
          "gitId": "ychong032"
        },
        "content": "        return \"[T]\" + super.toString();"
      },
      {
        "lineNumber": 10,
        "author": {
          "gitId": "ychong032"
        },
        "content": "    }"
      },
      {
        "lineNumber": 11,
        "author": {
          "gitId": "ychong032"
        },
        "content": "}"
      }
    ],
    "authorContributionMap": {
      "ychong032": 11
    }
  }
]
