{
  "authorDailyContributionsMap": {
    "Zhu-Ze-Yu": [
      {
        "date": "2020-08-25",
        "commitResults": [
          {
            "hash": "9dee9251708c7a5015b79acb6127d83ac14d9186",
            "messageTitle": "level 0",
            "messageBody": "",
            "tags": [
              "level-0"
            ],
            "fileTypesAndContributionMap": {
              "java": {
                "insertions": 5,
                "deletions": 7
              }
            }
          },
          {
            "hash": "0ce24f2effa457b6db72def14bf095ce2c7f2745",
            "messageTitle": "level 1 Greet, Echo, Exit",
            "messageBody": "",
            "tags": [
              "level-1-Greet-Echo-Exit"
            ],
            "fileTypesAndContributionMap": {
              "java": {
                "insertions": 27,
                "deletions": 4
              }
            }
          },
          {
            "hash": "b4146aa7ae55612d4b715470f4fc545d5b054e88",
            "messageTitle": "level 2 Add, List",
            "messageBody": "",
            "tags": [
              "level-2-Add-List"
            ],
            "fileTypesAndContributionMap": {
              "java": {
                "insertions": 18,
                "deletions": 3
              }
            }
          },
          {
            "hash": "b292ad5ca3eba27201104c0f60f95caee557b2bc",
            "messageTitle": "level 3 Mark as Done",
            "messageBody": "",
            "tags": [
              "level-3-Mark-as-Done"
            ],
            "fileTypesAndContributionMap": {
              "java": {
                "insertions": 22,
                "deletions": 9
              }
            }
          }
        ]
      },
      {
        "date": "2020-09-02",
        "commitResults": [
          {
            "hash": "9630b00591a1f637d8dd89c1dd9416ae2abf53e9",
            "messageTitle": "level 4 ToDo, Event, Deadline",
            "messageBody": "",
            "tags": [
              "level-4-ToDo-Event-Deadline"
            ],
            "fileTypesAndContributionMap": {
              "java": {
                "insertions": 200,
                "deletions": 28
              }
            }
          }
        ]
      },
      {
        "date": "2020-09-06",
        "commitResults": [
          {
            "hash": "579001866bbe7464793032926857b07c230165cb",
            "messageTitle": "level 4 improved version",
            "messageBody": "",
            "tags": [
              "improved-level-4"
            ],
            "fileTypesAndContributionMap": {
              "java": {
                "insertions": 25,
                "deletions": 41
              }
            }
          }
        ]
      },
      {
        "date": "2020-09-08",
        "commitResults": [
          {
            "hash": "8b13fb51174234ad3924d6eaa1d4be669c075025",
            "messageTitle": "level 5 first version some refactors and exceptions are added",
            "messageBody": "",
            "tags": [
              "level-5-first-version-refactors-and-exceptions"
            ],
            "fileTypesAndContributionMap": {
              "java": {
                "insertions": 105,
                "deletions": 82
              }
            }
          },
          {
            "hash": "bce87e426bd2b89d123b4364931e43bdcc124210",
            "messageTitle": "level 5",
            "messageBody": "",
            "tags": [
              "exception",
              "branch-exception"
            ],
            "fileTypesAndContributionMap": {
              "java": {
                "insertions": 79,
                "deletions": 64
              }
            }
          },
          {
            "hash": "f4e314468adc83333ef0f90acf87a8cfed9e5baa",
            "messageTitle": "A-Packages",
            "messageBody": "",
            "fileTypesAndContributionMap": {
              "java": {
                "insertions": 24,
                "deletions": 3
              },
              "bat": {
                "insertions": 2,
                "deletions": 2
              },
              "md": {
                "insertions": 2,
                "deletions": 2
              }
            }
          },
          {
            "hash": "ef47b06ac4661a9983d05228610a5eef06681f8a",
            "messageTitle": "branch-level-5",
            "messageBody": "",
            "tags": [
              "level-5"
            ],
            "fileTypesAndContributionMap": {
              "java": {
                "insertions": 2,
                "deletions": 3
              }
            }
          }
        ]
      },
      {
        "date": "2020-09-15",
        "commitResults": [
          {
            "hash": "4968abfee9d694c6178c68df75bf6b4bb07214d7",
            "messageTitle": "level 6 Using Collections Class ArrayList",
            "messageBody": "",
            "tags": [
              "level-6"
            ],
            "fileTypesAndContributionMap": {
              "java": {
                "insertions": 53,
                "deletions": 74
              }
            }
          }
        ]
      },
      {
        "date": "2020-09-16",
        "commitResults": [
          {
            "hash": "a8e62c319048c490de87ba4bc2db02d6f3616a3a",
            "messageTitle": "level 7 Use File",
            "messageBody": "",
            "fileTypesAndContributionMap": {
              "java": {
                "insertions": 111,
                "deletions": 80
              }
            }
          },
          {
            "hash": "77a34421962754733026b3a341b7656d9b6fe70b",
            "messageTitle": "level 7 Overwrite File",
            "messageBody": "",
            "fileTypesAndContributionMap": {
              "java": {
                "insertions": 26,
                "deletions": 19
              }
            }
          },
          {
            "hash": "56057a0c18fbf86dcffeffe0c6824162c59207b7",
            "messageTitle": "level 7 Final Version",
            "messageBody": "",
            "tags": [
              "level-7-final"
            ],
            "fileTypesAndContributionMap": {
              "java": {
                "insertions": 3,
                "deletions": 2
              }
            }
          }
        ]
      },
      {
        "date": "2020-09-27",
        "commitResults": [
          {
            "hash": "d884c4b519f740b23b20a7b754d1322499abfd99",
            "messageTitle": "A-MoreOOP",
            "messageBody": "",
            "tags": [
              "A-MoreOOP"
            ],
            "fileTypesAndContributionMap": {
              "java": {
                "insertions": 260,
                "deletions": 181
              }
            }
          }
        ]
      },
      {
        "date": "2020-09-28",
        "commitResults": [
          {
            "hash": "8821be5d8f42dffcc91e139fa4233798085eee74",
            "messageTitle": "Level 8 Dates and Times",
            "messageBody": "",
            "tags": [
              "level-8-dates-and-times"
            ],
            "fileTypesAndContributionMap": {
              "java": {
                "insertions": 31,
                "deletions": 10
              }
            }
          },
          {
            "hash": "3c3fc8e22f3475244dfd9b3810e02970aa7e77ad",
            "messageTitle": "Level 9 Find",
            "messageBody": "",
            "tags": [
              "level-9-find"
            ],
            "fileTypesAndContributionMap": {
              "java": {
                "insertions": 84,
                "deletions": 23
              }
            }
          }
        ]
      },
      {
        "date": "2020-09-29",
        "commitResults": [
          {
            "hash": "014771d5ede9c1796bc9c71706a0424914ff437e",
            "messageTitle": "A-JavaDoc",
            "messageBody": "",
            "fileTypesAndContributionMap": {
              "java": {
                "insertions": 365,
                "deletions": 87
              }
            }
          }
        ]
      },
      {
        "date": "2020-09-30",
        "commitResults": [
          {
            "hash": "d01b7426a37c0172a200eb9f8854cd4593e07136",
            "messageTitle": "First Polish",
            "messageBody": "",
            "tags": [
              "polish-1"
            ],
            "fileTypesAndContributionMap": {
              "java": {
                "insertions": 142,
                "deletions": 119
              }
            }
          },
          {
            "hash": "89edab3af76e80b2dfefd5854fd3f4d6645a9ddd",
            "messageTitle": "Add Clear Undo Group And Restore",
            "messageBody": "",
            "tags": [
              "polish-and-add"
            ],
            "fileTypesAndContributionMap": {
              "java": {
                "insertions": 238,
                "deletions": 16
              }
            }
          },
          {
            "hash": "afbc4fbd1a4060f8046285c3b42d85f4253be4de",
            "messageTitle": "A-UserGuide",
            "messageBody": "",
            "tags": [
              "add-user-guide"
            ],
            "fileTypesAndContributionMap": {
              "java": {
                "insertions": 1,
                "deletions": 1
              },
              "md": {
                "insertions": 228,
                "deletions": 7
              }
            }
          }
        ]
      }
    ]
  },
  "authorFileTypeContributionMap": {
    "Zhu-Ze-Yu": {
      "java": 945,
      "md": 227,
      "sh": 0,
      "bat": 2,
      "gradle": 0,
      "txt": 0
    }
  },
  "authorContributionVariance": {
    "Zhu-Ze-Yu": 22604.889
  },
  "authorDisplayNameMap": {
    "Zhu-Ze-Yu": "CS2113T-F11-3 ZHU ..ZEYU"
  }
}
