[
  {
    "path": "src/main/java/Deadline.java",
    "fileType": "java",
    "lines": [
      {
        "lineNumber": 1,
        "author": {
          "gitId": "Zhi-You"
        },
        "content": "public class Deadline extends Task {"
      },
      {
        "lineNumber": 2,
        "author": {
          "gitId": "Zhi-You"
        },
        "content": ""
      },
      {
        "lineNumber": 3,
        "author": {
          "gitId": "Zhi-You"
        },
        "content": "    protected String by;"
      },
      {
        "lineNumber": 4,
        "author": {
          "gitId": "Zhi-You"
        },
        "content": ""
      },
      {
        "lineNumber": 5,
        "author": {
          "gitId": "Zhi-You"
        },
        "content": "    public Deadline(String description, String by) {"
      },
      {
        "lineNumber": 6,
        "author": {
          "gitId": "Zhi-You"
        },
        "content": "        super(description);"
      },
      {
        "lineNumber": 7,
        "author": {
          "gitId": "Zhi-You"
        },
        "content": "        this.by \u003d by;"
      },
      {
        "lineNumber": 8,
        "author": {
          "gitId": "Zhi-You"
        },
        "content": "    }"
      },
      {
        "lineNumber": 9,
        "author": {
          "gitId": "Zhi-You"
        },
        "content": ""
      },
      {
        "lineNumber": 10,
        "author": {
          "gitId": "Zhi-You"
        },
        "content": "    @Override"
      },
      {
        "lineNumber": 11,
        "author": {
          "gitId": "Zhi-You"
        },
        "content": "    public String toString() {"
      },
      {
        "lineNumber": 12,
        "author": {
          "gitId": "Zhi-You"
        },
        "content": "        return \"[D]\" + super.toString() + \" (by:\" + by + \")\";"
      },
      {
        "lineNumber": 13,
        "author": {
          "gitId": "Zhi-You"
        },
        "content": "    }"
      },
      {
        "lineNumber": 14,
        "author": {
          "gitId": "Zhi-You"
        },
        "content": "}"
      }
    ],
    "authorContributionMap": {
      "Zhi-You": 14
    }
  },
  {
    "path": "src/main/java/DisplayManager.java",
    "fileType": "java",
    "lines": [
      {
        "lineNumber": 1,
        "author": {
          "gitId": "Zhi-You"
        },
        "content": "public class DisplayManager {"
      },
      {
        "lineNumber": 2,
        "author": {
          "gitId": "Zhi-You"
        },
        "content": ""
      },
      {
        "lineNumber": 3,
        "author": {
          "gitId": "Zhi-You"
        },
        "content": "    private static final String DIVIDER \u003d \"________________________________________________\";"
      },
      {
        "lineNumber": 4,
        "author": {
          "gitId": "Zhi-You"
        },
        "content": "    private static final String WELCOME_MESSAGE \u003d \"Hello! I\u0027m Duke\" + System.lineSeparator()"
      },
      {
        "lineNumber": 5,
        "author": {
          "gitId": "Zhi-You"
        },
        "content": "            + \"What can I do for you?\";"
      },
      {
        "lineNumber": 6,
        "author": {
          "gitId": "Zhi-You"
        },
        "content": "    private static final String EXIT_MESSAGE \u003d \"Bye. Hope to see you again soon!\";"
      },
      {
        "lineNumber": 7,
        "author": {
          "gitId": "Zhi-You"
        },
        "content": "    private static final String DUKE_LOGO \u003d \" ____        _        \\n\""
      },
      {
        "lineNumber": 8,
        "author": {
          "gitId": "Zhi-You"
        },
        "content": "            + \"|  _ \\\\ _   _| | _____ \\n\""
      },
      {
        "lineNumber": 9,
        "author": {
          "gitId": "Zhi-You"
        },
        "content": "            + \"| | | | | | | |/ / _ \\\\\\n\""
      },
      {
        "lineNumber": 10,
        "author": {
          "gitId": "Zhi-You"
        },
        "content": "            + \"| |_| | |_| |   \u003c  __/\\n\""
      },
      {
        "lineNumber": 11,
        "author": {
          "gitId": "Zhi-You"
        },
        "content": "            + \"|____/ \\\\__,_|_|\\\\_\\\\___|\\n\";"
      },
      {
        "lineNumber": 12,
        "author": {
          "gitId": "Zhi-You"
        },
        "content": ""
      },
      {
        "lineNumber": 13,
        "author": {
          "gitId": "Zhi-You"
        },
        "content": ""
      },
      {
        "lineNumber": 14,
        "author": {
          "gitId": "Zhi-You"
        },
        "content": ""
      },
      {
        "lineNumber": 15,
        "author": {
          "gitId": "Zhi-You"
        },
        "content": "    // Prints horizontal lines to wrap output for a clearer display"
      },
      {
        "lineNumber": 16,
        "author": {
          "gitId": "Zhi-You"
        },
        "content": "    public static void printDivider() {"
      },
      {
        "lineNumber": 17,
        "author": {
          "gitId": "Zhi-You"
        },
        "content": "        System.out.println(DIVIDER);"
      },
      {
        "lineNumber": 18,
        "author": {
          "gitId": "Zhi-You"
        },
        "content": "    }"
      },
      {
        "lineNumber": 19,
        "author": {
          "gitId": "Zhi-You"
        },
        "content": ""
      },
      {
        "lineNumber": 20,
        "author": {
          "gitId": "Zhi-You"
        },
        "content": "    // Prints message to user wrapped with horizontal lines for clear display"
      },
      {
        "lineNumber": 21,
        "author": {
          "gitId": "Zhi-You"
        },
        "content": "    public static void printMessageToUser(String message) {"
      },
      {
        "lineNumber": 22,
        "author": {
          "gitId": "Zhi-You"
        },
        "content": "        printDivider();"
      },
      {
        "lineNumber": 23,
        "author": {
          "gitId": "Zhi-You"
        },
        "content": "        System.out.println(message);"
      },
      {
        "lineNumber": 24,
        "author": {
          "gitId": "Zhi-You"
        },
        "content": "        printDivider();"
      },
      {
        "lineNumber": 25,
        "author": {
          "gitId": "Zhi-You"
        },
        "content": "    }"
      },
      {
        "lineNumber": 26,
        "author": {
          "gitId": "Zhi-You"
        },
        "content": ""
      },
      {
        "lineNumber": 27,
        "author": {
          "gitId": "Zhi-You"
        },
        "content": "    // Prints message to indicate user has added a task"
      },
      {
        "lineNumber": 28,
        "author": {
          "gitId": "Zhi-You"
        },
        "content": "    public static void printTaskAddedMessage(Task task) {"
      },
      {
        "lineNumber": 29,
        "author": {
          "gitId": "Zhi-You"
        },
        "content": "        printMessageToUser(\"Got it. I\u0027ve added this task:\" + System.lineSeparator()"
      },
      {
        "lineNumber": 30,
        "author": {
          "gitId": "Zhi-You"
        },
        "content": "                + \"  \" + task + System.lineSeparator()"
      },
      {
        "lineNumber": 31,
        "author": {
          "gitId": "Zhi-You"
        },
        "content": "                + \"Now you have \" + Task.getTaskCount()"
      },
      {
        "lineNumber": 32,
        "author": {
          "gitId": "Zhi-You"
        },
        "content": "                + (Task.getTaskCount() \u003d\u003d 1? \" task in the list.\" : \" tasks in the list.\"));"
      },
      {
        "lineNumber": 33,
        "author": {
          "gitId": "Zhi-You"
        },
        "content": "    }"
      },
      {
        "lineNumber": 34,
        "author": {
          "gitId": "Zhi-You"
        },
        "content": ""
      },
      {
        "lineNumber": 35,
        "author": {
          "gitId": "Zhi-You"
        },
        "content": "    // Prints message to indicate user has marked a task as done"
      },
      {
        "lineNumber": 36,
        "author": {
          "gitId": "Zhi-You"
        },
        "content": "    public static void printMarkAsDoneMessage(Task task) {"
      },
      {
        "lineNumber": 37,
        "author": {
          "gitId": "Zhi-You"
        },
        "content": "        printMessageToUser(\"Nice! I\u0027ve marked this task as done: \""
      },
      {
        "lineNumber": 38,
        "author": {
          "gitId": "Zhi-You"
        },
        "content": "                + System.lineSeparator() + \"  \" + task);"
      },
      {
        "lineNumber": 39,
        "author": {
          "gitId": "Zhi-You"
        },
        "content": "    }"
      },
      {
        "lineNumber": 40,
        "author": {
          "gitId": "Zhi-You"
        },
        "content": ""
      },
      {
        "lineNumber": 41,
        "author": {
          "gitId": "Zhi-You"
        },
        "content": "    // Prints Duke\u0027s hello message along with his logo"
      },
      {
        "lineNumber": 42,
        "author": {
          "gitId": "Zhi-You"
        },
        "content": "    public static void printDukeHelloMessage() {"
      },
      {
        "lineNumber": 43,
        "author": {
          "gitId": "Zhi-You"
        },
        "content": "        System.out.println(\"Hello from\\n\" + DUKE_LOGO);"
      },
      {
        "lineNumber": 44,
        "author": {
          "gitId": "Zhi-You"
        },
        "content": "    }"
      },
      {
        "lineNumber": 45,
        "author": {
          "gitId": "Zhi-You"
        },
        "content": ""
      },
      {
        "lineNumber": 46,
        "author": {
          "gitId": "Zhi-You"
        },
        "content": "    // Prints welcome message to user"
      },
      {
        "lineNumber": 47,
        "author": {
          "gitId": "Zhi-You"
        },
        "content": "    public static void printWelcomeMessage() {"
      },
      {
        "lineNumber": 48,
        "author": {
          "gitId": "Zhi-You"
        },
        "content": "        printMessageToUser(WELCOME_MESSAGE);"
      },
      {
        "lineNumber": 49,
        "author": {
          "gitId": "Zhi-You"
        },
        "content": "    }"
      },
      {
        "lineNumber": 50,
        "author": {
          "gitId": "Zhi-You"
        },
        "content": ""
      },
      {
        "lineNumber": 51,
        "author": {
          "gitId": "Zhi-You"
        },
        "content": "    // Prints exit message to user"
      },
      {
        "lineNumber": 52,
        "author": {
          "gitId": "Zhi-You"
        },
        "content": "    public static void printExitMessage() {"
      },
      {
        "lineNumber": 53,
        "author": {
          "gitId": "Zhi-You"
        },
        "content": "        printMessageToUser(EXIT_MESSAGE);"
      },
      {
        "lineNumber": 54,
        "author": {
          "gitId": "Zhi-You"
        },
        "content": "    }"
      },
      {
        "lineNumber": 55,
        "author": {
          "gitId": "Zhi-You"
        },
        "content": ""
      },
      {
        "lineNumber": 56,
        "author": {
          "gitId": "Zhi-You"
        },
        "content": "    // Prints list out for user when list command is received."
      },
      {
        "lineNumber": 57,
        "author": {
          "gitId": "Zhi-You"
        },
        "content": "    public static void printList(Task[] tasks) {"
      },
      {
        "lineNumber": 58,
        "author": {
          "gitId": "Zhi-You"
        },
        "content": "        printDivider();"
      },
      {
        "lineNumber": 59,
        "author": {
          "gitId": "Zhi-You"
        },
        "content": "        System.out.println(\"Here are the tasks in your list: \");"
      },
      {
        "lineNumber": 60,
        "author": {
          "gitId": "Zhi-You"
        },
        "content": "        for (int i \u003d 0; i \u003c Task.getTaskCount(); i++) {"
      },
      {
        "lineNumber": 61,
        "author": {
          "gitId": "Zhi-You"
        },
        "content": "            System.out.println((i + 1) + \".\" + tasks[i]);"
      },
      {
        "lineNumber": 62,
        "author": {
          "gitId": "Zhi-You"
        },
        "content": "        }"
      },
      {
        "lineNumber": 63,
        "author": {
          "gitId": "Zhi-You"
        },
        "content": "        printDivider();"
      },
      {
        "lineNumber": 64,
        "author": {
          "gitId": "Zhi-You"
        },
        "content": "    }"
      },
      {
        "lineNumber": 65,
        "author": {
          "gitId": "Zhi-You"
        },
        "content": "}"
      }
    ],
    "authorContributionMap": {
      "Zhi-You": 65
    }
  },
  {
    "path": "src/main/java/Duke.java",
    "fileType": "java",
    "lines": [
      {
        "lineNumber": 1,
        "author": {
          "gitId": "Zhi-You"
        },
        "content": "import java.util.Scanner;"
      },
      {
        "lineNumber": 2,
        "author": {
          "gitId": "Zhi-You"
        },
        "content": ""
      },
      {
        "lineNumber": 3,
        "author": {
          "gitId": "-"
        },
        "content": "public class Duke {"
      },
      {
        "lineNumber": 4,
        "author": {
          "gitId": "Zhi-You"
        },
        "content": ""
      },
      {
        "lineNumber": 5,
        "author": {
          "gitId": "Zhi-You"
        },
        "content": "    private static final int MAX_NUMBER_OF_TASKS \u003d 100;"
      },
      {
        "lineNumber": 6,
        "author": {
          "gitId": "Zhi-You"
        },
        "content": "    private static final String COMMAND_EXIT \u003d \"bye\";"
      },
      {
        "lineNumber": 7,
        "author": {
          "gitId": "Zhi-You"
        },
        "content": "    private static final String COMMAND_LIST \u003d \"list\";"
      },
      {
        "lineNumber": 8,
        "author": {
          "gitId": "Zhi-You"
        },
        "content": "    private static final String COMMAND_MARK_TASK_DONE \u003d \"done\";"
      },
      {
        "lineNumber": 9,
        "author": {
          "gitId": "Zhi-You"
        },
        "content": "    private static final String COMMAND_TODO_TASK \u003d \"todo\";"
      },
      {
        "lineNumber": 10,
        "author": {
          "gitId": "Zhi-You"
        },
        "content": "    private static final String COMMAND_DEADLINE_TASK \u003d \"deadline\";"
      },
      {
        "lineNumber": 11,
        "author": {
          "gitId": "Zhi-You"
        },
        "content": "    private static final String COMMAND_EVENT_TASK \u003d \"event\";"
      },
      {
        "lineNumber": 12,
        "author": {
          "gitId": "Zhi-You"
        },
        "content": ""
      },
      {
        "lineNumber": 13,
        "author": {
          "gitId": "-"
        },
        "content": "    public static void main(String[] args) {"
      },
      {
        "lineNumber": 14,
        "author": {
          "gitId": "Zhi-You"
        },
        "content": "        // Prints Duke\u0027s hello message and logo"
      },
      {
        "lineNumber": 15,
        "author": {
          "gitId": "Zhi-You"
        },
        "content": "        DisplayManager.printDukeHelloMessage();"
      },
      {
        "lineNumber": 16,
        "author": {
          "gitId": "Zhi-You"
        },
        "content": ""
      },
      {
        "lineNumber": 17,
        "author": {
          "gitId": "Zhi-You"
        },
        "content": "        // Prints welcome message"
      },
      {
        "lineNumber": 18,
        "author": {
          "gitId": "Zhi-You"
        },
        "content": "        DisplayManager.printWelcomeMessage();"
      },
      {
        "lineNumber": 19,
        "author": {
          "gitId": "Zhi-You"
        },
        "content": ""
      },
      {
        "lineNumber": 20,
        "author": {
          "gitId": "Zhi-You"
        },
        "content": "        // Allows user to get help from Duke"
      },
      {
        "lineNumber": 21,
        "author": {
          "gitId": "Zhi-You"
        },
        "content": "        handleUserInputs();"
      },
      {
        "lineNumber": 22,
        "author": {
          "gitId": "Zhi-You"
        },
        "content": ""
      },
      {
        "lineNumber": 23,
        "author": {
          "gitId": "Zhi-You"
        },
        "content": "        // Prints exit message"
      },
      {
        "lineNumber": 24,
        "author": {
          "gitId": "Zhi-You"
        },
        "content": "        DisplayManager.printExitMessage();"
      },
      {
        "lineNumber": 25,
        "author": {
          "gitId": "Zhi-You"
        },
        "content": "    }"
      },
      {
        "lineNumber": 26,
        "author": {
          "gitId": "Zhi-You"
        },
        "content": ""
      },
      {
        "lineNumber": 27,
        "author": {
          "gitId": "Zhi-You"
        },
        "content": "    // To allow Duke to handle the inputs specified by the user"
      },
      {
        "lineNumber": 28,
        "author": {
          "gitId": "Zhi-You"
        },
        "content": "    private static void handleUserInputs() {"
      },
      {
        "lineNumber": 29,
        "author": {
          "gitId": "Zhi-You"
        },
        "content": "        // Array of Task objects to store tasks specified by user"
      },
      {
        "lineNumber": 30,
        "author": {
          "gitId": "Zhi-You"
        },
        "content": "        Task[] tasks \u003d new Task[MAX_NUMBER_OF_TASKS];"
      },
      {
        "lineNumber": 31,
        "author": {
          "gitId": "Zhi-You"
        },
        "content": ""
      },
      {
        "lineNumber": 32,
        "author": {
          "gitId": "Zhi-You"
        },
        "content": "        Scanner in \u003d new Scanner(System.in);"
      },
      {
        "lineNumber": 33,
        "author": {
          "gitId": "Zhi-You"
        },
        "content": "        String userInput;"
      },
      {
        "lineNumber": 34,
        "author": {
          "gitId": "Zhi-You"
        },
        "content": "        String command;"
      },
      {
        "lineNumber": 35,
        "author": {
          "gitId": "Zhi-You"
        },
        "content": "        String taskDescription;"
      },
      {
        "lineNumber": 36,
        "author": {
          "gitId": "Zhi-You"
        },
        "content": ""
      },
      {
        "lineNumber": 37,
        "author": {
          "gitId": "Zhi-You"
        },
        "content": "        // Continuously asks user for inputs until user exits"
      },
      {
        "lineNumber": 38,
        "author": {
          "gitId": "Zhi-You"
        },
        "content": "        while (true) {"
      },
      {
        "lineNumber": 39,
        "author": {
          "gitId": "Zhi-You"
        },
        "content": "            userInput \u003d in.nextLine();"
      },
      {
        "lineNumber": 40,
        "author": {
          "gitId": "Zhi-You"
        },
        "content": "            command \u003d getCommandFromInput(userInput);"
      },
      {
        "lineNumber": 41,
        "author": {
          "gitId": "Zhi-You"
        },
        "content": "            taskDescription \u003d getTaskDescriptionFromInput(userInput);"
      },
      {
        "lineNumber": 42,
        "author": {
          "gitId": "Zhi-You"
        },
        "content": ""
      },
      {
        "lineNumber": 43,
        "author": {
          "gitId": "Zhi-You"
        },
        "content": "            // Exits loop when user inputs \"bye\""
      },
      {
        "lineNumber": 44,
        "author": {
          "gitId": "Zhi-You"
        },
        "content": "            if (command.equals(COMMAND_EXIT)) {"
      },
      {
        "lineNumber": 45,
        "author": {
          "gitId": "Zhi-You"
        },
        "content": "                break;"
      },
      {
        "lineNumber": 46,
        "author": {
          "gitId": "Zhi-You"
        },
        "content": "            }"
      },
      {
        "lineNumber": 47,
        "author": {
          "gitId": "Zhi-You"
        },
        "content": ""
      },
      {
        "lineNumber": 48,
        "author": {
          "gitId": "Zhi-You"
        },
        "content": "            // Duke reads user commands and either show task list, mark task as done or add task"
      },
      {
        "lineNumber": 49,
        "author": {
          "gitId": "Zhi-You"
        },
        "content": "            switch (command) {"
      },
      {
        "lineNumber": 50,
        "author": {
          "gitId": "Zhi-You"
        },
        "content": "            case COMMAND_LIST:"
      },
      {
        "lineNumber": 51,
        "author": {
          "gitId": "Zhi-You"
        },
        "content": "                DisplayManager.printList(tasks);"
      },
      {
        "lineNumber": 52,
        "author": {
          "gitId": "Zhi-You"
        },
        "content": "                break;"
      },
      {
        "lineNumber": 53,
        "author": {
          "gitId": "Zhi-You"
        },
        "content": "            case COMMAND_MARK_TASK_DONE:"
      },
      {
        "lineNumber": 54,
        "author": {
          "gitId": "Zhi-You"
        },
        "content": "                markTaskDone(tasks, taskDescription);"
      },
      {
        "lineNumber": 55,
        "author": {
          "gitId": "Zhi-You"
        },
        "content": "                break;"
      },
      {
        "lineNumber": 56,
        "author": {
          "gitId": "Zhi-You"
        },
        "content": "            case COMMAND_TODO_TASK:"
      },
      {
        "lineNumber": 57,
        "author": {
          "gitId": "Zhi-You"
        },
        "content": "                addTodoTask(tasks, taskDescription);"
      },
      {
        "lineNumber": 58,
        "author": {
          "gitId": "Zhi-You"
        },
        "content": "                break;"
      },
      {
        "lineNumber": 59,
        "author": {
          "gitId": "Zhi-You"
        },
        "content": "            case COMMAND_DEADLINE_TASK:"
      },
      {
        "lineNumber": 60,
        "author": {
          "gitId": "Zhi-You"
        },
        "content": "                addDeadlineTask(tasks, taskDescription);"
      },
      {
        "lineNumber": 61,
        "author": {
          "gitId": "Zhi-You"
        },
        "content": "                break;"
      },
      {
        "lineNumber": 62,
        "author": {
          "gitId": "Zhi-You"
        },
        "content": "            case COMMAND_EVENT_TASK:"
      },
      {
        "lineNumber": 63,
        "author": {
          "gitId": "Zhi-You"
        },
        "content": "                addEventTask(tasks, taskDescription);"
      },
      {
        "lineNumber": 64,
        "author": {
          "gitId": "Zhi-You"
        },
        "content": "                break;"
      },
      {
        "lineNumber": 65,
        "author": {
          "gitId": "Zhi-You"
        },
        "content": "            default:"
      },
      {
        "lineNumber": 66,
        "author": {
          "gitId": "Zhi-You"
        },
        "content": "                DisplayManager.printMessageToUser(\"Please enter the correct command\");"
      },
      {
        "lineNumber": 67,
        "author": {
          "gitId": "Zhi-You"
        },
        "content": "                break;"
      },
      {
        "lineNumber": 68,
        "author": {
          "gitId": "Zhi-You"
        },
        "content": "            }"
      },
      {
        "lineNumber": 69,
        "author": {
          "gitId": "Zhi-You"
        },
        "content": "        }"
      },
      {
        "lineNumber": 70,
        "author": {
          "gitId": "Zhi-You"
        },
        "content": "    }"
      },
      {
        "lineNumber": 71,
        "author": {
          "gitId": "Zhi-You"
        },
        "content": ""
      },
      {
        "lineNumber": 72,
        "author": {
          "gitId": "Zhi-You"
        },
        "content": "    private static void markTaskDone(Task[] tasks, String taskDescription) {"
      },
      {
        "lineNumber": 73,
        "author": {
          "gitId": "Zhi-You"
        },
        "content": "        // Gets index of the task user specified to be done"
      },
      {
        "lineNumber": 74,
        "author": {
          "gitId": "Zhi-You"
        },
        "content": "        int taskDoneIndex \u003d Integer.parseInt(taskDescription.split(\" \")[0]) - 1;"
      },
      {
        "lineNumber": 75,
        "author": {
          "gitId": "Zhi-You"
        },
        "content": ""
      },
      {
        "lineNumber": 76,
        "author": {
          "gitId": "Zhi-You"
        },
        "content": "        // Marks task as done"
      },
      {
        "lineNumber": 77,
        "author": {
          "gitId": "Zhi-You"
        },
        "content": "        tasks[taskDoneIndex].markAsDone();"
      },
      {
        "lineNumber": 78,
        "author": {
          "gitId": "Zhi-You"
        },
        "content": ""
      },
      {
        "lineNumber": 79,
        "author": {
          "gitId": "Zhi-You"
        },
        "content": "        // Notifies user that the task is marked as done"
      },
      {
        "lineNumber": 80,
        "author": {
          "gitId": "Zhi-You"
        },
        "content": "        DisplayManager.printMarkAsDoneMessage(tasks[taskDoneIndex]);"
      },
      {
        "lineNumber": 81,
        "author": {
          "gitId": "Zhi-You"
        },
        "content": "    }"
      },
      {
        "lineNumber": 82,
        "author": {
          "gitId": "Zhi-You"
        },
        "content": ""
      },
      {
        "lineNumber": 83,
        "author": {
          "gitId": "Zhi-You"
        },
        "content": "    // Extracts command word from user inputs to decide what Duke will do"
      },
      {
        "lineNumber": 84,
        "author": {
          "gitId": "Zhi-You"
        },
        "content": "    private static String getCommandFromInput(String userInput) {"
      },
      {
        "lineNumber": 85,
        "author": {
          "gitId": "Zhi-You"
        },
        "content": "        // Splits user input into different words to distinguish between command and task\u0027s information"
      },
      {
        "lineNumber": 86,
        "author": {
          "gitId": "Zhi-You"
        },
        "content": "        String[] inputParts \u003d userInput.split(\" \");"
      },
      {
        "lineNumber": 87,
        "author": {
          "gitId": "Zhi-You"
        },
        "content": ""
      },
      {
        "lineNumber": 88,
        "author": {
          "gitId": "Zhi-You"
        },
        "content": "        // User\u0027s command can be found in the first word of user\u0027s inputs"
      },
      {
        "lineNumber": 89,
        "author": {
          "gitId": "Zhi-You"
        },
        "content": "        return inputParts[0].toLowerCase();"
      },
      {
        "lineNumber": 90,
        "author": {
          "gitId": "Zhi-You"
        },
        "content": "    }"
      },
      {
        "lineNumber": 91,
        "author": {
          "gitId": "Zhi-You"
        },
        "content": ""
      },
      {
        "lineNumber": 92,
        "author": {
          "gitId": "Zhi-You"
        },
        "content": "    // Extracts task information from user inputs to decide what kind of task to add to list"
      },
      {
        "lineNumber": 93,
        "author": {
          "gitId": "Zhi-You"
        },
        "content": "    private static String getTaskDescriptionFromInput(String userInput) {"
      },
      {
        "lineNumber": 94,
        "author": {
          "gitId": "Zhi-You"
        },
        "content": "        // Splits user input into different words to distinguish between command and task\u0027s information"
      },
      {
        "lineNumber": 95,
        "author": {
          "gitId": "Zhi-You"
        },
        "content": "        String[] inputParts \u003d userInput.split(\" \");"
      },
      {
        "lineNumber": 96,
        "author": {
          "gitId": "Zhi-You"
        },
        "content": ""
      },
      {
        "lineNumber": 97,
        "author": {
          "gitId": "Zhi-You"
        },
        "content": "        String taskDescription \u003d \"\";"
      },
      {
        "lineNumber": 98,
        "author": {
          "gitId": "Zhi-You"
        },
        "content": ""
      },
      {
        "lineNumber": 99,
        "author": {
          "gitId": "Zhi-You"
        },
        "content": "        // Gets the informative parts from user input after the command (first word)"
      },
      {
        "lineNumber": 100,
        "author": {
          "gitId": "Zhi-You"
        },
        "content": "        for (int i \u003d 1; i \u003c inputParts.length; i++) {"
      },
      {
        "lineNumber": 101,
        "author": {
          "gitId": "Zhi-You"
        },
        "content": "            taskDescription \u003d String.join(\" \", taskDescription, inputParts[i]);"
      },
      {
        "lineNumber": 102,
        "author": {
          "gitId": "Zhi-You"
        },
        "content": "        }"
      },
      {
        "lineNumber": 103,
        "author": {
          "gitId": "Zhi-You"
        },
        "content": "        taskDescription \u003d taskDescription.trim();"
      },
      {
        "lineNumber": 104,
        "author": {
          "gitId": "Zhi-You"
        },
        "content": ""
      },
      {
        "lineNumber": 105,
        "author": {
          "gitId": "Zhi-You"
        },
        "content": "        return taskDescription;"
      },
      {
        "lineNumber": 106,
        "author": {
          "gitId": "Zhi-You"
        },
        "content": "    }"
      },
      {
        "lineNumber": 107,
        "author": {
          "gitId": "Zhi-You"
        },
        "content": ""
      },
      {
        "lineNumber": 108,
        "author": {
          "gitId": "Zhi-You"
        },
        "content": "    // Adds ToDos typed task into the tasks array"
      },
      {
        "lineNumber": 109,
        "author": {
          "gitId": "Zhi-You"
        },
        "content": "    private static void addTodoTask(Task[] tasks, String taskDescription) {"
      },
      {
        "lineNumber": 110,
        "author": {
          "gitId": "Zhi-You"
        },
        "content": "        tasks[Task.getTaskCount()] \u003d new Todo(taskDescription);"
      },
      {
        "lineNumber": 111,
        "author": {
          "gitId": "Zhi-You"
        },
        "content": ""
      },
      {
        "lineNumber": 112,
        "author": {
          "gitId": "Zhi-You"
        },
        "content": "        // Notifies user that task has been added"
      },
      {
        "lineNumber": 113,
        "author": {
          "gitId": "Zhi-You"
        },
        "content": "        DisplayManager.printTaskAddedMessage(tasks[Task.getTaskCount() - 1]);"
      },
      {
        "lineNumber": 114,
        "author": {
          "gitId": "Zhi-You"
        },
        "content": "    }"
      },
      {
        "lineNumber": 115,
        "author": {
          "gitId": "Zhi-You"
        },
        "content": ""
      },
      {
        "lineNumber": 116,
        "author": {
          "gitId": "Zhi-You"
        },
        "content": "    // Adds Deadlines typed task into the tasks array"
      },
      {
        "lineNumber": 117,
        "author": {
          "gitId": "Zhi-You"
        },
        "content": "    private static void addDeadlineTask(Task[] tasks, String taskDescription) {"
      },
      {
        "lineNumber": 118,
        "author": {
          "gitId": "Zhi-You"
        },
        "content": "        // Splits user input to allow for retrieval of task details and deadline"
      },
      {
        "lineNumber": 119,
        "author": {
          "gitId": "Zhi-You"
        },
        "content": "        String[] deadlineTaskParts \u003d taskDescription.split(\"/by\");"
      },
      {
        "lineNumber": 120,
        "author": {
          "gitId": "Zhi-You"
        },
        "content": "        String description \u003d deadlineTaskParts[0];"
      },
      {
        "lineNumber": 121,
        "author": {
          "gitId": "Zhi-You"
        },
        "content": "        String by \u003d deadlineTaskParts[1];"
      },
      {
        "lineNumber": 122,
        "author": {
          "gitId": "Zhi-You"
        },
        "content": ""
      },
      {
        "lineNumber": 123,
        "author": {
          "gitId": "Zhi-You"
        },
        "content": "        tasks[Task.getTaskCount()] \u003d new Deadline(description, by);"
      },
      {
        "lineNumber": 124,
        "author": {
          "gitId": "Zhi-You"
        },
        "content": ""
      },
      {
        "lineNumber": 125,
        "author": {
          "gitId": "Zhi-You"
        },
        "content": "        // Notifies user that task has been added"
      },
      {
        "lineNumber": 126,
        "author": {
          "gitId": "Zhi-You"
        },
        "content": "        DisplayManager.printTaskAddedMessage(tasks[Task.getTaskCount() - 1]);"
      },
      {
        "lineNumber": 127,
        "author": {
          "gitId": "Zhi-You"
        },
        "content": "    }"
      },
      {
        "lineNumber": 128,
        "author": {
          "gitId": "Zhi-You"
        },
        "content": ""
      },
      {
        "lineNumber": 129,
        "author": {
          "gitId": "Zhi-You"
        },
        "content": "    // Adds Events typed task into the tasks array"
      },
      {
        "lineNumber": 130,
        "author": {
          "gitId": "Zhi-You"
        },
        "content": "    private static void addEventTask(Task[] tasks, String taskDescription) {"
      },
      {
        "lineNumber": 131,
        "author": {
          "gitId": "Zhi-You"
        },
        "content": "        // Splits user input to allow for retrieval of task details and event timing"
      },
      {
        "lineNumber": 132,
        "author": {
          "gitId": "Zhi-You"
        },
        "content": "        String[] eventTaskParts \u003d taskDescription.split(\"/at\");"
      },
      {
        "lineNumber": 133,
        "author": {
          "gitId": "Zhi-You"
        },
        "content": "        String description \u003d eventTaskParts[0];"
      },
      {
        "lineNumber": 134,
        "author": {
          "gitId": "Zhi-You"
        },
        "content": "        String at \u003d eventTaskParts[1];"
      },
      {
        "lineNumber": 135,
        "author": {
          "gitId": "Zhi-You"
        },
        "content": ""
      },
      {
        "lineNumber": 136,
        "author": {
          "gitId": "Zhi-You"
        },
        "content": "        tasks[Task.getTaskCount()] \u003d new Event(description, at);"
      },
      {
        "lineNumber": 137,
        "author": {
          "gitId": "Zhi-You"
        },
        "content": ""
      },
      {
        "lineNumber": 138,
        "author": {
          "gitId": "Zhi-You"
        },
        "content": "        // Notifies user that task has been added"
      },
      {
        "lineNumber": 139,
        "author": {
          "gitId": "Zhi-You"
        },
        "content": "        DisplayManager.printTaskAddedMessage(tasks[Task.getTaskCount() - 1]);"
      },
      {
        "lineNumber": 140,
        "author": {
          "gitId": "-"
        },
        "content": "    }"
      },
      {
        "lineNumber": 141,
        "author": {
          "gitId": "-"
        },
        "content": "}"
      }
    ],
    "authorContributionMap": {
      "Zhi-You": 137,
      "-": 4
    }
  },
  {
    "path": "src/main/java/Event.java",
    "fileType": "java",
    "lines": [
      {
        "lineNumber": 1,
        "author": {
          "gitId": "Zhi-You"
        },
        "content": "public class Event extends Task {"
      },
      {
        "lineNumber": 2,
        "author": {
          "gitId": "Zhi-You"
        },
        "content": ""
      },
      {
        "lineNumber": 3,
        "author": {
          "gitId": "Zhi-You"
        },
        "content": "    protected String at;"
      },
      {
        "lineNumber": 4,
        "author": {
          "gitId": "Zhi-You"
        },
        "content": ""
      },
      {
        "lineNumber": 5,
        "author": {
          "gitId": "Zhi-You"
        },
        "content": "    public Event(String description, String at) {"
      },
      {
        "lineNumber": 6,
        "author": {
          "gitId": "Zhi-You"
        },
        "content": "        super(description);"
      },
      {
        "lineNumber": 7,
        "author": {
          "gitId": "Zhi-You"
        },
        "content": "        this.at \u003d at;"
      },
      {
        "lineNumber": 8,
        "author": {
          "gitId": "Zhi-You"
        },
        "content": "    }"
      },
      {
        "lineNumber": 9,
        "author": {
          "gitId": "Zhi-You"
        },
        "content": ""
      },
      {
        "lineNumber": 10,
        "author": {
          "gitId": "Zhi-You"
        },
        "content": "    @Override"
      },
      {
        "lineNumber": 11,
        "author": {
          "gitId": "Zhi-You"
        },
        "content": "    public String toString() {"
      },
      {
        "lineNumber": 12,
        "author": {
          "gitId": "Zhi-You"
        },
        "content": "        return \"[E]\" + super.toString() + \" (at:\" + at + \")\";"
      },
      {
        "lineNumber": 13,
        "author": {
          "gitId": "Zhi-You"
        },
        "content": "    }"
      },
      {
        "lineNumber": 14,
        "author": {
          "gitId": "Zhi-You"
        },
        "content": "}"
      }
    ],
    "authorContributionMap": {
      "Zhi-You": 14
    }
  },
  {
    "path": "src/main/java/Task.java",
    "fileType": "java",
    "lines": [
      {
        "lineNumber": 1,
        "author": {
          "gitId": "Zhi-You"
        },
        "content": "public class Task {"
      },
      {
        "lineNumber": 2,
        "author": {
          "gitId": "Zhi-You"
        },
        "content": "    private static final String TICK_SYMBOL \u003d \"[\\u2713]\";"
      },
      {
        "lineNumber": 3,
        "author": {
          "gitId": "Zhi-You"
        },
        "content": "    private static final String CROSS_SYMBOL \u003d \"[\\u2718]\";"
      },
      {
        "lineNumber": 4,
        "author": {
          "gitId": "Zhi-You"
        },
        "content": "    protected String description;"
      },
      {
        "lineNumber": 5,
        "author": {
          "gitId": "Zhi-You"
        },
        "content": "    protected boolean isDone;"
      },
      {
        "lineNumber": 6,
        "author": {
          "gitId": "Zhi-You"
        },
        "content": ""
      },
      {
        "lineNumber": 7,
        "author": {
          "gitId": "Zhi-You"
        },
        "content": "    // Class-level member to keep track of the total number of tasks created"
      },
      {
        "lineNumber": 8,
        "author": {
          "gitId": "Zhi-You"
        },
        "content": "    private static int taskCount \u003d 0;"
      },
      {
        "lineNumber": 9,
        "author": {
          "gitId": "Zhi-You"
        },
        "content": ""
      },
      {
        "lineNumber": 10,
        "author": {
          "gitId": "Zhi-You"
        },
        "content": "    public Task(String description) {"
      },
      {
        "lineNumber": 11,
        "author": {
          "gitId": "Zhi-You"
        },
        "content": "        this.description \u003d description;"
      },
      {
        "lineNumber": 12,
        "author": {
          "gitId": "Zhi-You"
        },
        "content": "        isDone \u003d false;"
      },
      {
        "lineNumber": 13,
        "author": {
          "gitId": "Zhi-You"
        },
        "content": "        taskCount++;"
      },
      {
        "lineNumber": 14,
        "author": {
          "gitId": "Zhi-You"
        },
        "content": "    }"
      },
      {
        "lineNumber": 15,
        "author": {
          "gitId": "Zhi-You"
        },
        "content": ""
      },
      {
        "lineNumber": 16,
        "author": {
          "gitId": "Zhi-You"
        },
        "content": "    // Class-level method to get taskCount"
      },
      {
        "lineNumber": 17,
        "author": {
          "gitId": "Zhi-You"
        },
        "content": "    public static int getTaskCount() {"
      },
      {
        "lineNumber": 18,
        "author": {
          "gitId": "Zhi-You"
        },
        "content": "        return taskCount;"
      },
      {
        "lineNumber": 19,
        "author": {
          "gitId": "Zhi-You"
        },
        "content": "    }"
      },
      {
        "lineNumber": 20,
        "author": {
          "gitId": "Zhi-You"
        },
        "content": ""
      },
      {
        "lineNumber": 21,
        "author": {
          "gitId": "Zhi-You"
        },
        "content": "    public String getStatusIcon() {"
      },
      {
        "lineNumber": 22,
        "author": {
          "gitId": "Zhi-You"
        },
        "content": "        return (isDone ? TICK_SYMBOL : CROSS_SYMBOL); //return tick or X symbols"
      },
      {
        "lineNumber": 23,
        "author": {
          "gitId": "Zhi-You"
        },
        "content": "    }"
      },
      {
        "lineNumber": 24,
        "author": {
          "gitId": "Zhi-You"
        },
        "content": ""
      },
      {
        "lineNumber": 25,
        "author": {
          "gitId": "Zhi-You"
        },
        "content": "    // Getter method for description"
      },
      {
        "lineNumber": 26,
        "author": {
          "gitId": "Zhi-You"
        },
        "content": "    public String getDescription() {"
      },
      {
        "lineNumber": 27,
        "author": {
          "gitId": "Zhi-You"
        },
        "content": "        return description;"
      },
      {
        "lineNumber": 28,
        "author": {
          "gitId": "Zhi-You"
        },
        "content": "    }"
      },
      {
        "lineNumber": 29,
        "author": {
          "gitId": "Zhi-You"
        },
        "content": ""
      },
      {
        "lineNumber": 30,
        "author": {
          "gitId": "Zhi-You"
        },
        "content": "    // Setter method for isDone"
      },
      {
        "lineNumber": 31,
        "author": {
          "gitId": "Zhi-You"
        },
        "content": "    public void markAsDone() {"
      },
      {
        "lineNumber": 32,
        "author": {
          "gitId": "Zhi-You"
        },
        "content": "        isDone \u003d true;"
      },
      {
        "lineNumber": 33,
        "author": {
          "gitId": "Zhi-You"
        },
        "content": "    }"
      },
      {
        "lineNumber": 34,
        "author": {
          "gitId": "Zhi-You"
        },
        "content": ""
      },
      {
        "lineNumber": 35,
        "author": {
          "gitId": "Zhi-You"
        },
        "content": "    @Override"
      },
      {
        "lineNumber": 36,
        "author": {
          "gitId": "Zhi-You"
        },
        "content": "    public String toString() {"
      },
      {
        "lineNumber": 37,
        "author": {
          "gitId": "Zhi-You"
        },
        "content": "        return getStatusIcon() + \" \" + getDescription();"
      },
      {
        "lineNumber": 38,
        "author": {
          "gitId": "Zhi-You"
        },
        "content": "    }"
      },
      {
        "lineNumber": 39,
        "author": {
          "gitId": "Zhi-You"
        },
        "content": "}"
      }
    ],
    "authorContributionMap": {
      "Zhi-You": 39
    }
  },
  {
    "path": "src/main/java/Todo.java",
    "fileType": "java",
    "lines": [
      {
        "lineNumber": 1,
        "author": {
          "gitId": "Zhi-You"
        },
        "content": "public class Todo extends Task {"
      },
      {
        "lineNumber": 2,
        "author": {
          "gitId": "Zhi-You"
        },
        "content": ""
      },
      {
        "lineNumber": 3,
        "author": {
          "gitId": "Zhi-You"
        },
        "content": "    public Todo(String description) {"
      },
      {
        "lineNumber": 4,
        "author": {
          "gitId": "Zhi-You"
        },
        "content": "        super(description);"
      },
      {
        "lineNumber": 5,
        "author": {
          "gitId": "Zhi-You"
        },
        "content": "    }"
      },
      {
        "lineNumber": 6,
        "author": {
          "gitId": "Zhi-You"
        },
        "content": ""
      },
      {
        "lineNumber": 7,
        "author": {
          "gitId": "Zhi-You"
        },
        "content": "    @Override"
      },
      {
        "lineNumber": 8,
        "author": {
          "gitId": "Zhi-You"
        },
        "content": "    public String toString() {"
      },
      {
        "lineNumber": 9,
        "author": {
          "gitId": "Zhi-You"
        },
        "content": "        return \"[T]\" + super.toString();"
      },
      {
        "lineNumber": 10,
        "author": {
          "gitId": "Zhi-You"
        },
        "content": "    }"
      },
      {
        "lineNumber": 11,
        "author": {
          "gitId": "Zhi-You"
        },
        "content": "}"
      }
    ],
    "authorContributionMap": {
      "Zhi-You": 11
    }
  },
  {
    "path": "text-ui-test/input.txt",
    "fileType": "txt",
    "lines": [
      {
        "lineNumber": 1,
        "author": {
          "gitId": "Zhi-You"
        },
        "content": "todo read book"
      },
      {
        "lineNumber": 2,
        "author": {
          "gitId": "Zhi-You"
        },
        "content": "done 1"
      },
      {
        "lineNumber": 3,
        "author": {
          "gitId": "Zhi-You"
        },
        "content": "deadline return book /by June 6th"
      },
      {
        "lineNumber": 4,
        "author": {
          "gitId": "Zhi-You"
        },
        "content": "event project meeting /at Aug 6th 2-4pm"
      },
      {
        "lineNumber": 5,
        "author": {
          "gitId": "Zhi-You"
        },
        "content": "todo join sports club"
      },
      {
        "lineNumber": 6,
        "author": {
          "gitId": "Zhi-You"
        },
        "content": "list"
      },
      {
        "lineNumber": 7,
        "author": {
          "gitId": "Zhi-You"
        },
        "content": "done 4"
      },
      {
        "lineNumber": 8,
        "author": {
          "gitId": "Zhi-You"
        },
        "content": "todo borrow book"
      },
      {
        "lineNumber": 9,
        "author": {
          "gitId": "Zhi-You"
        },
        "content": "deadline return book /by Sunday"
      },
      {
        "lineNumber": 10,
        "author": {
          "gitId": "Zhi-You"
        },
        "content": "event project meeting /at Mon 2-4pm"
      },
      {
        "lineNumber": 11,
        "author": {
          "gitId": "Zhi-You"
        },
        "content": "deadline do homework /by no idea :p"
      },
      {
        "lineNumber": 12,
        "author": {
          "gitId": "Zhi-You"
        },
        "content": "list"
      },
      {
        "lineNumber": 13,
        "author": {
          "gitId": "Zhi-You"
        },
        "content": "done 6"
      },
      {
        "lineNumber": 14,
        "author": {
          "gitId": "Zhi-You"
        },
        "content": "done 7"
      },
      {
        "lineNumber": 15,
        "author": {
          "gitId": "Zhi-You"
        },
        "content": "list"
      },
      {
        "lineNumber": 16,
        "author": {
          "gitId": "Zhi-You"
        },
        "content": "bye"
      }
    ],
    "authorContributionMap": {
      "Zhi-You": 16
    }
  },
  {
    "path": "text-ui-test/runtest.bat",
    "fileType": "bat",
    "lines": [
      {
        "lineNumber": 1,
        "author": {
          "gitId": "-"
        },
        "content": "@ECHO OFF"
      },
      {
        "lineNumber": 2,
        "author": {
          "gitId": "-"
        },
        "content": ""
      },
      {
        "lineNumber": 3,
        "author": {
          "gitId": "-"
        },
        "content": "REM create bin directory if it doesn\u0027t exist"
      },
      {
        "lineNumber": 4,
        "author": {
          "gitId": "-"
        },
        "content": "if not exist ..\\bin mkdir ..\\bin"
      },
      {
        "lineNumber": 5,
        "author": {
          "gitId": "-"
        },
        "content": ""
      },
      {
        "lineNumber": 6,
        "author": {
          "gitId": "-"
        },
        "content": "REM delete output from previous run"
      },
      {
        "lineNumber": 7,
        "author": {
          "gitId": "-"
        },
        "content": "del ACTUAL.TXT"
      },
      {
        "lineNumber": 8,
        "author": {
          "gitId": "-"
        },
        "content": ""
      },
      {
        "lineNumber": 9,
        "author": {
          "gitId": "-"
        },
        "content": "REM compile the code into the bin folder"
      },
      {
        "lineNumber": 10,
        "author": {
          "gitId": "Zhi-You"
        },
        "content": "javac  -cp ..\\src -Xlint:none -d ..\\bin ..\\src\\main\\java\\*.java"
      },
      {
        "lineNumber": 11,
        "author": {
          "gitId": "-"
        },
        "content": "IF ERRORLEVEL 1 ("
      },
      {
        "lineNumber": 12,
        "author": {
          "gitId": "-"
        },
        "content": "    echo ********** BUILD FAILURE **********"
      },
      {
        "lineNumber": 13,
        "author": {
          "gitId": "-"
        },
        "content": "    exit /b 1"
      },
      {
        "lineNumber": 14,
        "author": {
          "gitId": "-"
        },
        "content": ")"
      },
      {
        "lineNumber": 15,
        "author": {
          "gitId": "-"
        },
        "content": "REM no error here, errorlevel \u003d\u003d 0"
      },
      {
        "lineNumber": 16,
        "author": {
          "gitId": "-"
        },
        "content": ""
      },
      {
        "lineNumber": 17,
        "author": {
          "gitId": "-"
        },
        "content": "REM run the program, feed commands from input.txt file and redirect the output to the ACTUAL.TXT"
      },
      {
        "lineNumber": 18,
        "author": {
          "gitId": "Zhi-You"
        },
        "content": "java -Dfile.encoding\u003dUTF-8 -classpath ..\\bin Duke \u003c input.txt \u003e ACTUAL.TXT"
      },
      {
        "lineNumber": 19,
        "author": {
          "gitId": "-"
        },
        "content": ""
      },
      {
        "lineNumber": 20,
        "author": {
          "gitId": "-"
        },
        "content": "REM compare the output to the expected output"
      },
      {
        "lineNumber": 21,
        "author": {
          "gitId": "-"
        },
        "content": "FC ACTUAL.TXT EXPECTED.TXT"
      }
    ],
    "authorContributionMap": {
      "Zhi-You": 2,
      "-": 19
    }
  }
]
