{
  "authorDailyContributionsMap": {
    "Zhi-You": [
      {
        "date": "2020-08-16",
        "commitResults": [
          {
            "hash": "24298a6f1462ae5a3f8c0b7e7516f2364e8c1545",
            "messageTitle": "Add initial skeletal version that greets the user and exits",
            "messageBody": "",
            "tags": [
              "Level-0"
            ],
            "fileTypesAndContributionMap": {
              "java": {
                "insertions": 9,
                "deletions": 0
              }
            }
          }
        ]
      },
      {
        "date": "2020-08-27",
        "commitResults": [
          {
            "hash": "0a85e9d8e4fed0f1d84d52a8ac0f2a3903045d53",
            "messageTitle": "Add comments for level-0",
            "messageBody": "",
            "fileTypesAndContributionMap": {
              "java": {
                "insertions": 2,
                "deletions": 1
              }
            }
          },
          {
            "hash": "cd8fd2b4efe8b229f40248601ed81f5b086811e2",
            "messageTitle": "Add input and echo functionalities",
            "messageBody": "",
            "tags": [
              "Level-1"
            ],
            "fileTypesAndContributionMap": {
              "java": {
                "insertions": 34,
                "deletions": 6
              }
            }
          },
          {
            "hash": "d3bd240002bafb385599de037a716e5350d95a8b",
            "messageTitle": "Add storing of tasks and displaying of tasks capabilities",
            "messageBody": "",
            "tags": [
              "Level-2"
            ],
            "fileTypesAndContributionMap": {
              "java": {
                "insertions": 36,
                "deletions": 11
              }
            }
          },
          {
            "hash": "570d193377df605c5a8c85c1c3701f911634ebf0",
            "messageTitle": "Add Task class to represent tasks",
            "messageBody": "",
            "tags": [
              "A-Classes"
            ],
            "fileTypesAndContributionMap": {
              "java": {
                "insertions": 23,
                "deletions": 0
              }
            }
          },
          {
            "hash": "ed419346258b432c9f7f676757028f546802749d",
            "messageTitle": "Add mark task as done functionality",
            "messageBody": "",
            "tags": [
              "Level-3"
            ],
            "fileTypesAndContributionMap": {
              "java": {
                "insertions": 20,
                "deletions": 11
              }
            }
          },
          {
            "hash": "f0f359eadebfbd2527beab0813c6613a86228f0d",
            "messageTitle": "Tweak line length to be no longer than 120 chars by using line wrapping",
            "messageBody": "",
            "tags": [
              "A-CodingStandard"
            ],
            "fileTypesAndContributionMap": {
              "java": {
                "insertions": 2,
                "deletions": 1
              }
            }
          }
        ]
      },
      {
        "date": "2020-08-30",
        "commitResults": [
          {
            "hash": "20f7beb0dd21740d0f18bc4f3179c155e6179e70",
            "messageTitle": "Add DisplayManager class to handle formatting of output to user",
            "messageBody": "",
            "fileTypesAndContributionMap": {
              "java": {
                "insertions": 48,
                "deletions": 21
              }
            }
          },
          {
            "hash": "1072dabfb0dc7cb35382470fba3f5cc79fbc399c",
            "messageTitle": "Make taskCount into a class-level member in Task class",
            "messageBody": "",
            "fileTypesAndContributionMap": {
              "java": {
                "insertions": 12,
                "deletions": 6
              }
            }
          }
        ]
      },
      {
        "date": "2020-09-02",
        "commitResults": [
          {
            "hash": "2a4c7230a26550c51b4f04ca1673da2122fec18c",
            "messageTitle": "Add subclasses Todo, Deadline and Event",
            "messageBody": "",
            "tags": [
              "A-Inheritance"
            ],
            "fileTypesAndContributionMap": {
              "java": {
                "insertions": 98,
                "deletions": 24
              }
            }
          }
        ]
      },
      {
        "date": "2020-09-03",
        "commitResults": [
          {
            "hash": "9404bfd4b202bbcafef29a9f23fee03af2a8fb67",
            "messageTitle": "Add support for tracking three types of tasks",
            "messageBody": "Users can now input three type of tasks - Todo, Deadlines and Events\nDuke will distinguish what type of tasks are being added to the list\nDuke will also perform appropriate actions for the different commands\nrelated to the tasks\n\nCode is yet to be refactored\n",
            "tags": [
              "Level-4"
            ],
            "fileTypesAndContributionMap": {
              "java": {
                "insertions": 70,
                "deletions": 20
              }
            }
          },
          {
            "hash": "95475b88f5ce42289987a5c1f13078d847963cca",
            "messageTitle": "Make methods in DisplayManager into class-level methods to allow for use in Duke without instantiating an object",
            "messageBody": "",
            "fileTypesAndContributionMap": {
              "java": {
                "insertions": 22,
                "deletions": 27
              }
            }
          },
          {
            "hash": "dfc5f59d9340ddca5996ee5a59a3749c41baa9af",
            "messageTitle": "Add test using I/O redirection technique capability to semi-automate the testing of Duke",
            "messageBody": "",
            "tags": [
              "A-TextUiTesting"
            ],
            "fileTypesAndContributionMap": {
              "txt": {
                "insertions": 15,
                "deletions": 0
              },
              "java": {
                "insertions": 3,
                "deletions": 3
              },
              "bat": {
                "insertions": 2,
                "deletions": 2
              }
            }
          },
          {
            "hash": "5c98086d651517036b592c9b74d9c18c7c1742ef",
            "messageTitle": "Remove magic literals",
            "messageBody": "",
            "fileTypesAndContributionMap": {
              "txt": {
                "insertions": 1,
                "deletions": 0
              },
              "java": {
                "insertions": 25,
                "deletions": 15
              }
            }
          },
          {
            "hash": "0cc3a9d815f64630d59928a038e8f924dbbb2ab6",
            "messageTitle": "Improve code quality mainly by refactoring code",
            "messageBody": "Followed closely to \u0027Code Quality\u0027 topics. Followed SLAP.\n",
            "fileTypesAndContributionMap": {
              "java": {
                "insertions": 31,
                "deletions": 25
              }
            }
          },
          {
            "hash": "7402327772d8bd418eff8ccd6461e204711c2570",
            "messageTitle": "Move main to top of Duke.java file for logical flow",
            "messageBody": "",
            "fileTypesAndContributionMap": {
              "java": {
                "insertions": 18,
                "deletions": 18
              }
            }
          },
          {
            "hash": "7f13228baf160759f9b97c25d1d3bd0e9d93321e",
            "messageTitle": "Move printing of Duke logo and hello message to DisplayManager",
            "messageBody": "Part of refactoring process\n",
            "tags": [
              "A-CodeQuality"
            ],
            "fileTypesAndContributionMap": {
              "java": {
                "insertions": 14,
                "deletions": 6
              }
            }
          }
        ]
      },
      {
        "date": "2020-09-04",
        "commitResults": [
          {
            "hash": "0819b37b421e6fc65e041440cccdcd5f2250bacb",
            "messageTitle": "Make tick and cross symbols into constants to avoid having magic literals",
            "messageBody": "",
            "fileTypesAndContributionMap": {
              "java": {
                "insertions": 3,
                "deletions": 1
              }
            }
          }
        ]
      },
      {
        "date": "2020-09-10",
        "commitResults": [
          {
            "hash": "0a7099b07c3576267ed6f4e8c711fd0a25c127d7",
            "messageTitle": "Add DukeException to represent exceptions specific to Duke",
            "messageBody": "Add enum ErrorType to specify the different error types\n",
            "fileTypesAndContributionMap": {
              "java": {
                "insertions": 70,
                "deletions": 20
              }
            }
          },
          {
            "hash": "5ec098982b80ab25fd9be3106cc96a0c016b2d06",
            "messageTitle": "Add ErrorTypeManager and overall error differentiation capabilities",
            "messageBody": "",
            "fileTypesAndContributionMap": {
              "java": {
                "insertions": 32,
                "deletions": 16
              }
            }
          },
          {
            "hash": "36abb23105c7e3425ff671687ef2af47adfb072a",
            "messageTitle": "Add todo empty description error handling",
            "messageBody": "",
            "fileTypesAndContributionMap": {
              "java": {
                "insertions": 22,
                "deletions": 7
              }
            }
          },
          {
            "hash": "6932293e4d2cf988db516d5498232aeafd536cae",
            "messageTitle": "Add error handling for event, mark task and deadline",
            "messageBody": "Handle exceptions caused by empty input and wrong formatting\nMake scanner global so that we dont keep initializing it in the\nwhile loop which causes a bug whereby the first scanner will take away\nthe next line before the second scanner can\n",
            "fileTypesAndContributionMap": {
              "java": {
                "insertions": 124,
                "deletions": 37
              }
            }
          },
          {
            "hash": "1cc7517f2d68660c303a17657aa8f39146ac79db",
            "messageTitle": "Modify automated test to test error handling too",
            "messageBody": "",
            "fileTypesAndContributionMap": {
              "txt": {
                "insertions": 15,
                "deletions": 0
              }
            }
          },
          {
            "hash": "635aec97da58b4eaa43b42820c8ac0906a4fba96",
            "messageTitle": "Organize classes into duke and task classes into task",
            "messageBody": "",
            "fileTypesAndContributionMap": {
              "java": {
                "insertions": 35,
                "deletions": 12
              },
              "bat": {
                "insertions": 2,
                "deletions": 2
              }
            }
          }
        ]
      },
      {
        "date": "2020-09-16",
        "commitResults": [
          {
            "hash": "3ad498da7024453554e2ad1173abb1f2c0513407",
            "messageTitle": "Tweaks to touch up on week 5 work before working on week 6 work",
            "messageBody": "",
            "fileTypesAndContributionMap": {
              "java": {
                "insertions": 1,
                "deletions": 2
              }
            }
          },
          {
            "hash": "828892a36a2f0260398c397d36ce3d949041c0c7",
            "messageTitle": "Revert \"Tweaks to touch up on week 5 work before working on week 6 work\"",
            "messageBody": "This reverts commit 3ad498da7024453554e2ad1173abb1f2c0513407.\n",
            "fileTypesAndContributionMap": {
              "java": {
                "insertions": 2,
                "deletions": 1
              }
            }
          },
          {
            "hash": "bc775b55708d9decd9e87e015f96e606eb31fb1e",
            "messageTitle": "Tweak to week 5 work before starting on week 6 work",
            "messageBody": "",
            "fileTypesAndContributionMap": {
              "java": {
                "insertions": 1,
                "deletions": 2
              }
            }
          }
        ]
      },
      {
        "date": "2020-09-17",
        "commitResults": [
          {
            "hash": "8c8f177ddf2d3b358e53814e1a2ec463d7b17d91",
            "messageTitle": "Use ArrayList\u003cTask\u003e to store tasks",
            "messageBody": "",
            "tags": [
              "A-Collections"
            ],
            "fileTypesAndContributionMap": {
              "java": {
                "insertions": 35,
                "deletions": 32
              }
            }
          },
          {
            "hash": "4871974b45794430176735a6e9aaf8fbd41d3981",
            "messageTitle": "Add support for deleting tasks from the list.",
            "messageBody": "",
            "fileTypesAndContributionMap": {
              "txt": {
                "insertions": 9,
                "deletions": 0
              },
              "java": {
                "insertions": 79,
                "deletions": 9
              }
            }
          },
          {
            "hash": "d80b832c8748a177b1660692147d5e259c4172f0",
            "messageTitle": "Add save and load tasks functionalities",
            "messageBody": "Save the tasks in the hard disk automatically whenever the task list\nchanges. Load the data from the hard disk when Duke starts up.\n",
            "fileTypesAndContributionMap": {
              "txt": {
                "insertions": 13,
                "deletions": 0
              },
              "java": {
                "insertions": 176,
                "deletions": 6
              }
            }
          },
          {
            "hash": "113937ed69d6e4739658e4448e71a9a8a77adf33",
            "messageTitle": "Add error handling for save and load related functions",
            "messageBody": "",
            "fileTypesAndContributionMap": {
              "java": {
                "insertions": 23,
                "deletions": 8
              }
            }
          },
          {
            "hash": "b1f1f61f929c3362ffabbff55b5599c5da9c422a",
            "messageTitle": "Remove magic literals from deadline and event delimiters",
            "messageBody": "",
            "fileTypesAndContributionMap": {
              "txt": {
                "insertions": 13,
                "deletions": 13
              },
              "java": {
                "insertions": 33,
                "deletions": 26
              }
            }
          },
          {
            "hash": "b87ef91070e1cee2e4b68f12e5858641ef0110dd",
            "messageTitle": "Move constants positions for logical flow",
            "messageBody": "",
            "fileTypesAndContributionMap": {
              "java": {
                "insertions": 3,
                "deletions": 2
              }
            }
          },
          {
            "hash": "68bdeb179b9f0cc6907b6a4d96dc2378135fca87",
            "messageTitle": "Fix .gitignore",
            "messageBody": "",
            "fileTypesAndContributionMap": {
              "txt": {
                "insertions": 0,
                "deletions": 11
              }
            }
          }
        ]
      },
      {
        "date": "2020-09-24",
        "commitResults": [
          {
            "hash": "b2ab5465f72838348280f05235c7954113780f2c",
            "messageTitle": "Add TaskList class to contain list of tasks",
            "messageBody": "TaskList has the operations to add, delete, mark as done and list tasks\n",
            "fileTypesAndContributionMap": {
              "java": {
                "insertions": 249,
                "deletions": 43
              }
            }
          },
          {
            "hash": "19f74e660bbdb252e82057f78d579645ccb3e5b1",
            "messageTitle": "Extract Command classes.",
            "messageBody": "Each command is its own class now and they have methods for their own\npurposes.\n\nCommand is the parent class, and it is an abstract class.\n\nEach Command class has the execute function which mainly control their\nbehaviour in the program.\n",
            "fileTypesAndContributionMap": {
              "java": {
                "insertions": 207,
                "deletions": 19
              }
            }
          },
          {
            "hash": "a365738895abe3a18c8bedf8135f6866c04c462f",
            "messageTitle": "Add Parser class to parse commands and task description",
            "messageBody": "Tweak other classes and methods to work with the newly added Command\nclasses and parser.\n\nRefactor code to make it more OOP\n",
            "tags": [
              "A-MoreOOP"
            ],
            "fileTypesAndContributionMap": {
              "java": {
                "insertions": 240,
                "deletions": 341
              }
            }
          },
          {
            "hash": "ec1c43a01172e33f54902ced5138429784d745f3",
            "messageTitle": "Refactor closely related classes into packages",
            "messageBody": "",
            "fileTypesAndContributionMap": {
              "java": {
                "insertions": 79,
                "deletions": 71
              }
            }
          },
          {
            "hash": "abc3b3b956ce9f92bc980a0c00e16b5983b18cc5",
            "messageTitle": "Tweak test cases",
            "messageBody": "",
            "fileTypesAndContributionMap": {
              "txt": {
                "insertions": 1,
                "deletions": 1
              },
              "bat": {
                "insertions": 1,
                "deletions": 1
              }
            }
          },
          {
            "hash": "88bfccbee85869ac9cdcd2058682b94ac549e33b",
            "messageTitle": "Tweak code to follow coding quality",
            "messageBody": "",
            "fileTypesAndContributionMap": {
              "java": {
                "insertions": 24,
                "deletions": 28
              }
            }
          },
          {
            "hash": "a68c0a8cbac53619b97357613d5fec958c52377d",
            "messageTitle": "Tweak welcome message",
            "messageBody": "",
            "fileTypesAndContributionMap": {
              "java": {
                "insertions": 25,
                "deletions": 12
              }
            }
          }
        ]
      }
    ]
  },
  "authorFileTypeContributionMap": {
    "Zhi-You": {
      "java": 1053,
      "md": 0,
      "sh": 0,
      "bat": 2,
      "gradle": 0,
      "txt": 40
    }
  },
  "authorContributionVariance": {
    "Zhi-You": 50921.965
  },
  "authorDisplayNameMap": {
    "Zhi-You": "CS2113T-F12-3 TANG.. YOU"
  }
}
