{
  "authorDailyContributionsMap": {
    "syncode98": [
      {
        "date": "2020-08-15",
        "commitResults": [
          {
            "hash": "19e3efe0d3e85705af5bac8d37203f2201f84c01",
            "messageTitle": "Commenting the \"DUKE\" symbol",
            "messageBody": "",
            "fileTypesAndContributionMap": {
              "java": {
                "insertions": 1,
                "deletions": 1
              }
            }
          },
          {
            "hash": "b675207ed5e8ab240e4e8a514562178492999721",
            "messageTitle": "minimum requirements for first task without the lines",
            "messageBody": "",
            "fileTypesAndContributionMap": {
              "java": {
                "insertions": 17,
                "deletions": 8
              }
            }
          },
          {
            "hash": "6f2a6c89811eb5799258cec4b81c5d0f3e656cd4",
            "messageTitle": "edited unnecessary comments from the program and added the lines",
            "messageBody": "",
            "fileTypesAndContributionMap": {
              "java": {
                "insertions": 0,
                "deletions": 2
              }
            }
          },
          {
            "hash": "04720aa68a2d933699340b04d00b40abe776a982",
            "messageTitle": "final edit",
            "messageBody": "",
            "fileTypesAndContributionMap": {
              "java": {
                "insertions": 5,
                "deletions": 12
              }
            }
          }
        ]
      },
      {
        "date": "2020-08-17",
        "commitResults": [
          {
            "hash": "8c50b05dfb45eb325bfe9899c39a388d635e560d",
            "messageTitle": "clean code",
            "messageBody": "",
            "fileTypesAndContributionMap": {
              "java": {
                "insertions": 1,
                "deletions": 0
              }
            }
          }
        ]
      },
      {
        "date": "2020-08-19",
        "commitResults": [
          {
            "hash": "ddaf38966e489b25936a9f596bb575586091ca28",
            "messageTitle": "Implementing level-0 for the code",
            "messageBody": "The Duke symbol was removed from the code.\nThis symbol was used to test out the code when it was cloned from\na remote directory.\n\nTwo statements and a few lines were added.These act as a base\nfor future communications.\n\nThis the is required task for week 2.\n",
            "tags": [
              "LEVEL-0"
            ],
            "fileTypesAndContributionMap": {
              "java": {
                "insertions": 2,
                "deletions": 1
              }
            }
          }
        ]
      },
      {
        "date": "2020-08-24",
        "commitResults": [
          {
            "hash": "3a5b25a77ecd3361c14489daa22202b9689e885a",
            "messageTitle": "Implement Level 1 for Chatbot",
            "messageBody": "Chatbot echo\u0027s user\u0027s commands and exits when\nthe user types \"bye\".\n\nFunction printLines prints dotted lines. This improves\n code readability.\n\nUsers would be able to enter their name and Chatbot\nrecords it. Addresses the user with the name\ngiven.\n",
            "tags": [
              "Level-1"
            ],
            "fileTypesAndContributionMap": {
              "java": {
                "insertions": 24,
                "deletions": 5
              }
            }
          },
          {
            "hash": "a9f77eee25203e80bd9fc972fbcd07b2845d9320",
            "messageTitle": "Implement Level-2",
            "messageBody": "Chatbot prompts user to add in tasks\nand displays it to the user when the command\n\"list\" is used.\n\nClass Task keeps track of the\nString array that stores all the tasks. The\nclass contains the relevant constructors, getters\nand setters for the class.\n\nFunction addTask in Task.java adds the task\nto the array and function printTasks prints the existing\ntasks if user enters the command \"list\".\n\nInitialise function in Duke .java prompts\nuser to enter name\n",
            "tags": [
              "Level-2"
            ],
            "fileTypesAndContributionMap": {
              "java": {
                "insertions": 63,
                "deletions": 7
              }
            }
          },
          {
            "hash": "df27041fe2ca0bd1b87dd6ec58ec4597ff6ec833",
            "messageTitle": "Implement Level 3",
            "messageBody": "The chatbot is able to update the completion statuses of the tasks that\nwere given by the user. The command \"done \" prompts the system to\nchange the completion status of the task as completed.\n\nIn the Task Class, the completion array stores the completion statuses of the tasks. The\ncompleteTasks function controls the completion statuses\nof the tasks.The appropriate getters and setters have been added for this class\nlevel member\n\nThe printTasks function now accommodates the printing of\nthe tick and cross symbols for the task.\n\nIn the Duke Class, the commands function reads the input of the users\nand decides the appropriate course of action.\n",
            "tags": [
              "Level-3"
            ],
            "fileTypesAndContributionMap": {
              "java": {
                "insertions": 71,
                "deletions": 19
              }
            }
          }
        ]
      },
      {
        "date": "2020-08-30",
        "commitResults": [
          {
            "hash": "50edcc3ba279d91eb87436a4eb7cbf7674efb731",
            "messageTitle": "Implement A-CodingStandard",
            "messageBody": "Function command () causes confusion to readers.\nHence, it is changed to readInput to comply with the Coding\nStandards.\n\nImplentation of the task class as an array of objects\nmakes it harder for the tasks to be modified in the future. Hence, the class\nnow initialises single task objects. The array is then initialised\nin the main function.\n\nThe functions in the Task class now modify the specific\ntask it is called upon to modify.\n",
            "tags": [
              "A-CodingStandard"
            ],
            "fileTypesAndContributionMap": {
              "java": {
                "insertions": 70,
                "deletions": 81
              }
            }
          }
        ]
      },
      {
        "date": "2020-08-31",
        "commitResults": [
          {
            "hash": "8407eaefc274052723842546771470c783ccbb2a",
            "messageTitle": "Implement Level 4",
            "messageBody": "Classes Todo,Deadline and Event were created to\ntrack the different types of tasks that are available. There\nclasses inherit from the Task class.\n\nFunciton toString has been defined in all of the classes\n(except Duke class) .The function returns the string representation\nof the class. Furthermore, this function overrides the original\ntoString function in Object class.\n\nThe seperate task classes(Todo,Deadline and Event) each have overridden\n toString methods,which add on the specific character of the type of  task\nto be printed out.\n",
            "tags": [
              "Level-4"
            ],
            "fileTypesAndContributionMap": {
              "java": {
                "insertions": 141,
                "deletions": 44
              }
            }
          },
          {
            "hash": "c908757cb49ba1bfc657a88bcb49b59a65383872",
            "messageTitle": "Implemened Automated Text UI Testing",
            "messageBody": "Main file able to read inputs from the input.txt\nfile and pass the outputs to the ACTUAL.txt file.\nAfter that, the ACTUAL.txt file is compared with the\nEXPECTED.txt file to examine any differences.\n",
            "tags": [
              "A-TextUiTesting"
            ],
            "fileTypesAndContributionMap": {
              "txt": {
                "insertions": 8,
                "deletions": 0
              },
              "bat": {
                "insertions": 2,
                "deletions": 2
              }
            }
          },
          {
            "hash": "10cf084d1582cca62ea7be10902c508edcfda207",
            "messageTitle": "Display Unicode characters",
            "messageBody": "Runtest.bat file modified so that the EXPECTED.txt\nnow displays the unicode characters. Previously,\nit only displayed question marks.\n",
            "fileTypesAndContributionMap": {
              "bat": {
                "insertions": 1,
                "deletions": 1
              }
            }
          }
        ]
      },
      {
        "date": "2020-09-07",
        "commitResults": [
          {
            "hash": "b3f6c4c8f2b290c5ae6e61484a97f66981e50ce4",
            "messageTitle": "Initialise String constants",
            "messageBody": "In the Duke class, string constants were initiated to improve\ncode readability and reusability.\n",
            "fileTypesAndContributionMap": {
              "java": {
                "insertions": 35,
                "deletions": 21
              }
            }
          },
          {
            "hash": "da7ee60b05ac9170490e56616fda7eae4821b915",
            "messageTitle": "Implement error handling for done command",
            "messageBody": "A new method, readDone(), has been defined to handle three\npossible errors that might occur when users use the \"Done\"\ncommand.\n\nThree new print methods have been implemented to print the correct\noutput for the errors.\n\nA new Illegal Number Exception class has been defined to tackle\nan exception that occurs during the readDone() method.\n",
            "fileTypesAndContributionMap": {
              "java": {
                "insertions": 96,
                "deletions": 55
              }
            }
          },
          {
            "hash": "aca05ba0d74777dc1ac5805dcdb271406d1d82f0",
            "messageTitle": "Deal with exceptions when User inputs Todo tasks",
            "messageBody": "A new class has been initialised to deal with blank\ndescription for the commands for the tasks.\n\nThe new readTodo() method deals wtih the\nexceptions that arises when the user inputs\nany Todo tasks.\n",
            "fileTypesAndContributionMap": {
              "java": {
                "insertions": 37,
                "deletions": 11
              }
            }
          },
          {
            "hash": "897f92d5a07661f72618eb3f1c2d8789e027d791",
            "messageTitle": "Implement Class to print methods",
            "messageBody": "A new PrintMethod class contains the\nmethods that have to be printed out. Improves\ncode readability.\n\nThe printlines() method has been moved from Task class\nto  PrintMethod class.\n",
            "fileTypesAndContributionMap": {
              "java": {
                "insertions": 77,
                "deletions": 61
              }
            }
          },
          {
            "hash": "9a76a2c8e178747560c1950739d6b7f0adbed12f",
            "messageTitle": "Implement Error Handling for Event and Deadline tasks",
            "messageBody": "The relevant methods have been implemented to ensure that\nif the user does not provide the relevant details to the chatbot, then\nthe chatbot will prompt for the necessary information(for\ndeadline and events)\n\nA new class , IllegalPropositionWithoutDate, has been implemented to\ntackle the scenario where the user does not appropriately enter\nthe date for the event or deadline tasks.\n",
            "fileTypesAndContributionMap": {
              "java": {
                "insertions": 109,
                "deletions": 34
              }
            }
          }
        ]
      },
      {
        "date": "2020-09-08",
        "commitResults": [
          {
            "hash": "2d1ba5140dc1c893b56f37a4e8a68f1abd1af502",
            "messageTitle": "Final Tests for Level 5",
            "messageBody": "The Actual and Expected files have been updated to\nshow most of the features that have been implemented.\n\nThe initilaiseMike method moved back to the Duke.java class\nfrom the PrintMethod Java class to ensure that only one Scanner\nobject is created. This prevents errors that occur while doing\nregression testing.\n\nCode refactored to follow coding standards\n",
            "fileTypesAndContributionMap": {
              "txt": {
                "insertions": 15,
                "deletions": 1
              },
              "java": {
                "insertions": 75,
                "deletions": 47
              }
            }
          },
          {
            "hash": "8910783ea9fd384897a72e17df1a36f87659ad72",
            "messageTitle": "Creating packages within project",
            "messageBody": "Three new packages have been created.They are the\nduke package to contain all the files, exception package\nto contain all the exception classes that were created and\nthe task package to hold the task,event,todo and deadline\nclasses.\n",
            "fileTypesAndContributionMap": {
              "java": {
                "insertions": 29,
                "deletions": 3
              },
              "bat": {
                "insertions": 1,
                "deletions": 1
              },
              "md": {
                "insertions": 2,
                "deletions": 2
              }
            }
          },
          {
            "hash": "86b7f61c25ae03350259691c47b0b1cb1c2d4abf",
            "messageTitle": "Creating a class to track the tasks",
            "messageBody": "The TaskArray class was created to read all\nthe commands and assign them to the task array.\nContains the other relevant methods that are required\nfor reading the commands.\n",
            "fileTypesAndContributionMap": {
              "java": {
                "insertions": 175,
                "deletions": 169
              }
            }
          },
          {
            "hash": "a1677c8463e5e27ddbd1cfcf6df225f98c21763c",
            "messageTitle": "Code refactoring before final commit for this level",
            "messageBody": "TaskArray class has been added to task package.\n\nThe regression testing has been updated to include\nall the class paths for the packages.\n\nFormatting done for all files.\n",
            "fileTypesAndContributionMap": {
              "txt": {
                "insertions": 1,
                "deletions": 0
              },
              "java": {
                "insertions": 7,
                "deletions": 3
              },
              "bat": {
                "insertions": 2,
                "deletions": 2
              },
              "sh": {
                "insertions": 0,
                "deletions": 38
              }
            }
          },
          {
            "hash": "533bc6e211436ab7c84a1b63a365bd8ecaccf732",
            "messageTitle": "Ignore certain files",
            "messageBody": "Contributors.md and README.md have been ignored\nfrom revision control\n",
            "fileTypesAndContributionMap": {
              "md": {
                "insertions": 0,
                "deletions": 35
              }
            }
          }
        ]
      },
      {
        "date": "2020-09-09",
        "commitResults": [
          {
            "hash": "3edb6ca94c8a8153ef723fa0692cfad3a9a57e84",
            "messageTitle": "Implement A-CodeQuality",
            "messageBody": "Code has been refactored to follow coding\nconventions.\n",
            "tags": [
              "A-CodeQuality"
            ],
            "fileTypesAndContributionMap": {
              "java": {
                "insertions": 1,
                "deletions": 0
              }
            }
          },
          {
            "hash": "96aef3d2ca143496b8a5270ff3b846aa6739d9d1",
            "messageTitle": "Implementing exceptions",
            "messageBody": "Three exception classes have been defined to\ntackle the exceptions that arise.\n\nTry and catch functions have been defined to\n deal with exceptions that would arise in methods.\n",
            "tags": [
              "A-Exceptions"
            ],
            "fileTypesAndContributionMap": {
              "java": {
                "insertions": 5,
                "deletions": 4
              }
            }
          }
        ]
      },
      {
        "date": "2020-09-12",
        "commitResults": [
          {
            "hash": "fd3b08a97a12d86ad0bb5e57449467af46b2a995",
            "messageTitle": "Implement ArrayList in Project File",
            "messageBody": "The Task Array in TaskArray.java\n has been replaced by an ArrayList of tasks.\n\nMethod implemented in Duke.java\nto delete tasks. Keyword has also been\nimplemented to identify command \"delete\".\n\nThe numberOfTasks variable in Task.java\nhas been deleted since it is redundant.\nThe getters and setters have been deleted\ntoo.\n\nMethods in PrintMethods have been modified to\naccomodate the ArrayList.\n",
            "fileTypesAndContributionMap": {
              "java": {
                "insertions": 54,
                "deletions": 22
              }
            }
          }
        ]
      },
      {
        "date": "2020-09-13",
        "commitResults": [
          {
            "hash": "b6dd92e8ffa33f489e2d386d91c888e7bfa35e49",
            "messageTitle": "Combine two methods to read command",
            "messageBody": "The readDone method and deleteTask\nmethods in TaskArray.java have been combined\nsince they have a similar structure. The new method\nis named readDoneandDelete.\n",
            "fileTypesAndContributionMap": {
              "java": {
                "insertions": 32,
                "deletions": 20
              }
            }
          },
          {
            "hash": "7df933f632edc4d4c76efa55d4d1191573464cc2",
            "messageTitle": "Code refactoring for Level 6",
            "messageBody": "Unnecessary comments have been removed\nfrom all of the class files.\n\nThe input.txt file has been updated to test\nthe delete feature. Regression testing was\nsuccessful. The EXPECTED.TXT file has been\nupdated to accordingly.\n",
            "fileTypesAndContributionMap": {
              "txt": {
                "insertions": 4,
                "deletions": 11
              },
              "java": {
                "insertions": 11,
                "deletions": 44
              }
            }
          },
          {
            "hash": "de9c579ebd498c52bfbb04af4567e7b21610a608",
            "messageTitle": "Write to an external file",
            "messageBody": "A new method, writeToFile, has been\nimplemented in TaskArray.java to transfer\nthe task contents to an external file, data.txt.\n",
            "fileTypesAndContributionMap": {
              "txt": {
                "insertions": 2,
                "deletions": 0
              },
              "java": {
                "insertions": 33,
                "deletions": 2
              }
            }
          }
        ]
      },
      {
        "date": "2020-09-14",
        "commitResults": [
          {
            "hash": "1f61c8043dc8715cb0c394c6e273e8ce85baf36d",
            "messageTitle": "Enable application to detect the existence of data.txt file",
            "messageBody": "A method has been implemented in PrintMethod.java class\nto check if the data.txt file is available. The method, printContents,\nwill then show the tasks from a previous session.\n\nIf a file is not present, the application informs the user that a\nnew file will be created in the directory that contains the src folder.\nThe createFile() method creates the data.txt file for the user.\n",
            "fileTypesAndContributionMap": {
              "txt": {
                "insertions": 2,
                "deletions": 1
              },
              "java": {
                "insertions": 49,
                "deletions": 8
              }
            }
          }
        ]
      },
      {
        "date": "2020-09-15",
        "commitResults": [
          {
            "hash": "f69b03d8aebe7de18aaaa36dd205adfe851f50b8",
            "messageTitle": "Implement methods to change content in data.txt file",
            "messageBody": "A method, searchFile has been implemented in TaskArray.java .\nIt searches the existing file for the specific task and changes the task.\nThis is useful when the user enters the done command. Hence, the\nsearchFile method updates the existing file to replace the task which has\nbeen completed.\n\nThe readTask method in TaskArray.java now reads all of the\ninputs from the todo,event,deadline commands, instantiates the\ntask and adds the task to the array.\n\nThe createFile method in TaskArray.java creates a file if a file is\nnot present.\n\nThe clearFile method in TaskArray. java clears the contents of the file\nif the user does not need it.\n\nThe printContents  Method has been moved from PrintMethod class\nto Duke.java class.\n",
            "fileTypesAndContributionMap": {
              "txt": {
                "insertions": 2,
                "deletions": 3
              },
              "java": {
                "insertions": 106,
                "deletions": 73
              }
            }
          },
          {
            "hash": "9503020b22ef1aa3f3375c5186f03124db5c1d74",
            "messageTitle": "Implement methods to check status of directory and the file",
            "messageBody": "The methods, checkDirectoryStatus and checkFileStatus\nchecks if the directory and the file exists. If not, the application\ncreates it for the users.\n",
            "fileTypesAndContributionMap": {
              "txt": {
                "insertions": 4,
                "deletions": 0
              },
              "java": {
                "insertions": 97,
                "deletions": 42
              }
            }
          },
          {
            "hash": "2e916402b8f92c42ad37eaca648830ddc64528c5",
            "messageTitle": "Regression Testing on File methods",
            "messageBody": "The text-ui-test/data/data.txt files updates automatically according\nto inputs.\n\nThe ACTUAL.txt file shows the implemented changes.\n(This is observed from the EXPECTED.txt file)\n",
            "fileTypesAndContributionMap": {
              "txt": {
                "insertions": 10,
                "deletions": 25
              },
              "java": {
                "insertions": 55,
                "deletions": 56
              }
            }
          },
          {
            "hash": "afcac8e4b9d93470255e5f402c95ddc9e1580de2",
            "messageTitle": "Implement Level 7",
            "messageBody": "Code has been refactored to follow\ncoding standards\n",
            "fileTypesAndContributionMap": {
              "txt": {
                "insertions": 4,
                "deletions": 1
              },
              "java": {
                "insertions": 5,
                "deletions": 10
              }
            }
          },
          {
            "hash": "323a2228c202938f3df317d20ad14afc0410e85c",
            "messageTitle": "Re-Merge with Master branch",
            "messageBody": "This is done to merge with the master branch.\n\nThe previous merge was done with a fast forward option.\n",
            "fileTypesAndContributionMap": {
              "java": {
                "insertions": 1,
                "deletions": 0
              }
            }
          },
          {
            "hash": "97d153f9ec626d244cbf40706d6e0b584cafb8ee",
            "messageTitle": "Re commit Level 6",
            "messageBody": "This move is to list the commits that are\nsupposed to be under Level-6-branch,\nwhich was deleted.\n\nImplement ArrayList in Project File\n fd3b08a97a12d86ad0bb5e57449467af46b2a995 [fd3b08a]\n\nCombine two methods to read command\nb6dd92e8ffa33f489e2d386d91c888e7bfa35e49 [b6dd92e]\n\nCode refactoring for Level 6\n7df933f632edc4d4c76efa55d4d1191573464cc2 [7df933f]\n",
            "fileTypesAndContributionMap": {
              "java": {
                "insertions": 1,
                "deletions": 0
              }
            }
          },
          {
            "hash": "c18fea527217b12279d299ad175e4e445442485b",
            "messageTitle": "Implement delete function for external file",
            "messageBody": "The searchFile method in TaskArray.java has been\nchanged to updateFile. It now takes care of\ndeleting tasks in the external file.\n",
            "fileTypesAndContributionMap": {
              "java": {
                "insertions": 17,
                "deletions": 8
              }
            }
          },
          {
            "hash": "a698de718fe4c0e05b6a10545313cd7e629c8246",
            "messageTitle": "Final Implementation of Level 7",
            "messageBody": "Regression Testing done to verify that\ndeletion of tasks is successful.\n\nRefactored the code to follow coding conventions.\n",
            "tags": [
              "A-Jar"
            ],
            "fileTypesAndContributionMap": {
              "txt": {
                "insertions": 5,
                "deletions": 1
              }
            }
          }
        ]
      }
    ]
  },
  "authorFileTypeContributionMap": {
    "syncode98": {
      "java": 644,
      "md": 0,
      "sh": 0,
      "bat": 2,
      "gradle": 0,
      "txt": 17
    }
  },
  "authorContributionVariance": {
    "syncode98": 26346.273
  },
  "authorDisplayNameMap": {
    "syncode98": "CS2113T-W13-1 I MU..UMAR"
  }
}
