{
  "authorDailyContributionsMap": {
    "teachyourselfcoding": [
      {
        "date": "2020-08-31",
        "commitResults": [
          {
            "hash": "2ad3d0441815591c53be4ef36391936444ec66e5",
            "messageTitle": "Level 0. Greet",
            "messageBody": "",
            "tags": [
              "v0.1"
            ],
            "fileTypesAndContributionMap": {
              "java": {
                "insertions": 11,
                "deletions": 0
              }
            }
          },
          {
            "hash": "6f3599a975bf59cba2f689d6176955abfcda6968",
            "messageTitle": "Level 1. Greet, Echo, Exit",
            "messageBody": "",
            "tags": [
              "Level-1"
            ],
            "fileTypesAndContributionMap": {
              "java": {
                "insertions": 16,
                "deletions": 1
              }
            }
          },
          {
            "hash": "bd0df5e93f38dcb3381fe32ad4c77fe8e6fd4c08",
            "messageTitle": "Level 2. Add, List",
            "messageBody": "",
            "tags": [
              "Level-2"
            ],
            "fileTypesAndContributionMap": {
              "java": {
                "insertions": 19,
                "deletions": 13
              }
            }
          },
          {
            "hash": "fac92aa29aecc6f4d180493c58acc5fdb3471ec3",
            "messageTitle": "Level 3. Mark as Done",
            "messageBody": "",
            "tags": [
              "Level-3"
            ],
            "fileTypesAndContributionMap": {
              "java": {
                "insertions": 39,
                "deletions": 16
              }
            }
          }
        ]
      },
      {
        "date": "2020-09-08",
        "commitResults": [
          {
            "hash": "262acc3b6d1d5e53bfc90774be208c5414ab99fd",
            "messageTitle": "Level 4. ToDos, Events, Deadlines",
            "messageBody": "",
            "tags": [
              "Level-4"
            ],
            "fileTypesAndContributionMap": {
              "java": {
                "insertions": 123,
                "deletions": 35
              }
            }
          }
        ]
      },
      {
        "date": "2020-09-22",
        "commitResults": [
          {
            "hash": "ae2edfce50073d0574f36ea2fca9270ee4845582",
            "messageTitle": "Level 6. Delete",
            "messageBody": "",
            "tags": [
              "Level-6"
            ],
            "fileTypesAndContributionMap": {
              "java": {
                "insertions": 86,
                "deletions": 30
              }
            }
          }
        ]
      },
      {
        "date": "2020-09-23",
        "commitResults": [
          {
            "hash": "bd23a9f381d34c0474a63d143f1dcbbf953624c5",
            "messageTitle": "Level 7. Save",
            "messageBody": "",
            "tags": [
              "v1.0"
            ],
            "fileTypesAndContributionMap": {
              "java": {
                "insertions": 91,
                "deletions": 13
              }
            }
          }
        ]
      },
      {
        "date": "2020-09-25",
        "commitResults": [
          {
            "hash": "920830bde6d1189e0ced57c628145695122c7a31",
            "messageTitle": "Level 7. Save",
            "messageBody": "",
            "tags": [
              "Level-7"
            ],
            "fileTypesAndContributionMap": {
              "java": {
                "insertions": 24,
                "deletions": 17
              }
            }
          },
          {
            "hash": "4602e80ee34e3df3bd7ed3d188c8ef26d3b7889c",
            "messageTitle": "Level 9. Find",
            "messageBody": "",
            "tags": [
              "Level-9"
            ],
            "fileTypesAndContributionMap": {
              "java": {
                "insertions": 13,
                "deletions": 0
              }
            }
          }
        ]
      },
      {
        "date": "2020-10-02",
        "commitResults": [
          {
            "hash": "a7f79c0e7227befe1b33eafbc84efc51d603f22a",
            "messageTitle": "A-MoreOOP",
            "messageBody": "",
            "fileTypesAndContributionMap": {
              "java": {
                "insertions": 645,
                "deletions": 234
              }
            }
          },
          {
            "hash": "78524214b2faf8a6edff056abc8f66abffb51f0e",
            "messageTitle": "A-MoreOOP",
            "messageBody": "",
            "tags": [
              "A-jar"
            ],
            "fileTypesAndContributionMap": {
              "txt": {
                "insertions": 6,
                "deletions": 0
              }
            }
          },
          {
            "hash": "f2b0b1587ae388b3dc23840f7cbb5969e79e6f1c",
            "messageTitle": "A-UserGuide",
            "messageBody": "",
            "fileTypesAndContributionMap": {
              "md": {
                "insertions": 149,
                "deletions": 8
              }
            }
          },
          {
            "hash": "26ec8db7a4bb11b24681fa4ca8287657e0344bc3",
            "messageTitle": "Update README.md",
            "messageBody": "",
            "tags": [
              "v1.1"
            ],
            "fileTypesAndContributionMap": {
              "md": {
                "insertions": 50,
                "deletions": 44
              }
            }
          }
        ]
      }
    ]
  },
  "authorFileTypeContributionMap": {
    "teachyourselfcoding": {
      "java": 714,
      "md": 148,
      "sh": 0,
      "bat": 0,
      "gradle": 0,
      "txt": 6
    }
  },
  "authorContributionVariance": {
    "teachyourselfcoding": 25984.463
  },
  "authorDisplayNameMap": {
    "teachyourselfcoding": "CS2113-T13-4 ZOU ..FENG"
  }
}
