[
  {
    "path": "src/main/java/duke.txt",
    "fileType": "txt",
    "lines": [
      {
        "lineNumber": 1,
        "author": {
          "gitId": "Jingming517"
        },
        "content": "T | ✘ | a | "
      }
    ],
    "authorContributionMap": {
      "Jingming517": 1
    }
  },
  {
    "path": "src/main/java/duke/Duke.java",
    "fileType": "java",
    "lines": [
      {
        "lineNumber": 1,
        "author": {
          "gitId": "Jingming517"
        },
        "content": "package duke;"
      },
      {
        "lineNumber": 2,
        "author": {
          "gitId": "Jingming517"
        },
        "content": ""
      },
      {
        "lineNumber": 3,
        "author": {
          "gitId": "Jingming517"
        },
        "content": "import duke.storage.Storage;"
      },
      {
        "lineNumber": 4,
        "author": {
          "gitId": "Jingming517"
        },
        "content": ""
      },
      {
        "lineNumber": 5,
        "author": {
          "gitId": "-"
        },
        "content": "public class Duke {"
      },
      {
        "lineNumber": 6,
        "author": {
          "gitId": "Jingming517"
        },
        "content": "    public static void main(String[] args) {"
      },
      {
        "lineNumber": 7,
        "author": {
          "gitId": "Jingming517"
        },
        "content": "        duke.tasks.TaskList list \u003d new duke.tasks.TaskList();"
      },
      {
        "lineNumber": 8,
        "author": {
          "gitId": "Jingming517"
        },
        "content": "        duke.commands.Command command \u003d new duke.commands.Command(list);"
      },
      {
        "lineNumber": 9,
        "author": {
          "gitId": "Jingming517"
        },
        "content": "        command.commandProcessor();"
      },
      {
        "lineNumber": 10,
        "author": {
          "gitId": "Jingming517"
        },
        "content": "        Storage storage \u003d new Storage(list);"
      },
      {
        "lineNumber": 11,
        "author": {
          "gitId": "Jingming517"
        },
        "content": "        storage.saveData();"
      },
      {
        "lineNumber": 12,
        "author": {
          "gitId": "Jingming517"
        },
        "content": "    }"
      },
      {
        "lineNumber": 13,
        "author": {
          "gitId": "-"
        },
        "content": "}"
      }
    ],
    "authorContributionMap": {
      "Jingming517": 11,
      "-": 2
    }
  },
  {
    "path": "src/main/java/duke/commands/Command.java",
    "fileType": "java",
    "lines": [
      {
        "lineNumber": 1,
        "author": {
          "gitId": "Jingming517"
        },
        "content": "package duke.commands;"
      },
      {
        "lineNumber": 2,
        "author": {
          "gitId": "Jingming517"
        },
        "content": ""
      },
      {
        "lineNumber": 3,
        "author": {
          "gitId": "Jingming517"
        },
        "content": "import duke.tasks.*;"
      },
      {
        "lineNumber": 4,
        "author": {
          "gitId": "Jingming517"
        },
        "content": "import duke.messages.*;"
      },
      {
        "lineNumber": 5,
        "author": {
          "gitId": "Jingming517"
        },
        "content": "import java.util.ArrayList;"
      },
      {
        "lineNumber": 6,
        "author": {
          "gitId": "Jingming517"
        },
        "content": "import java.util.Scanner;"
      },
      {
        "lineNumber": 7,
        "author": {
          "gitId": "Jingming517"
        },
        "content": ""
      },
      {
        "lineNumber": 8,
        "author": {
          "gitId": "Jingming517"
        },
        "content": "import duke.dukeexception.*;"
      },
      {
        "lineNumber": 9,
        "author": {
          "gitId": "Jingming517"
        },
        "content": "public class Command {"
      },
      {
        "lineNumber": 10,
        "author": {
          "gitId": "Jingming517"
        },
        "content": "    private TaskList list;"
      },
      {
        "lineNumber": 11,
        "author": {
          "gitId": "Jingming517"
        },
        "content": "    public Command(TaskList list) {"
      },
      {
        "lineNumber": 12,
        "author": {
          "gitId": "Jingming517"
        },
        "content": "        this.list \u003d list;"
      },
      {
        "lineNumber": 13,
        "author": {
          "gitId": "Jingming517"
        },
        "content": "    }"
      },
      {
        "lineNumber": 14,
        "author": {
          "gitId": "Jingming517"
        },
        "content": ""
      },
      {
        "lineNumber": 15,
        "author": {
          "gitId": "Jingming517"
        },
        "content": "    public void commandProcessor() {"
      },
      {
        "lineNumber": 16,
        "author": {
          "gitId": "Jingming517"
        },
        "content": "        duke.messages.Message.printWelcome();"
      },
      {
        "lineNumber": 17,
        "author": {
          "gitId": "Jingming517"
        },
        "content": "        Scanner in \u003d new Scanner(System.in);"
      },
      {
        "lineNumber": 18,
        "author": {
          "gitId": "Jingming517"
        },
        "content": "        String command;"
      },
      {
        "lineNumber": 19,
        "author": {
          "gitId": "Jingming517"
        },
        "content": ""
      },
      {
        "lineNumber": 20,
        "author": {
          "gitId": "Jingming517"
        },
        "content": "        while (true) {"
      },
      {
        "lineNumber": 21,
        "author": {
          "gitId": "Jingming517"
        },
        "content": "            command \u003d in.nextLine();"
      },
      {
        "lineNumber": 22,
        "author": {
          "gitId": "Jingming517"
        },
        "content": "            if (command.equals(\"bye\")) {"
      },
      {
        "lineNumber": 23,
        "author": {
          "gitId": "Jingming517"
        },
        "content": "                duke.messages.Message.printGoodBye();"
      },
      {
        "lineNumber": 24,
        "author": {
          "gitId": "Jingming517"
        },
        "content": "                break;"
      },
      {
        "lineNumber": 25,
        "author": {
          "gitId": "Jingming517"
        },
        "content": "            }"
      },
      {
        "lineNumber": 26,
        "author": {
          "gitId": "Jingming517"
        },
        "content": "            else {"
      },
      {
        "lineNumber": 27,
        "author": {
          "gitId": "Jingming517"
        },
        "content": "                try {"
      },
      {
        "lineNumber": 28,
        "author": {
          "gitId": "Jingming517"
        },
        "content": "                    String[] split \u003d DukeExceptionDetector.extractCommandAction(command);"
      },
      {
        "lineNumber": 29,
        "author": {
          "gitId": "Jingming517"
        },
        "content": "                    String commandType \u003d split[0];"
      },
      {
        "lineNumber": 30,
        "author": {
          "gitId": "Jingming517"
        },
        "content": "                    String taskDescription;"
      },
      {
        "lineNumber": 31,
        "author": {
          "gitId": "Jingming517"
        },
        "content": ""
      },
      {
        "lineNumber": 32,
        "author": {
          "gitId": "Jingming517"
        },
        "content": "                    if (split.length \u003e 1) {"
      },
      {
        "lineNumber": 33,
        "author": {
          "gitId": "Jingming517"
        },
        "content": "                        taskDescription \u003d split[1];"
      },
      {
        "lineNumber": 34,
        "author": {
          "gitId": "Jingming517"
        },
        "content": "                    } else {"
      },
      {
        "lineNumber": 35,
        "author": {
          "gitId": "Jingming517"
        },
        "content": "                        taskDescription \u003d \"\";"
      },
      {
        "lineNumber": 36,
        "author": {
          "gitId": "Jingming517"
        },
        "content": "                    }"
      },
      {
        "lineNumber": 37,
        "author": {
          "gitId": "Jingming517"
        },
        "content": ""
      },
      {
        "lineNumber": 38,
        "author": {
          "gitId": "Jingming517"
        },
        "content": "                    switch (commandType) {"
      },
      {
        "lineNumber": 39,
        "author": {
          "gitId": "Jingming517"
        },
        "content": "                    case \"done\":"
      },
      {
        "lineNumber": 40,
        "author": {
          "gitId": "Jingming517"
        },
        "content": "                        list.markTaskAsDone(split[1]);"
      },
      {
        "lineNumber": 41,
        "author": {
          "gitId": "Jingming517"
        },
        "content": "                        break;"
      },
      {
        "lineNumber": 42,
        "author": {
          "gitId": "Jingming517"
        },
        "content": "                    case \"delete\":"
      },
      {
        "lineNumber": 43,
        "author": {
          "gitId": "Jingming517"
        },
        "content": "                        list.deleteTask(split[1]);"
      },
      {
        "lineNumber": 44,
        "author": {
          "gitId": "Jingming517"
        },
        "content": "                        break;"
      },
      {
        "lineNumber": 45,
        "author": {
          "gitId": "Jingming517"
        },
        "content": "                    case \"list\":"
      },
      {
        "lineNumber": 46,
        "author": {
          "gitId": "Jingming517"
        },
        "content": "                        list.printAllTasks();"
      },
      {
        "lineNumber": 47,
        "author": {
          "gitId": "Jingming517"
        },
        "content": "                        break;"
      },
      {
        "lineNumber": 48,
        "author": {
          "gitId": "Jingming517"
        },
        "content": "                    case \"todo\":"
      },
      {
        "lineNumber": 49,
        "author": {
          "gitId": "Jingming517"
        },
        "content": "                        list.addTask(taskDescription, \"todo\");"
      },
      {
        "lineNumber": 50,
        "author": {
          "gitId": "Jingming517"
        },
        "content": "                        break;"
      },
      {
        "lineNumber": 51,
        "author": {
          "gitId": "Jingming517"
        },
        "content": "                    case \"event\":"
      },
      {
        "lineNumber": 52,
        "author": {
          "gitId": "Jingming517"
        },
        "content": "                        list.addTask(taskDescription, \"event\");"
      },
      {
        "lineNumber": 53,
        "author": {
          "gitId": "Jingming517"
        },
        "content": "                        break;"
      },
      {
        "lineNumber": 54,
        "author": {
          "gitId": "Jingming517"
        },
        "content": "                    case \"deadline\":"
      },
      {
        "lineNumber": 55,
        "author": {
          "gitId": "Jingming517"
        },
        "content": "                        list.addTask(taskDescription, \"deadline\");"
      },
      {
        "lineNumber": 56,
        "author": {
          "gitId": "Jingming517"
        },
        "content": "                        break;"
      },
      {
        "lineNumber": 57,
        "author": {
          "gitId": "Jingming517"
        },
        "content": "                    case \"help\":"
      },
      {
        "lineNumber": 58,
        "author": {
          "gitId": "Jingming517"
        },
        "content": "                        duke.messages.Message.printCommandInstructions();"
      },
      {
        "lineNumber": 59,
        "author": {
          "gitId": "Jingming517"
        },
        "content": "                        break;"
      },
      {
        "lineNumber": 60,
        "author": {
          "gitId": "Jingming517"
        },
        "content": "                    default:"
      },
      {
        "lineNumber": 61,
        "author": {
          "gitId": "Jingming517"
        },
        "content": "                        duke.messages.Message.printSeparationLine();"
      },
      {
        "lineNumber": 62,
        "author": {
          "gitId": "Jingming517"
        },
        "content": "                        System.out.println(\"\\t☹ OOPS!!! I\u0027m sorry, but I don\u0027t know what that means :-(\");"
      },
      {
        "lineNumber": 63,
        "author": {
          "gitId": "Jingming517"
        },
        "content": "                        duke.messages.Message.printSeparationLine();"
      },
      {
        "lineNumber": 64,
        "author": {
          "gitId": "Jingming517"
        },
        "content": "                        break;"
      },
      {
        "lineNumber": 65,
        "author": {
          "gitId": "Jingming517"
        },
        "content": "                    }"
      },
      {
        "lineNumber": 66,
        "author": {
          "gitId": "Jingming517"
        },
        "content": "                } catch (DukeException e) {"
      },
      {
        "lineNumber": 67,
        "author": {
          "gitId": "Jingming517"
        },
        "content": "                    duke.messages.Message.printSeparationLine();"
      },
      {
        "lineNumber": 68,
        "author": {
          "gitId": "Jingming517"
        },
        "content": "                    System.out.println(\"\\t \" + e.getMessage());"
      },
      {
        "lineNumber": 69,
        "author": {
          "gitId": "Jingming517"
        },
        "content": "                    duke.messages.Message.printSeparationLine();"
      },
      {
        "lineNumber": 70,
        "author": {
          "gitId": "Jingming517"
        },
        "content": "                }"
      },
      {
        "lineNumber": 71,
        "author": {
          "gitId": "Jingming517"
        },
        "content": "            }"
      },
      {
        "lineNumber": 72,
        "author": {
          "gitId": "Jingming517"
        },
        "content": "        }"
      },
      {
        "lineNumber": 73,
        "author": {
          "gitId": "Jingming517"
        },
        "content": "    }"
      },
      {
        "lineNumber": 74,
        "author": {
          "gitId": "Jingming517"
        },
        "content": "}"
      }
    ],
    "authorContributionMap": {
      "Jingming517": 74
    }
  },
  {
    "path": "src/main/java/duke/dukeexception/DukeException.java",
    "fileType": "java",
    "lines": [
      {
        "lineNumber": 1,
        "author": {
          "gitId": "Jingming517"
        },
        "content": "package duke.dukeexception;"
      },
      {
        "lineNumber": 2,
        "author": {
          "gitId": "Jingming517"
        },
        "content": ""
      },
      {
        "lineNumber": 3,
        "author": {
          "gitId": "Jingming517"
        },
        "content": "public class DukeException extends Exception {"
      },
      {
        "lineNumber": 4,
        "author": {
          "gitId": "Jingming517"
        },
        "content": "    public DukeException(String errorMessage) {"
      },
      {
        "lineNumber": 5,
        "author": {
          "gitId": "Jingming517"
        },
        "content": "        super(errorMessage);"
      },
      {
        "lineNumber": 6,
        "author": {
          "gitId": "Jingming517"
        },
        "content": "    }"
      },
      {
        "lineNumber": 7,
        "author": {
          "gitId": "Jingming517"
        },
        "content": "}"
      }
    ],
    "authorContributionMap": {
      "Jingming517": 7
    }
  },
  {
    "path": "src/main/java/duke/dukeexception/DukeExceptionDetector.java",
    "fileType": "java",
    "lines": [
      {
        "lineNumber": 1,
        "author": {
          "gitId": "Jingming517"
        },
        "content": "package duke.dukeexception;"
      },
      {
        "lineNumber": 2,
        "author": {
          "gitId": "Jingming517"
        },
        "content": "import duke.messages.Message;"
      },
      {
        "lineNumber": 3,
        "author": {
          "gitId": "Jingming517"
        },
        "content": ""
      },
      {
        "lineNumber": 4,
        "author": {
          "gitId": "Jingming517"
        },
        "content": "import java.time.LocalDate;"
      },
      {
        "lineNumber": 5,
        "author": {
          "gitId": "Jingming517"
        },
        "content": "import java.time.format.DateTimeFormatter;"
      },
      {
        "lineNumber": 6,
        "author": {
          "gitId": "Jingming517"
        },
        "content": "import java.time.format.DateTimeParseException;"
      },
      {
        "lineNumber": 7,
        "author": {
          "gitId": "Jingming517"
        },
        "content": ""
      },
      {
        "lineNumber": 8,
        "author": {
          "gitId": "Jingming517"
        },
        "content": "public class DukeExceptionDetector {"
      },
      {
        "lineNumber": 9,
        "author": {
          "gitId": "Jingming517"
        },
        "content": ""
      },
      {
        "lineNumber": 10,
        "author": {
          "gitId": "Jingming517"
        },
        "content": "    public static String[] extractCommandAction(String command) throws DukeException {"
      },
      {
        "lineNumber": 11,
        "author": {
          "gitId": "Jingming517"
        },
        "content": "        String[] split \u003d command.split(\" \", 2);"
      },
      {
        "lineNumber": 12,
        "author": {
          "gitId": "Jingming517"
        },
        "content": "        String commandType \u003d split[0];"
      },
      {
        "lineNumber": 13,
        "author": {
          "gitId": "Jingming517"
        },
        "content": ""
      },
      {
        "lineNumber": 14,
        "author": {
          "gitId": "Jingming517"
        },
        "content": "        if (split.length \u003d\u003d 0) {"
      },
      {
        "lineNumber": 15,
        "author": {
          "gitId": "Jingming517"
        },
        "content": "            throw new DukeException(Message.EMPTY_COMMAND_ERROR);"
      },
      {
        "lineNumber": 16,
        "author": {
          "gitId": "Jingming517"
        },
        "content": "        } else if (split.length \u003d\u003d 1) {"
      },
      {
        "lineNumber": 17,
        "author": {
          "gitId": "Jingming517"
        },
        "content": "            switch (commandType) {"
      },
      {
        "lineNumber": 18,
        "author": {
          "gitId": "Jingming517"
        },
        "content": "            case \"list\":"
      },
      {
        "lineNumber": 19,
        "author": {
          "gitId": "Jingming517"
        },
        "content": "                return split;"
      },
      {
        "lineNumber": 20,
        "author": {
          "gitId": "Jingming517"
        },
        "content": "            case \"todo\":"
      },
      {
        "lineNumber": 21,
        "author": {
          "gitId": "Jingming517"
        },
        "content": "                throw new DukeException(Message.EMPTY_TODO_ERROR);"
      },
      {
        "lineNumber": 22,
        "author": {
          "gitId": "Jingming517"
        },
        "content": "            case \"event\":"
      },
      {
        "lineNumber": 23,
        "author": {
          "gitId": "Jingming517"
        },
        "content": "                throw new DukeException(Message.EMPTY_EVENT_ERROR);"
      },
      {
        "lineNumber": 24,
        "author": {
          "gitId": "Jingming517"
        },
        "content": "            case \"deadline\":"
      },
      {
        "lineNumber": 25,
        "author": {
          "gitId": "Jingming517"
        },
        "content": "                throw new DukeException(Message.EMPTY_DEADLINE_ERROR);"
      },
      {
        "lineNumber": 26,
        "author": {
          "gitId": "Jingming517"
        },
        "content": "            default:"
      },
      {
        "lineNumber": 27,
        "author": {
          "gitId": "Jingming517"
        },
        "content": "                throw new DukeException(Message.INVALID_COMMAND_ERROR);"
      },
      {
        "lineNumber": 28,
        "author": {
          "gitId": "Jingming517"
        },
        "content": "            }"
      },
      {
        "lineNumber": 29,
        "author": {
          "gitId": "Jingming517"
        },
        "content": "        } else {"
      },
      {
        "lineNumber": 30,
        "author": {
          "gitId": "Jingming517"
        },
        "content": "            switch (commandType) {"
      },
      {
        "lineNumber": 31,
        "author": {
          "gitId": "Jingming517"
        },
        "content": "            case(\"done\"):"
      },
      {
        "lineNumber": 32,
        "author": {
          "gitId": "Jingming517"
        },
        "content": "            case(\"delete\"):"
      },
      {
        "lineNumber": 33,
        "author": {
          "gitId": "Jingming517"
        },
        "content": "            case(\"todo\"):"
      },
      {
        "lineNumber": 34,
        "author": {
          "gitId": "Jingming517"
        },
        "content": "            case(\"event\"):"
      },
      {
        "lineNumber": 35,
        "author": {
          "gitId": "Jingming517"
        },
        "content": "            case(\"deadline\"):"
      },
      {
        "lineNumber": 36,
        "author": {
          "gitId": "Jingming517"
        },
        "content": "                return split;"
      },
      {
        "lineNumber": 37,
        "author": {
          "gitId": "Jingming517"
        },
        "content": "            default:"
      },
      {
        "lineNumber": 38,
        "author": {
          "gitId": "Jingming517"
        },
        "content": "                throw new DukeException(Message.INVALID_COMMAND_ERROR);"
      },
      {
        "lineNumber": 39,
        "author": {
          "gitId": "Jingming517"
        },
        "content": "            }"
      },
      {
        "lineNumber": 40,
        "author": {
          "gitId": "Jingming517"
        },
        "content": "        }"
      },
      {
        "lineNumber": 41,
        "author": {
          "gitId": "Jingming517"
        },
        "content": "    }"
      },
      {
        "lineNumber": 42,
        "author": {
          "gitId": "Jingming517"
        },
        "content": ""
      },
      {
        "lineNumber": 43,
        "author": {
          "gitId": "Jingming517"
        },
        "content": "    public static String[] extractTaskTime(String command, String commandType) throws DukeException{"
      },
      {
        "lineNumber": 44,
        "author": {
          "gitId": "Jingming517"
        },
        "content": "        String[] split \u003d command.split(\" /by | /at \", 2);"
      },
      {
        "lineNumber": 45,
        "author": {
          "gitId": "Jingming517"
        },
        "content": "        if (split.length \u003d\u003d 1) {"
      },
      {
        "lineNumber": 46,
        "author": {
          "gitId": "Jingming517"
        },
        "content": "            switch (commandType) {"
      },
      {
        "lineNumber": 47,
        "author": {
          "gitId": "Jingming517"
        },
        "content": "            case (\"event\"):"
      },
      {
        "lineNumber": 48,
        "author": {
          "gitId": "Jingming517"
        },
        "content": "                throw new DukeException(Message.EMPTY_EVENT_TIME_ERROR);"
      },
      {
        "lineNumber": 49,
        "author": {
          "gitId": "Jingming517"
        },
        "content": "            case (\"deadline\"):"
      },
      {
        "lineNumber": 50,
        "author": {
          "gitId": "Jingming517"
        },
        "content": "                throw new DukeException(Message.EMPTY_DEADLINE_TIME_ERROR);"
      },
      {
        "lineNumber": 51,
        "author": {
          "gitId": "Jingming517"
        },
        "content": "            }"
      },
      {
        "lineNumber": 52,
        "author": {
          "gitId": "Jingming517"
        },
        "content": "        }"
      },
      {
        "lineNumber": 53,
        "author": {
          "gitId": "Jingming517"
        },
        "content": "        return split;"
      },
      {
        "lineNumber": 54,
        "author": {
          "gitId": "Jingming517"
        },
        "content": "    }"
      },
      {
        "lineNumber": 55,
        "author": {
          "gitId": "Jingming517"
        },
        "content": "}"
      },
      {
        "lineNumber": 56,
        "author": {
          "gitId": "Jingming517"
        },
        "content": ""
      }
    ],
    "authorContributionMap": {
      "Jingming517": 56
    }
  },
  {
    "path": "src/main/java/duke/messages/Message.java",
    "fileType": "java",
    "lines": [
      {
        "lineNumber": 1,
        "author": {
          "gitId": "Jingming517"
        },
        "content": "package duke.messages;"
      },
      {
        "lineNumber": 2,
        "author": {
          "gitId": "Jingming517"
        },
        "content": ""
      },
      {
        "lineNumber": 3,
        "author": {
          "gitId": "Jingming517"
        },
        "content": "import duke.tasks.Task;"
      },
      {
        "lineNumber": 4,
        "author": {
          "gitId": "Jingming517"
        },
        "content": "import java.util.ArrayList;"
      },
      {
        "lineNumber": 5,
        "author": {
          "gitId": "Jingming517"
        },
        "content": ""
      },
      {
        "lineNumber": 6,
        "author": {
          "gitId": "Jingming517"
        },
        "content": "public class Message {"
      },
      {
        "lineNumber": 7,
        "author": {
          "gitId": "Jingming517"
        },
        "content": "    /**"
      },
      {
        "lineNumber": 8,
        "author": {
          "gitId": "Jingming517"
        },
        "content": "     * Error messages"
      },
      {
        "lineNumber": 9,
        "author": {
          "gitId": "Jingming517"
        },
        "content": "     */"
      },
      {
        "lineNumber": 10,
        "author": {
          "gitId": "Jingming517"
        },
        "content": "    public static final String EMPTY_COMMAND_ERROR \u003d \"☹ OOPS!!! The command input cannot be empty!\";"
      },
      {
        "lineNumber": 11,
        "author": {
          "gitId": "Jingming517"
        },
        "content": "    public static final String INVALID_COMMAND_ERROR \u003d \"☹ OOPS!!! Please input a valid command!\";"
      },
      {
        "lineNumber": 12,
        "author": {
          "gitId": "Jingming517"
        },
        "content": "    public static final String EMPTY_TODO_ERROR \u003d \"☹ OOPS!!! The description of a todo cannot be empty.\";"
      },
      {
        "lineNumber": 13,
        "author": {
          "gitId": "Jingming517"
        },
        "content": "    public static final String EMPTY_EVENT_ERROR \u003d \"☹ OOPS!!! The description of a event cannot be empty.\";"
      },
      {
        "lineNumber": 14,
        "author": {
          "gitId": "Jingming517"
        },
        "content": "    public static final String EMPTY_DEADLINE_ERROR \u003d \"☹ OOPS!!! The description of a deadline cannot be empty.\";"
      },
      {
        "lineNumber": 15,
        "author": {
          "gitId": "Jingming517"
        },
        "content": "    public static final String EMPTY_EVENT_TIME_ERROR \u003d \"☹ OOPS!!! Please input the time of event.\";"
      },
      {
        "lineNumber": 16,
        "author": {
          "gitId": "Jingming517"
        },
        "content": "    public static final String EMPTY_DEADLINE_TIME_ERROR \u003d \"☹ OOPS!!! Please input the time of deadline.\";"
      },
      {
        "lineNumber": 17,
        "author": {
          "gitId": "Jingming517"
        },
        "content": ""
      },
      {
        "lineNumber": 18,
        "author": {
          "gitId": "Jingming517"
        },
        "content": "    public static void printSeparationLine() {"
      },
      {
        "lineNumber": 19,
        "author": {
          "gitId": "Jingming517"
        },
        "content": "        System.out.println(\"\\t____________________________________________________________\");"
      },
      {
        "lineNumber": 20,
        "author": {
          "gitId": "Jingming517"
        },
        "content": "    }"
      },
      {
        "lineNumber": 21,
        "author": {
          "gitId": "Jingming517"
        },
        "content": "    public static void printAddTask(Task taskAdded, int size) {"
      },
      {
        "lineNumber": 22,
        "author": {
          "gitId": "Jingming517"
        },
        "content": "        printSeparationLine();"
      },
      {
        "lineNumber": 23,
        "author": {
          "gitId": "Jingming517"
        },
        "content": "        System.out.println(\"\\t Got it. I\u0027ve added this task: \");"
      },
      {
        "lineNumber": 24,
        "author": {
          "gitId": "Jingming517"
        },
        "content": "        System.out.println(\"\\t   \""
      },
      {
        "lineNumber": 25,
        "author": {
          "gitId": "Jingming517"
        },
        "content": "                + taskAdded.toString());"
      },
      {
        "lineNumber": 26,
        "author": {
          "gitId": "Jingming517"
        },
        "content": "        int numberOfTasks \u003d size + 1;"
      },
      {
        "lineNumber": 27,
        "author": {
          "gitId": "Jingming517"
        },
        "content": "        String taskPlural;"
      },
      {
        "lineNumber": 28,
        "author": {
          "gitId": "Jingming517"
        },
        "content": "        if (numberOfTasks \u003d\u003d 0 || numberOfTasks \u003d\u003d 1) {"
      },
      {
        "lineNumber": 29,
        "author": {
          "gitId": "Jingming517"
        },
        "content": "            taskPlural \u003d \"task\";"
      },
      {
        "lineNumber": 30,
        "author": {
          "gitId": "Jingming517"
        },
        "content": "        } else {"
      },
      {
        "lineNumber": 31,
        "author": {
          "gitId": "Jingming517"
        },
        "content": "            taskPlural \u003d \"tasks\";"
      },
      {
        "lineNumber": 32,
        "author": {
          "gitId": "Jingming517"
        },
        "content": "        }"
      },
      {
        "lineNumber": 33,
        "author": {
          "gitId": "Jingming517"
        },
        "content": "        System.out.println(\"\\t Now you have \""
      },
      {
        "lineNumber": 34,
        "author": {
          "gitId": "Jingming517"
        },
        "content": "                + numberOfTasks"
      },
      {
        "lineNumber": 35,
        "author": {
          "gitId": "Jingming517"
        },
        "content": "                + \" \""
      },
      {
        "lineNumber": 36,
        "author": {
          "gitId": "Jingming517"
        },
        "content": "                + taskPlural"
      },
      {
        "lineNumber": 37,
        "author": {
          "gitId": "Jingming517"
        },
        "content": "                + \" in the list.\");"
      },
      {
        "lineNumber": 38,
        "author": {
          "gitId": "Jingming517"
        },
        "content": "        printSeparationLine();"
      },
      {
        "lineNumber": 39,
        "author": {
          "gitId": "Jingming517"
        },
        "content": "    }"
      },
      {
        "lineNumber": 40,
        "author": {
          "gitId": "Jingming517"
        },
        "content": ""
      },
      {
        "lineNumber": 41,
        "author": {
          "gitId": "Jingming517"
        },
        "content": "    public static void printWelcome() {"
      },
      {
        "lineNumber": 42,
        "author": {
          "gitId": "Jingming517"
        },
        "content": "        /*"
      },
      {
        "lineNumber": 43,
        "author": {
          "gitId": "Jingming517"
        },
        "content": "        String logo \u003d \" ____        _        \\n\""
      },
      {
        "lineNumber": 44,
        "author": {
          "gitId": "Jingming517"
        },
        "content": "                + \"|  _ \\\\ _   _| | _____ \\n\""
      },
      {
        "lineNumber": 45,
        "author": {
          "gitId": "Jingming517"
        },
        "content": "                + \"| | | | | | | |/ / _ \\\\\\n\""
      },
      {
        "lineNumber": 46,
        "author": {
          "gitId": "Jingming517"
        },
        "content": "                + \"| |_| | |_| |   \u003c  __/\\n\""
      },
      {
        "lineNumber": 47,
        "author": {
          "gitId": "Jingming517"
        },
        "content": "                + \"|____/ \\\\__,_|_|\\\\_\\\\___|\\n\";"
      },
      {
        "lineNumber": 48,
        "author": {
          "gitId": "Jingming517"
        },
        "content": "        System.out.println(\"Hello from\\n\" + logo);"
      },
      {
        "lineNumber": 49,
        "author": {
          "gitId": "Jingming517"
        },
        "content": "        */"
      },
      {
        "lineNumber": 50,
        "author": {
          "gitId": "Jingming517"
        },
        "content": "        printSeparationLine();"
      },
      {
        "lineNumber": 51,
        "author": {
          "gitId": "Jingming517"
        },
        "content": "        System.out.println(\"\\t Hello! I\u0027m Duke\");"
      },
      {
        "lineNumber": 52,
        "author": {
          "gitId": "Jingming517"
        },
        "content": "        System.out.println(\"\\t What can I do for you?\");"
      },
      {
        "lineNumber": 53,
        "author": {
          "gitId": "Jingming517"
        },
        "content": "        printSeparationLine();"
      },
      {
        "lineNumber": 54,
        "author": {
          "gitId": "Jingming517"
        },
        "content": "    }"
      },
      {
        "lineNumber": 55,
        "author": {
          "gitId": "Jingming517"
        },
        "content": "    public static void printGoodBye() {"
      },
      {
        "lineNumber": 56,
        "author": {
          "gitId": "Jingming517"
        },
        "content": "        printSeparationLine();"
      },
      {
        "lineNumber": 57,
        "author": {
          "gitId": "Jingming517"
        },
        "content": "        System.out.println(\"\\t Bye.Hope to see you again soon!\");"
      },
      {
        "lineNumber": 58,
        "author": {
          "gitId": "Jingming517"
        },
        "content": "        printSeparationLine();"
      },
      {
        "lineNumber": 59,
        "author": {
          "gitId": "Jingming517"
        },
        "content": "        return;"
      },
      {
        "lineNumber": 60,
        "author": {
          "gitId": "Jingming517"
        },
        "content": "    }"
      },
      {
        "lineNumber": 61,
        "author": {
          "gitId": "Jingming517"
        },
        "content": "    public static void printCommandInstructions() {"
      },
      {
        "lineNumber": 62,
        "author": {
          "gitId": "Jingming517"
        },
        "content": "        printSeparationLine();"
      },
      {
        "lineNumber": 63,
        "author": {
          "gitId": "Jingming517"
        },
        "content": "        System.out.println(\"\\t[List of commands available]\" +"
      },
      {
        "lineNumber": 64,
        "author": {
          "gitId": "Jingming517"
        },
        "content": "                \"\\n\\tlist: Display all tasks in the list.\" +"
      },
      {
        "lineNumber": 65,
        "author": {
          "gitId": "Jingming517"
        },
        "content": "                \"\\n\\t\\tExample: list\" +"
      },
      {
        "lineNumber": 66,
        "author": {
          "gitId": "Jingming517"
        },
        "content": "                \"\\n\\n\\ttodo: Add a todo task.\" +"
      },
      {
        "lineNumber": 67,
        "author": {
          "gitId": "Jingming517"
        },
        "content": "                \"\\n\\t\\tExample: todo borrow book\" +"
      },
      {
        "lineNumber": 68,
        "author": {
          "gitId": "Jingming517"
        },
        "content": "                \"\\n\\n\\tdeadline: Add a deadline.\" +"
      },
      {
        "lineNumber": 69,
        "author": {
          "gitId": "Jingming517"
        },
        "content": "                \"\\n\\t\\tExample: deadline return book /by Sunday\" +"
      },
      {
        "lineNumber": 70,
        "author": {
          "gitId": "Jingming517"
        },
        "content": "                \"\\n\\n\\tevent: Add a event.\" +"
      },
      {
        "lineNumber": 71,
        "author": {
          "gitId": "Jingming517"
        },
        "content": "                \"\\n\\t\\tExample: event project meeting /at Mon 2-4pm\" +"
      },
      {
        "lineNumber": 72,
        "author": {
          "gitId": "Jingming517"
        },
        "content": "                \"\\n\\n\\tdone: Mark a task as done.\" +"
      },
      {
        "lineNumber": 73,
        "author": {
          "gitId": "Jingming517"
        },
        "content": "                \"\\n\\t\\tExample: done 2\" +"
      },
      {
        "lineNumber": 74,
        "author": {
          "gitId": "Jingming517"
        },
        "content": "                \"\\n\\n\\tbye: Exit the program.\" +"
      },
      {
        "lineNumber": 75,
        "author": {
          "gitId": "Jingming517"
        },
        "content": "                \"\\n\\t\\tExample: bye\");"
      },
      {
        "lineNumber": 76,
        "author": {
          "gitId": "Jingming517"
        },
        "content": "        printSeparationLine();"
      },
      {
        "lineNumber": 77,
        "author": {
          "gitId": "Jingming517"
        },
        "content": "    }"
      },
      {
        "lineNumber": 78,
        "author": {
          "gitId": "Jingming517"
        },
        "content": "}"
      }
    ],
    "authorContributionMap": {
      "Jingming517": 78
    }
  },
  {
    "path": "src/main/java/duke/storage/Storage.java",
    "fileType": "java",
    "lines": [
      {
        "lineNumber": 1,
        "author": {
          "gitId": "Jingming517"
        },
        "content": "package duke.storage;"
      },
      {
        "lineNumber": 2,
        "author": {
          "gitId": "Jingming517"
        },
        "content": ""
      },
      {
        "lineNumber": 3,
        "author": {
          "gitId": "Jingming517"
        },
        "content": "import duke.tasks.Task;"
      },
      {
        "lineNumber": 4,
        "author": {
          "gitId": "Jingming517"
        },
        "content": ""
      },
      {
        "lineNumber": 5,
        "author": {
          "gitId": "Jingming517"
        },
        "content": "import java.io.FileWriter;"
      },
      {
        "lineNumber": 6,
        "author": {
          "gitId": "Jingming517"
        },
        "content": "import java.io.IOException;"
      },
      {
        "lineNumber": 7,
        "author": {
          "gitId": "Jingming517"
        },
        "content": ""
      },
      {
        "lineNumber": 8,
        "author": {
          "gitId": "Jingming517"
        },
        "content": "public class Storage {"
      },
      {
        "lineNumber": 9,
        "author": {
          "gitId": "Jingming517"
        },
        "content": "    private static final String FILE_PATH \u003d \"duke.txt\";"
      },
      {
        "lineNumber": 10,
        "author": {
          "gitId": "Jingming517"
        },
        "content": ""
      },
      {
        "lineNumber": 11,
        "author": {
          "gitId": "Jingming517"
        },
        "content": "    private duke.tasks.TaskList taskList;"
      },
      {
        "lineNumber": 12,
        "author": {
          "gitId": "Jingming517"
        },
        "content": ""
      },
      {
        "lineNumber": 13,
        "author": {
          "gitId": "Jingming517"
        },
        "content": "    public Storage(duke.tasks.TaskList list) {"
      },
      {
        "lineNumber": 14,
        "author": {
          "gitId": "Jingming517"
        },
        "content": "        this.taskList \u003d list;"
      },
      {
        "lineNumber": 15,
        "author": {
          "gitId": "Jingming517"
        },
        "content": "    }"
      },
      {
        "lineNumber": 16,
        "author": {
          "gitId": "Jingming517"
        },
        "content": "    public void saveData() {"
      },
      {
        "lineNumber": 17,
        "author": {
          "gitId": "Jingming517"
        },
        "content": "        try {"
      },
      {
        "lineNumber": 18,
        "author": {
          "gitId": "Jingming517"
        },
        "content": "            FileWriter fw \u003d new FileWriter(FILE_PATH);"
      },
      {
        "lineNumber": 19,
        "author": {
          "gitId": "Jingming517"
        },
        "content": ""
      },
      {
        "lineNumber": 20,
        "author": {
          "gitId": "Jingming517"
        },
        "content": "            for (Task task : taskList.getTasks()) {"
      },
      {
        "lineNumber": 21,
        "author": {
          "gitId": "Jingming517"
        },
        "content": "                fw.write(task.getTaskType() + \" | \""
      },
      {
        "lineNumber": 22,
        "author": {
          "gitId": "Jingming517"
        },
        "content": "                        + task.getStatusIcon() + \" | \""
      },
      {
        "lineNumber": 23,
        "author": {
          "gitId": "Jingming517"
        },
        "content": "                        + task.getTaskDescription() + \" | \""
      },
      {
        "lineNumber": 24,
        "author": {
          "gitId": "Jingming517"
        },
        "content": "                        + task.getTaskTime()"
      },
      {
        "lineNumber": 25,
        "author": {
          "gitId": "Jingming517"
        },
        "content": "                        + System.lineSeparator());"
      },
      {
        "lineNumber": 26,
        "author": {
          "gitId": "Jingming517"
        },
        "content": "            }"
      },
      {
        "lineNumber": 27,
        "author": {
          "gitId": "Jingming517"
        },
        "content": "            fw.close();"
      },
      {
        "lineNumber": 28,
        "author": {
          "gitId": "Jingming517"
        },
        "content": "        } catch (IOException e) {"
      },
      {
        "lineNumber": 29,
        "author": {
          "gitId": "Jingming517"
        },
        "content": "            e.printStackTrace();"
      },
      {
        "lineNumber": 30,
        "author": {
          "gitId": "Jingming517"
        },
        "content": "        }"
      },
      {
        "lineNumber": 31,
        "author": {
          "gitId": "Jingming517"
        },
        "content": "    }"
      },
      {
        "lineNumber": 32,
        "author": {
          "gitId": "Jingming517"
        },
        "content": ""
      },
      {
        "lineNumber": 33,
        "author": {
          "gitId": "Jingming517"
        },
        "content": "}"
      }
    ],
    "authorContributionMap": {
      "Jingming517": 33
    }
  },
  {
    "path": "src/main/java/duke/tasks/Deadline.java",
    "fileType": "java",
    "lines": [
      {
        "lineNumber": 1,
        "author": {
          "gitId": "Jingming517"
        },
        "content": "package duke.tasks;"
      },
      {
        "lineNumber": 2,
        "author": {
          "gitId": "Jingming517"
        },
        "content": ""
      },
      {
        "lineNumber": 3,
        "author": {
          "gitId": "Jingming517"
        },
        "content": "public class Deadline extends Task {"
      },
      {
        "lineNumber": 4,
        "author": {
          "gitId": "Jingming517"
        },
        "content": ""
      },
      {
        "lineNumber": 5,
        "author": {
          "gitId": "Jingming517"
        },
        "content": "    protected String by;"
      },
      {
        "lineNumber": 6,
        "author": {
          "gitId": "Jingming517"
        },
        "content": ""
      },
      {
        "lineNumber": 7,
        "author": {
          "gitId": "Jingming517"
        },
        "content": "    public Deadline(String description, Boolean isDone, String by) {"
      },
      {
        "lineNumber": 8,
        "author": {
          "gitId": "Jingming517"
        },
        "content": "        super(description, isDone);"
      },
      {
        "lineNumber": 9,
        "author": {
          "gitId": "Jingming517"
        },
        "content": "        this.by \u003d by;"
      },
      {
        "lineNumber": 10,
        "author": {
          "gitId": "Jingming517"
        },
        "content": "    }"
      },
      {
        "lineNumber": 11,
        "author": {
          "gitId": "Jingming517"
        },
        "content": ""
      },
      {
        "lineNumber": 12,
        "author": {
          "gitId": "Jingming517"
        },
        "content": "    @Override"
      },
      {
        "lineNumber": 13,
        "author": {
          "gitId": "Jingming517"
        },
        "content": "    public String getTaskType() {"
      },
      {
        "lineNumber": 14,
        "author": {
          "gitId": "Jingming517"
        },
        "content": "        return \"D\";"
      },
      {
        "lineNumber": 15,
        "author": {
          "gitId": "Jingming517"
        },
        "content": "    }"
      },
      {
        "lineNumber": 16,
        "author": {
          "gitId": "Jingming517"
        },
        "content": ""
      },
      {
        "lineNumber": 17,
        "author": {
          "gitId": "Jingming517"
        },
        "content": "    @Override"
      },
      {
        "lineNumber": 18,
        "author": {
          "gitId": "Jingming517"
        },
        "content": "    public String getTaskDescription() {"
      },
      {
        "lineNumber": 19,
        "author": {
          "gitId": "Jingming517"
        },
        "content": "        return this.description;"
      },
      {
        "lineNumber": 20,
        "author": {
          "gitId": "Jingming517"
        },
        "content": "    }"
      },
      {
        "lineNumber": 21,
        "author": {
          "gitId": "Jingming517"
        },
        "content": ""
      },
      {
        "lineNumber": 22,
        "author": {
          "gitId": "Jingming517"
        },
        "content": "    @Override"
      },
      {
        "lineNumber": 23,
        "author": {
          "gitId": "Jingming517"
        },
        "content": "    public String getTaskTime() {"
      },
      {
        "lineNumber": 24,
        "author": {
          "gitId": "Jingming517"
        },
        "content": "        return by;"
      },
      {
        "lineNumber": 25,
        "author": {
          "gitId": "Jingming517"
        },
        "content": "    }"
      },
      {
        "lineNumber": 26,
        "author": {
          "gitId": "Jingming517"
        },
        "content": ""
      },
      {
        "lineNumber": 27,
        "author": {
          "gitId": "Jingming517"
        },
        "content": "    @Override"
      },
      {
        "lineNumber": 28,
        "author": {
          "gitId": "Jingming517"
        },
        "content": "    public String toString() {"
      },
      {
        "lineNumber": 29,
        "author": {
          "gitId": "Jingming517"
        },
        "content": "        return \"[D]\" + super.toString() + \" (by: \" + by + \")\";"
      },
      {
        "lineNumber": 30,
        "author": {
          "gitId": "Jingming517"
        },
        "content": "    }"
      },
      {
        "lineNumber": 31,
        "author": {
          "gitId": "Jingming517"
        },
        "content": "}"
      }
    ],
    "authorContributionMap": {
      "Jingming517": 31
    }
  },
  {
    "path": "src/main/java/duke/tasks/Event.java",
    "fileType": "java",
    "lines": [
      {
        "lineNumber": 1,
        "author": {
          "gitId": "Jingming517"
        },
        "content": "package duke.tasks;"
      },
      {
        "lineNumber": 2,
        "author": {
          "gitId": "Jingming517"
        },
        "content": ""
      },
      {
        "lineNumber": 3,
        "author": {
          "gitId": "Jingming517"
        },
        "content": "public class Event extends Task {"
      },
      {
        "lineNumber": 4,
        "author": {
          "gitId": "Jingming517"
        },
        "content": ""
      },
      {
        "lineNumber": 5,
        "author": {
          "gitId": "Jingming517"
        },
        "content": "    protected String at;"
      },
      {
        "lineNumber": 6,
        "author": {
          "gitId": "Jingming517"
        },
        "content": ""
      },
      {
        "lineNumber": 7,
        "author": {
          "gitId": "Jingming517"
        },
        "content": "    public Event(String description, boolean isDone, String at) {"
      },
      {
        "lineNumber": 8,
        "author": {
          "gitId": "Jingming517"
        },
        "content": "        super(description, isDone);"
      },
      {
        "lineNumber": 9,
        "author": {
          "gitId": "Jingming517"
        },
        "content": "        this.at \u003d at;"
      },
      {
        "lineNumber": 10,
        "author": {
          "gitId": "Jingming517"
        },
        "content": "    }"
      },
      {
        "lineNumber": 11,
        "author": {
          "gitId": "Jingming517"
        },
        "content": ""
      },
      {
        "lineNumber": 12,
        "author": {
          "gitId": "Jingming517"
        },
        "content": "    @Override"
      },
      {
        "lineNumber": 13,
        "author": {
          "gitId": "Jingming517"
        },
        "content": "    public String getTaskType() {"
      },
      {
        "lineNumber": 14,
        "author": {
          "gitId": "Jingming517"
        },
        "content": "        return \"E\";"
      },
      {
        "lineNumber": 15,
        "author": {
          "gitId": "Jingming517"
        },
        "content": "    }"
      },
      {
        "lineNumber": 16,
        "author": {
          "gitId": "Jingming517"
        },
        "content": ""
      },
      {
        "lineNumber": 17,
        "author": {
          "gitId": "Jingming517"
        },
        "content": "    @Override"
      },
      {
        "lineNumber": 18,
        "author": {
          "gitId": "Jingming517"
        },
        "content": "    public String getTaskDescription() {"
      },
      {
        "lineNumber": 19,
        "author": {
          "gitId": "Jingming517"
        },
        "content": "        return this.description;"
      },
      {
        "lineNumber": 20,
        "author": {
          "gitId": "Jingming517"
        },
        "content": "    }"
      },
      {
        "lineNumber": 21,
        "author": {
          "gitId": "Jingming517"
        },
        "content": ""
      },
      {
        "lineNumber": 22,
        "author": {
          "gitId": "Jingming517"
        },
        "content": "    @Override"
      },
      {
        "lineNumber": 23,
        "author": {
          "gitId": "Jingming517"
        },
        "content": "    public String getTaskTime() {"
      },
      {
        "lineNumber": 24,
        "author": {
          "gitId": "Jingming517"
        },
        "content": "        return at;"
      },
      {
        "lineNumber": 25,
        "author": {
          "gitId": "Jingming517"
        },
        "content": "    }"
      },
      {
        "lineNumber": 26,
        "author": {
          "gitId": "Jingming517"
        },
        "content": ""
      },
      {
        "lineNumber": 27,
        "author": {
          "gitId": "Jingming517"
        },
        "content": "    @Override"
      },
      {
        "lineNumber": 28,
        "author": {
          "gitId": "Jingming517"
        },
        "content": "    public String toString() {"
      },
      {
        "lineNumber": 29,
        "author": {
          "gitId": "Jingming517"
        },
        "content": "        return \"[E]\" + super.toString() + \" (at: \" + at + \")\";"
      },
      {
        "lineNumber": 30,
        "author": {
          "gitId": "Jingming517"
        },
        "content": "    }"
      },
      {
        "lineNumber": 31,
        "author": {
          "gitId": "Jingming517"
        },
        "content": "}"
      }
    ],
    "authorContributionMap": {
      "Jingming517": 31
    }
  },
  {
    "path": "src/main/java/duke/tasks/Task.java",
    "fileType": "java",
    "lines": [
      {
        "lineNumber": 1,
        "author": {
          "gitId": "Jingming517"
        },
        "content": "package duke.tasks;"
      },
      {
        "lineNumber": 2,
        "author": {
          "gitId": "Jingming517"
        },
        "content": ""
      },
      {
        "lineNumber": 3,
        "author": {
          "gitId": "Jingming517"
        },
        "content": "public class Task {"
      },
      {
        "lineNumber": 4,
        "author": {
          "gitId": "Jingming517"
        },
        "content": "    public String description;"
      },
      {
        "lineNumber": 5,
        "author": {
          "gitId": "Jingming517"
        },
        "content": "    public boolean isDone;"
      },
      {
        "lineNumber": 6,
        "author": {
          "gitId": "Jingming517"
        },
        "content": ""
      },
      {
        "lineNumber": 7,
        "author": {
          "gitId": "Jingming517"
        },
        "content": "    public Task() {"
      },
      {
        "lineNumber": 8,
        "author": {
          "gitId": "Jingming517"
        },
        "content": "        description \u003d \"\";"
      },
      {
        "lineNumber": 9,
        "author": {
          "gitId": "Jingming517"
        },
        "content": "        isDone \u003d false;"
      },
      {
        "lineNumber": 10,
        "author": {
          "gitId": "Jingming517"
        },
        "content": "    }"
      },
      {
        "lineNumber": 11,
        "author": {
          "gitId": "Jingming517"
        },
        "content": "    public Task(String taskInput, boolean status){"
      },
      {
        "lineNumber": 12,
        "author": {
          "gitId": "Jingming517"
        },
        "content": "        description \u003d taskInput;"
      },
      {
        "lineNumber": 13,
        "author": {
          "gitId": "Jingming517"
        },
        "content": "        isDone \u003d status;"
      },
      {
        "lineNumber": 14,
        "author": {
          "gitId": "Jingming517"
        },
        "content": "    }"
      },
      {
        "lineNumber": 15,
        "author": {
          "gitId": "Jingming517"
        },
        "content": "    public void markAsDone() {"
      },
      {
        "lineNumber": 16,
        "author": {
          "gitId": "Jingming517"
        },
        "content": "        isDone \u003d true;"
      },
      {
        "lineNumber": 17,
        "author": {
          "gitId": "Jingming517"
        },
        "content": "    }"
      },
      {
        "lineNumber": 18,
        "author": {
          "gitId": "Jingming517"
        },
        "content": ""
      },
      {
        "lineNumber": 19,
        "author": {
          "gitId": "Jingming517"
        },
        "content": "    public String getStatusIcon() {"
      },
      {
        "lineNumber": 20,
        "author": {
          "gitId": "Jingming517"
        },
        "content": "        return (isDone ? \"\\u2713\" : \"\\u2718\");"
      },
      {
        "lineNumber": 21,
        "author": {
          "gitId": "Jingming517"
        },
        "content": "    }"
      },
      {
        "lineNumber": 22,
        "author": {
          "gitId": "Jingming517"
        },
        "content": ""
      },
      {
        "lineNumber": 23,
        "author": {
          "gitId": "Jingming517"
        },
        "content": "    public String getTaskType() {"
      },
      {
        "lineNumber": 24,
        "author": {
          "gitId": "Jingming517"
        },
        "content": "        return \"Task\";"
      },
      {
        "lineNumber": 25,
        "author": {
          "gitId": "Jingming517"
        },
        "content": "    }"
      },
      {
        "lineNumber": 26,
        "author": {
          "gitId": "Jingming517"
        },
        "content": "    public String getTaskDescription() {"
      },
      {
        "lineNumber": 27,
        "author": {
          "gitId": "Jingming517"
        },
        "content": "        return this.description;"
      },
      {
        "lineNumber": 28,
        "author": {
          "gitId": "Jingming517"
        },
        "content": "    }"
      },
      {
        "lineNumber": 29,
        "author": {
          "gitId": "Jingming517"
        },
        "content": "    public String getTaskTime() {"
      },
      {
        "lineNumber": 30,
        "author": {
          "gitId": "Jingming517"
        },
        "content": "        return \"\";"
      },
      {
        "lineNumber": 31,
        "author": {
          "gitId": "Jingming517"
        },
        "content": "    }"
      },
      {
        "lineNumber": 32,
        "author": {
          "gitId": "Jingming517"
        },
        "content": "    public String toString() {"
      },
      {
        "lineNumber": 33,
        "author": {
          "gitId": "Jingming517"
        },
        "content": "        return (\"[\" + getStatusIcon() + \"] \" + description);"
      },
      {
        "lineNumber": 34,
        "author": {
          "gitId": "Jingming517"
        },
        "content": "    }"
      },
      {
        "lineNumber": 35,
        "author": {
          "gitId": "Jingming517"
        },
        "content": ""
      },
      {
        "lineNumber": 36,
        "author": {
          "gitId": "Jingming517"
        },
        "content": "}"
      }
    ],
    "authorContributionMap": {
      "Jingming517": 36
    }
  },
  {
    "path": "src/main/java/duke/tasks/TaskList.java",
    "fileType": "java",
    "lines": [
      {
        "lineNumber": 1,
        "author": {
          "gitId": "Jingming517"
        },
        "content": "package duke.tasks;"
      },
      {
        "lineNumber": 2,
        "author": {
          "gitId": "Jingming517"
        },
        "content": ""
      },
      {
        "lineNumber": 3,
        "author": {
          "gitId": "Jingming517"
        },
        "content": "import duke.dukeexception.*;"
      },
      {
        "lineNumber": 4,
        "author": {
          "gitId": "Jingming517"
        },
        "content": "import duke.messages.*;"
      },
      {
        "lineNumber": 5,
        "author": {
          "gitId": "Jingming517"
        },
        "content": "import java.util.ArrayList;"
      },
      {
        "lineNumber": 6,
        "author": {
          "gitId": "Jingming517"
        },
        "content": ""
      },
      {
        "lineNumber": 7,
        "author": {
          "gitId": "Jingming517"
        },
        "content": "public class TaskList {"
      },
      {
        "lineNumber": 8,
        "author": {
          "gitId": "Jingming517"
        },
        "content": "    private ArrayList\u003cTask\u003e taskList;"
      },
      {
        "lineNumber": 9,
        "author": {
          "gitId": "Jingming517"
        },
        "content": "    public TaskList() {"
      },
      {
        "lineNumber": 10,
        "author": {
          "gitId": "Jingming517"
        },
        "content": "        this.taskList \u003d new ArrayList\u003c\u003e();"
      },
      {
        "lineNumber": 11,
        "author": {
          "gitId": "Jingming517"
        },
        "content": "    }"
      },
      {
        "lineNumber": 12,
        "author": {
          "gitId": "Jingming517"
        },
        "content": ""
      },
      {
        "lineNumber": 13,
        "author": {
          "gitId": "Jingming517"
        },
        "content": "    public ArrayList\u003cTask\u003e getTasks() {"
      },
      {
        "lineNumber": 14,
        "author": {
          "gitId": "Jingming517"
        },
        "content": "        return taskList;"
      },
      {
        "lineNumber": 15,
        "author": {
          "gitId": "Jingming517"
        },
        "content": "    }"
      },
      {
        "lineNumber": 16,
        "author": {
          "gitId": "Jingming517"
        },
        "content": ""
      },
      {
        "lineNumber": 17,
        "author": {
          "gitId": "Jingming517"
        },
        "content": "    public void addTask(String taskDescription, String type) throws DukeException {"
      },
      {
        "lineNumber": 18,
        "author": {
          "gitId": "Jingming517"
        },
        "content": "        int size \u003d taskList.size();"
      },
      {
        "lineNumber": 19,
        "author": {
          "gitId": "Jingming517"
        },
        "content": "        switch (type) {"
      },
      {
        "lineNumber": 20,
        "author": {
          "gitId": "Jingming517"
        },
        "content": "        case \"todo\":"
      },
      {
        "lineNumber": 21,
        "author": {
          "gitId": "Jingming517"
        },
        "content": "            taskList.add(new Todo(taskDescription, false));"
      },
      {
        "lineNumber": 22,
        "author": {
          "gitId": "Jingming517"
        },
        "content": "            duke.messages.Message.printAddTask(taskList.get(size), size);"
      },
      {
        "lineNumber": 23,
        "author": {
          "gitId": "Jingming517"
        },
        "content": "            break;"
      },
      {
        "lineNumber": 24,
        "author": {
          "gitId": "Jingming517"
        },
        "content": "        case \"deadline\":"
      },
      {
        "lineNumber": 25,
        "author": {
          "gitId": "Jingming517"
        },
        "content": "            String commandDeadlineSplit[] \u003d DukeExceptionDetector.extractTaskTime(taskDescription, type);"
      },
      {
        "lineNumber": 26,
        "author": {
          "gitId": "Jingming517"
        },
        "content": "            taskList.add(new Deadline(commandDeadlineSplit[0], false, commandDeadlineSplit[1]));"
      },
      {
        "lineNumber": 27,
        "author": {
          "gitId": "Jingming517"
        },
        "content": "            duke.messages.Message.printAddTask(taskList.get(size), size);"
      },
      {
        "lineNumber": 28,
        "author": {
          "gitId": "Jingming517"
        },
        "content": "            break;"
      },
      {
        "lineNumber": 29,
        "author": {
          "gitId": "Jingming517"
        },
        "content": "        case \"event\":"
      },
      {
        "lineNumber": 30,
        "author": {
          "gitId": "Jingming517"
        },
        "content": "            String commandEventSplit[] \u003d DukeExceptionDetector.extractTaskTime(taskDescription, type);"
      },
      {
        "lineNumber": 31,
        "author": {
          "gitId": "Jingming517"
        },
        "content": "            taskList.add(new Event(commandEventSplit[0], false, commandEventSplit[1]));"
      },
      {
        "lineNumber": 32,
        "author": {
          "gitId": "Jingming517"
        },
        "content": "            duke.messages.Message.printAddTask(taskList.get(size), size);"
      },
      {
        "lineNumber": 33,
        "author": {
          "gitId": "Jingming517"
        },
        "content": "            break;"
      },
      {
        "lineNumber": 34,
        "author": {
          "gitId": "Jingming517"
        },
        "content": "        default:"
      },
      {
        "lineNumber": 35,
        "author": {
          "gitId": "Jingming517"
        },
        "content": "            break;"
      },
      {
        "lineNumber": 36,
        "author": {
          "gitId": "Jingming517"
        },
        "content": "        }"
      },
      {
        "lineNumber": 37,
        "author": {
          "gitId": "Jingming517"
        },
        "content": "    }"
      },
      {
        "lineNumber": 38,
        "author": {
          "gitId": "Jingming517"
        },
        "content": ""
      },
      {
        "lineNumber": 39,
        "author": {
          "gitId": "Jingming517"
        },
        "content": "    public void deleteTask(String command) {"
      },
      {
        "lineNumber": 40,
        "author": {
          "gitId": "Jingming517"
        },
        "content": "        duke.messages.Message.printSeparationLine();"
      },
      {
        "lineNumber": 41,
        "author": {
          "gitId": "Jingming517"
        },
        "content": "        int index \u003d Integer.parseInt(command);"
      },
      {
        "lineNumber": 42,
        "author": {
          "gitId": "Jingming517"
        },
        "content": "        if (index \u003e0 \u0026\u0026 index \u003c\u003d (taskList.size())) {"
      },
      {
        "lineNumber": 43,
        "author": {
          "gitId": "Jingming517"
        },
        "content": "            System.out.println(\"\\t Noted. I\u0027ve removed this task: \");"
      },
      {
        "lineNumber": 44,
        "author": {
          "gitId": "Jingming517"
        },
        "content": "            System.out.println(\"\\t   \" + taskList.get(index - 1).toString());"
      },
      {
        "lineNumber": 45,
        "author": {
          "gitId": "Jingming517"
        },
        "content": "            taskList.remove(index - 1);"
      },
      {
        "lineNumber": 46,
        "author": {
          "gitId": "Jingming517"
        },
        "content": "        } else {"
      },
      {
        "lineNumber": 47,
        "author": {
          "gitId": "Jingming517"
        },
        "content": "            System.out.println(\"\\t Task number \" + index + \" is not in the list.\");"
      },
      {
        "lineNumber": 48,
        "author": {
          "gitId": "Jingming517"
        },
        "content": "        }"
      },
      {
        "lineNumber": 49,
        "author": {
          "gitId": "Jingming517"
        },
        "content": "        duke.messages.Message.printSeparationLine();"
      },
      {
        "lineNumber": 50,
        "author": {
          "gitId": "Jingming517"
        },
        "content": "    }"
      },
      {
        "lineNumber": 51,
        "author": {
          "gitId": "Jingming517"
        },
        "content": ""
      },
      {
        "lineNumber": 52,
        "author": {
          "gitId": "Jingming517"
        },
        "content": "    public void markTaskAsDone(String command) {"
      },
      {
        "lineNumber": 53,
        "author": {
          "gitId": "Jingming517"
        },
        "content": "        duke.messages.Message.printSeparationLine();"
      },
      {
        "lineNumber": 54,
        "author": {
          "gitId": "Jingming517"
        },
        "content": "        int index \u003d Integer.parseInt(command);"
      },
      {
        "lineNumber": 55,
        "author": {
          "gitId": "Jingming517"
        },
        "content": "        if (index \u003e0 \u0026\u0026 index \u003c\u003d (taskList.size())) {"
      },
      {
        "lineNumber": 56,
        "author": {
          "gitId": "Jingming517"
        },
        "content": "            taskList.get(index - 1).markAsDone();"
      },
      {
        "lineNumber": 57,
        "author": {
          "gitId": "Jingming517"
        },
        "content": "            System.out.println(\"\\t Nice! I\u0027ve marked this task as done:\");"
      },
      {
        "lineNumber": 58,
        "author": {
          "gitId": "Jingming517"
        },
        "content": "            System.out.println(\"\\t   \" + taskList.get(index - 1).toString());"
      },
      {
        "lineNumber": 59,
        "author": {
          "gitId": "Jingming517"
        },
        "content": "        } else {"
      },
      {
        "lineNumber": 60,
        "author": {
          "gitId": "Jingming517"
        },
        "content": "            System.out.println(\"\\t Task number \" + index + \" is not in the list.\");"
      },
      {
        "lineNumber": 61,
        "author": {
          "gitId": "Jingming517"
        },
        "content": "        }"
      },
      {
        "lineNumber": 62,
        "author": {
          "gitId": "Jingming517"
        },
        "content": "        duke.messages.Message.printSeparationLine();"
      },
      {
        "lineNumber": 63,
        "author": {
          "gitId": "Jingming517"
        },
        "content": "    }"
      },
      {
        "lineNumber": 64,
        "author": {
          "gitId": "Jingming517"
        },
        "content": ""
      },
      {
        "lineNumber": 65,
        "author": {
          "gitId": "Jingming517"
        },
        "content": "    public void printAllTasks() {"
      },
      {
        "lineNumber": 66,
        "author": {
          "gitId": "Jingming517"
        },
        "content": "        duke.messages.Message.printSeparationLine();"
      },
      {
        "lineNumber": 67,
        "author": {
          "gitId": "Jingming517"
        },
        "content": "        System.out.println(\"\\t Here are the tasks in your list:\");"
      },
      {
        "lineNumber": 68,
        "author": {
          "gitId": "Jingming517"
        },
        "content": "        int number \u003d 1;"
      },
      {
        "lineNumber": 69,
        "author": {
          "gitId": "Jingming517"
        },
        "content": "        for(int i\u003d0; i \u003c taskList.size(); i++) {"
      },
      {
        "lineNumber": 70,
        "author": {
          "gitId": "Jingming517"
        },
        "content": "            System.out.println(\"\\t \""
      },
      {
        "lineNumber": 71,
        "author": {
          "gitId": "Jingming517"
        },
        "content": "                    + number"
      },
      {
        "lineNumber": 72,
        "author": {
          "gitId": "Jingming517"
        },
        "content": "                    + \".\""
      },
      {
        "lineNumber": 73,
        "author": {
          "gitId": "Jingming517"
        },
        "content": "                    + taskList.get(i).toString());"
      },
      {
        "lineNumber": 74,
        "author": {
          "gitId": "Jingming517"
        },
        "content": "            number++;"
      },
      {
        "lineNumber": 75,
        "author": {
          "gitId": "Jingming517"
        },
        "content": "        }"
      },
      {
        "lineNumber": 76,
        "author": {
          "gitId": "Jingming517"
        },
        "content": "        duke.messages.Message.printSeparationLine();"
      },
      {
        "lineNumber": 77,
        "author": {
          "gitId": "Jingming517"
        },
        "content": "    }"
      },
      {
        "lineNumber": 78,
        "author": {
          "gitId": "Jingming517"
        },
        "content": "}"
      }
    ],
    "authorContributionMap": {
      "Jingming517": 78
    }
  },
  {
    "path": "src/main/java/duke/tasks/Todo.java",
    "fileType": "java",
    "lines": [
      {
        "lineNumber": 1,
        "author": {
          "gitId": "Jingming517"
        },
        "content": "package duke.tasks;"
      },
      {
        "lineNumber": 2,
        "author": {
          "gitId": "Jingming517"
        },
        "content": ""
      },
      {
        "lineNumber": 3,
        "author": {
          "gitId": "Jingming517"
        },
        "content": "public class Todo extends Task {"
      },
      {
        "lineNumber": 4,
        "author": {
          "gitId": "Jingming517"
        },
        "content": ""
      },
      {
        "lineNumber": 5,
        "author": {
          "gitId": "Jingming517"
        },
        "content": "    public Todo(String description, boolean isDone) {"
      },
      {
        "lineNumber": 6,
        "author": {
          "gitId": "Jingming517"
        },
        "content": "        super(description, isDone);"
      },
      {
        "lineNumber": 7,
        "author": {
          "gitId": "Jingming517"
        },
        "content": "    }"
      },
      {
        "lineNumber": 8,
        "author": {
          "gitId": "Jingming517"
        },
        "content": ""
      },
      {
        "lineNumber": 9,
        "author": {
          "gitId": "Jingming517"
        },
        "content": "    @Override"
      },
      {
        "lineNumber": 10,
        "author": {
          "gitId": "Jingming517"
        },
        "content": "    public String getTaskType() {"
      },
      {
        "lineNumber": 11,
        "author": {
          "gitId": "Jingming517"
        },
        "content": "        return \"T\";"
      },
      {
        "lineNumber": 12,
        "author": {
          "gitId": "Jingming517"
        },
        "content": "    }"
      },
      {
        "lineNumber": 13,
        "author": {
          "gitId": "Jingming517"
        },
        "content": ""
      },
      {
        "lineNumber": 14,
        "author": {
          "gitId": "Jingming517"
        },
        "content": "    @Override"
      },
      {
        "lineNumber": 15,
        "author": {
          "gitId": "Jingming517"
        },
        "content": "    public String getTaskDescription() {"
      },
      {
        "lineNumber": 16,
        "author": {
          "gitId": "Jingming517"
        },
        "content": "        return this.description;"
      },
      {
        "lineNumber": 17,
        "author": {
          "gitId": "Jingming517"
        },
        "content": "    }"
      },
      {
        "lineNumber": 18,
        "author": {
          "gitId": "Jingming517"
        },
        "content": ""
      },
      {
        "lineNumber": 19,
        "author": {
          "gitId": "Jingming517"
        },
        "content": "    @Override"
      },
      {
        "lineNumber": 20,
        "author": {
          "gitId": "Jingming517"
        },
        "content": "    public String getTaskTime() {"
      },
      {
        "lineNumber": 21,
        "author": {
          "gitId": "Jingming517"
        },
        "content": "        return \"\";"
      },
      {
        "lineNumber": 22,
        "author": {
          "gitId": "Jingming517"
        },
        "content": "    }"
      },
      {
        "lineNumber": 23,
        "author": {
          "gitId": "Jingming517"
        },
        "content": ""
      },
      {
        "lineNumber": 24,
        "author": {
          "gitId": "Jingming517"
        },
        "content": "    @Override"
      },
      {
        "lineNumber": 25,
        "author": {
          "gitId": "Jingming517"
        },
        "content": "    public String toString() {"
      },
      {
        "lineNumber": 26,
        "author": {
          "gitId": "Jingming517"
        },
        "content": "        return \"[T]\" + super.toString();"
      },
      {
        "lineNumber": 27,
        "author": {
          "gitId": "Jingming517"
        },
        "content": "    }"
      },
      {
        "lineNumber": 28,
        "author": {
          "gitId": "Jingming517"
        },
        "content": "}"
      }
    ],
    "authorContributionMap": {
      "Jingming517": 28
    }
  },
  {
    "path": "text-ui-test/input.txt",
    "fileType": "txt",
    "lines": [
      {
        "lineNumber": 1,
        "author": {
          "gitId": "Jingming517"
        },
        "content": "javac Duke.java"
      },
      {
        "lineNumber": 2,
        "author": {
          "gitId": "Jingming517"
        },
        "content": "java Duke"
      },
      {
        "lineNumber": 3,
        "author": {
          "gitId": "Jingming517"
        },
        "content": "list"
      }
    ],
    "authorContributionMap": {
      "Jingming517": 3
    }
  },
  {
    "path": "text-ui-test/runtest.sh",
    "fileType": "sh",
    "lines": [
      {
        "lineNumber": 1,
        "author": {
          "gitId": "-"
        },
        "content": "#!/usr/bin/env bash"
      },
      {
        "lineNumber": 2,
        "author": {
          "gitId": "-"
        },
        "content": ""
      },
      {
        "lineNumber": 3,
        "author": {
          "gitId": "-"
        },
        "content": "# create bin directory if it doesn\u0027t exist"
      },
      {
        "lineNumber": 4,
        "author": {
          "gitId": "-"
        },
        "content": "if [ ! -d \"../bin\" ]"
      },
      {
        "lineNumber": 5,
        "author": {
          "gitId": "-"
        },
        "content": "then"
      },
      {
        "lineNumber": 6,
        "author": {
          "gitId": "-"
        },
        "content": "    mkdir ../bin"
      },
      {
        "lineNumber": 7,
        "author": {
          "gitId": "-"
        },
        "content": "fi"
      },
      {
        "lineNumber": 8,
        "author": {
          "gitId": "-"
        },
        "content": ""
      },
      {
        "lineNumber": 9,
        "author": {
          "gitId": "-"
        },
        "content": "# delete output from previous run"
      },
      {
        "lineNumber": 10,
        "author": {
          "gitId": "-"
        },
        "content": "if [ -e \"./ACTUAL.TXT\" ]"
      },
      {
        "lineNumber": 11,
        "author": {
          "gitId": "-"
        },
        "content": "then"
      },
      {
        "lineNumber": 12,
        "author": {
          "gitId": "-"
        },
        "content": "    rm ACTUAL.TXT"
      },
      {
        "lineNumber": 13,
        "author": {
          "gitId": "-"
        },
        "content": "fi"
      },
      {
        "lineNumber": 14,
        "author": {
          "gitId": "-"
        },
        "content": ""
      },
      {
        "lineNumber": 15,
        "author": {
          "gitId": "-"
        },
        "content": "# compile the code into the bin folder, terminates if error occurred"
      },
      {
        "lineNumber": 16,
        "author": {
          "gitId": "Jingming517"
        },
        "content": "if ! javac -cp ../src/main/java -Xlint:none -d ../bin ../src/main/java/*.java"
      },
      {
        "lineNumber": 17,
        "author": {
          "gitId": "-"
        },
        "content": "then"
      },
      {
        "lineNumber": 18,
        "author": {
          "gitId": "-"
        },
        "content": "    echo \"********** BUILD FAILURE **********\""
      },
      {
        "lineNumber": 19,
        "author": {
          "gitId": "-"
        },
        "content": "    exit 1"
      },
      {
        "lineNumber": 20,
        "author": {
          "gitId": "-"
        },
        "content": "fi"
      },
      {
        "lineNumber": 21,
        "author": {
          "gitId": "-"
        },
        "content": ""
      },
      {
        "lineNumber": 22,
        "author": {
          "gitId": "-"
        },
        "content": "# run the program, feed commands from input.txt file and redirect the output to the ACTUAL.TXT"
      },
      {
        "lineNumber": 23,
        "author": {
          "gitId": "-"
        },
        "content": "java -classpath ../bin Duke \u003c input.txt \u003e ACTUAL.TXT"
      },
      {
        "lineNumber": 24,
        "author": {
          "gitId": "-"
        },
        "content": ""
      },
      {
        "lineNumber": 25,
        "author": {
          "gitId": "-"
        },
        "content": "# convert to UNIX format"
      },
      {
        "lineNumber": 26,
        "author": {
          "gitId": "-"
        },
        "content": "cp EXPECTED.TXT EXPECTED-UNIX.TXT"
      },
      {
        "lineNumber": 27,
        "author": {
          "gitId": "-"
        },
        "content": "dos2unix ACTUAL.TXT EXPECTED-UNIX.TXT"
      },
      {
        "lineNumber": 28,
        "author": {
          "gitId": "-"
        },
        "content": ""
      },
      {
        "lineNumber": 29,
        "author": {
          "gitId": "-"
        },
        "content": "# compare the output to the expected output"
      },
      {
        "lineNumber": 30,
        "author": {
          "gitId": "-"
        },
        "content": "diff ACTUAL.TXT EXPECTED-UNIX.TXT"
      },
      {
        "lineNumber": 31,
        "author": {
          "gitId": "-"
        },
        "content": "if [ $? -eq 0 ]"
      },
      {
        "lineNumber": 32,
        "author": {
          "gitId": "-"
        },
        "content": "then"
      },
      {
        "lineNumber": 33,
        "author": {
          "gitId": "-"
        },
        "content": "    echo \"Test result: PASSED\""
      },
      {
        "lineNumber": 34,
        "author": {
          "gitId": "-"
        },
        "content": "    exit 0"
      },
      {
        "lineNumber": 35,
        "author": {
          "gitId": "-"
        },
        "content": "else"
      },
      {
        "lineNumber": 36,
        "author": {
          "gitId": "-"
        },
        "content": "    echo \"Test result: FAILED\""
      },
      {
        "lineNumber": 37,
        "author": {
          "gitId": "-"
        },
        "content": "    exit 1"
      },
      {
        "lineNumber": 38,
        "author": {
          "gitId": "-"
        },
        "content": "fi"
      }
    ],
    "authorContributionMap": {
      "-": 37,
      "Jingming517": 1
    }
  }
]
