{
  "authorDailyContributionsMap": {
    "Jingming517": [
      {
        "date": "2020-08-15",
        "commitResults": [
          {
            "hash": "209f7b684ee299a9e591860274d574908f07f098",
            "messageTitle": "Level 0. Greet",
            "messageBody": "",
            "tags": [
              "Level-0"
            ],
            "fileTypesAndContributionMap": {
              "java": {
                "insertions": 8,
                "deletions": 0
              }
            }
          }
        ]
      },
      {
        "date": "2020-08-23",
        "commitResults": [
          {
            "hash": "8d2bd8411e342ccd0d961dce8ba0e1441d0a048a",
            "messageTitle": "Level 1. Greet, Echo, Exit",
            "messageBody": "",
            "tags": [
              "Level-1"
            ],
            "fileTypesAndContributionMap": {
              "java": {
                "insertions": 25,
                "deletions": 6
              }
            }
          },
          {
            "hash": "a19f692bc5dbeeae911fad3f13b283c1b9df6475",
            "messageTitle": "Level 2. Add, List",
            "messageBody": "",
            "tags": [
              "Level-2"
            ],
            "fileTypesAndContributionMap": {
              "java": {
                "insertions": 57,
                "deletions": 12
              }
            }
          },
          {
            "hash": "bd55bdfea7d681441256e86470758302e69eb0d8",
            "messageTitle": "Level 3. Mark as Done",
            "messageBody": "",
            "tags": [
              "Level-3"
            ],
            "fileTypesAndContributionMap": {
              "java": {
                "insertions": 71,
                "deletions": 42
              }
            }
          }
        ]
      },
      {
        "date": "2020-08-27",
        "commitResults": [
          {
            "hash": "135a5cd9d2d40649cce93ea7232af43c31b545fb",
            "messageTitle": "follows Java coding standard",
            "messageBody": "",
            "fileTypesAndContributionMap": {
              "java": {
                "insertions": 21,
                "deletions": 12
              }
            }
          },
          {
            "hash": "7387234ab142484bda3bb2d70640aa19d573cd46",
            "messageTitle": "Level 4. ToDos, Events, Deadlines",
            "messageBody": "",
            "tags": [
              "Level-4"
            ],
            "fileTypesAndContributionMap": {
              "java": {
                "insertions": 201,
                "deletions": 66
              }
            }
          }
        ]
      },
      {
        "date": "2020-08-28",
        "commitResults": [
          {
            "hash": "345c4181cd1bb198d4d77e58d9c3853037abfb7a",
            "messageTitle": "A-TextUiTesting: Automated Text UI Testing",
            "messageBody": "",
            "tags": [
              "A-TextUiTesting",
              "A-CodingStandard"
            ],
            "fileTypesAndContributionMap": {
              "txt": {
                "insertions": 3,
                "deletions": 0
              },
              "java": {
                "insertions": 1,
                "deletions": 1
              },
              "sh": {
                "insertions": 1,
                "deletions": 1
              }
            }
          }
        ]
      },
      {
        "date": "2020-08-30",
        "commitResults": [
          {
            "hash": "d81972fcad326a577892d6bf1267fc02c75b1c65",
            "messageTitle": "A-CodeQuality: Improve Code Quality",
            "messageBody": "",
            "tags": [
              "branch-Level-5",
              "A-CodeQuality"
            ],
            "fileTypesAndContributionMap": {
              "java": {
                "insertions": 226,
                "deletions": 201
              }
            }
          }
        ]
      },
      {
        "date": "2020-09-04",
        "commitResults": [
          {
            "hash": "b0290a2ca6067d4509383099a81a935c0924bb22",
            "messageTitle": " Level 5. Handle Errors",
            "messageBody": "",
            "tags": [
              "Level-5"
            ],
            "fileTypesAndContributionMap": {
              "java": {
                "insertions": 9,
                "deletions": 2
              }
            }
          },
          {
            "hash": "b9fcada914d7baa5851dea97a77ae77334b69d21",
            "messageTitle": "add dukeexception",
            "messageBody": "",
            "fileTypesAndContributionMap": {
              "java": {
                "insertions": 112,
                "deletions": 37
              }
            }
          }
        ]
      },
      {
        "date": "2020-09-06",
        "commitResults": [
          {
            "hash": "5fc472111ff7c5dd3a44cb92dc59075436c0a210",
            "messageTitle": "A-Exceptions",
            "messageBody": "",
            "tags": [
              "A-Exceptions"
            ],
            "fileTypesAndContributionMap": {
              "java": {
                "insertions": 123,
                "deletions": 53
              }
            }
          },
          {
            "hash": "e8c7a3152b233072c3fd45e17fc91b2483132fcd",
            "messageTitle": "A-Packages",
            "messageBody": "",
            "tags": [
              "A-Packages"
            ],
            "fileTypesAndContributionMap": {
              "java": {
                "insertions": 37,
                "deletions": 34
              }
            }
          }
        ]
      }
    ]
  },
  "authorFileTypeContributionMap": {
    "Jingming517": {
      "java": 468,
      "md": 0,
      "sh": 1,
      "bat": 0,
      "gradle": 0,
      "txt": 3
    }
  },
  "authorContributionVariance": {
    "Jingming517": 13630.2705
  },
  "authorDisplayNameMap": {
    "Jingming517": "CS2113T-T12-2 LIU ..MING"
  }
}
