{
  "authorDailyContributionsMap": {
    "alstontham": [
      {
        "date": "2020-08-18",
        "commitResults": [
          {
            "hash": "ed41bde1daa2cc9ec5a367bbaf8b5d31b8fceb6d",
            "messageTitle": "added increment Level-0",
            "messageBody": "",
            "tags": [
              "Level-0"
            ],
            "fileTypesAndContributionMap": {
              "java": {
                "insertions": 7,
                "deletions": 6
              }
            }
          }
        ]
      },
      {
        "date": "2020-08-26",
        "commitResults": [
          {
            "hash": "c8138ef31c5419b5caf43c2d8144a216af4b810e",
            "messageTitle": "implemented Level-1 additions",
            "messageBody": "",
            "tags": [
              "Level-1"
            ],
            "fileTypesAndContributionMap": {
              "java": {
                "insertions": 20,
                "deletions": 7
              }
            }
          }
        ]
      },
      {
        "date": "2020-08-27",
        "commitResults": [
          {
            "hash": "1c786526c28746ae147b03b9a8fd5456bd74d952",
            "messageTitle": "added storage and listing of tasks",
            "messageBody": "",
            "tags": [
              "Level-2"
            ],
            "fileTypesAndContributionMap": {
              "java": {
                "insertions": 20,
                "deletions": 8
              }
            }
          }
        ]
      },
      {
        "date": "2020-08-28",
        "commitResults": [
          {
            "hash": "de1d79df4545946f0a74386aa5926f070c9b5dac",
            "messageTitle": "Level-3 added ability to mark tasks as done",
            "messageBody": "",
            "tags": [
              "Level-3",
              "A-CodingStandard",
              "A-Classes"
            ],
            "fileTypesAndContributionMap": {
              "java": {
                "insertions": 43,
                "deletions": 12
              }
            }
          }
        ]
      },
      {
        "date": "2020-09-01",
        "commitResults": [
          {
            "hash": "4ecad1866514dddaacb1550fd1a6de808f60502e",
            "messageTitle": "Level-4 added support for Todo, Event, Deadline",
            "messageBody": "",
            "tags": [
              "Level-4"
            ],
            "fileTypesAndContributionMap": {
              "java": {
                "insertions": 94,
                "deletions": 14
              }
            }
          }
        ]
      },
      {
        "date": "2020-09-02",
        "commitResults": [
          {
            "hash": "7ed587cdd1f5ccf1429efb084ba0d07099b0de61",
            "messageTitle": "implemented proper inheritance and improved code quality",
            "messageBody": "",
            "tags": [
              "A-Inheritance",
              "A-CodeQuality"
            ],
            "fileTypesAndContributionMap": {
              "java": {
                "insertions": 76,
                "deletions": 63
              }
            }
          }
        ]
      },
      {
        "date": "2020-09-09",
        "commitResults": [
          {
            "hash": "cb8536d7eb75667ac26e1bd398173e2b4b0bf4e9",
            "messageTitle": "Level-5 added error handling for commands and sorted into packages",
            "messageBody": "",
            "tags": [
              "Level-5",
              "A-Packages"
            ],
            "fileTypesAndContributionMap": {
              "java": {
                "insertions": 252,
                "deletions": 111
              },
              "bat": {
                "insertions": 2,
                "deletions": 2
              },
              "md": {
                "insertions": 2,
                "deletions": 2
              }
            }
          }
        ]
      },
      {
        "date": "2020-09-18",
        "commitResults": [
          {
            "hash": "d87e3cec2f090ce1419d0331d7ef731fd5e81cce",
            "messageTitle": "Level-6 implemented delete function",
            "messageBody": "",
            "fileTypesAndContributionMap": {
              "txt": {
                "insertions": 2,
                "deletions": 0
              },
              "java": {
                "insertions": 128,
                "deletions": 12
              }
            }
          },
          {
            "hash": "6141bf47b0fcad07a108d2e25516016b151f9230",
            "messageTitle": "Level-7 implemented auto save and save file loading",
            "messageBody": "",
            "fileTypesAndContributionMap": {
              "java": {
                "insertions": 1,
                "deletions": 1
              }
            }
          }
        ]
      },
      {
        "date": "2020-09-26",
        "commitResults": [
          {
            "hash": "b9f2f39f0492be887bde924748d6d18e3d653be8",
            "messageTitle": "added constants in Task, changed deadline and event date to private variables",
            "messageBody": "",
            "fileTypesAndContributionMap": {
              "txt": {
                "insertions": 1,
                "deletions": 1
              },
              "java": {
                "insertions": 6,
                "deletions": 4
              }
            }
          },
          {
            "hash": "ac056504b2cb7a58b4749c3d31f5ffe28d599ac6",
            "messageTitle": "replaced command strings with constants",
            "messageBody": "",
            "fileTypesAndContributionMap": {
              "txt": {
                "insertions": 2,
                "deletions": 2
              },
              "java": {
                "insertions": 26,
                "deletions": 16
              }
            }
          },
          {
            "hash": "1b7675d2f5716b20b99a10425a69581204e26e76",
            "messageTitle": "rearranged methods for easier readability",
            "messageBody": "",
            "fileTypesAndContributionMap": {
              "java": {
                "insertions": 51,
                "deletions": 51
              }
            }
          },
          {
            "hash": "68ad1374646e456300df7da74a6e7d040b531125",
            "messageTitle": "more rearranging and replaced decimal with commas to separate values in save file",
            "messageBody": "",
            "fileTypesAndContributionMap": {
              "txt": {
                "insertions": 2,
                "deletions": 2
              },
              "java": {
                "insertions": 22,
                "deletions": 14
              }
            }
          },
          {
            "hash": "4d10167384d6336f579a420e4bb25a55566dc749",
            "messageTitle": "removed whitespace from data in save file, replaced more magic strings with constants",
            "messageBody": "",
            "fileTypesAndContributionMap": {
              "txt": {
                "insertions": 3,
                "deletions": 2
              },
              "java": {
                "insertions": 26,
                "deletions": 20
              }
            }
          }
        ]
      },
      {
        "date": "2020-09-29",
        "commitResults": [
          {
            "hash": "df54252d185391b4657d66c3ca8b902e385553c8",
            "messageTitle": "refactored code into Duke, Ui, Storage, Parser, TaskList classes",
            "messageBody": "",
            "tags": [
              "A-MoreOOP"
            ],
            "fileTypesAndContributionMap": {
              "txt": {
                "insertions": 0,
                "deletions": 3
              },
              "java": {
                "insertions": 329,
                "deletions": 206
              }
            }
          }
        ]
      }
    ]
  },
  "authorFileTypeContributionMap": {
    "alstontham": {
      "java": 566,
      "md": 2,
      "sh": 0,
      "bat": 2,
      "gradle": 0,
      "txt": 0
    }
  },
  "authorContributionVariance": {
    "alstontham": 10359.388
  },
  "authorDisplayNameMap": {
    "alstontham": "CS2113T-W12-2 ALST.. HAO"
  }
}
