{
  "authorDailyContributionsMap": {
    "zhixiangteoh": [
      {
        "date": "2020-08-17",
        "commitResults": [
          {
            "hash": "a3056d57c0e220af43a933875c2b85f3555783e8",
            "messageTitle": "add level 0 greet",
            "messageBody": "",
            "fileTypesAndContributionMap": {
              "java": {
                "insertions": 23,
                "deletions": 5
              }
            }
          }
        ]
      },
      {
        "date": "2020-08-21",
        "commitResults": [
          {
            "hash": "d5fdb521cf1564be88dc6dd2ae6d1dc5317f9066",
            "messageTitle": "add level 1 echo",
            "messageBody": "",
            "tags": [
              "Level-1"
            ],
            "fileTypesAndContributionMap": {
              "java": {
                "insertions": 35,
                "deletions": 11
              }
            }
          },
          {
            "hash": "277a79e713c8772ba8ed8af2191e7a5ae4197049",
            "messageTitle": "add Task object and level-2 interaction logic",
            "messageBody": "",
            "tags": [
              "A-Classes"
            ],
            "fileTypesAndContributionMap": {
              "java": {
                "insertions": 62,
                "deletions": 11
              }
            }
          },
          {
            "hash": "d5730178cd9b2b62b89fa319ec7ded1bfb93a320",
            "messageTitle": "refactor Task class to track static totalTasksNumber",
            "messageBody": "",
            "fileTypesAndContributionMap": {
              "java": {
                "insertions": 16,
                "deletions": 5
              }
            }
          },
          {
            "hash": "b5cd7b327e9afb2d8f966023acc556f01223d3a8",
            "messageTitle": "add level 2 increment",
            "messageBody": "",
            "tags": [
              "Level-2"
            ],
            "fileTypesAndContributionMap": {
              "java": {
                "insertions": 9,
                "deletions": 11
              }
            }
          },
          {
            "hash": "525748977802394df6aa13d29c21f2200040aad7",
            "messageTitle": "add implementation logic for level 3",
            "messageBody": "",
            "fileTypesAndContributionMap": {
              "java": {
                "insertions": 45,
                "deletions": 21
              }
            }
          },
          {
            "hash": "91f13a819829ecd2fc83d26ebdd5baeb8a56862d",
            "messageTitle": "add descriptive text and refactor prints for tasks list",
            "messageBody": "",
            "fileTypesAndContributionMap": {
              "java": {
                "insertions": 6,
                "deletions": 4
              }
            }
          },
          {
            "hash": "ef5944bd07185bfd6e506d25c9f1bf446a417bb3",
            "messageTitle": "add TaskManager class and refactor Duke program",
            "messageBody": "",
            "tags": [
              "Level-3"
            ],
            "fileTypesAndContributionMap": {
              "java": {
                "insertions": 65,
                "deletions": 44
              }
            }
          },
          {
            "hash": "676d0509693ed697035ed17b46f607137fb1da16",
            "messageTitle": "code style A-CodingStandard",
            "messageBody": "",
            "tags": [
              "A-CodingStandard"
            ],
            "fileTypesAndContributionMap": {
              "java": {
                "insertions": 5,
                "deletions": 6
              }
            }
          }
        ]
      },
      {
        "date": "2020-08-27",
        "commitResults": [
          {
            "hash": "faa4500c8af2de7e4f72c27d22b153ed28c4de7c",
            "messageTitle": "add Checkstyle config",
            "messageBody": "",
            "fileTypesAndContributionMap": {
              "java": {
                "insertions": 4,
                "deletions": 4
              }
            }
          }
        ]
      },
      {
        "date": "2020-08-28",
        "commitResults": [
          {
            "hash": "ea129d8e3f51107b8f44b2446811588c704fa07c",
            "messageTitle": "refactor to prep for subclasses of Task",
            "messageBody": "",
            "fileTypesAndContributionMap": {
              "java": {
                "insertions": 86,
                "deletions": 30
              }
            }
          }
        ]
      },
      {
        "date": "2020-08-29",
        "commitResults": [
          {
            "hash": "c238c33918810760d3cec85cb1d6c1f6f9525393",
            "messageTitle": "add level 4 todos, events, deadlines",
            "messageBody": "",
            "tags": [
              "A-Inheritance"
            ],
            "fileTypesAndContributionMap": {
              "java": {
                "insertions": 85,
                "deletions": 35
              }
            }
          },
          {
            "hash": "d5535a07d65ceab0dd4583541aba3f1e01649cb2",
            "messageTitle": "debug addTask method",
            "messageBody": "",
            "tags": [
              "Level-4"
            ],
            "fileTypesAndContributionMap": {
              "java": {
                "insertions": 1,
                "deletions": 1
              }
            }
          },
          {
            "hash": "baf57b424208b069f2dd28f0afc6e923c4661688",
            "messageTitle": "add text ui testing",
            "messageBody": "",
            "fileTypesAndContributionMap": {
              "txt": {
                "insertions": 58,
                "deletions": 0
              },
              "sh": {
                "insertions": 1,
                "deletions": 1
              }
            }
          },
          {
            "hash": "868c28e742c0e60557e3eaca661ce8a07a8f7021",
            "messageTitle": "debug text test output mismatch",
            "messageBody": "",
            "tags": [
              "A-TextUiTesting"
            ],
            "fileTypesAndContributionMap": {
              "txt": {
                "insertions": 2,
                "deletions": 2
              }
            }
          },
          {
            "hash": "fbe0bafe0403ba202c62e883ec3bd3a1b4c01e7e",
            "messageTitle": "improve code readability",
            "messageBody": "",
            "tags": [
              "A-CodeQuality"
            ],
            "fileTypesAndContributionMap": {
              "java": {
                "insertions": 54,
                "deletions": 31
              }
            }
          }
        ]
      },
      {
        "date": "2020-09-03",
        "commitResults": [
          {
            "hash": "7aaa800cdcfe40bcc1abc6c7a11be58a1c1b1378",
            "messageTitle": "modify done message",
            "messageBody": "",
            "fileTypesAndContributionMap": {
              "java": {
                "insertions": 18,
                "deletions": 8
              },
              "bat": {
                "insertions": 3,
                "deletions": 3
              },
              "sh": {
                "insertions": 1,
                "deletions": 1
              }
            }
          },
          {
            "hash": "69151b71e592627270e72cebd7a78b7bc05c4219",
            "messageTitle": "refactor tick cross literals",
            "messageBody": "",
            "fileTypesAndContributionMap": {
              "java": {
                "insertions": 12,
                "deletions": 7
              }
            }
          },
          {
            "hash": "9336ee6077f4c7e028ed0c6d9bf03c51b84378bf",
            "messageTitle": "refactor tick cross literals",
            "messageBody": "",
            "fileTypesAndContributionMap": {
              "java": {
                "insertions": 2,
                "deletions": 2
              }
            }
          }
        ]
      },
      {
        "date": "2020-09-04",
        "commitResults": [
          {
            "hash": "b7eaa1007e12975fceed3453e90ba0e5ef105f0d",
            "messageTitle": "add error-handling for invalid description and invalid command",
            "messageBody": "",
            "tags": [
              "A-Exceptions"
            ],
            "fileTypesAndContributionMap": {
              "java": {
                "insertions": 188,
                "deletions": 93
              }
            }
          },
          {
            "hash": "4e4f966a1bcb32ef2b6aa719f68de0cdfd421314",
            "messageTitle": "organize project into packages",
            "messageBody": "",
            "fileTypesAndContributionMap": {
              "java": {
                "insertions": 7,
                "deletions": 5
              },
              "sh": {
                "insertions": 0,
                "deletions": 0
              },
              "md": {
                "insertions": 2,
                "deletions": 2
              }
            }
          },
          {
            "hash": "f43bbdd1128f8ab57c36e0bf2a41f0b39b8f9bc6",
            "messageTitle": "modify tests build file paths",
            "messageBody": "",
            "fileTypesAndContributionMap": {
              "sh": {
                "insertions": 2,
                "deletions": 2
              }
            }
          },
          {
            "hash": "f8da36b0116de64fe972931d1eac12f0a2884dc9",
            "messageTitle": "add new test inputs",
            "messageBody": "",
            "fileTypesAndContributionMap": {
              "txt": {
                "insertions": 32,
                "deletions": 0
              }
            }
          }
        ]
      },
      {
        "date": "2020-09-11",
        "commitResults": [
          {
            "hash": "5906ade953d0ccbb987bb00c2c341e5292882b99",
            "messageTitle": "add basic naive delete functionality",
            "messageBody": "",
            "tags": [
              "A-Collections"
            ],
            "fileTypesAndContributionMap": {
              "java": {
                "insertions": 52,
                "deletions": 18
              }
            }
          },
          {
            "hash": "7f811beb6bebd89364041bcf5941b575b9ed6fb9",
            "messageTitle": "implement Level-6",
            "messageBody": "",
            "fileTypesAndContributionMap": {
              "java": {
                "insertions": 17,
                "deletions": 29
              }
            }
          }
        ]
      },
      {
        "date": "2020-09-14",
        "commitResults": [
          {
            "hash": "3fd66595f8f7badf5288724e809fa4715ca0a8d4",
            "messageTitle": "refactor addedTask variable name",
            "messageBody": "",
            "fileTypesAndContributionMap": {
              "java": {
                "insertions": 4,
                "deletions": 2
              }
            }
          },
          {
            "hash": "1d42eb1079d0fb89e0838fe20a1ac92c73db570b",
            "messageTitle": "start level-7 file operations",
            "messageBody": "",
            "fileTypesAndContributionMap": {
              "java": {
                "insertions": 34,
                "deletions": 1
              }
            }
          },
          {
            "hash": "a74c9b46b18823b54c454e80a032e996c7e6c05a",
            "messageTitle": "implement Level-7",
            "messageBody": "",
            "fileTypesAndContributionMap": {
              "txt": {
                "insertions": 4,
                "deletions": 0
              },
              "java": {
                "insertions": 130,
                "deletions": 7
              }
            }
          }
        ]
      },
      {
        "date": "2020-09-15",
        "commitResults": [
          {
            "hash": "a979ea1d51c04b89f7ba5ceb1ba4db1337d0b243",
            "messageTitle": "remove support for non-type tasks",
            "messageBody": "",
            "fileTypesAndContributionMap": {
              "txt": {
                "insertions": 0,
                "deletions": 4
              },
              "java": {
                "insertions": 40,
                "deletions": 33
              }
            }
          },
          {
            "hash": "ed2584779bffc08e9978d04495cf7e26c9a10e9f",
            "messageTitle": "debug errors with file output format",
            "messageBody": "",
            "tags": [
              "Level-7"
            ],
            "fileTypesAndContributionMap": {
              "txt": {
                "insertions": 4,
                "deletions": 0
              },
              "java": {
                "insertions": 54,
                "deletions": 54
              }
            }
          },
          {
            "hash": "ea52aefc9e469cc158a90be8527a05f34b8de2a9",
            "messageTitle": "add system print line when creating new file",
            "messageBody": "",
            "fileTypesAndContributionMap": {
              "java": {
                "insertions": 1,
                "deletions": 0
              }
            }
          },
          {
            "hash": "89272a0aea68ec8aa2e5e37d7d8bafe32357da7a",
            "messageTitle": "implement A-Jar",
            "messageBody": "",
            "tags": [
              "A-Jar"
            ],
            "fileTypesAndContributionMap": {
              "txt": {
                "insertions": 2,
                "deletions": 0
              },
              "bat": {
                "insertions": 3,
                "deletions": 3
              }
            }
          }
        ]
      }
    ]
  },
  "authorFileTypeContributionMap": {
    "zhixiangteoh": {
      "java": 581,
      "md": 2,
      "sh": 2,
      "bat": 0,
      "gradle": 0,
      "txt": 96
    }
  },
  "authorContributionVariance": {
    "zhixiangteoh": 10012.006
  },
  "authorDisplayNameMap": {
    "zhixiangteoh": "CS2113-T14-2 TEOH..IANG"
  }
}
