[
  {
    "path": "src/main/java/duke/Duke.java",
    "fileType": "java",
    "lines": [
      {
        "lineNumber": 1,
        "author": {
          "gitId": "HengFuYuen"
        },
        "content": "package duke;"
      },
      {
        "lineNumber": 2,
        "author": {
          "gitId": "HengFuYuen"
        },
        "content": ""
      },
      {
        "lineNumber": 3,
        "author": {
          "gitId": "HengFuYuen"
        },
        "content": "/**"
      },
      {
        "lineNumber": 4,
        "author": {
          "gitId": "HengFuYuen"
        },
        "content": " * Solution below adapted from"
      },
      {
        "lineNumber": 5,
        "author": {
          "gitId": "HengFuYuen"
        },
        "content": " * https://github.com/nus-cs2113-AY2021S1/contacts/blob/master/src/main/java/Contacts1.java"
      },
      {
        "lineNumber": 6,
        "author": {
          "gitId": "HengFuYuen"
        },
        "content": " */"
      },
      {
        "lineNumber": 7,
        "author": {
          "gitId": "HengFuYuen"
        },
        "content": ""
      },
      {
        "lineNumber": 8,
        "author": {
          "gitId": "HengFuYuen"
        },
        "content": "import duke.exception.DukeException;"
      },
      {
        "lineNumber": 9,
        "author": {
          "gitId": "HengFuYuen"
        },
        "content": "import duke.exception.TaskDescriptionNotFoundException;"
      },
      {
        "lineNumber": 10,
        "author": {
          "gitId": "HengFuYuen"
        },
        "content": "import duke.exception.TodoDescriptionNotFoundException;"
      },
      {
        "lineNumber": 11,
        "author": {
          "gitId": "HengFuYuen"
        },
        "content": "import duke.exception.DeadlineDescriptionNotFoundException;"
      },
      {
        "lineNumber": 12,
        "author": {
          "gitId": "HengFuYuen"
        },
        "content": "import duke.exception.DeadlineTimeNotFoundException;"
      },
      {
        "lineNumber": 13,
        "author": {
          "gitId": "HengFuYuen"
        },
        "content": "import duke.exception.EventDescriptionNotFoundException;"
      },
      {
        "lineNumber": 14,
        "author": {
          "gitId": "HengFuYuen"
        },
        "content": "import duke.exception.EventTimeNotFoundException;"
      },
      {
        "lineNumber": 15,
        "author": {
          "gitId": "HengFuYuen"
        },
        "content": "import duke.exception.NoTaskInTaskListException;"
      },
      {
        "lineNumber": 16,
        "author": {
          "gitId": "HengFuYuen"
        },
        "content": "import duke.exception.TaskToMarkAsDoneInvalidException;"
      },
      {
        "lineNumber": 17,
        "author": {
          "gitId": "HengFuYuen"
        },
        "content": "import duke.exception.TaskToMarkAsDoneNotFoundException;"
      },
      {
        "lineNumber": 18,
        "author": {
          "gitId": "HengFuYuen"
        },
        "content": "import duke.task.Deadline;"
      },
      {
        "lineNumber": 19,
        "author": {
          "gitId": "HengFuYuen"
        },
        "content": "import duke.task.Event;"
      },
      {
        "lineNumber": 20,
        "author": {
          "gitId": "HengFuYuen"
        },
        "content": "import duke.task.Task;"
      },
      {
        "lineNumber": 21,
        "author": {
          "gitId": "HengFuYuen"
        },
        "content": "import duke.task.Todo;"
      },
      {
        "lineNumber": 22,
        "author": {
          "gitId": "HengFuYuen"
        },
        "content": ""
      },
      {
        "lineNumber": 23,
        "author": {
          "gitId": "HengFuYuen"
        },
        "content": "import java.util.Scanner;"
      },
      {
        "lineNumber": 24,
        "author": {
          "gitId": "HengFuYuen"
        },
        "content": ""
      },
      {
        "lineNumber": 25,
        "author": {
          "gitId": "-"
        },
        "content": "public class Duke {"
      },
      {
        "lineNumber": 26,
        "author": {
          "gitId": "HengFuYuen"
        },
        "content": ""
      },
      {
        "lineNumber": 27,
        "author": {
          "gitId": "HengFuYuen"
        },
        "content": "    private static final int MAX_NUMBER_OF_TASKS \u003d 100;"
      },
      {
        "lineNumber": 28,
        "author": {
          "gitId": "HengFuYuen"
        },
        "content": "    private static Task[] tasks \u003d new Task[MAX_NUMBER_OF_TASKS];"
      },
      {
        "lineNumber": 29,
        "author": {
          "gitId": "HengFuYuen"
        },
        "content": "    private static int taskNumber \u003d 0;"
      },
      {
        "lineNumber": 30,
        "author": {
          "gitId": "HengFuYuen"
        },
        "content": ""
      },
      {
        "lineNumber": 31,
        "author": {
          "gitId": "HengFuYuen"
        },
        "content": "    private static final String inputInstruction \u003d \"Please input in the following format:\";"
      },
      {
        "lineNumber": 32,
        "author": {
          "gitId": "HengFuYuen"
        },
        "content": "    private static final String printTaskListInputFormat \u003d \"  To list all tasks: list\";"
      },
      {
        "lineNumber": 33,
        "author": {
          "gitId": "HengFuYuen"
        },
        "content": "    private static String markTaskAsDoneInputFormat \u003d \"  To mark a task as done: done \u003ctask number\u003e\""
      },
      {
        "lineNumber": 34,
        "author": {
          "gitId": "HengFuYuen"
        },
        "content": "            + System.lineSeparator() + \"      Range of valid task number: \";"
      },
      {
        "lineNumber": 35,
        "author": {
          "gitId": "HengFuYuen"
        },
        "content": "    private static final String todoInputFormat \u003d \"  To add a todo: todo \u003cdescription of todo\u003e\";"
      },
      {
        "lineNumber": 36,
        "author": {
          "gitId": "HengFuYuen"
        },
        "content": "    private static final String deadlineInputFormat \u003d \"  To add a deadline: deadline \u003cdescription of \""
      },
      {
        "lineNumber": 37,
        "author": {
          "gitId": "HengFuYuen"
        },
        "content": "            + \"deadline\u003e /by \u003ctime it is due\u003e\";"
      },
      {
        "lineNumber": 38,
        "author": {
          "gitId": "HengFuYuen"
        },
        "content": "    private static final String eventInputFormat \u003d \"  To add an event: event \u003cdescription of event\u003e /at \""
      },
      {
        "lineNumber": 39,
        "author": {
          "gitId": "HengFuYuen"
        },
        "content": "            + \"\u003cthe event time\u003e\";"
      },
      {
        "lineNumber": 40,
        "author": {
          "gitId": "HengFuYuen"
        },
        "content": "    private static final String exitDukeInputFormat \u003d \"  To exit duke.Duke: bye\";"
      },
      {
        "lineNumber": 41,
        "author": {
          "gitId": "HengFuYuen"
        },
        "content": ""
      },
      {
        "lineNumber": 42,
        "author": {
          "gitId": "HengFuYuen"
        },
        "content": "    private static final Scanner SCANNER \u003d new Scanner(System.in);"
      },
      {
        "lineNumber": 43,
        "author": {
          "gitId": "HengFuYuen"
        },
        "content": "    private static final String DIVIDER \u003d"
      },
      {
        "lineNumber": 44,
        "author": {
          "gitId": "HengFuYuen"
        },
        "content": "            \"_______________________________________________________________________________\";"
      },
      {
        "lineNumber": 45,
        "author": {
          "gitId": "HengFuYuen"
        },
        "content": ""
      },
      {
        "lineNumber": 46,
        "author": {
          "gitId": "HengFuYuen"
        },
        "content": ""
      },
      {
        "lineNumber": 47,
        "author": {
          "gitId": "-"
        },
        "content": "    public static void main(String[] args) {"
      },
      {
        "lineNumber": 48,
        "author": {
          "gitId": "HengFuYuen"
        },
        "content": "        printWelcomeMessage();"
      },
      {
        "lineNumber": 49,
        "author": {
          "gitId": "HengFuYuen"
        },
        "content": "        while (true) {"
      },
      {
        "lineNumber": 50,
        "author": {
          "gitId": "HengFuYuen"
        },
        "content": "            String command \u003d getUserCommand();"
      },
      {
        "lineNumber": 51,
        "author": {
          "gitId": "HengFuYuen"
        },
        "content": "            processUserCommand(command);"
      },
      {
        "lineNumber": 52,
        "author": {
          "gitId": "HengFuYuen"
        },
        "content": "        }"
      },
      {
        "lineNumber": 53,
        "author": {
          "gitId": "HengFuYuen"
        },
        "content": ""
      },
      {
        "lineNumber": 54,
        "author": {
          "gitId": "HengFuYuen"
        },
        "content": "    }"
      },
      {
        "lineNumber": 55,
        "author": {
          "gitId": "HengFuYuen"
        },
        "content": ""
      },
      {
        "lineNumber": 56,
        "author": {
          "gitId": "HengFuYuen"
        },
        "content": "    private static void processUserCommand(String command) {"
      },
      {
        "lineNumber": 57,
        "author": {
          "gitId": "HengFuYuen"
        },
        "content": "        command \u003d command.trim();"
      },
      {
        "lineNumber": 58,
        "author": {
          "gitId": "HengFuYuen"
        },
        "content": "        if (command.equals(\"bye\")) {"
      },
      {
        "lineNumber": 59,
        "author": {
          "gitId": "HengFuYuen"
        },
        "content": "            processExit();"
      },
      {
        "lineNumber": 60,
        "author": {
          "gitId": "HengFuYuen"
        },
        "content": "        } else if (command.equals(\"list\")) {"
      },
      {
        "lineNumber": 61,
        "author": {
          "gitId": "HengFuYuen"
        },
        "content": "            printTaskList();"
      },
      {
        "lineNumber": 62,
        "author": {
          "gitId": "HengFuYuen"
        },
        "content": "        } else if (command.startsWith(\"done\")) {"
      },
      {
        "lineNumber": 63,
        "author": {
          "gitId": "HengFuYuen"
        },
        "content": "            processTaskAsDone(command);"
      },
      {
        "lineNumber": 64,
        "author": {
          "gitId": "HengFuYuen"
        },
        "content": "        } else {"
      },
      {
        "lineNumber": 65,
        "author": {
          "gitId": "HengFuYuen"
        },
        "content": "            processTaskAddition(command);"
      },
      {
        "lineNumber": 66,
        "author": {
          "gitId": "HengFuYuen"
        },
        "content": "        }"
      },
      {
        "lineNumber": 67,
        "author": {
          "gitId": "HengFuYuen"
        },
        "content": ""
      },
      {
        "lineNumber": 68,
        "author": {
          "gitId": "HengFuYuen"
        },
        "content": "    }"
      },
      {
        "lineNumber": 69,
        "author": {
          "gitId": "HengFuYuen"
        },
        "content": ""
      },
      {
        "lineNumber": 70,
        "author": {
          "gitId": "HengFuYuen"
        },
        "content": "    private static void processTaskAsDone(String command) {"
      },
      {
        "lineNumber": 71,
        "author": {
          "gitId": "HengFuYuen"
        },
        "content": "        try {"
      },
      {
        "lineNumber": 72,
        "author": {
          "gitId": "HengFuYuen"
        },
        "content": "            Task finishedTask \u003d markTaskAsDone(command);"
      },
      {
        "lineNumber": 73,
        "author": {
          "gitId": "HengFuYuen"
        },
        "content": "            printFinishedTask(finishedTask);"
      },
      {
        "lineNumber": 74,
        "author": {
          "gitId": "HengFuYuen"
        },
        "content": "        } catch (TaskToMarkAsDoneNotFoundException e) {"
      },
      {
        "lineNumber": 75,
        "author": {
          "gitId": "HengFuYuen"
        },
        "content": "            printTaskToMarkAsDoneNotFoundErrorMessage();"
      },
      {
        "lineNumber": 76,
        "author": {
          "gitId": "HengFuYuen"
        },
        "content": "        } catch (TaskToMarkAsDoneInvalidException e) {"
      },
      {
        "lineNumber": 77,
        "author": {
          "gitId": "HengFuYuen"
        },
        "content": "            printTaskToMarkAsDoneInvalidErrorMessage();"
      },
      {
        "lineNumber": 78,
        "author": {
          "gitId": "HengFuYuen"
        },
        "content": "        } catch (NoTaskInTaskListException e) {"
      },
      {
        "lineNumber": 79,
        "author": {
          "gitId": "HengFuYuen"
        },
        "content": "            printNoTaskInTaskListErrorMessage();"
      },
      {
        "lineNumber": 80,
        "author": {
          "gitId": "HengFuYuen"
        },
        "content": "        } catch (NumberFormatException e) {"
      },
      {
        "lineNumber": 81,
        "author": {
          "gitId": "HengFuYuen"
        },
        "content": "            printTaskToMarkAsDoneInvalidErrorMessage();"
      },
      {
        "lineNumber": 82,
        "author": {
          "gitId": "HengFuYuen"
        },
        "content": "        }"
      },
      {
        "lineNumber": 83,
        "author": {
          "gitId": "HengFuYuen"
        },
        "content": "    }"
      },
      {
        "lineNumber": 84,
        "author": {
          "gitId": "HengFuYuen"
        },
        "content": ""
      },
      {
        "lineNumber": 85,
        "author": {
          "gitId": "HengFuYuen"
        },
        "content": "    private static String getRangeOfValidTaskNumber() {"
      },
      {
        "lineNumber": 86,
        "author": {
          "gitId": "HengFuYuen"
        },
        "content": "        return taskNumber \u003d\u003d 0 ? \"none\" : \"1 to \" + taskNumber;"
      },
      {
        "lineNumber": 87,
        "author": {
          "gitId": "HengFuYuen"
        },
        "content": "    }"
      },
      {
        "lineNumber": 88,
        "author": {
          "gitId": "HengFuYuen"
        },
        "content": ""
      },
      {
        "lineNumber": 89,
        "author": {
          "gitId": "HengFuYuen"
        },
        "content": "    private static void printTaskToMarkAsDoneNotFoundErrorMessage() {"
      },
      {
        "lineNumber": 90,
        "author": {
          "gitId": "HengFuYuen"
        },
        "content": "        System.out.println(DIVIDER);"
      },
      {
        "lineNumber": 91,
        "author": {
          "gitId": "HengFuYuen"
        },
        "content": "        System.out.println(\"\\u2639 OOPS!!! The task to mark as done is not found.\" + System.lineSeparator());"
      },
      {
        "lineNumber": 92,
        "author": {
          "gitId": "HengFuYuen"
        },
        "content": "        System.out.println(inputInstruction);"
      },
      {
        "lineNumber": 93,
        "author": {
          "gitId": "HengFuYuen"
        },
        "content": "        System.out.println(markTaskAsDoneInputFormat + getRangeOfValidTaskNumber());"
      },
      {
        "lineNumber": 94,
        "author": {
          "gitId": "HengFuYuen"
        },
        "content": "        System.out.println(DIVIDER);"
      },
      {
        "lineNumber": 95,
        "author": {
          "gitId": "HengFuYuen"
        },
        "content": "    }"
      },
      {
        "lineNumber": 96,
        "author": {
          "gitId": "HengFuYuen"
        },
        "content": ""
      },
      {
        "lineNumber": 97,
        "author": {
          "gitId": "HengFuYuen"
        },
        "content": "    private static void printTaskToMarkAsDoneInvalidErrorMessage() {"
      },
      {
        "lineNumber": 98,
        "author": {
          "gitId": "HengFuYuen"
        },
        "content": "        System.out.println(DIVIDER);"
      },
      {
        "lineNumber": 99,
        "author": {
          "gitId": "HengFuYuen"
        },
        "content": "        System.out.println(\"\\u2639 OOPS!!! The task to mark as done is invalid.\" + System.lineSeparator());"
      },
      {
        "lineNumber": 100,
        "author": {
          "gitId": "HengFuYuen"
        },
        "content": "        System.out.println(inputInstruction);"
      },
      {
        "lineNumber": 101,
        "author": {
          "gitId": "HengFuYuen"
        },
        "content": "        System.out.println(markTaskAsDoneInputFormat + getRangeOfValidTaskNumber());"
      },
      {
        "lineNumber": 102,
        "author": {
          "gitId": "HengFuYuen"
        },
        "content": "        System.out.println(DIVIDER);"
      },
      {
        "lineNumber": 103,
        "author": {
          "gitId": "HengFuYuen"
        },
        "content": "    }"
      },
      {
        "lineNumber": 104,
        "author": {
          "gitId": "HengFuYuen"
        },
        "content": ""
      },
      {
        "lineNumber": 105,
        "author": {
          "gitId": "HengFuYuen"
        },
        "content": "    private static void printNoTaskInTaskListErrorMessage() {"
      },
      {
        "lineNumber": 106,
        "author": {
          "gitId": "HengFuYuen"
        },
        "content": "        System.out.println(DIVIDER);"
      },
      {
        "lineNumber": 107,
        "author": {
          "gitId": "HengFuYuen"
        },
        "content": "        System.out.println(\"\\u2639 OOPS!!! The task list is empty.\" + System.lineSeparator()"
      },
      {
        "lineNumber": 108,
        "author": {
          "gitId": "HengFuYuen"
        },
        "content": "                + \"Please add a task before marking it as done.\");"
      },
      {
        "lineNumber": 109,
        "author": {
          "gitId": "HengFuYuen"
        },
        "content": "        System.out.println(todoInputFormat);"
      },
      {
        "lineNumber": 110,
        "author": {
          "gitId": "HengFuYuen"
        },
        "content": "        System.out.println(deadlineInputFormat);"
      },
      {
        "lineNumber": 111,
        "author": {
          "gitId": "HengFuYuen"
        },
        "content": "        System.out.println(eventInputFormat);"
      },
      {
        "lineNumber": 112,
        "author": {
          "gitId": "HengFuYuen"
        },
        "content": "        System.out.println(DIVIDER);"
      },
      {
        "lineNumber": 113,
        "author": {
          "gitId": "HengFuYuen"
        },
        "content": "    }"
      },
      {
        "lineNumber": 114,
        "author": {
          "gitId": "HengFuYuen"
        },
        "content": ""
      },
      {
        "lineNumber": 115,
        "author": {
          "gitId": "HengFuYuen"
        },
        "content": "    private static void processTaskAddition(String command) {"
      },
      {
        "lineNumber": 116,
        "author": {
          "gitId": "HengFuYuen"
        },
        "content": "        try {"
      },
      {
        "lineNumber": 117,
        "author": {
          "gitId": "HengFuYuen"
        },
        "content": "            Task newTask \u003d addNewTask(command);"
      },
      {
        "lineNumber": 118,
        "author": {
          "gitId": "HengFuYuen"
        },
        "content": "            printNewTask(newTask);"
      },
      {
        "lineNumber": 119,
        "author": {
          "gitId": "HengFuYuen"
        },
        "content": "        } catch (TodoDescriptionNotFoundException e) {"
      },
      {
        "lineNumber": 120,
        "author": {
          "gitId": "HengFuYuen"
        },
        "content": "            printTodoDescriptionNotFoundErrorMessage();"
      },
      {
        "lineNumber": 121,
        "author": {
          "gitId": "HengFuYuen"
        },
        "content": "        } catch (DeadlineDescriptionNotFoundException e) {"
      },
      {
        "lineNumber": 122,
        "author": {
          "gitId": "HengFuYuen"
        },
        "content": "            printDeadlineDescriptionNotFoundErrorMessage();"
      },
      {
        "lineNumber": 123,
        "author": {
          "gitId": "HengFuYuen"
        },
        "content": "        } catch (DeadlineTimeNotFoundException e) {"
      },
      {
        "lineNumber": 124,
        "author": {
          "gitId": "HengFuYuen"
        },
        "content": "            printDeadlineTimeNotFoundErrorMessage();"
      },
      {
        "lineNumber": 125,
        "author": {
          "gitId": "HengFuYuen"
        },
        "content": "        } catch (EventDescriptionNotFoundException e) {"
      },
      {
        "lineNumber": 126,
        "author": {
          "gitId": "HengFuYuen"
        },
        "content": "            printEventDescriptionNotFoundErrorMessage();"
      },
      {
        "lineNumber": 127,
        "author": {
          "gitId": "HengFuYuen"
        },
        "content": "        } catch (EventTimeNotFoundException e) {"
      },
      {
        "lineNumber": 128,
        "author": {
          "gitId": "HengFuYuen"
        },
        "content": "            printEventTimeNotFoundErrorMessage();"
      },
      {
        "lineNumber": 129,
        "author": {
          "gitId": "HengFuYuen"
        },
        "content": "        } catch (TaskDescriptionNotFoundException e) {"
      },
      {
        "lineNumber": 130,
        "author": {
          "gitId": "HengFuYuen"
        },
        "content": "            printTaskDescriptionNotFoundErrorMessage();"
      },
      {
        "lineNumber": 131,
        "author": {
          "gitId": "HengFuYuen"
        },
        "content": "        }"
      },
      {
        "lineNumber": 132,
        "author": {
          "gitId": "HengFuYuen"
        },
        "content": "    }"
      },
      {
        "lineNumber": 133,
        "author": {
          "gitId": "HengFuYuen"
        },
        "content": ""
      },
      {
        "lineNumber": 134,
        "author": {
          "gitId": "HengFuYuen"
        },
        "content": "    private static void printTaskDescriptionNotFoundErrorMessage() {"
      },
      {
        "lineNumber": 135,
        "author": {
          "gitId": "HengFuYuen"
        },
        "content": "        System.out.println(DIVIDER);"
      },
      {
        "lineNumber": 136,
        "author": {
          "gitId": "HengFuYuen"
        },
        "content": "        System.out.println(\"\\u2639 OOPS!!! I\u0027m sorry, but I don\u0027t know what that means :-(\""
      },
      {
        "lineNumber": 137,
        "author": {
          "gitId": "HengFuYuen"
        },
        "content": "                + System.lineSeparator());"
      },
      {
        "lineNumber": 138,
        "author": {
          "gitId": "HengFuYuen"
        },
        "content": "        System.out.println(inputInstruction);"
      },
      {
        "lineNumber": 139,
        "author": {
          "gitId": "HengFuYuen"
        },
        "content": "        System.out.println(todoInputFormat);"
      },
      {
        "lineNumber": 140,
        "author": {
          "gitId": "HengFuYuen"
        },
        "content": "        System.out.println(deadlineInputFormat);"
      },
      {
        "lineNumber": 141,
        "author": {
          "gitId": "HengFuYuen"
        },
        "content": "        System.out.println(eventInputFormat);"
      },
      {
        "lineNumber": 142,
        "author": {
          "gitId": "HengFuYuen"
        },
        "content": "        System.out.println(printTaskListInputFormat);"
      },
      {
        "lineNumber": 143,
        "author": {
          "gitId": "HengFuYuen"
        },
        "content": "        System.out.println(markTaskAsDoneInputFormat + getRangeOfValidTaskNumber());"
      },
      {
        "lineNumber": 144,
        "author": {
          "gitId": "HengFuYuen"
        },
        "content": "        System.out.println(exitDukeInputFormat);"
      },
      {
        "lineNumber": 145,
        "author": {
          "gitId": "HengFuYuen"
        },
        "content": "        System.out.println(DIVIDER);"
      },
      {
        "lineNumber": 146,
        "author": {
          "gitId": "HengFuYuen"
        },
        "content": "    }"
      },
      {
        "lineNumber": 147,
        "author": {
          "gitId": "HengFuYuen"
        },
        "content": ""
      },
      {
        "lineNumber": 148,
        "author": {
          "gitId": "HengFuYuen"
        },
        "content": "    private static void printTodoDescriptionNotFoundErrorMessage() {"
      },
      {
        "lineNumber": 149,
        "author": {
          "gitId": "HengFuYuen"
        },
        "content": "        System.out.println(DIVIDER);"
      },
      {
        "lineNumber": 150,
        "author": {
          "gitId": "HengFuYuen"
        },
        "content": "        System.out.println(\"\\u2639 OOPS!!! The description of a todo cannot be empty.\""
      },
      {
        "lineNumber": 151,
        "author": {
          "gitId": "HengFuYuen"
        },
        "content": "                + System.lineSeparator());"
      },
      {
        "lineNumber": 152,
        "author": {
          "gitId": "HengFuYuen"
        },
        "content": "        System.out.println(inputInstruction);"
      },
      {
        "lineNumber": 153,
        "author": {
          "gitId": "HengFuYuen"
        },
        "content": "        System.out.println(todoInputFormat);"
      },
      {
        "lineNumber": 154,
        "author": {
          "gitId": "HengFuYuen"
        },
        "content": "        System.out.println(DIVIDER);"
      },
      {
        "lineNumber": 155,
        "author": {
          "gitId": "HengFuYuen"
        },
        "content": "    }"
      },
      {
        "lineNumber": 156,
        "author": {
          "gitId": "HengFuYuen"
        },
        "content": ""
      },
      {
        "lineNumber": 157,
        "author": {
          "gitId": "HengFuYuen"
        },
        "content": "    private static void printDeadlineDescriptionNotFoundErrorMessage() {"
      },
      {
        "lineNumber": 158,
        "author": {
          "gitId": "HengFuYuen"
        },
        "content": "        System.out.println(DIVIDER);"
      },
      {
        "lineNumber": 159,
        "author": {
          "gitId": "HengFuYuen"
        },
        "content": "        System.out.println(\"\\u2639 OOPS!!! The description of a deadline cannot be empty.\""
      },
      {
        "lineNumber": 160,
        "author": {
          "gitId": "HengFuYuen"
        },
        "content": "                + System.lineSeparator());"
      },
      {
        "lineNumber": 161,
        "author": {
          "gitId": "HengFuYuen"
        },
        "content": "        System.out.println(inputInstruction);"
      },
      {
        "lineNumber": 162,
        "author": {
          "gitId": "HengFuYuen"
        },
        "content": "        System.out.println(deadlineInputFormat);"
      },
      {
        "lineNumber": 163,
        "author": {
          "gitId": "HengFuYuen"
        },
        "content": "        System.out.println(DIVIDER);"
      },
      {
        "lineNumber": 164,
        "author": {
          "gitId": "HengFuYuen"
        },
        "content": "    }"
      },
      {
        "lineNumber": 165,
        "author": {
          "gitId": "HengFuYuen"
        },
        "content": ""
      },
      {
        "lineNumber": 166,
        "author": {
          "gitId": "HengFuYuen"
        },
        "content": "    private static void printDeadlineTimeNotFoundErrorMessage() {"
      },
      {
        "lineNumber": 167,
        "author": {
          "gitId": "HengFuYuen"
        },
        "content": "        System.out.println(DIVIDER);"
      },
      {
        "lineNumber": 168,
        "author": {
          "gitId": "HengFuYuen"
        },
        "content": "        System.out.println(\"\\u2639 OOPS!!! The time the deadline is due is not found.\""
      },
      {
        "lineNumber": 169,
        "author": {
          "gitId": "HengFuYuen"
        },
        "content": "                + System.lineSeparator());"
      },
      {
        "lineNumber": 170,
        "author": {
          "gitId": "HengFuYuen"
        },
        "content": "        System.out.println(inputInstruction);"
      },
      {
        "lineNumber": 171,
        "author": {
          "gitId": "HengFuYuen"
        },
        "content": "        System.out.println(deadlineInputFormat);"
      },
      {
        "lineNumber": 172,
        "author": {
          "gitId": "HengFuYuen"
        },
        "content": "        System.out.println(DIVIDER);"
      },
      {
        "lineNumber": 173,
        "author": {
          "gitId": "HengFuYuen"
        },
        "content": "    }"
      },
      {
        "lineNumber": 174,
        "author": {
          "gitId": "HengFuYuen"
        },
        "content": ""
      },
      {
        "lineNumber": 175,
        "author": {
          "gitId": "HengFuYuen"
        },
        "content": "    private static void printEventDescriptionNotFoundErrorMessage() {"
      },
      {
        "lineNumber": 176,
        "author": {
          "gitId": "HengFuYuen"
        },
        "content": "        System.out.println(DIVIDER);"
      },
      {
        "lineNumber": 177,
        "author": {
          "gitId": "HengFuYuen"
        },
        "content": "        System.out.println(\"\\u2639 OOPS!!! The description of an event cannot be empty.\""
      },
      {
        "lineNumber": 178,
        "author": {
          "gitId": "HengFuYuen"
        },
        "content": "                + System.lineSeparator());"
      },
      {
        "lineNumber": 179,
        "author": {
          "gitId": "HengFuYuen"
        },
        "content": "        System.out.println(inputInstruction);"
      },
      {
        "lineNumber": 180,
        "author": {
          "gitId": "HengFuYuen"
        },
        "content": "        System.out.println(eventInputFormat);"
      },
      {
        "lineNumber": 181,
        "author": {
          "gitId": "HengFuYuen"
        },
        "content": "        System.out.println(DIVIDER);"
      },
      {
        "lineNumber": 182,
        "author": {
          "gitId": "HengFuYuen"
        },
        "content": "    }"
      },
      {
        "lineNumber": 183,
        "author": {
          "gitId": "HengFuYuen"
        },
        "content": ""
      },
      {
        "lineNumber": 184,
        "author": {
          "gitId": "HengFuYuen"
        },
        "content": "    private static void printEventTimeNotFoundErrorMessage() {"
      },
      {
        "lineNumber": 185,
        "author": {
          "gitId": "HengFuYuen"
        },
        "content": "        System.out.println(DIVIDER);"
      },
      {
        "lineNumber": 186,
        "author": {
          "gitId": "HengFuYuen"
        },
        "content": "        System.out.println(\"\\u2639 OOPS!!! The timing of the event is not found.\" + System.lineSeparator());"
      },
      {
        "lineNumber": 187,
        "author": {
          "gitId": "HengFuYuen"
        },
        "content": "        System.out.println(inputInstruction);"
      },
      {
        "lineNumber": 188,
        "author": {
          "gitId": "HengFuYuen"
        },
        "content": "        System.out.println(eventInputFormat);"
      },
      {
        "lineNumber": 189,
        "author": {
          "gitId": "HengFuYuen"
        },
        "content": "        System.out.println(DIVIDER);"
      },
      {
        "lineNumber": 190,
        "author": {
          "gitId": "HengFuYuen"
        },
        "content": "    }"
      },
      {
        "lineNumber": 191,
        "author": {
          "gitId": "HengFuYuen"
        },
        "content": ""
      },
      {
        "lineNumber": 192,
        "author": {
          "gitId": "HengFuYuen"
        },
        "content": "    private static void processExit() {"
      },
      {
        "lineNumber": 193,
        "author": {
          "gitId": "HengFuYuen"
        },
        "content": "        printExitMessage();"
      },
      {
        "lineNumber": 194,
        "author": {
          "gitId": "HengFuYuen"
        },
        "content": "        exitDuke();"
      },
      {
        "lineNumber": 195,
        "author": {
          "gitId": "HengFuYuen"
        },
        "content": "    }"
      },
      {
        "lineNumber": 196,
        "author": {
          "gitId": "HengFuYuen"
        },
        "content": ""
      },
      {
        "lineNumber": 197,
        "author": {
          "gitId": "HengFuYuen"
        },
        "content": "    private static void printNewTask(Task newTask) {"
      },
      {
        "lineNumber": 198,
        "author": {
          "gitId": "HengFuYuen"
        },
        "content": "        System.out.println(DIVIDER);"
      },
      {
        "lineNumber": 199,
        "author": {
          "gitId": "HengFuYuen"
        },
        "content": "        System.out.println(\"Got it. I\u0027ve added this task:\");"
      },
      {
        "lineNumber": 200,
        "author": {
          "gitId": "HengFuYuen"
        },
        "content": "        System.out.println(\"  \" + newTask);"
      },
      {
        "lineNumber": 201,
        "author": {
          "gitId": "HengFuYuen"
        },
        "content": "        System.out.println(\"Now you have \" + (taskNumber) + \" task(s) in the list.\");"
      },
      {
        "lineNumber": 202,
        "author": {
          "gitId": "HengFuYuen"
        },
        "content": "        System.out.println(DIVIDER);"
      },
      {
        "lineNumber": 203,
        "author": {
          "gitId": "HengFuYuen"
        },
        "content": "    }"
      },
      {
        "lineNumber": 204,
        "author": {
          "gitId": "HengFuYuen"
        },
        "content": ""
      },
      {
        "lineNumber": 205,
        "author": {
          "gitId": "HengFuYuen"
        },
        "content": "    private static Task addNewTask(String command) throws TaskDescriptionNotFoundException {"
      },
      {
        "lineNumber": 206,
        "author": {
          "gitId": "HengFuYuen"
        },
        "content": "        Task newTask;"
      },
      {
        "lineNumber": 207,
        "author": {
          "gitId": "HengFuYuen"
        },
        "content": "        if (command.startsWith(\"todo\")) {"
      },
      {
        "lineNumber": 208,
        "author": {
          "gitId": "HengFuYuen"
        },
        "content": "            newTask \u003d createTodo(command);"
      },
      {
        "lineNumber": 209,
        "author": {
          "gitId": "HengFuYuen"
        },
        "content": "        } else if (command.startsWith(\"deadline\")) {"
      },
      {
        "lineNumber": 210,
        "author": {
          "gitId": "HengFuYuen"
        },
        "content": "            newTask \u003d createDeadline(command);"
      },
      {
        "lineNumber": 211,
        "author": {
          "gitId": "HengFuYuen"
        },
        "content": "        } else if (command.startsWith(\"event\")) {"
      },
      {
        "lineNumber": 212,
        "author": {
          "gitId": "HengFuYuen"
        },
        "content": "            newTask \u003d createEvent(command);"
      },
      {
        "lineNumber": 213,
        "author": {
          "gitId": "HengFuYuen"
        },
        "content": "        } else {"
      },
      {
        "lineNumber": 214,
        "author": {
          "gitId": "HengFuYuen"
        },
        "content": "            throw new TaskDescriptionNotFoundException();"
      },
      {
        "lineNumber": 215,
        "author": {
          "gitId": "HengFuYuen"
        },
        "content": "        }"
      },
      {
        "lineNumber": 216,
        "author": {
          "gitId": "HengFuYuen"
        },
        "content": "        tasks[taskNumber] \u003d newTask;"
      },
      {
        "lineNumber": 217,
        "author": {
          "gitId": "HengFuYuen"
        },
        "content": "        taskNumber++;"
      },
      {
        "lineNumber": 218,
        "author": {
          "gitId": "HengFuYuen"
        },
        "content": "        return newTask;"
      },
      {
        "lineNumber": 219,
        "author": {
          "gitId": "HengFuYuen"
        },
        "content": "    }"
      },
      {
        "lineNumber": 220,
        "author": {
          "gitId": "HengFuYuen"
        },
        "content": ""
      },
      {
        "lineNumber": 221,
        "author": {
          "gitId": "HengFuYuen"
        },
        "content": "    private static String[] splitDescriptionAndTime(String taskInformation, String splitLocation) {"
      },
      {
        "lineNumber": 222,
        "author": {
          "gitId": "HengFuYuen"
        },
        "content": "        return taskInformation.split(splitLocation);"
      },
      {
        "lineNumber": 223,
        "author": {
          "gitId": "HengFuYuen"
        },
        "content": "    }"
      },
      {
        "lineNumber": 224,
        "author": {
          "gitId": "HengFuYuen"
        },
        "content": ""
      },
      {
        "lineNumber": 225,
        "author": {
          "gitId": "HengFuYuen"
        },
        "content": "    private static Task createEvent(String command) throws EventDescriptionNotFoundException,"
      },
      {
        "lineNumber": 226,
        "author": {
          "gitId": "HengFuYuen"
        },
        "content": "            EventTimeNotFoundException {"
      },
      {
        "lineNumber": 227,
        "author": {
          "gitId": "HengFuYuen"
        },
        "content": "        if (command.length() \u003c\u003d 6) {"
      },
      {
        "lineNumber": 228,
        "author": {
          "gitId": "HengFuYuen"
        },
        "content": "            throw new EventDescriptionNotFoundException();"
      },
      {
        "lineNumber": 229,
        "author": {
          "gitId": "HengFuYuen"
        },
        "content": "        }"
      },
      {
        "lineNumber": 230,
        "author": {
          "gitId": "HengFuYuen"
        },
        "content": ""
      },
      {
        "lineNumber": 231,
        "author": {
          "gitId": "HengFuYuen"
        },
        "content": "        String eventInformation \u003d command.substring(5).trim();"
      },
      {
        "lineNumber": 232,
        "author": {
          "gitId": "HengFuYuen"
        },
        "content": "        String[] eventDescriptionAndTime \u003d splitDescriptionAndTime(eventInformation, \"/at\");"
      },
      {
        "lineNumber": 233,
        "author": {
          "gitId": "HengFuYuen"
        },
        "content": ""
      },
      {
        "lineNumber": 234,
        "author": {
          "gitId": "HengFuYuen"
        },
        "content": "        if (eventDescriptionAndTime.length \u003c\u003d 1) {"
      },
      {
        "lineNumber": 235,
        "author": {
          "gitId": "HengFuYuen"
        },
        "content": "            throw new EventTimeNotFoundException();"
      },
      {
        "lineNumber": 236,
        "author": {
          "gitId": "HengFuYuen"
        },
        "content": "        }"
      },
      {
        "lineNumber": 237,
        "author": {
          "gitId": "HengFuYuen"
        },
        "content": ""
      },
      {
        "lineNumber": 238,
        "author": {
          "gitId": "HengFuYuen"
        },
        "content": "        String eventDescription \u003d eventDescriptionAndTime[0].trim();"
      },
      {
        "lineNumber": 239,
        "author": {
          "gitId": "HengFuYuen"
        },
        "content": "        String eventTime \u003d eventDescriptionAndTime[1].trim();"
      },
      {
        "lineNumber": 240,
        "author": {
          "gitId": "HengFuYuen"
        },
        "content": "        return new Event(eventDescription, eventTime);"
      },
      {
        "lineNumber": 241,
        "author": {
          "gitId": "HengFuYuen"
        },
        "content": "    }"
      },
      {
        "lineNumber": 242,
        "author": {
          "gitId": "HengFuYuen"
        },
        "content": ""
      },
      {
        "lineNumber": 243,
        "author": {
          "gitId": "HengFuYuen"
        },
        "content": "    private static Task createDeadline(String command) throws DeadlineDescriptionNotFoundException,"
      },
      {
        "lineNumber": 244,
        "author": {
          "gitId": "HengFuYuen"
        },
        "content": "            DeadlineTimeNotFoundException {"
      },
      {
        "lineNumber": 245,
        "author": {
          "gitId": "HengFuYuen"
        },
        "content": "        if (command.length() \u003c\u003d 9) {"
      },
      {
        "lineNumber": 246,
        "author": {
          "gitId": "HengFuYuen"
        },
        "content": "            throw new DeadlineDescriptionNotFoundException();"
      },
      {
        "lineNumber": 247,
        "author": {
          "gitId": "HengFuYuen"
        },
        "content": "        }"
      },
      {
        "lineNumber": 248,
        "author": {
          "gitId": "HengFuYuen"
        },
        "content": ""
      },
      {
        "lineNumber": 249,
        "author": {
          "gitId": "HengFuYuen"
        },
        "content": "        String deadlineInformation \u003d command.substring(8).trim();"
      },
      {
        "lineNumber": 250,
        "author": {
          "gitId": "HengFuYuen"
        },
        "content": "        String[] deadlineDescriptionAndTime \u003d splitDescriptionAndTime(deadlineInformation, \"/by\");"
      },
      {
        "lineNumber": 251,
        "author": {
          "gitId": "HengFuYuen"
        },
        "content": ""
      },
      {
        "lineNumber": 252,
        "author": {
          "gitId": "HengFuYuen"
        },
        "content": "        if (deadlineDescriptionAndTime.length \u003c\u003d 1) {"
      },
      {
        "lineNumber": 253,
        "author": {
          "gitId": "HengFuYuen"
        },
        "content": "            throw new DeadlineTimeNotFoundException();"
      },
      {
        "lineNumber": 254,
        "author": {
          "gitId": "HengFuYuen"
        },
        "content": "        }"
      },
      {
        "lineNumber": 255,
        "author": {
          "gitId": "HengFuYuen"
        },
        "content": ""
      },
      {
        "lineNumber": 256,
        "author": {
          "gitId": "HengFuYuen"
        },
        "content": "        String deadlineDescription \u003d deadlineDescriptionAndTime[0].trim();"
      },
      {
        "lineNumber": 257,
        "author": {
          "gitId": "HengFuYuen"
        },
        "content": "        String deadlineTime \u003d deadlineDescriptionAndTime[1].trim();"
      },
      {
        "lineNumber": 258,
        "author": {
          "gitId": "HengFuYuen"
        },
        "content": "        return new Deadline(deadlineDescription, deadlineTime);"
      },
      {
        "lineNumber": 259,
        "author": {
          "gitId": "HengFuYuen"
        },
        "content": "    }"
      },
      {
        "lineNumber": 260,
        "author": {
          "gitId": "HengFuYuen"
        },
        "content": ""
      },
      {
        "lineNumber": 261,
        "author": {
          "gitId": "HengFuYuen"
        },
        "content": "    private static Task createTodo(String command) throws TodoDescriptionNotFoundException {"
      },
      {
        "lineNumber": 262,
        "author": {
          "gitId": "HengFuYuen"
        },
        "content": "        if (command.length() \u003c\u003d 5) {"
      },
      {
        "lineNumber": 263,
        "author": {
          "gitId": "HengFuYuen"
        },
        "content": "            throw new TodoDescriptionNotFoundException();"
      },
      {
        "lineNumber": 264,
        "author": {
          "gitId": "HengFuYuen"
        },
        "content": "        }"
      },
      {
        "lineNumber": 265,
        "author": {
          "gitId": "HengFuYuen"
        },
        "content": "        String todoDescription \u003d command.substring(4).trim();"
      },
      {
        "lineNumber": 266,
        "author": {
          "gitId": "HengFuYuen"
        },
        "content": "        return new Todo(todoDescription);"
      },
      {
        "lineNumber": 267,
        "author": {
          "gitId": "HengFuYuen"
        },
        "content": "    }"
      },
      {
        "lineNumber": 268,
        "author": {
          "gitId": "HengFuYuen"
        },
        "content": ""
      },
      {
        "lineNumber": 269,
        "author": {
          "gitId": "HengFuYuen"
        },
        "content": "    private static void printFinishedTask(Task finishedTask) {"
      },
      {
        "lineNumber": 270,
        "author": {
          "gitId": "HengFuYuen"
        },
        "content": "        System.out.println(DIVIDER);"
      },
      {
        "lineNumber": 271,
        "author": {
          "gitId": "HengFuYuen"
        },
        "content": "        System.out.println(\"Nice! I\u0027ve marked this task as done:\");"
      },
      {
        "lineNumber": 272,
        "author": {
          "gitId": "HengFuYuen"
        },
        "content": "        System.out.println(\"  \" + finishedTask);"
      },
      {
        "lineNumber": 273,
        "author": {
          "gitId": "HengFuYuen"
        },
        "content": "        System.out.println(DIVIDER);"
      },
      {
        "lineNumber": 274,
        "author": {
          "gitId": "HengFuYuen"
        },
        "content": "    }"
      },
      {
        "lineNumber": 275,
        "author": {
          "gitId": "HengFuYuen"
        },
        "content": ""
      },
      {
        "lineNumber": 276,
        "author": {
          "gitId": "HengFuYuen"
        },
        "content": "    private static Task markTaskAsDone(String command) throws TaskToMarkAsDoneNotFoundException,"
      },
      {
        "lineNumber": 277,
        "author": {
          "gitId": "HengFuYuen"
        },
        "content": "            TaskToMarkAsDoneInvalidException, NoTaskInTaskListException {"
      },
      {
        "lineNumber": 278,
        "author": {
          "gitId": "HengFuYuen"
        },
        "content": "        if (taskNumber \u003d\u003d 0) {"
      },
      {
        "lineNumber": 279,
        "author": {
          "gitId": "HengFuYuen"
        },
        "content": "            throw new NoTaskInTaskListException();"
      },
      {
        "lineNumber": 280,
        "author": {
          "gitId": "HengFuYuen"
        },
        "content": "        }"
      },
      {
        "lineNumber": 281,
        "author": {
          "gitId": "HengFuYuen"
        },
        "content": "        if (command.length() \u003c\u003d 4) {"
      },
      {
        "lineNumber": 282,
        "author": {
          "gitId": "HengFuYuen"
        },
        "content": "            throw new TaskToMarkAsDoneNotFoundException();"
      },
      {
        "lineNumber": 283,
        "author": {
          "gitId": "HengFuYuen"
        },
        "content": "        }"
      },
      {
        "lineNumber": 284,
        "author": {
          "gitId": "HengFuYuen"
        },
        "content": "        int finishedTaskNumber \u003d Integer.parseInt(command.substring(4).trim()) - 1;"
      },
      {
        "lineNumber": 285,
        "author": {
          "gitId": "HengFuYuen"
        },
        "content": ""
      },
      {
        "lineNumber": 286,
        "author": {
          "gitId": "HengFuYuen"
        },
        "content": "        if (finishedTaskNumber \u003c 0 || finishedTaskNumber \u003e\u003d taskNumber) {"
      },
      {
        "lineNumber": 287,
        "author": {
          "gitId": "HengFuYuen"
        },
        "content": "            throw new TaskToMarkAsDoneInvalidException();"
      },
      {
        "lineNumber": 288,
        "author": {
          "gitId": "HengFuYuen"
        },
        "content": "        }"
      },
      {
        "lineNumber": 289,
        "author": {
          "gitId": "HengFuYuen"
        },
        "content": ""
      },
      {
        "lineNumber": 290,
        "author": {
          "gitId": "HengFuYuen"
        },
        "content": "        Task finishedTask \u003d tasks[finishedTaskNumber];"
      },
      {
        "lineNumber": 291,
        "author": {
          "gitId": "HengFuYuen"
        },
        "content": "        finishedTask.markAsDone();"
      },
      {
        "lineNumber": 292,
        "author": {
          "gitId": "HengFuYuen"
        },
        "content": "        return finishedTask;"
      },
      {
        "lineNumber": 293,
        "author": {
          "gitId": "HengFuYuen"
        },
        "content": "    }"
      },
      {
        "lineNumber": 294,
        "author": {
          "gitId": "HengFuYuen"
        },
        "content": ""
      },
      {
        "lineNumber": 295,
        "author": {
          "gitId": "HengFuYuen"
        },
        "content": "    private static void printTaskList() {"
      },
      {
        "lineNumber": 296,
        "author": {
          "gitId": "HengFuYuen"
        },
        "content": "        System.out.println(DIVIDER);"
      },
      {
        "lineNumber": 297,
        "author": {
          "gitId": "HengFuYuen"
        },
        "content": "        if (taskNumber \u003d\u003d 0) {"
      },
      {
        "lineNumber": 298,
        "author": {
          "gitId": "HengFuYuen"
        },
        "content": "            System.out.println(\"The task list is empty.\");"
      },
      {
        "lineNumber": 299,
        "author": {
          "gitId": "HengFuYuen"
        },
        "content": "        } else {"
      },
      {
        "lineNumber": 300,
        "author": {
          "gitId": "HengFuYuen"
        },
        "content": "            System.out.println(\"Here are the tasks in your list:\");"
      },
      {
        "lineNumber": 301,
        "author": {
          "gitId": "HengFuYuen"
        },
        "content": "            for (int i \u003d 0; i \u003c taskNumber; i++) {"
      },
      {
        "lineNumber": 302,
        "author": {
          "gitId": "HengFuYuen"
        },
        "content": "                Task currentTask \u003d tasks[i];"
      },
      {
        "lineNumber": 303,
        "author": {
          "gitId": "HengFuYuen"
        },
        "content": "                System.out.println(\"  \" + (i + 1) + \".\" + currentTask);"
      },
      {
        "lineNumber": 304,
        "author": {
          "gitId": "HengFuYuen"
        },
        "content": "            }"
      },
      {
        "lineNumber": 305,
        "author": {
          "gitId": "HengFuYuen"
        },
        "content": "        }"
      },
      {
        "lineNumber": 306,
        "author": {
          "gitId": "HengFuYuen"
        },
        "content": "        System.out.println(DIVIDER);"
      },
      {
        "lineNumber": 307,
        "author": {
          "gitId": "HengFuYuen"
        },
        "content": "    }"
      },
      {
        "lineNumber": 308,
        "author": {
          "gitId": "HengFuYuen"
        },
        "content": ""
      },
      {
        "lineNumber": 309,
        "author": {
          "gitId": "HengFuYuen"
        },
        "content": "    private static void exitDuke() {"
      },
      {
        "lineNumber": 310,
        "author": {
          "gitId": "HengFuYuen"
        },
        "content": "        System.exit(0);"
      },
      {
        "lineNumber": 311,
        "author": {
          "gitId": "HengFuYuen"
        },
        "content": "    }"
      },
      {
        "lineNumber": 312,
        "author": {
          "gitId": "HengFuYuen"
        },
        "content": ""
      },
      {
        "lineNumber": 313,
        "author": {
          "gitId": "HengFuYuen"
        },
        "content": "    private static void printExitMessage() {"
      },
      {
        "lineNumber": 314,
        "author": {
          "gitId": "HengFuYuen"
        },
        "content": "        System.out.println(DIVIDER);"
      },
      {
        "lineNumber": 315,
        "author": {
          "gitId": "HengFuYuen"
        },
        "content": "        System.out.println(\"Bye. Hope to see you again soon!\");"
      },
      {
        "lineNumber": 316,
        "author": {
          "gitId": "HengFuYuen"
        },
        "content": "        System.out.println(DIVIDER);"
      },
      {
        "lineNumber": 317,
        "author": {
          "gitId": "HengFuYuen"
        },
        "content": "    }"
      },
      {
        "lineNumber": 318,
        "author": {
          "gitId": "HengFuYuen"
        },
        "content": ""
      },
      {
        "lineNumber": 319,
        "author": {
          "gitId": "HengFuYuen"
        },
        "content": "    private static String getUserCommand() {"
      },
      {
        "lineNumber": 320,
        "author": {
          "gitId": "HengFuYuen"
        },
        "content": "        return SCANNER.nextLine();"
      },
      {
        "lineNumber": 321,
        "author": {
          "gitId": "HengFuYuen"
        },
        "content": "    }"
      },
      {
        "lineNumber": 322,
        "author": {
          "gitId": "HengFuYuen"
        },
        "content": ""
      },
      {
        "lineNumber": 323,
        "author": {
          "gitId": "HengFuYuen"
        },
        "content": "    private static void printWelcomeMessage() {"
      },
      {
        "lineNumber": 324,
        "author": {
          "gitId": "HengFuYuen"
        },
        "content": "        String logo \u003d \" ____        _        \" + System.lineSeparator()"
      },
      {
        "lineNumber": 325,
        "author": {
          "gitId": "HengFuYuen"
        },
        "content": "                + \"|  _ \\\\ _   _| | _____ \" + System.lineSeparator()"
      },
      {
        "lineNumber": 326,
        "author": {
          "gitId": "HengFuYuen"
        },
        "content": "                + \"| | | | | | | |/ / _ \\\\\" + System.lineSeparator()"
      },
      {
        "lineNumber": 327,
        "author": {
          "gitId": "HengFuYuen"
        },
        "content": "                + \"| |_| | |_| |   \u003c  __/\" + System.lineSeparator()"
      },
      {
        "lineNumber": 328,
        "author": {
          "gitId": "HengFuYuen"
        },
        "content": "                + \"|____/ \\\\__,_|_|\\\\_\\\\___|\" + System.lineSeparator();"
      },
      {
        "lineNumber": 329,
        "author": {
          "gitId": "HengFuYuen"
        },
        "content": "        System.out.println(\"Hello from\" + System.lineSeparator() + logo);"
      },
      {
        "lineNumber": 330,
        "author": {
          "gitId": "HengFuYuen"
        },
        "content": "        System.out.println(DIVIDER);"
      },
      {
        "lineNumber": 331,
        "author": {
          "gitId": "HengFuYuen"
        },
        "content": "        System.out.println(\"Hello! I\u0027m duke.Duke\" + System.lineSeparator() + \"What can I do for you?\");"
      },
      {
        "lineNumber": 332,
        "author": {
          "gitId": "HengFuYuen"
        },
        "content": "        System.out.println(DIVIDER);"
      },
      {
        "lineNumber": 333,
        "author": {
          "gitId": "-"
        },
        "content": "    }"
      },
      {
        "lineNumber": 334,
        "author": {
          "gitId": "-"
        },
        "content": "}"
      }
    ],
    "authorContributionMap": {
      "HengFuYuen": 330,
      "-": 4
    }
  },
  {
    "path": "src/main/java/duke/exception/DeadlineDescriptionNotFoundException.java",
    "fileType": "java",
    "lines": [
      {
        "lineNumber": 1,
        "author": {
          "gitId": "HengFuYuen"
        },
        "content": "package duke.exception;"
      },
      {
        "lineNumber": 2,
        "author": {
          "gitId": "HengFuYuen"
        },
        "content": ""
      },
      {
        "lineNumber": 3,
        "author": {
          "gitId": "HengFuYuen"
        },
        "content": "public class DeadlineDescriptionNotFoundException extends TaskDescriptionNotFoundException {"
      },
      {
        "lineNumber": 4,
        "author": {
          "gitId": "HengFuYuen"
        },
        "content": "}"
      }
    ],
    "authorContributionMap": {
      "HengFuYuen": 4
    }
  },
  {
    "path": "src/main/java/duke/exception/DeadlineTimeNotFoundException.java",
    "fileType": "java",
    "lines": [
      {
        "lineNumber": 1,
        "author": {
          "gitId": "HengFuYuen"
        },
        "content": "package duke.exception;"
      },
      {
        "lineNumber": 2,
        "author": {
          "gitId": "HengFuYuen"
        },
        "content": ""
      },
      {
        "lineNumber": 3,
        "author": {
          "gitId": "HengFuYuen"
        },
        "content": "public class DeadlineTimeNotFoundException extends TaskDescriptionNotFoundException {"
      },
      {
        "lineNumber": 4,
        "author": {
          "gitId": "HengFuYuen"
        },
        "content": "}"
      }
    ],
    "authorContributionMap": {
      "HengFuYuen": 4
    }
  },
  {
    "path": "src/main/java/duke/exception/DukeException.java",
    "fileType": "java",
    "lines": [
      {
        "lineNumber": 1,
        "author": {
          "gitId": "HengFuYuen"
        },
        "content": "package duke.exception;"
      },
      {
        "lineNumber": 2,
        "author": {
          "gitId": "HengFuYuen"
        },
        "content": ""
      },
      {
        "lineNumber": 3,
        "author": {
          "gitId": "HengFuYuen"
        },
        "content": "public class DukeException extends Exception {"
      },
      {
        "lineNumber": 4,
        "author": {
          "gitId": "HengFuYuen"
        },
        "content": "}"
      }
    ],
    "authorContributionMap": {
      "HengFuYuen": 4
    }
  },
  {
    "path": "src/main/java/duke/exception/EventDescriptionNotFoundException.java",
    "fileType": "java",
    "lines": [
      {
        "lineNumber": 1,
        "author": {
          "gitId": "HengFuYuen"
        },
        "content": "package duke.exception;"
      },
      {
        "lineNumber": 2,
        "author": {
          "gitId": "HengFuYuen"
        },
        "content": ""
      },
      {
        "lineNumber": 3,
        "author": {
          "gitId": "HengFuYuen"
        },
        "content": "public class EventDescriptionNotFoundException extends TaskDescriptionNotFoundException {"
      },
      {
        "lineNumber": 4,
        "author": {
          "gitId": "HengFuYuen"
        },
        "content": "}"
      }
    ],
    "authorContributionMap": {
      "HengFuYuen": 4
    }
  },
  {
    "path": "src/main/java/duke/exception/EventTimeNotFoundException.java",
    "fileType": "java",
    "lines": [
      {
        "lineNumber": 1,
        "author": {
          "gitId": "HengFuYuen"
        },
        "content": "package duke.exception;"
      },
      {
        "lineNumber": 2,
        "author": {
          "gitId": "HengFuYuen"
        },
        "content": ""
      },
      {
        "lineNumber": 3,
        "author": {
          "gitId": "HengFuYuen"
        },
        "content": "public class EventTimeNotFoundException extends TaskDescriptionNotFoundException {"
      },
      {
        "lineNumber": 4,
        "author": {
          "gitId": "HengFuYuen"
        },
        "content": "}"
      }
    ],
    "authorContributionMap": {
      "HengFuYuen": 4
    }
  },
  {
    "path": "src/main/java/duke/exception/NoTaskInTaskListException.java",
    "fileType": "java",
    "lines": [
      {
        "lineNumber": 1,
        "author": {
          "gitId": "HengFuYuen"
        },
        "content": "package duke.exception;"
      },
      {
        "lineNumber": 2,
        "author": {
          "gitId": "HengFuYuen"
        },
        "content": ""
      },
      {
        "lineNumber": 3,
        "author": {
          "gitId": "HengFuYuen"
        },
        "content": "public class NoTaskInTaskListException extends DukeException{"
      },
      {
        "lineNumber": 4,
        "author": {
          "gitId": "HengFuYuen"
        },
        "content": "}"
      }
    ],
    "authorContributionMap": {
      "HengFuYuen": 4
    }
  },
  {
    "path": "src/main/java/duke/exception/TaskDescriptionNotFoundException.java",
    "fileType": "java",
    "lines": [
      {
        "lineNumber": 1,
        "author": {
          "gitId": "HengFuYuen"
        },
        "content": "package duke.exception;"
      },
      {
        "lineNumber": 2,
        "author": {
          "gitId": "HengFuYuen"
        },
        "content": ""
      },
      {
        "lineNumber": 3,
        "author": {
          "gitId": "HengFuYuen"
        },
        "content": "public class TaskDescriptionNotFoundException extends DukeException {"
      },
      {
        "lineNumber": 4,
        "author": {
          "gitId": "HengFuYuen"
        },
        "content": "}"
      }
    ],
    "authorContributionMap": {
      "HengFuYuen": 4
    }
  },
  {
    "path": "src/main/java/duke/exception/TaskToMarkAsDoneInvalidException.java",
    "fileType": "java",
    "lines": [
      {
        "lineNumber": 1,
        "author": {
          "gitId": "HengFuYuen"
        },
        "content": "package duke.exception;"
      },
      {
        "lineNumber": 2,
        "author": {
          "gitId": "HengFuYuen"
        },
        "content": ""
      },
      {
        "lineNumber": 3,
        "author": {
          "gitId": "HengFuYuen"
        },
        "content": "public class TaskToMarkAsDoneInvalidException extends DukeException {"
      },
      {
        "lineNumber": 4,
        "author": {
          "gitId": "HengFuYuen"
        },
        "content": "}"
      }
    ],
    "authorContributionMap": {
      "HengFuYuen": 4
    }
  },
  {
    "path": "src/main/java/duke/exception/TaskToMarkAsDoneNotFoundException.java",
    "fileType": "java",
    "lines": [
      {
        "lineNumber": 1,
        "author": {
          "gitId": "HengFuYuen"
        },
        "content": "package duke.exception;"
      },
      {
        "lineNumber": 2,
        "author": {
          "gitId": "HengFuYuen"
        },
        "content": ""
      },
      {
        "lineNumber": 3,
        "author": {
          "gitId": "HengFuYuen"
        },
        "content": "public class TaskToMarkAsDoneNotFoundException extends DukeException {"
      },
      {
        "lineNumber": 4,
        "author": {
          "gitId": "HengFuYuen"
        },
        "content": "}"
      }
    ],
    "authorContributionMap": {
      "HengFuYuen": 4
    }
  },
  {
    "path": "src/main/java/duke/exception/TodoDescriptionNotFoundException.java",
    "fileType": "java",
    "lines": [
      {
        "lineNumber": 1,
        "author": {
          "gitId": "HengFuYuen"
        },
        "content": "package duke.exception;"
      },
      {
        "lineNumber": 2,
        "author": {
          "gitId": "HengFuYuen"
        },
        "content": ""
      },
      {
        "lineNumber": 3,
        "author": {
          "gitId": "HengFuYuen"
        },
        "content": "public class TodoDescriptionNotFoundException extends TaskDescriptionNotFoundException {"
      },
      {
        "lineNumber": 4,
        "author": {
          "gitId": "HengFuYuen"
        },
        "content": "}"
      }
    ],
    "authorContributionMap": {
      "HengFuYuen": 4
    }
  },
  {
    "path": "src/main/java/duke/task/Deadline.java",
    "fileType": "java",
    "lines": [
      {
        "lineNumber": 1,
        "author": {
          "gitId": "HengFuYuen"
        },
        "content": "package duke.task;"
      },
      {
        "lineNumber": 2,
        "author": {
          "gitId": "HengFuYuen"
        },
        "content": ""
      },
      {
        "lineNumber": 3,
        "author": {
          "gitId": "HengFuYuen"
        },
        "content": "public class Deadline extends Task {"
      },
      {
        "lineNumber": 4,
        "author": {
          "gitId": "HengFuYuen"
        },
        "content": ""
      },
      {
        "lineNumber": 5,
        "author": {
          "gitId": "HengFuYuen"
        },
        "content": "    protected String by;"
      },
      {
        "lineNumber": 6,
        "author": {
          "gitId": "HengFuYuen"
        },
        "content": ""
      },
      {
        "lineNumber": 7,
        "author": {
          "gitId": "HengFuYuen"
        },
        "content": "    public Deadline(String description, String by) {"
      },
      {
        "lineNumber": 8,
        "author": {
          "gitId": "HengFuYuen"
        },
        "content": "        super(description);"
      },
      {
        "lineNumber": 9,
        "author": {
          "gitId": "HengFuYuen"
        },
        "content": "        this.by \u003d by;"
      },
      {
        "lineNumber": 10,
        "author": {
          "gitId": "HengFuYuen"
        },
        "content": "    }"
      },
      {
        "lineNumber": 11,
        "author": {
          "gitId": "HengFuYuen"
        },
        "content": ""
      },
      {
        "lineNumber": 12,
        "author": {
          "gitId": "HengFuYuen"
        },
        "content": "    @Override"
      },
      {
        "lineNumber": 13,
        "author": {
          "gitId": "HengFuYuen"
        },
        "content": "    public String toString() {"
      },
      {
        "lineNumber": 14,
        "author": {
          "gitId": "HengFuYuen"
        },
        "content": "        return \"[D]\" + super.toString() + \" (by: \" + by + \")\";"
      },
      {
        "lineNumber": 15,
        "author": {
          "gitId": "HengFuYuen"
        },
        "content": "    }"
      },
      {
        "lineNumber": 16,
        "author": {
          "gitId": "HengFuYuen"
        },
        "content": "}"
      }
    ],
    "authorContributionMap": {
      "HengFuYuen": 16
    }
  },
  {
    "path": "src/main/java/duke/task/Event.java",
    "fileType": "java",
    "lines": [
      {
        "lineNumber": 1,
        "author": {
          "gitId": "HengFuYuen"
        },
        "content": "package duke.task;"
      },
      {
        "lineNumber": 2,
        "author": {
          "gitId": "HengFuYuen"
        },
        "content": ""
      },
      {
        "lineNumber": 3,
        "author": {
          "gitId": "HengFuYuen"
        },
        "content": "public class Event extends Task {"
      },
      {
        "lineNumber": 4,
        "author": {
          "gitId": "HengFuYuen"
        },
        "content": ""
      },
      {
        "lineNumber": 5,
        "author": {
          "gitId": "HengFuYuen"
        },
        "content": "    protected String at;"
      },
      {
        "lineNumber": 6,
        "author": {
          "gitId": "HengFuYuen"
        },
        "content": ""
      },
      {
        "lineNumber": 7,
        "author": {
          "gitId": "HengFuYuen"
        },
        "content": "    public Event(String description, String at) {"
      },
      {
        "lineNumber": 8,
        "author": {
          "gitId": "HengFuYuen"
        },
        "content": "        super(description);"
      },
      {
        "lineNumber": 9,
        "author": {
          "gitId": "HengFuYuen"
        },
        "content": "        this.at \u003d at;"
      },
      {
        "lineNumber": 10,
        "author": {
          "gitId": "HengFuYuen"
        },
        "content": "    }"
      },
      {
        "lineNumber": 11,
        "author": {
          "gitId": "HengFuYuen"
        },
        "content": ""
      },
      {
        "lineNumber": 12,
        "author": {
          "gitId": "HengFuYuen"
        },
        "content": "    @Override"
      },
      {
        "lineNumber": 13,
        "author": {
          "gitId": "HengFuYuen"
        },
        "content": "    public String toString() {"
      },
      {
        "lineNumber": 14,
        "author": {
          "gitId": "HengFuYuen"
        },
        "content": "        return \"[E]\" + super.toString() + \" (at: \" + at + \")\";"
      },
      {
        "lineNumber": 15,
        "author": {
          "gitId": "HengFuYuen"
        },
        "content": "    }"
      },
      {
        "lineNumber": 16,
        "author": {
          "gitId": "HengFuYuen"
        },
        "content": "}"
      }
    ],
    "authorContributionMap": {
      "HengFuYuen": 16
    }
  },
  {
    "path": "src/main/java/duke/task/Task.java",
    "fileType": "java",
    "lines": [
      {
        "lineNumber": 1,
        "author": {
          "gitId": "HengFuYuen"
        },
        "content": "package duke.task;"
      },
      {
        "lineNumber": 2,
        "author": {
          "gitId": "HengFuYuen"
        },
        "content": ""
      },
      {
        "lineNumber": 3,
        "author": {
          "gitId": "HengFuYuen"
        },
        "content": "public abstract class Task {"
      },
      {
        "lineNumber": 4,
        "author": {
          "gitId": "HengFuYuen"
        },
        "content": ""
      },
      {
        "lineNumber": 5,
        "author": {
          "gitId": "HengFuYuen"
        },
        "content": "    protected boolean isDone;"
      },
      {
        "lineNumber": 6,
        "author": {
          "gitId": "HengFuYuen"
        },
        "content": "    protected String description;"
      },
      {
        "lineNumber": 7,
        "author": {
          "gitId": "HengFuYuen"
        },
        "content": ""
      },
      {
        "lineNumber": 8,
        "author": {
          "gitId": "HengFuYuen"
        },
        "content": "    public Task(String command) {"
      },
      {
        "lineNumber": 9,
        "author": {
          "gitId": "HengFuYuen"
        },
        "content": "        description \u003d command;"
      },
      {
        "lineNumber": 10,
        "author": {
          "gitId": "HengFuYuen"
        },
        "content": "        isDone \u003d false;"
      },
      {
        "lineNumber": 11,
        "author": {
          "gitId": "HengFuYuen"
        },
        "content": "    }"
      },
      {
        "lineNumber": 12,
        "author": {
          "gitId": "HengFuYuen"
        },
        "content": ""
      },
      {
        "lineNumber": 13,
        "author": {
          "gitId": "HengFuYuen"
        },
        "content": "    public void markAsDone() {"
      },
      {
        "lineNumber": 14,
        "author": {
          "gitId": "HengFuYuen"
        },
        "content": "        isDone \u003d true;"
      },
      {
        "lineNumber": 15,
        "author": {
          "gitId": "HengFuYuen"
        },
        "content": "    }"
      },
      {
        "lineNumber": 16,
        "author": {
          "gitId": "HengFuYuen"
        },
        "content": ""
      },
      {
        "lineNumber": 17,
        "author": {
          "gitId": "HengFuYuen"
        },
        "content": "    public String getStatusIcon() {"
      },
      {
        "lineNumber": 18,
        "author": {
          "gitId": "HengFuYuen"
        },
        "content": "        return (isDone ? \"\\u2713\" : \"\\u2718\");"
      },
      {
        "lineNumber": 19,
        "author": {
          "gitId": "HengFuYuen"
        },
        "content": "    }"
      },
      {
        "lineNumber": 20,
        "author": {
          "gitId": "HengFuYuen"
        },
        "content": ""
      },
      {
        "lineNumber": 21,
        "author": {
          "gitId": "HengFuYuen"
        },
        "content": "    @Override"
      },
      {
        "lineNumber": 22,
        "author": {
          "gitId": "HengFuYuen"
        },
        "content": "    public String toString() {"
      },
      {
        "lineNumber": 23,
        "author": {
          "gitId": "HengFuYuen"
        },
        "content": "        return \"[\" + getStatusIcon() + \"] \" + description;"
      },
      {
        "lineNumber": 24,
        "author": {
          "gitId": "HengFuYuen"
        },
        "content": "    }"
      },
      {
        "lineNumber": 25,
        "author": {
          "gitId": "HengFuYuen"
        },
        "content": "}"
      }
    ],
    "authorContributionMap": {
      "HengFuYuen": 25
    }
  },
  {
    "path": "src/main/java/duke/task/Todo.java",
    "fileType": "java",
    "lines": [
      {
        "lineNumber": 1,
        "author": {
          "gitId": "HengFuYuen"
        },
        "content": "package duke.task;"
      },
      {
        "lineNumber": 2,
        "author": {
          "gitId": "HengFuYuen"
        },
        "content": ""
      },
      {
        "lineNumber": 3,
        "author": {
          "gitId": "HengFuYuen"
        },
        "content": "public class Todo extends Task {"
      },
      {
        "lineNumber": 4,
        "author": {
          "gitId": "HengFuYuen"
        },
        "content": ""
      },
      {
        "lineNumber": 5,
        "author": {
          "gitId": "HengFuYuen"
        },
        "content": "    public Todo(String description) {"
      },
      {
        "lineNumber": 6,
        "author": {
          "gitId": "HengFuYuen"
        },
        "content": "        super(description);"
      },
      {
        "lineNumber": 7,
        "author": {
          "gitId": "HengFuYuen"
        },
        "content": "    }"
      },
      {
        "lineNumber": 8,
        "author": {
          "gitId": "HengFuYuen"
        },
        "content": ""
      },
      {
        "lineNumber": 9,
        "author": {
          "gitId": "HengFuYuen"
        },
        "content": "    @Override"
      },
      {
        "lineNumber": 10,
        "author": {
          "gitId": "HengFuYuen"
        },
        "content": "    public String toString() {"
      },
      {
        "lineNumber": 11,
        "author": {
          "gitId": "HengFuYuen"
        },
        "content": "        return \"[T]\" + super.toString();"
      },
      {
        "lineNumber": 12,
        "author": {
          "gitId": "HengFuYuen"
        },
        "content": "    }"
      },
      {
        "lineNumber": 13,
        "author": {
          "gitId": "HengFuYuen"
        },
        "content": "}"
      }
    ],
    "authorContributionMap": {
      "HengFuYuen": 13
    }
  },
  {
    "path": "text-ui-test/input.txt",
    "fileType": "txt",
    "lines": [
      {
        "lineNumber": 1,
        "author": {
          "gitId": "HengFuYuen"
        },
        "content": "done 1"
      },
      {
        "lineNumber": 2,
        "author": {
          "gitId": "HengFuYuen"
        },
        "content": "done"
      },
      {
        "lineNumber": 3,
        "author": {
          "gitId": "HengFuYuen"
        },
        "content": "read book"
      },
      {
        "lineNumber": 4,
        "author": {
          "gitId": "HengFuYuen"
        },
        "content": "todo read book"
      },
      {
        "lineNumber": 5,
        "author": {
          "gitId": "HengFuYuen"
        },
        "content": "deadline return book /by June 6th"
      },
      {
        "lineNumber": 6,
        "author": {
          "gitId": "HengFuYuen"
        },
        "content": "event project meeting /at Aug 6th 2-4pm"
      },
      {
        "lineNumber": 7,
        "author": {
          "gitId": "HengFuYuen"
        },
        "content": "todo join sports club"
      },
      {
        "lineNumber": 8,
        "author": {
          "gitId": "HengFuYuen"
        },
        "content": "done 1"
      },
      {
        "lineNumber": 9,
        "author": {
          "gitId": "HengFuYuen"
        },
        "content": "done 4"
      },
      {
        "lineNumber": 10,
        "author": {
          "gitId": "HengFuYuen"
        },
        "content": "todo borrow book"
      },
      {
        "lineNumber": 11,
        "author": {
          "gitId": "HengFuYuen"
        },
        "content": "list"
      },
      {
        "lineNumber": 12,
        "author": {
          "gitId": "HengFuYuen"
        },
        "content": "deadline return book /by Sunday"
      },
      {
        "lineNumber": 13,
        "author": {
          "gitId": "HengFuYuen"
        },
        "content": "event project meeting /at Mon 2-4pm"
      },
      {
        "lineNumber": 14,
        "author": {
          "gitId": "HengFuYuen"
        },
        "content": "buy bread"
      },
      {
        "lineNumber": 15,
        "author": {
          "gitId": "HengFuYuen"
        },
        "content": "list"
      },
      {
        "lineNumber": 16,
        "author": {
          "gitId": "HengFuYuen"
        },
        "content": "done 8"
      },
      {
        "lineNumber": 17,
        "author": {
          "gitId": "HengFuYuen"
        },
        "content": "list"
      },
      {
        "lineNumber": 18,
        "author": {
          "gitId": "HengFuYuen"
        },
        "content": "done"
      },
      {
        "lineNumber": 19,
        "author": {
          "gitId": "HengFuYuen"
        },
        "content": "todo"
      },
      {
        "lineNumber": 20,
        "author": {
          "gitId": "HengFuYuen"
        },
        "content": "deadline"
      },
      {
        "lineNumber": 21,
        "author": {
          "gitId": "HengFuYuen"
        },
        "content": "deadline return card"
      },
      {
        "lineNumber": 22,
        "author": {
          "gitId": "HengFuYuen"
        },
        "content": "event"
      },
      {
        "lineNumber": 23,
        "author": {
          "gitId": "HengFuYuen"
        },
        "content": "event class"
      },
      {
        "lineNumber": 24,
        "author": {
          "gitId": "HengFuYuen"
        },
        "content": "done -1"
      },
      {
        "lineNumber": 25,
        "author": {
          "gitId": "HengFuYuen"
        },
        "content": "done 5      6"
      },
      {
        "lineNumber": 26,
        "author": {
          "gitId": "HengFuYuen"
        },
        "content": "todobuybread"
      },
      {
        "lineNumber": 27,
        "author": {
          "gitId": "HengFuYuen"
        },
        "content": "todo     clean     room"
      },
      {
        "lineNumber": 28,
        "author": {
          "gitId": "HengFuYuen"
        },
        "content": "deadlinecs2113homework/byWednesday2359"
      },
      {
        "lineNumber": 29,
        "author": {
          "gitId": "HengFuYuen"
        },
        "content": "deadline     lab report     /by     Tuesday 12pm"
      },
      {
        "lineNumber": 30,
        "author": {
          "gitId": "HengFuYuen"
        },
        "content": "eventcareertalk/atMonday2pm-3pm"
      },
      {
        "lineNumber": 31,
        "author": {
          "gitId": "HengFuYuen"
        },
        "content": "event     interview     /at     Sunday     3-4pm"
      },
      {
        "lineNumber": 32,
        "author": {
          "gitId": "HengFuYuen"
        },
        "content": "done nothing"
      },
      {
        "lineNumber": 33,
        "author": {
          "gitId": "HengFuYuen"
        },
        "content": "list"
      },
      {
        "lineNumber": 34,
        "author": {
          "gitId": "HengFuYuen"
        },
        "content": "done 11"
      },
      {
        "lineNumber": 35,
        "author": {
          "gitId": "HengFuYuen"
        },
        "content": "done12"
      },
      {
        "lineNumber": 36,
        "author": {
          "gitId": "HengFuYuen"
        },
        "content": "list"
      },
      {
        "lineNumber": 37,
        "author": {
          "gitId": "HengFuYuen"
        },
        "content": "deadline report 02/11/2020"
      },
      {
        "lineNumber": 38,
        "author": {
          "gitId": "HengFuYuen"
        },
        "content": "event class Friday 4-6pm"
      },
      {
        "lineNumber": 39,
        "author": {
          "gitId": "HengFuYuen"
        },
        "content": "bye bye"
      },
      {
        "lineNumber": 40,
        "author": {
          "gitId": "HengFuYuen"
        },
        "content": "bye"
      }
    ],
    "authorContributionMap": {
      "HengFuYuen": 40
    }
  },
  {
    "path": "text-ui-test/runtest.bat",
    "fileType": "bat",
    "lines": [
      {
        "lineNumber": 1,
        "author": {
          "gitId": "-"
        },
        "content": "@ECHO OFF"
      },
      {
        "lineNumber": 2,
        "author": {
          "gitId": "-"
        },
        "content": ""
      },
      {
        "lineNumber": 3,
        "author": {
          "gitId": "-"
        },
        "content": "REM create bin directory if it doesn\u0027t exist"
      },
      {
        "lineNumber": 4,
        "author": {
          "gitId": "-"
        },
        "content": "if not exist ..\\bin mkdir ..\\bin"
      },
      {
        "lineNumber": 5,
        "author": {
          "gitId": "-"
        },
        "content": ""
      },
      {
        "lineNumber": 6,
        "author": {
          "gitId": "-"
        },
        "content": "REM delete output from previous run"
      },
      {
        "lineNumber": 7,
        "author": {
          "gitId": "-"
        },
        "content": "del ACTUAL.TXT"
      },
      {
        "lineNumber": 8,
        "author": {
          "gitId": "-"
        },
        "content": ""
      },
      {
        "lineNumber": 9,
        "author": {
          "gitId": "-"
        },
        "content": "REM compile the code into the bin folder"
      },
      {
        "lineNumber": 10,
        "author": {
          "gitId": "HengFuYuen"
        },
        "content": "javac  -cp ..\\src -Xlint:none -d ..\\bin ..\\src\\main\\java\\duke\\*.java ..\\src\\main\\java\\duke\\exception\\*.java ..\\src\\main\\java\\duke\\task\\*.java"
      },
      {
        "lineNumber": 11,
        "author": {
          "gitId": "-"
        },
        "content": "IF ERRORLEVEL 1 ("
      },
      {
        "lineNumber": 12,
        "author": {
          "gitId": "-"
        },
        "content": "    echo ********** BUILD FAILURE **********"
      },
      {
        "lineNumber": 13,
        "author": {
          "gitId": "-"
        },
        "content": "    exit /b 1"
      },
      {
        "lineNumber": 14,
        "author": {
          "gitId": "-"
        },
        "content": ")"
      },
      {
        "lineNumber": 15,
        "author": {
          "gitId": "-"
        },
        "content": "REM no error here, errorlevel \u003d\u003d 0"
      },
      {
        "lineNumber": 16,
        "author": {
          "gitId": "-"
        },
        "content": ""
      },
      {
        "lineNumber": 17,
        "author": {
          "gitId": "-"
        },
        "content": "REM run the program, feed commands from input.txt file and redirect the output to the ACTUAL.TXT"
      },
      {
        "lineNumber": 18,
        "author": {
          "gitId": "HengFuYuen"
        },
        "content": "java -Dfile.encoding\u003dUTF-8 -classpath ../bin Duke \u003c input.txt \u003e ACTUAL.TXT"
      },
      {
        "lineNumber": 19,
        "author": {
          "gitId": "-"
        },
        "content": ""
      },
      {
        "lineNumber": 20,
        "author": {
          "gitId": "-"
        },
        "content": "REM compare the output to the expected output"
      },
      {
        "lineNumber": 21,
        "author": {
          "gitId": "-"
        },
        "content": "FC ACTUAL.TXT EXPECTED.TXT"
      }
    ],
    "authorContributionMap": {
      "HengFuYuen": 2,
      "-": 19
    }
  }
]
