[
  {
    "path": "src/main/java/Deadline.java",
    "fileType": "java",
    "lines": [
      {
        "lineNumber": 1,
        "author": {
          "gitId": "gmit22"
        },
        "content": "public class Deadline extends Task {"
      },
      {
        "lineNumber": 2,
        "author": {
          "gitId": "gmit22"
        },
        "content": ""
      },
      {
        "lineNumber": 3,
        "author": {
          "gitId": "gmit22"
        },
        "content": "    String date;"
      },
      {
        "lineNumber": 4,
        "author": {
          "gitId": "gmit22"
        },
        "content": ""
      },
      {
        "lineNumber": 5,
        "author": {
          "gitId": "gmit22"
        },
        "content": "    public Deadline(String description, String date) {"
      },
      {
        "lineNumber": 6,
        "author": {
          "gitId": "gmit22"
        },
        "content": "        super(description);"
      },
      {
        "lineNumber": 7,
        "author": {
          "gitId": "gmit22"
        },
        "content": "        this.date \u003d date;"
      },
      {
        "lineNumber": 8,
        "author": {
          "gitId": "gmit22"
        },
        "content": "    }"
      },
      {
        "lineNumber": 9,
        "author": {
          "gitId": "gmit22"
        },
        "content": ""
      },
      {
        "lineNumber": 10,
        "author": {
          "gitId": "gmit22"
        },
        "content": "    @Override"
      },
      {
        "lineNumber": 11,
        "author": {
          "gitId": "gmit22"
        },
        "content": "    public String toString() {"
      },
      {
        "lineNumber": 12,
        "author": {
          "gitId": "gmit22"
        },
        "content": "        return \"[D]\" + super.toString() + \" (by: \" + date +\")\";"
      },
      {
        "lineNumber": 13,
        "author": {
          "gitId": "gmit22"
        },
        "content": "    }"
      },
      {
        "lineNumber": 14,
        "author": {
          "gitId": "gmit22"
        },
        "content": "}"
      }
    ],
    "authorContributionMap": {
      "gmit22": 14
    }
  },
  {
    "path": "src/main/java/Duke.java",
    "fileType": "java",
    "lines": [
      {
        "lineNumber": 1,
        "author": {
          "gitId": "gmit22"
        },
        "content": "import java.util.Scanner;"
      },
      {
        "lineNumber": 2,
        "author": {
          "gitId": "gmit22"
        },
        "content": ""
      },
      {
        "lineNumber": 3,
        "author": {
          "gitId": "-"
        },
        "content": "public class Duke {"
      },
      {
        "lineNumber": 4,
        "author": {
          "gitId": "gmit22"
        },
        "content": ""
      },
      {
        "lineNumber": 5,
        "author": {
          "gitId": "gmit22"
        },
        "content": "    public static void printLine(int n) {"
      },
      {
        "lineNumber": 6,
        "author": {
          "gitId": "gmit22"
        },
        "content": "        System.out.println(\"\\t\" + \"-\".repeat(n));"
      },
      {
        "lineNumber": 7,
        "author": {
          "gitId": "gmit22"
        },
        "content": "    }"
      },
      {
        "lineNumber": 8,
        "author": {
          "gitId": "gmit22"
        },
        "content": ""
      },
      {
        "lineNumber": 9,
        "author": {
          "gitId": "gmit22"
        },
        "content": "    public static void printGreeting() {"
      },
      {
        "lineNumber": 10,
        "author": {
          "gitId": "gmit22"
        },
        "content": "        printLine(60);"
      },
      {
        "lineNumber": 11,
        "author": {
          "gitId": "gmit22"
        },
        "content": "        System.out.println(\"\\t\" + \"Hello! I\u0027m Duke \\n    What can I do for you?\");"
      },
      {
        "lineNumber": 12,
        "author": {
          "gitId": "gmit22"
        },
        "content": "        printLine(60);"
      },
      {
        "lineNumber": 13,
        "author": {
          "gitId": "gmit22"
        },
        "content": "    }"
      },
      {
        "lineNumber": 14,
        "author": {
          "gitId": "gmit22"
        },
        "content": ""
      },
      {
        "lineNumber": 15,
        "author": {
          "gitId": "-"
        },
        "content": "    public static void main(String[] args) {"
      },
      {
        "lineNumber": 16,
        "author": {
          "gitId": "gmit22"
        },
        "content": "        printGreeting();"
      },
      {
        "lineNumber": 17,
        "author": {
          "gitId": "gmit22"
        },
        "content": "        Task[] tsk \u003d new Task[100];"
      },
      {
        "lineNumber": 18,
        "author": {
          "gitId": "gmit22"
        },
        "content": "        Scanner in \u003d new Scanner(System.in);"
      },
      {
        "lineNumber": 19,
        "author": {
          "gitId": "gmit22"
        },
        "content": "        String input;"
      },
      {
        "lineNumber": 20,
        "author": {
          "gitId": "gmit22"
        },
        "content": "        input \u003d in.nextLine();"
      },
      {
        "lineNumber": 21,
        "author": {
          "gitId": "gmit22"
        },
        "content": "        String command;"
      },
      {
        "lineNumber": 22,
        "author": {
          "gitId": "gmit22"
        },
        "content": "//        System.out.println(Task.getTaskCount());"
      },
      {
        "lineNumber": 23,
        "author": {
          "gitId": "gmit22"
        },
        "content": "        int spacePos;"
      },
      {
        "lineNumber": 24,
        "author": {
          "gitId": "gmit22"
        },
        "content": "        String eventDone;"
      },
      {
        "lineNumber": 25,
        "author": {
          "gitId": "gmit22"
        },
        "content": ""
      },
      {
        "lineNumber": 26,
        "author": {
          "gitId": "gmit22"
        },
        "content": "        while (!input.equals(\"bye\")) {"
      },
      {
        "lineNumber": 27,
        "author": {
          "gitId": "gmit22"
        },
        "content": "            spacePos \u003d input.indexOf(\" \");"
      },
      {
        "lineNumber": 28,
        "author": {
          "gitId": "gmit22"
        },
        "content": "            command \u003d spacePos \u003e 0 ? input.substring(0, spacePos) : input;"
      },
      {
        "lineNumber": 29,
        "author": {
          "gitId": "gmit22"
        },
        "content": "            printLine(60);"
      },
      {
        "lineNumber": 30,
        "author": {
          "gitId": "gmit22"
        },
        "content": "            switch (command) {"
      },
      {
        "lineNumber": 31,
        "author": {
          "gitId": "gmit22"
        },
        "content": "            case \"done\":"
      },
      {
        "lineNumber": 32,
        "author": {
          "gitId": "gmit22"
        },
        "content": "                eventDone \u003d input.substring(spacePos + 1);"
      },
      {
        "lineNumber": 33,
        "author": {
          "gitId": "gmit22"
        },
        "content": "                taskDone(tsk, eventDone);"
      },
      {
        "lineNumber": 34,
        "author": {
          "gitId": "gmit22"
        },
        "content": "                break;"
      },
      {
        "lineNumber": 35,
        "author": {
          "gitId": "gmit22"
        },
        "content": "            case \"list\":"
      },
      {
        "lineNumber": 36,
        "author": {
          "gitId": "gmit22"
        },
        "content": "                //print list of items"
      },
      {
        "lineNumber": 37,
        "author": {
          "gitId": "gmit22"
        },
        "content": "                listTasks(tsk);"
      },
      {
        "lineNumber": 38,
        "author": {
          "gitId": "gmit22"
        },
        "content": "                break;"
      },
      {
        "lineNumber": 39,
        "author": {
          "gitId": "gmit22"
        },
        "content": "            case \"todo\":"
      },
      {
        "lineNumber": 40,
        "author": {
          "gitId": "gmit22"
        },
        "content": "                String toDoTask \u003d input.substring(spacePos + 1);"
      },
      {
        "lineNumber": 41,
        "author": {
          "gitId": "gmit22"
        },
        "content": "                addToDo(tsk, toDoTask);"
      },
      {
        "lineNumber": 42,
        "author": {
          "gitId": "gmit22"
        },
        "content": "                break;"
      },
      {
        "lineNumber": 43,
        "author": {
          "gitId": "gmit22"
        },
        "content": "            case \"deadline\":"
      },
      {
        "lineNumber": 44,
        "author": {
          "gitId": "gmit22"
        },
        "content": "                String deadlineTask \u003d input.substring(spacePos + 1);"
      },
      {
        "lineNumber": 45,
        "author": {
          "gitId": "gmit22"
        },
        "content": "                addDeadline(tsk, deadlineTask);"
      },
      {
        "lineNumber": 46,
        "author": {
          "gitId": "gmit22"
        },
        "content": "                break;"
      },
      {
        "lineNumber": 47,
        "author": {
          "gitId": "gmit22"
        },
        "content": "            case \"event\":"
      },
      {
        "lineNumber": 48,
        "author": {
          "gitId": "gmit22"
        },
        "content": "                String eventTask \u003d input.substring(spacePos + 1);"
      },
      {
        "lineNumber": 49,
        "author": {
          "gitId": "gmit22"
        },
        "content": "                addEvent(tsk, eventTask);"
      },
      {
        "lineNumber": 50,
        "author": {
          "gitId": "gmit22"
        },
        "content": "                break;"
      },
      {
        "lineNumber": 51,
        "author": {
          "gitId": "gmit22"
        },
        "content": "            default:"
      },
      {
        "lineNumber": 52,
        "author": {
          "gitId": "gmit22"
        },
        "content": "                break;"
      },
      {
        "lineNumber": 53,
        "author": {
          "gitId": "gmit22"
        },
        "content": "            }"
      },
      {
        "lineNumber": 54,
        "author": {
          "gitId": "gmit22"
        },
        "content": "            printLine(60);"
      },
      {
        "lineNumber": 55,
        "author": {
          "gitId": "gmit22"
        },
        "content": "            input \u003d in.nextLine();"
      },
      {
        "lineNumber": 56,
        "author": {
          "gitId": "gmit22"
        },
        "content": "        }"
      },
      {
        "lineNumber": 57,
        "author": {
          "gitId": "gmit22"
        },
        "content": "        exit();"
      },
      {
        "lineNumber": 58,
        "author": {
          "gitId": "gmit22"
        },
        "content": "    }"
      },
      {
        "lineNumber": 59,
        "author": {
          "gitId": "gmit22"
        },
        "content": ""
      },
      {
        "lineNumber": 60,
        "author": {
          "gitId": "gmit22"
        },
        "content": "    public static void exit() {"
      },
      {
        "lineNumber": 61,
        "author": {
          "gitId": "gmit22"
        },
        "content": "        printLine(60);"
      },
      {
        "lineNumber": 62,
        "author": {
          "gitId": "gmit22"
        },
        "content": "        System.out.println(\"\\t\" + \"Bye! Hope to see you again soon!\");"
      },
      {
        "lineNumber": 63,
        "author": {
          "gitId": "gmit22"
        },
        "content": "        System.out.println(\"\\tYou currently have \" + Task.getTaskLeft() + \" tasks left\");"
      },
      {
        "lineNumber": 64,
        "author": {
          "gitId": "gmit22"
        },
        "content": "        System.out.println(\"\\t\" + \"Happy to help you organize work. Anywhere, anytime!\");"
      },
      {
        "lineNumber": 65,
        "author": {
          "gitId": "gmit22"
        },
        "content": "        printLine(60);"
      },
      {
        "lineNumber": 66,
        "author": {
          "gitId": "gmit22"
        },
        "content": "    }"
      },
      {
        "lineNumber": 67,
        "author": {
          "gitId": "gmit22"
        },
        "content": ""
      },
      {
        "lineNumber": 68,
        "author": {
          "gitId": "gmit22"
        },
        "content": "    private static void addEvent(Task[] tsk, String eventTask) {"
      },
      {
        "lineNumber": 69,
        "author": {
          "gitId": "gmit22"
        },
        "content": "        int slot \u003d eventTask.indexOf(\"/\");"
      },
      {
        "lineNumber": 70,
        "author": {
          "gitId": "gmit22"
        },
        "content": "        String description \u003d eventTask.substring(0, slot - 1);"
      },
      {
        "lineNumber": 71,
        "author": {
          "gitId": "gmit22"
        },
        "content": "        Event newItem \u003d new Event(description, eventTask.substring(slot + 4));"
      },
      {
        "lineNumber": 72,
        "author": {
          "gitId": "gmit22"
        },
        "content": "        tsk[Task.getTaskCount() - 1] \u003d newItem;"
      },
      {
        "lineNumber": 73,
        "author": {
          "gitId": "gmit22"
        },
        "content": ""
      },
      {
        "lineNumber": 74,
        "author": {
          "gitId": "gmit22"
        },
        "content": "        System.out.println(\"\\t\" + \"Got it. I\u0027ve added this to your custom-list: \");"
      },
      {
        "lineNumber": 75,
        "author": {
          "gitId": "gmit22"
        },
        "content": "        System.out.println(\"\\t\\t\" + tsk[Task.getTaskCount() - 1].toString());"
      },
      {
        "lineNumber": 76,
        "author": {
          "gitId": "gmit22"
        },
        "content": "        System.out.println(\"\\t\" + \"Now you have \" + Task.getTaskCount() + \" tasks in your list :)\");"
      },
      {
        "lineNumber": 77,
        "author": {
          "gitId": "gmit22"
        },
        "content": "    }"
      },
      {
        "lineNumber": 78,
        "author": {
          "gitId": "gmit22"
        },
        "content": ""
      },
      {
        "lineNumber": 79,
        "author": {
          "gitId": "gmit22"
        },
        "content": "    private static void addDeadline(Task[] tsk, String deadlineTask) {"
      },
      {
        "lineNumber": 80,
        "author": {
          "gitId": "gmit22"
        },
        "content": "        int deadline \u003d deadlineTask.indexOf(\"/\");"
      },
      {
        "lineNumber": 81,
        "author": {
          "gitId": "gmit22"
        },
        "content": "        String description \u003d deadlineTask.substring(0, deadline - 1);"
      },
      {
        "lineNumber": 82,
        "author": {
          "gitId": "gmit22"
        },
        "content": "        Deadline newItem \u003d new Deadline(description, deadlineTask.substring(deadline + 4));"
      },
      {
        "lineNumber": 83,
        "author": {
          "gitId": "gmit22"
        },
        "content": "        tsk[Task.getTaskCount() - 1] \u003d newItem;"
      },
      {
        "lineNumber": 84,
        "author": {
          "gitId": "gmit22"
        },
        "content": ""
      },
      {
        "lineNumber": 85,
        "author": {
          "gitId": "gmit22"
        },
        "content": "        System.out.println(\"\\t\" + \"Got it. I\u0027ve added this to your custom-list: \");"
      },
      {
        "lineNumber": 86,
        "author": {
          "gitId": "gmit22"
        },
        "content": "        System.out.println(\"\\t\\t\" + tsk[Task.getTaskCount() - 1].toString());"
      },
      {
        "lineNumber": 87,
        "author": {
          "gitId": "gmit22"
        },
        "content": "        System.out.println(\"\\t\" + \"Now you have \" + Task.getTaskCount() + \" tasks in your list :)\");"
      },
      {
        "lineNumber": 88,
        "author": {
          "gitId": "gmit22"
        },
        "content": "    }"
      },
      {
        "lineNumber": 89,
        "author": {
          "gitId": "gmit22"
        },
        "content": ""
      },
      {
        "lineNumber": 90,
        "author": {
          "gitId": "gmit22"
        },
        "content": "    private static void addToDo(Task[] tsk, String input) {"
      },
      {
        "lineNumber": 91,
        "author": {
          "gitId": "gmit22"
        },
        "content": "        ToDo newItem \u003d new ToDo(input);"
      },
      {
        "lineNumber": 92,
        "author": {
          "gitId": "gmit22"
        },
        "content": "        tsk[Task.getTaskCount() - 1] \u003d newItem;"
      },
      {
        "lineNumber": 93,
        "author": {
          "gitId": "gmit22"
        },
        "content": "        System.out.println(\"\\t Got it. I\u0027ve added this to your custom-list: \");"
      },
      {
        "lineNumber": 94,
        "author": {
          "gitId": "gmit22"
        },
        "content": "        System.out.println(\"\\t\\t\" + tsk[Task.getTaskCount() - 1].toString());"
      },
      {
        "lineNumber": 95,
        "author": {
          "gitId": "gmit22"
        },
        "content": "        System.out.println(\"\\t Now you have \" + Task.getTaskCount() + \" tasks in your list :)\");"
      },
      {
        "lineNumber": 96,
        "author": {
          "gitId": "gmit22"
        },
        "content": "    }"
      },
      {
        "lineNumber": 97,
        "author": {
          "gitId": "gmit22"
        },
        "content": ""
      },
      {
        "lineNumber": 98,
        "author": {
          "gitId": "gmit22"
        },
        "content": "    private static void taskDone(Task[] tsk, String eventDone) {"
      },
      {
        "lineNumber": 99,
        "author": {
          "gitId": "gmit22"
        },
        "content": "        int index \u003d extractTaskNumber(eventDone);"
      },
      {
        "lineNumber": 100,
        "author": {
          "gitId": "gmit22"
        },
        "content": "        if (index \u003d\u003d 0 | index \u003e Task.getTaskCount()) {"
      },
      {
        "lineNumber": 101,
        "author": {
          "gitId": "gmit22"
        },
        "content": "            System.out.println(\"\\t\" + \"Invalid task number\");"
      },
      {
        "lineNumber": 102,
        "author": {
          "gitId": "gmit22"
        },
        "content": "        } else {"
      },
      {
        "lineNumber": 103,
        "author": {
          "gitId": "gmit22"
        },
        "content": "            tsk[index - 1].markAsDone();"
      },
      {
        "lineNumber": 104,
        "author": {
          "gitId": "gmit22"
        },
        "content": "            Task.markTaskCompleted();"
      },
      {
        "lineNumber": 105,
        "author": {
          "gitId": "gmit22"
        },
        "content": "            System.out.println(\"\\t\" + \"Nice! I\u0027ve marked this task as done:\");"
      },
      {
        "lineNumber": 106,
        "author": {
          "gitId": "gmit22"
        },
        "content": "            System.out.println(\"\\t\\t\" + tsk[index - 1].toString());"
      },
      {
        "lineNumber": 107,
        "author": {
          "gitId": "gmit22"
        },
        "content": "            System.out.println(\"\\t\" + \"Type \\\"list\\\" to see a list of pending tasks\");"
      },
      {
        "lineNumber": 108,
        "author": {
          "gitId": "gmit22"
        },
        "content": "        }"
      },
      {
        "lineNumber": 109,
        "author": {
          "gitId": "gmit22"
        },
        "content": "    }"
      },
      {
        "lineNumber": 110,
        "author": {
          "gitId": "gmit22"
        },
        "content": ""
      },
      {
        "lineNumber": 111,
        "author": {
          "gitId": "gmit22"
        },
        "content": "    private static void addTask(Task[] tsk, String taskDescription) {"
      },
      {
        "lineNumber": 112,
        "author": {
          "gitId": "gmit22"
        },
        "content": "        Task newTask \u003d new Task(taskDescription);"
      },
      {
        "lineNumber": 113,
        "author": {
          "gitId": "gmit22"
        },
        "content": "        tsk[Task.getTaskCount() - 1] \u003d newTask;"
      },
      {
        "lineNumber": 114,
        "author": {
          "gitId": "gmit22"
        },
        "content": "    }"
      },
      {
        "lineNumber": 115,
        "author": {
          "gitId": "gmit22"
        },
        "content": ""
      },
      {
        "lineNumber": 116,
        "author": {
          "gitId": "gmit22"
        },
        "content": "    private static void listTasks(Task[] tsk) {"
      },
      {
        "lineNumber": 117,
        "author": {
          "gitId": "gmit22"
        },
        "content": "        int j;"
      },
      {
        "lineNumber": 118,
        "author": {
          "gitId": "gmit22"
        },
        "content": "        if (Task.getTaskCount() \u003d\u003d 0) {"
      },
      {
        "lineNumber": 119,
        "author": {
          "gitId": "gmit22"
        },
        "content": "            System.out.println(\"\\t\" + \"You currently have no tasks\");"
      },
      {
        "lineNumber": 120,
        "author": {
          "gitId": "gmit22"
        },
        "content": "            System.out.println(\"\\t\" + \"To update your to-do list, just type the task\");"
      },
      {
        "lineNumber": 121,
        "author": {
          "gitId": "gmit22"
        },
        "content": "        } else {"
      },
      {
        "lineNumber": 122,
        "author": {
          "gitId": "gmit22"
        },
        "content": "            System.out.println(\"\\t\" + \"Here are the tasks in your list:\");"
      },
      {
        "lineNumber": 123,
        "author": {
          "gitId": "gmit22"
        },
        "content": "            for (j \u003d 0; j \u003c Task.getTaskCount(); j++) {"
      },
      {
        "lineNumber": 124,
        "author": {
          "gitId": "gmit22"
        },
        "content": "                System.out.println(\"\\t\" + (j + 1) + \". \" + tsk[j].toString());"
      },
      {
        "lineNumber": 125,
        "author": {
          "gitId": "gmit22"
        },
        "content": "            }"
      },
      {
        "lineNumber": 126,
        "author": {
          "gitId": "gmit22"
        },
        "content": "        }"
      },
      {
        "lineNumber": 127,
        "author": {
          "gitId": "gmit22"
        },
        "content": "    }"
      },
      {
        "lineNumber": 128,
        "author": {
          "gitId": "gmit22"
        },
        "content": ""
      },
      {
        "lineNumber": 129,
        "author": {
          "gitId": "gmit22"
        },
        "content": "    private static int extractTaskNumber(String command) {"
      },
      {
        "lineNumber": 130,
        "author": {
          "gitId": "gmit22"
        },
        "content": "        int itemNo;"
      },
      {
        "lineNumber": 131,
        "author": {
          "gitId": "gmit22"
        },
        "content": "        try {"
      },
      {
        "lineNumber": 132,
        "author": {
          "gitId": "gmit22"
        },
        "content": "            itemNo \u003d Integer.parseInt(command);"
      },
      {
        "lineNumber": 133,
        "author": {
          "gitId": "gmit22"
        },
        "content": "        } catch (NumberFormatException e) {"
      },
      {
        "lineNumber": 134,
        "author": {
          "gitId": "gmit22"
        },
        "content": "            itemNo \u003d 0;"
      },
      {
        "lineNumber": 135,
        "author": {
          "gitId": "gmit22"
        },
        "content": "        }"
      },
      {
        "lineNumber": 136,
        "author": {
          "gitId": "gmit22"
        },
        "content": "        return itemNo;"
      },
      {
        "lineNumber": 137,
        "author": {
          "gitId": "-"
        },
        "content": "    }"
      },
      {
        "lineNumber": 138,
        "author": {
          "gitId": "-"
        },
        "content": "}"
      }
    ],
    "authorContributionMap": {
      "gmit22": 134,
      "-": 4
    }
  },
  {
    "path": "src/main/java/Event.java",
    "fileType": "java",
    "lines": [
      {
        "lineNumber": 1,
        "author": {
          "gitId": "gmit22"
        },
        "content": "public class Event extends Task {"
      },
      {
        "lineNumber": 2,
        "author": {
          "gitId": "gmit22"
        },
        "content": "    String at;"
      },
      {
        "lineNumber": 3,
        "author": {
          "gitId": "gmit22"
        },
        "content": ""
      },
      {
        "lineNumber": 4,
        "author": {
          "gitId": "gmit22"
        },
        "content": "    public Event(String description, String at) {"
      },
      {
        "lineNumber": 5,
        "author": {
          "gitId": "gmit22"
        },
        "content": "        super(description);"
      },
      {
        "lineNumber": 6,
        "author": {
          "gitId": "gmit22"
        },
        "content": "        this.at \u003d at;"
      },
      {
        "lineNumber": 7,
        "author": {
          "gitId": "gmit22"
        },
        "content": "    }"
      },
      {
        "lineNumber": 8,
        "author": {
          "gitId": "gmit22"
        },
        "content": "    public String toString() {"
      },
      {
        "lineNumber": 9,
        "author": {
          "gitId": "gmit22"
        },
        "content": "        return \"[E]\" + super.toString() + \" (at: \" +at +\")\" ;"
      },
      {
        "lineNumber": 10,
        "author": {
          "gitId": "gmit22"
        },
        "content": "    }"
      },
      {
        "lineNumber": 11,
        "author": {
          "gitId": "gmit22"
        },
        "content": "}"
      }
    ],
    "authorContributionMap": {
      "gmit22": 11
    }
  },
  {
    "path": "src/main/java/Task.java",
    "fileType": "java",
    "lines": [
      {
        "lineNumber": 1,
        "author": {
          "gitId": "gmit22"
        },
        "content": "public class Task {"
      },
      {
        "lineNumber": 2,
        "author": {
          "gitId": "gmit22"
        },
        "content": "    protected static int taskCount \u003d 0;"
      },
      {
        "lineNumber": 3,
        "author": {
          "gitId": "gmit22"
        },
        "content": "    protected static int taskLeft \u003d 0;"
      },
      {
        "lineNumber": 4,
        "author": {
          "gitId": "gmit22"
        },
        "content": "    protected String description;"
      },
      {
        "lineNumber": 5,
        "author": {
          "gitId": "gmit22"
        },
        "content": "    protected boolean isDone;"
      },
      {
        "lineNumber": 6,
        "author": {
          "gitId": "gmit22"
        },
        "content": ""
      },
      {
        "lineNumber": 7,
        "author": {
          "gitId": "gmit22"
        },
        "content": "    public Task(String description) {"
      },
      {
        "lineNumber": 8,
        "author": {
          "gitId": "gmit22"
        },
        "content": "        this.description \u003d description;"
      },
      {
        "lineNumber": 9,
        "author": {
          "gitId": "gmit22"
        },
        "content": "        this.isDone \u003d false;"
      },
      {
        "lineNumber": 10,
        "author": {
          "gitId": "gmit22"
        },
        "content": "        taskCount++;"
      },
      {
        "lineNumber": 11,
        "author": {
          "gitId": "gmit22"
        },
        "content": "        taskLeft++;"
      },
      {
        "lineNumber": 12,
        "author": {
          "gitId": "gmit22"
        },
        "content": "    }"
      },
      {
        "lineNumber": 13,
        "author": {
          "gitId": "gmit22"
        },
        "content": "    public static int getTaskCount() {"
      },
      {
        "lineNumber": 14,
        "author": {
          "gitId": "gmit22"
        },
        "content": "        return taskCount;"
      },
      {
        "lineNumber": 15,
        "author": {
          "gitId": "gmit22"
        },
        "content": "    }"
      },
      {
        "lineNumber": 16,
        "author": {
          "gitId": "gmit22"
        },
        "content": "    public static void markTaskCompleted() {"
      },
      {
        "lineNumber": 17,
        "author": {
          "gitId": "gmit22"
        },
        "content": "        taskLeft--;"
      },
      {
        "lineNumber": 18,
        "author": {
          "gitId": "gmit22"
        },
        "content": "    }"
      },
      {
        "lineNumber": 19,
        "author": {
          "gitId": "gmit22"
        },
        "content": "    public static int getTaskLeft() {"
      },
      {
        "lineNumber": 20,
        "author": {
          "gitId": "gmit22"
        },
        "content": "        return taskLeft;"
      },
      {
        "lineNumber": 21,
        "author": {
          "gitId": "gmit22"
        },
        "content": "    }"
      },
      {
        "lineNumber": 22,
        "author": {
          "gitId": "gmit22"
        },
        "content": "    public String getStatusIcon() {"
      },
      {
        "lineNumber": 23,
        "author": {
          "gitId": "gmit22"
        },
        "content": "        return (isDone ? \"\\u2713\" : \"\\u2718\"); //return tick or X symbols"
      },
      {
        "lineNumber": 24,
        "author": {
          "gitId": "gmit22"
        },
        "content": "    }"
      },
      {
        "lineNumber": 25,
        "author": {
          "gitId": "gmit22"
        },
        "content": "    public void markAsDone() {"
      },
      {
        "lineNumber": 26,
        "author": {
          "gitId": "gmit22"
        },
        "content": "        this.isDone \u003d true;"
      },
      {
        "lineNumber": 27,
        "author": {
          "gitId": "gmit22"
        },
        "content": "    }"
      },
      {
        "lineNumber": 28,
        "author": {
          "gitId": "gmit22"
        },
        "content": "    public String toString() {"
      },
      {
        "lineNumber": 29,
        "author": {
          "gitId": "gmit22"
        },
        "content": "        return \"[\" + this.getStatusIcon() + \"] \" + this.description;"
      },
      {
        "lineNumber": 30,
        "author": {
          "gitId": "gmit22"
        },
        "content": "    }"
      },
      {
        "lineNumber": 31,
        "author": {
          "gitId": "gmit22"
        },
        "content": "}"
      }
    ],
    "authorContributionMap": {
      "gmit22": 31
    }
  },
  {
    "path": "src/main/java/ToDo.java",
    "fileType": "java",
    "lines": [
      {
        "lineNumber": 1,
        "author": {
          "gitId": "gmit22"
        },
        "content": "public class ToDo extends Task {"
      },
      {
        "lineNumber": 2,
        "author": {
          "gitId": "gmit22"
        },
        "content": ""
      },
      {
        "lineNumber": 3,
        "author": {
          "gitId": "gmit22"
        },
        "content": "    public ToDo(String description) {"
      },
      {
        "lineNumber": 4,
        "author": {
          "gitId": "gmit22"
        },
        "content": "        super(description);"
      },
      {
        "lineNumber": 5,
        "author": {
          "gitId": "gmit22"
        },
        "content": "    }"
      },
      {
        "lineNumber": 6,
        "author": {
          "gitId": "gmit22"
        },
        "content": ""
      },
      {
        "lineNumber": 7,
        "author": {
          "gitId": "gmit22"
        },
        "content": "    @Override"
      },
      {
        "lineNumber": 8,
        "author": {
          "gitId": "gmit22"
        },
        "content": "    public String toString() {"
      },
      {
        "lineNumber": 9,
        "author": {
          "gitId": "gmit22"
        },
        "content": "        return \"[T]\" + super.toString();"
      },
      {
        "lineNumber": 10,
        "author": {
          "gitId": "gmit22"
        },
        "content": "    }"
      },
      {
        "lineNumber": 11,
        "author": {
          "gitId": "gmit22"
        },
        "content": "}"
      }
    ],
    "authorContributionMap": {
      "gmit22": 11
    }
  },
  {
    "path": "text-ui-test/input.txt",
    "fileType": "txt",
    "lines": [
      {
        "lineNumber": 1,
        "author": {
          "gitId": "gmit22"
        },
        "content": "list"
      },
      {
        "lineNumber": 2,
        "author": {
          "gitId": "gmit22"
        },
        "content": "todo read books"
      },
      {
        "lineNumber": 3,
        "author": {
          "gitId": "gmit22"
        },
        "content": "bye"
      }
    ],
    "authorContributionMap": {
      "gmit22": 3
    }
  },
  {
    "path": "text-ui-test/runtest.bat",
    "fileType": "bat",
    "lines": [
      {
        "lineNumber": 1,
        "author": {
          "gitId": "-"
        },
        "content": "@ECHO OFF"
      },
      {
        "lineNumber": 2,
        "author": {
          "gitId": "-"
        },
        "content": ""
      },
      {
        "lineNumber": 3,
        "author": {
          "gitId": "-"
        },
        "content": "REM create bin directory if it doesn\u0027t exist"
      },
      {
        "lineNumber": 4,
        "author": {
          "gitId": "-"
        },
        "content": "if not exist ..\\bin mkdir ..\\bin"
      },
      {
        "lineNumber": 5,
        "author": {
          "gitId": "-"
        },
        "content": ""
      },
      {
        "lineNumber": 6,
        "author": {
          "gitId": "-"
        },
        "content": "REM delete output from previous run"
      },
      {
        "lineNumber": 7,
        "author": {
          "gitId": "-"
        },
        "content": "del ACTUAL.TXT"
      },
      {
        "lineNumber": 8,
        "author": {
          "gitId": "-"
        },
        "content": ""
      },
      {
        "lineNumber": 9,
        "author": {
          "gitId": "-"
        },
        "content": "REM compile the code into the bin folder"
      },
      {
        "lineNumber": 10,
        "author": {
          "gitId": "gmit22"
        },
        "content": "javac -cp ..\\src -Xlint:none -d ..\\bin\\main\\java ..\\src\\main\\java\\*.java"
      },
      {
        "lineNumber": 11,
        "author": {
          "gitId": "-"
        },
        "content": "IF ERRORLEVEL 1 ("
      },
      {
        "lineNumber": 12,
        "author": {
          "gitId": "-"
        },
        "content": "    echo ********** BUILD FAILURE **********"
      },
      {
        "lineNumber": 13,
        "author": {
          "gitId": "-"
        },
        "content": "    exit /b 1"
      },
      {
        "lineNumber": 14,
        "author": {
          "gitId": "-"
        },
        "content": ")"
      },
      {
        "lineNumber": 15,
        "author": {
          "gitId": "-"
        },
        "content": "REM no error here, errorlevel \u003d\u003d 0"
      },
      {
        "lineNumber": 16,
        "author": {
          "gitId": "-"
        },
        "content": ""
      },
      {
        "lineNumber": 17,
        "author": {
          "gitId": "-"
        },
        "content": "REM run the program, feed commands from input.txt file and redirect the output to the ACTUAL.TXT"
      },
      {
        "lineNumber": 18,
        "author": {
          "gitId": "gmit22"
        },
        "content": "java -Dfile.encoding\u003dUTF-8 -classpath ..\\bin\\main\\java Duke \u003c input.txt \u003e ACTUAL.TXT"
      },
      {
        "lineNumber": 19,
        "author": {
          "gitId": "-"
        },
        "content": ""
      },
      {
        "lineNumber": 20,
        "author": {
          "gitId": "-"
        },
        "content": "REM compare the output to the expected output"
      },
      {
        "lineNumber": 21,
        "author": {
          "gitId": "gmit22"
        },
        "content": "fc /W  ACTUAL.TXT EXPECTED.TXT"
      },
      {
        "lineNumber": 22,
        "author": {
          "gitId": "gmit22"
        },
        "content": ""
      }
    ],
    "authorContributionMap": {
      "gmit22": 4,
      "-": 18
    }
  }
]
