{
  "authorDailyContributionsMap": {
    "k-walter": [
      {
        "date": "2020-08-21",
        "commitResults": [
          {
            "hash": "0da503b0c06107211a9f5b35b2732ae700e3f591",
            "messageTitle": "Implement level 0 greet",
            "messageBody": "",
            "tags": [
              "Level-0"
            ],
            "fileTypesAndContributionMap": {
              "java": {
                "insertions": 7,
                "deletions": 6
              }
            }
          }
        ]
      },
      {
        "date": "2020-08-28",
        "commitResults": [
          {
            "hash": "3761bd44f63c437239f3096198960a2d7ce1f6c8",
            "messageTitle": "Add input scanner with Greet, Echo, Bye commands",
            "messageBody": "",
            "fileTypesAndContributionMap": {
              "java": {
                "insertions": 31,
                "deletions": 7
              }
            }
          },
          {
            "hash": "754555ef545e612c496e62bbdfa3408f17878e0e",
            "messageTitle": "Format case indentation and debug errors",
            "messageBody": "",
            "tags": [
              "Level-1"
            ],
            "fileTypesAndContributionMap": {
              "java": {
                "insertions": 9,
                "deletions": 9
              }
            }
          },
          {
            "hash": "748d15b1c301c04dc2dd770769c10ce26c77086f",
            "messageTitle": "Implement Add, List commands and modularized Echo command.",
            "messageBody": "",
            "tags": [
              "Level-2"
            ],
            "fileTypesAndContributionMap": {
              "java": {
                "insertions": 34,
                "deletions": 10
              }
            }
          },
          {
            "hash": "34a9f7a8a5d9175b27268924b5248fc37c52b35b",
            "messageTitle": "Implement Task class and integrate with Duke",
            "messageBody": "",
            "fileTypesAndContributionMap": {
              "java": {
                "insertions": 29,
                "deletions": 3
              }
            }
          },
          {
            "hash": "d5975c2a7e341dcdb05311ca0f4aef1f8c5da038",
            "messageTitle": "Implement Done command to set task as done",
            "messageBody": "",
            "tags": [
              "Level-3"
            ],
            "fileTypesAndContributionMap": {
              "java": {
                "insertions": 11,
                "deletions": 0
              }
            }
          },
          {
            "hash": "73bcd9286baafac598f838c8abb5fbf89ab5ecac",
            "messageTitle": "Format code to comply with code standard",
            "messageBody": "",
            "tags": [
              "A-codingStandard"
            ],
            "fileTypesAndContributionMap": {
              "java": {
                "insertions": 18,
                "deletions": 8
              }
            }
          }
        ]
      },
      {
        "date": "2020-09-03",
        "commitResults": [
          {
            "hash": "b62cf513bde9fd532982a69697ea92241db85b80",
            "messageTitle": "Refactored code for comments and repeated operations",
            "messageBody": "",
            "tags": [
              "A-Collections"
            ],
            "fileTypesAndContributionMap": {
              "java": {
                "insertions": 60,
                "deletions": 24
              }
            }
          },
          {
            "hash": "7b68f72b68c17ba28b895add4c330c3888624dac",
            "messageTitle": "Add Task subclasses",
            "messageBody": "",
            "fileTypesAndContributionMap": {
              "java": {
                "insertions": 51,
                "deletions": 0
              }
            }
          },
          {
            "hash": "9908cfd99dbdbb2e396d8ebfce52ea81a21eea55",
            "messageTitle": "Add Task subclass commands",
            "messageBody": "",
            "tags": [
              "Level-4",
              "A-CodeQuality"
            ],
            "fileTypesAndContributionMap": {
              "java": {
                "insertions": 39,
                "deletions": 0
              }
            }
          }
        ]
      },
      {
        "date": "2020-09-04",
        "commitResults": [
          {
            "hash": "1d16e799ada4ff5dfc9571ec5b321bd671c33702",
            "messageTitle": "Rename constants to uppercase",
            "messageBody": "",
            "tags": [
              "A-CodeQuality-v1.1"
            ],
            "fileTypesAndContributionMap": {
              "java": {
                "insertions": 20,
                "deletions": 20
              }
            }
          }
        ]
      },
      {
        "date": "2020-09-10",
        "commitResults": [
          {
            "hash": "ace3adf24af38fc516844b9bc52ae4b6e2bae8da",
            "messageTitle": "Add exceptions",
            "messageBody": "",
            "fileTypesAndContributionMap": {
              "java": {
                "insertions": 25,
                "deletions": 0
              }
            }
          },
          {
            "hash": "92e519566701e20b830f2a11f682aa2416987c2a",
            "messageTitle": "Add exception handling by refactoring to separate method",
            "messageBody": "",
            "fileTypesAndContributionMap": {
              "java": {
                "insertions": 84,
                "deletions": 77
              }
            }
          },
          {
            "hash": "ed73ebbdefbbf53804e7f970022f9b7d40e17dcb",
            "messageTitle": "Repackage duke and task",
            "messageBody": "",
            "fileTypesAndContributionMap": {
              "java": {
                "insertions": 19,
                "deletions": 0
              }
            }
          },
          {
            "hash": "8b8701a0bc7454ffeeccf931a97d93bf820737c8",
            "messageTitle": "Moved task package under duke",
            "messageBody": "",
            "fileTypesAndContributionMap": {
              "java": {
                "insertions": 8,
                "deletions": 8
              }
            }
          }
        ]
      },
      {
        "date": "2020-09-17",
        "commitResults": [
          {
            "hash": "f66ddbb1cef1f430d53e25c18578c2901cedd263",
            "messageTitle": "Add delete command",
            "messageBody": "",
            "fileTypesAndContributionMap": {
              "java": {
                "insertions": 17,
                "deletions": 7
              }
            }
          },
          {
            "hash": "72b254fbc2111d240f0fb68464f418797c92f7a7",
            "messageTitle": "Refactor errors and utility functions",
            "messageBody": "",
            "fileTypesAndContributionMap": {
              "java": {
                "insertions": 50,
                "deletions": 31
              }
            }
          },
          {
            "hash": "bd2f8bf4756a27fb12fac432c57a62ac6b09caca",
            "messageTitle": "Add file io for task",
            "messageBody": "",
            "fileTypesAndContributionMap": {
              "java": {
                "insertions": 58,
                "deletions": 17
              }
            }
          },
          {
            "hash": "3ccf470ff94dceb4dcfc5775ac51fa3b3a85d5a4",
            "messageTitle": "Add string format for task subclasses",
            "messageBody": "",
            "fileTypesAndContributionMap": {
              "java": {
                "insertions": 93,
                "deletions": 32
              }
            }
          },
          {
            "hash": "14ebacbfbec4a2ad3ce324a6239ac147acd06600",
            "messageTitle": "Fix output formatting",
            "messageBody": "",
            "tags": [
              "Level-7.1",
              "A-Jar"
            ],
            "fileTypesAndContributionMap": {
              "java": {
                "insertions": 8,
                "deletions": 8
              }
            }
          }
        ]
      },
      {
        "date": "2020-10-02",
        "commitResults": [
          {
            "hash": "ef6ee458f7c0f42493d330d8449b609c5c726340",
            "messageTitle": "Refactor commands, ui into packages",
            "messageBody": "",
            "fileTypesAndContributionMap": {
              "java": {
                "insertions": 276,
                "deletions": 105
              }
            }
          },
          {
            "hash": "7f09d297d3bde8a46e3999f7fd24c3a431a6d24a",
            "messageTitle": "Add LocalDate for Task",
            "messageBody": "",
            "fileTypesAndContributionMap": {
              "java": {
                "insertions": 27,
                "deletions": 14
              }
            }
          },
          {
            "hash": "2746b6d88ccc444be46dbd3206d3a2185f23b579",
            "messageTitle": "Add find command",
            "messageBody": "",
            "fileTypesAndContributionMap": {
              "java": {
                "insertions": 46,
                "deletions": 1
              }
            }
          },
          {
            "hash": "5b9848a847760741287abacf769e2b3fc837b37c",
            "messageTitle": "Add documentation to public classes",
            "messageBody": "",
            "fileTypesAndContributionMap": {
              "java": {
                "insertions": 132,
                "deletions": 7
              }
            }
          },
          {
            "hash": "4b2574f80790aade02e034b4878c5f237b1e9ab1",
            "messageTitle": "Generate javadoc",
            "messageBody": "",
            "fileTypesAndContributionMap": {
              "txt": {
                "insertions": 3,
                "deletions": 0
              }
            }
          },
          {
            "hash": "c87c26a3b60bdb60b1e887b75620468a28e5f6ae",
            "messageTitle": "Update README for docs",
            "messageBody": "",
            "tags": [
              "A-UserGuide"
            ],
            "fileTypesAndContributionMap": {
              "md": {
                "insertions": 97,
                "deletions": 6
              }
            }
          }
        ]
      }
    ]
  },
  "authorFileTypeContributionMap": {
    "k-walter": {
      "java": 767,
      "md": 97,
      "sh": 0,
      "bat": 0,
      "gradle": 0,
      "txt": 3
    }
  },
  "authorContributionVariance": {
    "k-walter": 13354.039
  },
  "authorDisplayNameMap": {
    "k-walter": "CS2113T-F14-2 WALT..KONG"
  }
}
