{
  "authorDailyContributionsMap": {
    "pinfang": [
      {
        "date": "2020-08-15",
        "commitResults": [
          {
            "hash": "61c45e419138e4aadf3440e25f471242d8b3d894",
            "messageTitle": "Level-0",
            "messageBody": "",
            "fileTypesAndContributionMap": {
              "java": {
                "insertions": 14,
                "deletions": 0
              }
            }
          },
          {
            "hash": "ca17a78f15c8c53243c6b8bcdb76a839f43a6ec1",
            "messageTitle": "Level-0",
            "messageBody": "",
            "fileTypesAndContributionMap": {
              "java": {
                "insertions": 1,
                "deletions": 0
              }
            }
          }
        ]
      },
      {
        "date": "2020-08-19",
        "commitResults": [
          {
            "hash": "aef1994ea3b2254d1359746d6d952231c0bd4e31",
            "messageTitle": "Level 0. Greet",
            "messageBody": "",
            "fileTypesAndContributionMap": {
              "java": {
                "insertions": 0,
                "deletions": 8
              }
            }
          },
          {
            "hash": "e2f2114b4b6b4753bc2bb7d4c365621198751635",
            "messageTitle": "Level-0",
            "messageBody": "",
            "tags": [
              "Level-0"
            ],
            "fileTypesAndContributionMap": {
              "java": {
                "insertions": 0,
                "deletions": 1
              }
            }
          }
        ]
      },
      {
        "date": "2020-08-21",
        "commitResults": [
          {
            "hash": "081470b2fd4be9c6f81bed8a05e6d1b8717e8e4d",
            "messageTitle": "Level-1",
            "messageBody": "",
            "tags": [
              "Level-1"
            ],
            "fileTypesAndContributionMap": {
              "java": {
                "insertions": 23,
                "deletions": 2
              }
            }
          }
        ]
      },
      {
        "date": "2020-08-22",
        "commitResults": [
          {
            "hash": "e941a8fda0c1136dc337736095f3cda26931faaa",
            "messageTitle": "Level-2",
            "messageBody": "",
            "tags": [
              "Level-2"
            ],
            "fileTypesAndContributionMap": {
              "java": {
                "insertions": 18,
                "deletions": 3
              }
            }
          },
          {
            "hash": "befd0de96bdf99cf52dfdc8509303535b36b0c6b",
            "messageTitle": "Level-3",
            "messageBody": "",
            "fileTypesAndContributionMap": {
              "java": {
                "insertions": 37,
                "deletions": 10
              }
            }
          }
        ]
      },
      {
        "date": "2020-08-24",
        "commitResults": [
          {
            "hash": "d471085964d94c60de240f505bf2ad450a8148d0",
            "messageTitle": "A-CodingStandard",
            "messageBody": "",
            "fileTypesAndContributionMap": {
              "java": {
                "insertions": 2,
                "deletions": 2
              }
            }
          },
          {
            "hash": "3b08d4f85b536f32fb29d30eb3c67bf2b078c839",
            "messageTitle": "level-3 correct",
            "messageBody": "",
            "tags": [
              "Level-3"
            ],
            "fileTypesAndContributionMap": {
              "java": {
                "insertions": 3,
                "deletions": 2
              }
            }
          },
          {
            "hash": "858c981231afc1cb510b35258260a36c1076d307",
            "messageTitle": "a-codingStandard",
            "messageBody": "",
            "tags": [
              "A-CodingStandard"
            ],
            "fileTypesAndContributionMap": {
              "java": {
                "insertions": 0,
                "deletions": 1
              }
            }
          }
        ]
      },
      {
        "date": "2020-08-30",
        "commitResults": [
          {
            "hash": "91805c1616048d94377d2fdbb066b37456d85847",
            "messageTitle": "change code",
            "messageBody": "",
            "fileTypesAndContributionMap": {
              "java": {
                "insertions": 77,
                "deletions": 21
              },
              "bat": {
                "insertions": 4,
                "deletions": 1
              }
            }
          },
          {
            "hash": "855cab4999cbdc0748b9f46806b9883753d5755e",
            "messageTitle": "level 4 is done",
            "messageBody": "",
            "fileTypesAndContributionMap": {
              "java": {
                "insertions": 24,
                "deletions": 17
              }
            }
          },
          {
            "hash": "e6279d67b33b7aa79e1bd6afff60824f6370af21",
            "messageTitle": "change class name",
            "messageBody": "",
            "tags": [
              "Level-4"
            ],
            "fileTypesAndContributionMap": {
              "java": {
                "insertions": 3,
                "deletions": 3
              }
            }
          },
          {
            "hash": "b33c9d62d185ea02ac062d5c88b15ec33d94877c",
            "messageTitle": "a-textuitesting doing",
            "messageBody": "",
            "tags": [
              "A-TextUiTesting"
            ],
            "fileTypesAndContributionMap": {
              "txt": {
                "insertions": 11,
                "deletions": 0
              }
            }
          }
        ]
      },
      {
        "date": "2020-08-31",
        "commitResults": [
          {
            "hash": "cd4e326d454c76572337a27e3dff7313ab50aa6f",
            "messageTitle": "removed comments",
            "messageBody": "",
            "tags": [
              "A-CodeQuality"
            ],
            "fileTypesAndContributionMap": {
              "java": {
                "insertions": 15,
                "deletions": 12
              }
            }
          }
        ]
      },
      {
        "date": "2020-09-05",
        "commitResults": [
          {
            "hash": "8caeaa4cbea206366fcd3a1ae36d6b7905216c4a",
            "messageTitle": "change input txt",
            "messageBody": "",
            "fileTypesAndContributionMap": {
              "txt": {
                "insertions": 3,
                "deletions": 6
              },
              "java": {
                "insertions": 2,
                "deletions": 1
              }
            }
          },
          {
            "hash": "5b2fee87c8abb1c055402d1c41691340a4befc98",
            "messageTitle": "create DukeException class",
            "messageBody": "",
            "fileTypesAndContributionMap": {
              "java": {
                "insertions": 30,
                "deletions": 0
              }
            }
          },
          {
            "hash": "7b1842b45ff0e7baf57b83f8886edecd9a4cf7e6",
            "messageTitle": "modified the naming of variable",
            "messageBody": "",
            "fileTypesAndContributionMap": {
              "txt": {
                "insertions": 3,
                "deletions": 1
              },
              "java": {
                "insertions": 14,
                "deletions": 14
              }
            }
          },
          {
            "hash": "20e5af5b5ccab63ecd65cca78e6c30e6212f813e",
            "messageTitle": "(exception) when no time is specified",
            "messageBody": "",
            "fileTypesAndContributionMap": {
              "java": {
                "insertions": 19,
                "deletions": 5
              }
            }
          }
        ]
      },
      {
        "date": "2020-09-09",
        "commitResults": [
          {
            "hash": "38fca83be965f1f0fdc35b46102c1e536a890103",
            "messageTitle": "divide class into packages",
            "messageBody": "",
            "tags": [
              "A-Packages"
            ],
            "fileTypesAndContributionMap": {
              "java": {
                "insertions": 20,
                "deletions": 4
              },
              "bat": {
                "insertions": 1,
                "deletions": 1
              },
              "sh": {
                "insertions": 2,
                "deletions": 2
              }
            }
          }
        ]
      },
      {
        "date": "2020-09-10",
        "commitResults": [
          {
            "hash": "fdca80cb95c119f977b70474cc51bbeb4b3fdd42",
            "messageTitle": "implement delete function",
            "messageBody": "",
            "fileTypesAndContributionMap": {
              "java": {
                "insertions": 18,
                "deletions": 1
              }
            }
          },
          {
            "hash": "c016a688d2c08129ca2f91bf8e0d2c5a481c8bb0",
            "messageTitle": "implement delete function",
            "messageBody": "",
            "fileTypesAndContributionMap": {
              "java": {
                "insertions": 1,
                "deletions": 1
              }
            }
          },
          {
            "hash": "01ae9667748f2744f897de469429a875c758e573",
            "messageTitle": "create a dukeFile class",
            "messageBody": "",
            "fileTypesAndContributionMap": {
              "java": {
                "insertions": 33,
                "deletions": 0
              }
            }
          }
        ]
      },
      {
        "date": "2020-09-11",
        "commitResults": [
          {
            "hash": "5e6441c543824cc2aed08842ef33490a7c18867c",
            "messageTitle": "add createFile function",
            "messageBody": "",
            "fileTypesAndContributionMap": {
              "java": {
                "insertions": 26,
                "deletions": 14
              }
            }
          }
        ]
      },
      {
        "date": "2020-09-12",
        "commitResults": [
          {
            "hash": "9babe98a6fce54679887f32af63d133940828907",
            "messageTitle": "done level-7",
            "messageBody": "",
            "fileTypesAndContributionMap": {
              "java": {
                "insertions": 75,
                "deletions": 19
              }
            }
          },
          {
            "hash": "3372ae957774e07e4a971da969d67caa9f16e632",
            "messageTitle": "edit readFile",
            "messageBody": "",
            "fileTypesAndContributionMap": {
              "java": {
                "insertions": 53,
                "deletions": 15
              }
            }
          },
          {
            "hash": "e0cb90d2d38f317e8844178106b3327182a72b34",
            "messageTitle": "delete file content added",
            "messageBody": "",
            "tags": [
              "A-Jar"
            ],
            "fileTypesAndContributionMap": {
              "java": {
                "insertions": 4,
                "deletions": 3
              }
            }
          }
        ]
      },
      {
        "date": "2020-09-20",
        "commitResults": [
          {
            "hash": "04fb2f6eaca26bf6932020ed458525c9422cca49",
            "messageTitle": "created command, ui, storage and parser class",
            "messageBody": "",
            "tags": [
              "A-MoreOOP"
            ],
            "fileTypesAndContributionMap": {
              "java": {
                "insertions": 433,
                "deletions": 151
              },
              "bat": {
                "insertions": 1,
                "deletions": 1
              }
            }
          },
          {
            "hash": "c585bdad5fe7137df25eea10c3f753e05ad72199",
            "messageTitle": "able to convert date and time",
            "messageBody": "",
            "fileTypesAndContributionMap": {
              "java": {
                "insertions": 50,
                "deletions": 6
              }
            }
          },
          {
            "hash": "169d0c54014d8391d8de06667bf376176ccfc3ce",
            "messageTitle": "improve code quality",
            "messageBody": "",
            "fileTypesAndContributionMap": {
              "java": {
                "insertions": 4,
                "deletions": 4
              }
            }
          },
          {
            "hash": "c5552cd3890b98153ece1d7b86c4a6886576e111",
            "messageTitle": "include \"find\" command",
            "messageBody": "",
            "fileTypesAndContributionMap": {
              "java": {
                "insertions": 43,
                "deletions": 0
              }
            }
          }
        ]
      },
      {
        "date": "2020-09-21",
        "commitResults": [
          {
            "hash": "596d9abaa02a8a76cda59419693fc81841780073",
            "messageTitle": "add exceptions",
            "messageBody": "",
            "fileTypesAndContributionMap": {
              "java": {
                "insertions": 63,
                "deletions": 31
              }
            }
          }
        ]
      },
      {
        "date": "2020-09-23",
        "commitResults": [
          {
            "hash": "221a7877d1761ef95fb7f801e81741d9d1b2bd6c",
            "messageTitle": "add comments to public classes and methods",
            "messageBody": "",
            "fileTypesAndContributionMap": {
              "java": {
                "insertions": 248,
                "deletions": 11
              }
            }
          },
          {
            "hash": "b005e9008d4ebbfb2940ea6ddded1dd9bfe9007e",
            "messageTitle": "resolved bugs in formatting the date/time",
            "messageBody": "",
            "tags": [
              "Level-9",
              "A-JavaDoc"
            ],
            "fileTypesAndContributionMap": {
              "java": {
                "insertions": 31,
                "deletions": 56
              }
            }
          }
        ]
      },
      {
        "date": "2020-09-24",
        "commitResults": [
          {
            "hash": "88f88c91e5d09e50f0f0c30b28daee312fafacd2",
            "messageTitle": "update the user guide",
            "messageBody": "",
            "tags": [
              "A-UserGuide"
            ],
            "fileTypesAndContributionMap": {
              "java": {
                "insertions": 34,
                "deletions": 14
              },
              "md": {
                "insertions": 150,
                "deletions": 8
              }
            }
          }
        ]
      }
    ]
  },
  "authorFileTypeContributionMap": {
    "pinfang": {
      "java": 994,
      "md": 147,
      "sh": 2,
      "bat": 4,
      "gradle": 0,
      "txt": 10
    }
  },
  "authorContributionVariance": {
    "pinfang": 14941.689
  },
  "authorDisplayNameMap": {
    "pinfang": "CS2113T-F14-2 YEN ..FANG"
  }
}
