{
  "authorDailyContributionsMap": {
    "prachi2023": [
      {
        "date": "2020-08-19",
        "commitResults": [
          {
            "hash": "a436c4ddd4bfe457a98236d781382230c8005800",
            "messageTitle": "Level 0. Greet",
            "messageBody": "Add a hello greeting\nAdd exit greeting\n",
            "fileTypesAndContributionMap": {
              "java": {
                "insertions": 5,
                "deletions": 0
              }
            }
          }
        ]
      },
      {
        "date": "2020-08-26",
        "commitResults": [
          {
            "hash": "68c9cebde21b6d088f66dbecea6c83b31f749978",
            "messageTitle": "add user input, add echoing of commands",
            "messageBody": "",
            "tags": [
              "Level-1"
            ],
            "fileTypesAndContributionMap": {
              "java": {
                "insertions": 10,
                "deletions": 7
              }
            }
          },
          {
            "hash": "e33e504a2e6dffd6e2a0e0743d4c8d568ac23d2b",
            "messageTitle": "Add list function. Add display of list of text entered",
            "messageBody": "",
            "tags": [
              "Level-2"
            ],
            "fileTypesAndContributionMap": {
              "java": {
                "insertions": 21,
                "deletions": 4
              }
            }
          },
          {
            "hash": "9441c2126f2c923c2e7c58344b12c8b62eede033",
            "messageTitle": "Add tracking of completion of tasks Add function to mark tasks as done",
            "messageBody": "",
            "tags": [
              "level-3"
            ],
            "fileTypesAndContributionMap": {
              "java": {
                "insertions": 43,
                "deletions": 7
              }
            }
          }
        ]
      },
      {
        "date": "2020-09-01",
        "commitResults": [
          {
            "hash": "63de1de190c62813713157f94ba73a160b460b2c",
            "messageTitle": "Add method for execute and determining commands sent",
            "messageBody": "",
            "tags": [
              "A-CodingStandard"
            ],
            "fileTypesAndContributionMap": {
              "java": {
                "insertions": 70,
                "deletions": 38
              }
            }
          },
          {
            "hash": "f47d91a308751ec70d2ff662bb10a5c7b51df5aa",
            "messageTitle": "Add subclass for deadline, event and todo",
            "messageBody": "Edit the main to take to be able to add these tasks to the list of tasks\n",
            "tags": [
              "Level-4"
            ],
            "fileTypesAndContributionMap": {
              "java": {
                "insertions": 37,
                "deletions": 3
              }
            }
          },
          {
            "hash": "2fd8f447ac2ee3a34c57b0499420c1b36e80acae",
            "messageTitle": "Edit the test case to test the level - 4 version of duke",
            "messageBody": "",
            "tags": [
              "A-TextUiTesting"
            ],
            "fileTypesAndContributionMap": {
              "txt": {
                "insertions": 6,
                "deletions": 0
              },
              "bat": {
                "insertions": 1,
                "deletions": 1
              }
            }
          },
          {
            "hash": "b1a73a8e5649b1b8e9db86b33e6c7f0ef5bd121c",
            "messageTitle": "Edit the executeCommand method and addTask to follow SLAP. Refactored some methods like addTask",
            "messageBody": "",
            "tags": [
              "A-CodeQuality"
            ],
            "fileTypesAndContributionMap": {
              "java": {
                "insertions": 20,
                "deletions": 14
              }
            }
          },
          {
            "hash": "641e96d4a7da80bdc792dd60770d939a98869d93",
            "messageTitle": "Update the runtest file to be able to show the ticks and crosses. Changed the expected text to contain the ticks and crosses",
            "messageBody": "",
            "fileTypesAndContributionMap": {
              "bat": {
                "insertions": 1,
                "deletions": 1
              }
            }
          }
        ]
      },
      {
        "date": "2020-09-09",
        "commitResults": [
          {
            "hash": "f0779865d4d76644ce11f0d8614addd2a6e70982",
            "messageTitle": "Handle exception for getting the int index of the task to be marked as done",
            "messageBody": "",
            "fileTypesAndContributionMap": {
              "java": {
                "insertions": 2,
                "deletions": 0
              }
            }
          },
          {
            "hash": "cfeb3918ef52256b983c818683cfe522b7ced7cb",
            "messageTitle": "Handle the exception for an invalid add task command",
            "messageBody": "",
            "fileTypesAndContributionMap": {
              "java": {
                "insertions": 25,
                "deletions": 12
              }
            }
          },
          {
            "hash": "bd73242effd75c0ce35b948598eccc93576437a7",
            "messageTitle": "Handle exceptions while adding tasks exceptions handled include: command entered is not understood no description given after the command for deadlines and events no /at or /by was entered",
            "messageBody": "",
            "fileTypesAndContributionMap": {
              "java": {
                "insertions": 82,
                "deletions": 38
              }
            }
          },
          {
            "hash": "490a63dcc4ac85ed65c3839a9ff8f9aef27996ec",
            "messageTitle": "Add DukeExceptions class",
            "messageBody": "",
            "fileTypesAndContributionMap": {
              "java": {
                "insertions": 2,
                "deletions": 1
              }
            }
          },
          {
            "hash": "183f7e6588e0f66b44d1d995b2b22c2ab07b6548",
            "messageTitle": "Organize the classes into packages. duke.task",
            "messageBody": "",
            "tags": [
              "A-Packages"
            ],
            "fileTypesAndContributionMap": {
              "java": {
                "insertions": 9,
                "deletions": 0
              }
            }
          },
          {
            "hash": "16d057967dbe847ca303a7b5619f5cd17a3bc70b",
            "messageTitle": "Edit the exception handling to use DukeException",
            "messageBody": "",
            "tags": [
              "A-Exceptions"
            ],
            "fileTypesAndContributionMap": {
              "java": {
                "insertions": 31,
                "deletions": 20
              }
            }
          },
          {
            "hash": "2def24f19f75bfa7594a015b73e099cffabe5625",
            "messageTitle": "Add public getIsDone method for Task",
            "messageBody": "",
            "fileTypesAndContributionMap": {
              "java": {
                "insertions": 3,
                "deletions": 1
              }
            }
          },
          {
            "hash": "51f17b3a5192be98f71da6d38741a03fd0ec3483",
            "messageTitle": "Add DukeException class into a package import the package into the main duke file",
            "messageBody": "",
            "fileTypesAndContributionMap": {
              "java": {
                "insertions": 10,
                "deletions": 4
              }
            }
          }
        ]
      },
      {
        "date": "2020-09-15",
        "commitResults": [
          {
            "hash": "2f50437bb5ce997288078e50db5307eb8d18b0dc",
            "messageTitle": "Change to storage of the tasks from array to ArrayList",
            "messageBody": "",
            "tags": [
              "A-Collections"
            ],
            "fileTypesAndContributionMap": {
              "java": {
                "insertions": 16,
                "deletions": 19
              }
            }
          },
          {
            "hash": "d2c64b269ff6558ded249c667a88925b254d6d03",
            "messageTitle": "Add delete task function",
            "messageBody": "",
            "fileTypesAndContributionMap": {
              "java": {
                "insertions": 19,
                "deletions": 0
              }
            }
          },
          {
            "hash": "c96647ec1a574ed368e2c20fce31bbb0c14f16ef",
            "messageTitle": "Edit delete function to check and show if the tasks list is empty",
            "messageBody": "",
            "fileTypesAndContributionMap": {
              "java": {
                "insertions": 4,
                "deletions": 1
              }
            }
          },
          {
            "hash": "9d4f7a9e40e600b5352767456c9b961cc708db1e",
            "messageTitle": "Add function to determine if file exists otherwise create a txt file called tasklist",
            "messageBody": "",
            "fileTypesAndContributionMap": {
              "java": {
                "insertions": 21,
                "deletions": 0
              }
            }
          },
          {
            "hash": "63f32181e7a50f1633e8d8d686579c372508a994",
            "messageTitle": "Add function to add todo functions to the file",
            "messageBody": "",
            "fileTypesAndContributionMap": {
              "java": {
                "insertions": 19,
                "deletions": 13
              }
            }
          }
        ]
      },
      {
        "date": "2020-09-16",
        "commitResults": [
          {
            "hash": "e5d6036eead9cedefdc955c225294c85be4b6009",
            "messageTitle": "Add a method to convert the task to string for the format to be placed on the file",
            "messageBody": "",
            "fileTypesAndContributionMap": {
              "java": {
                "insertions": 13,
                "deletions": 4
              }
            }
          },
          {
            "hash": "33b86ce45d6104f1f182cc11d72971de17e9cccc",
            "messageTitle": "Add method to read and load data already there on the file into duke",
            "messageBody": "",
            "fileTypesAndContributionMap": {
              "java": {
                "insertions": 56,
                "deletions": 5
              }
            }
          },
          {
            "hash": "abd6d64d70e1ce01ccd92c39f9924f22b8fcb244",
            "messageTitle": "Add method to be able the file when a task gets updated When a task changes from being not done to done --\u003e the file updates",
            "messageBody": "",
            "fileTypesAndContributionMap": {
              "java": {
                "insertions": 15,
                "deletions": 10
              }
            }
          },
          {
            "hash": "21f3bf841ae08db8d133ae210ada8f75380f2bf0",
            "messageTitle": "Add delete task method",
            "messageBody": "",
            "fileTypesAndContributionMap": {
              "java": {
                "insertions": 35,
                "deletions": 19
              }
            }
          },
          {
            "hash": "109ebb4151d5d8643cb86936b37ff62e5b44f098",
            "messageTitle": "Edit to be able to delete task from file rearrange the methods to make it more readable",
            "messageBody": "",
            "tags": [
              "v1.0"
            ],
            "fileTypesAndContributionMap": {
              "txt": {
                "insertions": 6,
                "deletions": 0
              },
              "java": {
                "insertions": 28,
                "deletions": 22
              }
            }
          },
          {
            "hash": "ba09545f45feef3c7bcd3713c08d0b736b724363",
            "messageTitle": "change file path",
            "messageBody": "",
            "tags": [
              "A-Jar"
            ],
            "fileTypesAndContributionMap": {
              "java": {
                "insertions": 1,
                "deletions": 1
              }
            }
          }
        ]
      },
      {
        "date": "2020-09-23",
        "commitResults": [
          {
            "hash": "885cd1ac350634be373ffd3c309cea12ebe99001",
            "messageTitle": "Extract ui into its own package and class",
            "messageBody": "",
            "fileTypesAndContributionMap": {
              "java": {
                "insertions": 135,
                "deletions": 64
              }
            }
          },
          {
            "hash": "197d837794ddd4a1d0c15fc337c1c8c9178cd551",
            "messageTitle": "Extract Command, Parser and TaskList class",
            "messageBody": "",
            "fileTypesAndContributionMap": {
              "java": {
                "insertions": 312,
                "deletions": 260
              }
            }
          },
          {
            "hash": "fe2636b12a836d04bbc88d174b4143b3c8309489",
            "messageTitle": "Edit Duke Exception to initialise with an error message",
            "messageBody": "",
            "fileTypesAndContributionMap": {
              "java": {
                "insertions": 7,
                "deletions": 0
              }
            }
          },
          {
            "hash": "a6f65040e4925f3cbdd341f16c44344951a97c7b",
            "messageTitle": "Extract storage into a new class",
            "messageBody": "",
            "tags": [
              "A-MoreOOP"
            ],
            "fileTypesAndContributionMap": {
              "txt": {
                "insertions": 2,
                "deletions": 0
              },
              "java": {
                "insertions": 98,
                "deletions": 4
              }
            }
          },
          {
            "hash": "954c5038a49af99361ca7019b636b0b83494eedc",
            "messageTitle": "Add a find Command class",
            "messageBody": "",
            "fileTypesAndContributionMap": {
              "java": {
                "insertions": 34,
                "deletions": 0
              }
            }
          },
          {
            "hash": "4f79eac763c7a2df868a062db0731b05291133e2",
            "messageTitle": "Edit the existing classes to, TaskList, Parser and Ui to find keyword",
            "messageBody": "",
            "fileTypesAndContributionMap": {
              "txt": {
                "insertions": 2,
                "deletions": 2
              },
              "java": {
                "insertions": 24,
                "deletions": 10
              }
            }
          }
        ]
      },
      {
        "date": "2020-09-27",
        "commitResults": [
          {
            "hash": "9fdbbdb5201f369dc3c4234c1e2bc750c959ba8a",
            "messageTitle": "Modify the deadline class to take the date as a LocalDate instead of a string. Updated parser to add a function that parses the string into the date. Uodate relevant methos to take in LocalDate instead of string when printing and adding a new deadline",
            "messageBody": "",
            "fileTypesAndContributionMap": {
              "java": {
                "insertions": 56,
                "deletions": 31
              }
            }
          },
          {
            "hash": "3a74fc91993ecdb92d74408d15c8bf0243c20fc5",
            "messageTitle": "Add datetime features to events",
            "messageBody": "",
            "fileTypesAndContributionMap": {
              "java": {
                "insertions": 130,
                "deletions": 41
              }
            }
          }
        ]
      },
      {
        "date": "2020-09-28",
        "commitResults": [
          {
            "hash": "8d9059746e84bea72eb9d7e979faa5fa802825a5",
            "messageTitle": "Add the ability to list tasks based on the month, year and date",
            "messageBody": "",
            "fileTypesAndContributionMap": {
              "txt": {
                "insertions": 4,
                "deletions": 2
              },
              "java": {
                "insertions": 144,
                "deletions": 61
              }
            }
          },
          {
            "hash": "002e4458a76711d760231281b66990714cad527e",
            "messageTitle": "Add a help command to show all available commands",
            "messageBody": "",
            "fileTypesAndContributionMap": {
              "txt": {
                "insertions": 1,
                "deletions": 2
              },
              "java": {
                "insertions": 42,
                "deletions": 7
              }
            }
          },
          {
            "hash": "c8b5f07751fd740851c6e9348d0f08d63068a04f",
            "messageTitle": "Fix data of tasks when printing lists",
            "messageBody": "",
            "fileTypesAndContributionMap": {
              "txt": {
                "insertions": 1,
                "deletions": 1
              },
              "java": {
                "insertions": 6,
                "deletions": 2
              }
            }
          }
        ]
      },
      {
        "date": "2020-09-29",
        "commitResults": [
          {
            "hash": "59105e03a6562ac4ae5f12b950b81ac3441de2f3",
            "messageTitle": "Add JavaDocs to half of the public methods and classess",
            "messageBody": "",
            "tags": [
              "A-JavaDoc"
            ],
            "fileTypesAndContributionMap": {
              "java": {
                "insertions": 207,
                "deletions": 47
              }
            }
          },
          {
            "hash": "e7621705474faa0c2db28e42314b4863744f5fe3",
            "messageTitle": "Add more JavaDocs",
            "messageBody": "",
            "fileTypesAndContributionMap": {
              "java": {
                "insertions": 55,
                "deletions": 12
              }
            }
          },
          {
            "hash": "48672b01842a516a76acf9d2dd30397b7de76828",
            "messageTitle": "Edit file creatio error",
            "messageBody": "",
            "fileTypesAndContributionMap": {
              "java": {
                "insertions": 22,
                "deletions": 12
              }
            }
          },
          {
            "hash": "99c2bb41c42ff1334103c8b86e21a05d97aa6dbd",
            "messageTitle": "Edit ReaMe to include feature list",
            "messageBody": "",
            "fileTypesAndContributionMap": {
              "md": {
                "insertions": 29,
                "deletions": 1
              }
            }
          }
        ]
      },
      {
        "date": "2020-09-30",
        "commitResults": [
          {
            "hash": "3ddb8b5148ac44c5bf7c757a22e8fc0deed57282",
            "messageTitle": "Edit markdown to include feature descriptions and command summary",
            "messageBody": "",
            "tags": [
              "A-UserGuide"
            ],
            "fileTypesAndContributionMap": {
              "md": {
                "insertions": 159,
                "deletions": 14
              }
            }
          },
          {
            "hash": "046ffc7d0906b429cb5739bead93832cfe15816a",
            "messageTitle": "Update README.md",
            "messageBody": "",
            "fileTypesAndContributionMap": {
              "md": {
                "insertions": 5,
                "deletions": 6
              }
            }
          },
          {
            "hash": "54679857081bfc93a87eda50fb2dcd3730ee4797",
            "messageTitle": "Update README.md",
            "messageBody": "",
            "fileTypesAndContributionMap": {
              "md": {
                "insertions": 1,
                "deletions": 3
              }
            }
          },
          {
            "hash": "5f0873c3dcd460d9a25a68d9493b7e29904c4b48",
            "messageTitle": "Update ReadMe Fix a bug in todo that would not show when \u0027today\u0027 command is entered",
            "messageBody": "",
            "fileTypesAndContributionMap": {
              "java": {
                "insertions": 11,
                "deletions": 12
              },
              "md": {
                "insertions": 4,
                "deletions": 4
              }
            }
          },
          {
            "hash": "b7f99b1581b997249a9e6e3b3e716a715c27f082",
            "messageTitle": "Remove issue where if no keyword or index is entered there is an unhandled exception",
            "messageBody": "",
            "tags": [
              "v2.0"
            ],
            "fileTypesAndContributionMap": {
              "txt": {
                "insertions": 1,
                "deletions": 0
              },
              "java": {
                "insertions": 16,
                "deletions": 4
              }
            }
          },
          {
            "hash": "037abf5b48a65c6c9c3a1849f23c5a00b390f097",
            "messageTitle": "Exxtract method from deadline and event case in parser",
            "messageBody": "",
            "fileTypesAndContributionMap": {
              "java": {
                "insertions": 29,
                "deletions": 35
              }
            }
          }
        ]
      }
    ]
  },
  "authorFileTypeContributionMap": {
    "prachi2023": {
      "java": 1063,
      "md": 178,
      "sh": 0,
      "bat": 2,
      "gradle": 0,
      "txt": 17
    }
  },
  "authorContributionVariance": {
    "prachi2023": 26297.982
  },
  "authorDisplayNameMap": {
    "prachi2023": "CS2113-T13-1 PRAC..ENKA"
  }
}
