[
  {
    "path": "src/main/java/Deadline.java",
    "fileType": "java",
    "lines": [
      {
        "lineNumber": 1,
        "author": {
          "gitId": "iamchenjiajun"
        },
        "content": "public class Deadline extends Task {"
      },
      {
        "lineNumber": 2,
        "author": {
          "gitId": "iamchenjiajun"
        },
        "content": "    protected String by;"
      },
      {
        "lineNumber": 3,
        "author": {
          "gitId": "iamchenjiajun"
        },
        "content": ""
      },
      {
        "lineNumber": 4,
        "author": {
          "gitId": "iamchenjiajun"
        },
        "content": "    public Deadline(String description, String by) {"
      },
      {
        "lineNumber": 5,
        "author": {
          "gitId": "iamchenjiajun"
        },
        "content": "        super(description);"
      },
      {
        "lineNumber": 6,
        "author": {
          "gitId": "iamchenjiajun"
        },
        "content": "        this.by \u003d by;"
      },
      {
        "lineNumber": 7,
        "author": {
          "gitId": "iamchenjiajun"
        },
        "content": "    }"
      },
      {
        "lineNumber": 8,
        "author": {
          "gitId": "iamchenjiajun"
        },
        "content": ""
      },
      {
        "lineNumber": 9,
        "author": {
          "gitId": "iamchenjiajun"
        },
        "content": "    @Override"
      },
      {
        "lineNumber": 10,
        "author": {
          "gitId": "iamchenjiajun"
        },
        "content": "    public String toString() {"
      },
      {
        "lineNumber": 11,
        "author": {
          "gitId": "iamchenjiajun"
        },
        "content": "        return \"[D]\" + super.toString() + \" (by: \" + by + \")\";"
      },
      {
        "lineNumber": 12,
        "author": {
          "gitId": "iamchenjiajun"
        },
        "content": "    }"
      },
      {
        "lineNumber": 13,
        "author": {
          "gitId": "iamchenjiajun"
        },
        "content": "}"
      }
    ],
    "authorContributionMap": {
      "iamchenjiajun": 13
    }
  },
  {
    "path": "src/main/java/Duke.java",
    "fileType": "java",
    "lines": [
      {
        "lineNumber": 1,
        "author": {
          "gitId": "iamchenjiajun"
        },
        "content": "import java.util.Scanner;"
      },
      {
        "lineNumber": 2,
        "author": {
          "gitId": "iamchenjiajun"
        },
        "content": ""
      },
      {
        "lineNumber": 3,
        "author": {
          "gitId": "-"
        },
        "content": "public class Duke {"
      },
      {
        "lineNumber": 4,
        "author": {
          "gitId": "iamchenjiajun"
        },
        "content": "    public static final String COMMAND_LIST \u003d \"list\";"
      },
      {
        "lineNumber": 5,
        "author": {
          "gitId": "iamchenjiajun"
        },
        "content": "    public static final String COMMAND_BYE \u003d \"bye\";"
      },
      {
        "lineNumber": 6,
        "author": {
          "gitId": "iamchenjiajun"
        },
        "content": "    public static final String COMMAND_DONE \u003d \"done\";"
      },
      {
        "lineNumber": 7,
        "author": {
          "gitId": "iamchenjiajun"
        },
        "content": "    public static final String COMMAND_ADD_TODO \u003d \"todo\";"
      },
      {
        "lineNumber": 8,
        "author": {
          "gitId": "iamchenjiajun"
        },
        "content": "    public static final String COMMAND_ADD_DEADLINE \u003d \"deadline\";"
      },
      {
        "lineNumber": 9,
        "author": {
          "gitId": "iamchenjiajun"
        },
        "content": "    public static final String COMMAND_ADD_EVENT \u003d \"event\";"
      },
      {
        "lineNumber": 10,
        "author": {
          "gitId": "iamchenjiajun"
        },
        "content": ""
      },
      {
        "lineNumber": 11,
        "author": {
          "gitId": "iamchenjiajun"
        },
        "content": "    public static void showDivider() {"
      },
      {
        "lineNumber": 12,
        "author": {
          "gitId": "iamchenjiajun"
        },
        "content": "        System.out.println(\"\u003e\u003e\u003e\u003e++----------------------------------\");"
      },
      {
        "lineNumber": 13,
        "author": {
          "gitId": "iamchenjiajun"
        },
        "content": "    }"
      },
      {
        "lineNumber": 14,
        "author": {
          "gitId": "iamchenjiajun"
        },
        "content": ""
      },
      {
        "lineNumber": 15,
        "author": {
          "gitId": "iamchenjiajun"
        },
        "content": "    public static void greet() {"
      },
      {
        "lineNumber": 16,
        "author": {
          "gitId": "-"
        },
        "content": "        String logo \u003d \" ____        _        \\n\""
      },
      {
        "lineNumber": 17,
        "author": {
          "gitId": "-"
        },
        "content": "                + \"|  _ \\\\ _   _| | _____ \\n\""
      },
      {
        "lineNumber": 18,
        "author": {
          "gitId": "-"
        },
        "content": "                + \"| | | | | | | |/ / _ \\\\\\n\""
      },
      {
        "lineNumber": 19,
        "author": {
          "gitId": "-"
        },
        "content": "                + \"| |_| | |_| |   \u003c  __/\\n\""
      },
      {
        "lineNumber": 20,
        "author": {
          "gitId": "-"
        },
        "content": "                + \"|____/ \\\\__,_|_|\\\\_\\\\___|\\n\";"
      },
      {
        "lineNumber": 21,
        "author": {
          "gitId": "-"
        },
        "content": "        System.out.println(\"Hello from\\n\" + logo);"
      },
      {
        "lineNumber": 22,
        "author": {
          "gitId": "iamchenjiajun"
        },
        "content": "        showDivider();"
      },
      {
        "lineNumber": 23,
        "author": {
          "gitId": "iamchenjiajun"
        },
        "content": "        System.out.println(\"Hello! I\u0027m Duke!\");"
      },
      {
        "lineNumber": 24,
        "author": {
          "gitId": "iamchenjiajun"
        },
        "content": "        System.out.println(\"What can I do for you?\");"
      },
      {
        "lineNumber": 25,
        "author": {
          "gitId": "iamchenjiajun"
        },
        "content": "        showDivider();"
      },
      {
        "lineNumber": 26,
        "author": {
          "gitId": "iamchenjiajun"
        },
        "content": "    }"
      },
      {
        "lineNumber": 27,
        "author": {
          "gitId": "iamchenjiajun"
        },
        "content": ""
      },
      {
        "lineNumber": 28,
        "author": {
          "gitId": "iamchenjiajun"
        },
        "content": "    public static void bye() {"
      },
      {
        "lineNumber": 29,
        "author": {
          "gitId": "iamchenjiajun"
        },
        "content": "        System.out.println(\"Bye. Hope to see you again soon!\");"
      },
      {
        "lineNumber": 30,
        "author": {
          "gitId": "iamchenjiajun"
        },
        "content": "    }"
      },
      {
        "lineNumber": 31,
        "author": {
          "gitId": "iamchenjiajun"
        },
        "content": ""
      },
      {
        "lineNumber": 32,
        "author": {
          "gitId": "-"
        },
        "content": "    public static void main(String[] args) {"
      },
      {
        "lineNumber": 33,
        "author": {
          "gitId": "iamchenjiajun"
        },
        "content": "        Scanner in \u003d new Scanner(System.in);"
      },
      {
        "lineNumber": 34,
        "author": {
          "gitId": "iamchenjiajun"
        },
        "content": "        boolean isBye \u003d false;"
      },
      {
        "lineNumber": 35,
        "author": {
          "gitId": "iamchenjiajun"
        },
        "content": "        TaskManager taskManager \u003d new TaskManager();"
      },
      {
        "lineNumber": 36,
        "author": {
          "gitId": "iamchenjiajun"
        },
        "content": ""
      },
      {
        "lineNumber": 37,
        "author": {
          "gitId": "iamchenjiajun"
        },
        "content": "        greet();"
      },
      {
        "lineNumber": 38,
        "author": {
          "gitId": "iamchenjiajun"
        },
        "content": ""
      },
      {
        "lineNumber": 39,
        "author": {
          "gitId": "iamchenjiajun"
        },
        "content": "        while (!isBye) {"
      },
      {
        "lineNumber": 40,
        "author": {
          "gitId": "iamchenjiajun"
        },
        "content": "            String line \u003d in.nextLine();"
      },
      {
        "lineNumber": 41,
        "author": {
          "gitId": "iamchenjiajun"
        },
        "content": "            String command \u003d line.split(\" \")[0];"
      },
      {
        "lineNumber": 42,
        "author": {
          "gitId": "iamchenjiajun"
        },
        "content": "            String argumentString \u003d line.replaceFirst(command + \" \", \"\");"
      },
      {
        "lineNumber": 43,
        "author": {
          "gitId": "iamchenjiajun"
        },
        "content": "            String description;"
      },
      {
        "lineNumber": 44,
        "author": {
          "gitId": "iamchenjiajun"
        },
        "content": ""
      },
      {
        "lineNumber": 45,
        "author": {
          "gitId": "iamchenjiajun"
        },
        "content": "            showDivider();"
      },
      {
        "lineNumber": 46,
        "author": {
          "gitId": "iamchenjiajun"
        },
        "content": ""
      },
      {
        "lineNumber": 47,
        "author": {
          "gitId": "iamchenjiajun"
        },
        "content": "            switch (command) {"
      },
      {
        "lineNumber": 48,
        "author": {
          "gitId": "iamchenjiajun"
        },
        "content": "            case COMMAND_LIST:"
      },
      {
        "lineNumber": 49,
        "author": {
          "gitId": "iamchenjiajun"
        },
        "content": "                taskManager.printTasks();"
      },
      {
        "lineNumber": 50,
        "author": {
          "gitId": "iamchenjiajun"
        },
        "content": "                break;"
      },
      {
        "lineNumber": 51,
        "author": {
          "gitId": "iamchenjiajun"
        },
        "content": "            case COMMAND_BYE:"
      },
      {
        "lineNumber": 52,
        "author": {
          "gitId": "iamchenjiajun"
        },
        "content": "                isBye \u003d true;"
      },
      {
        "lineNumber": 53,
        "author": {
          "gitId": "iamchenjiajun"
        },
        "content": "                bye();"
      },
      {
        "lineNumber": 54,
        "author": {
          "gitId": "iamchenjiajun"
        },
        "content": "                break;"
      },
      {
        "lineNumber": 55,
        "author": {
          "gitId": "iamchenjiajun"
        },
        "content": "            case COMMAND_DONE:"
      },
      {
        "lineNumber": 56,
        "author": {
          "gitId": "iamchenjiajun"
        },
        "content": "                int listNumber \u003d Integer.parseInt(line.split(\" \")[1]);"
      },
      {
        "lineNumber": 57,
        "author": {
          "gitId": "iamchenjiajun"
        },
        "content": "                taskManager.markAsDone(listNumber - 1);"
      },
      {
        "lineNumber": 58,
        "author": {
          "gitId": "iamchenjiajun"
        },
        "content": "                break;"
      },
      {
        "lineNumber": 59,
        "author": {
          "gitId": "iamchenjiajun"
        },
        "content": "            case COMMAND_ADD_TODO:"
      },
      {
        "lineNumber": 60,
        "author": {
          "gitId": "iamchenjiajun"
        },
        "content": "                taskManager.addTodo(argumentString);"
      },
      {
        "lineNumber": 61,
        "author": {
          "gitId": "iamchenjiajun"
        },
        "content": "                break;"
      },
      {
        "lineNumber": 62,
        "author": {
          "gitId": "iamchenjiajun"
        },
        "content": "            case COMMAND_ADD_DEADLINE:"
      },
      {
        "lineNumber": 63,
        "author": {
          "gitId": "iamchenjiajun"
        },
        "content": "                String by \u003d argumentString.split(\" /by \")[1];"
      },
      {
        "lineNumber": 64,
        "author": {
          "gitId": "iamchenjiajun"
        },
        "content": "                description \u003d argumentString.replace(\" /by \" + by, \"\");"
      },
      {
        "lineNumber": 65,
        "author": {
          "gitId": "iamchenjiajun"
        },
        "content": "                taskManager.addDeadline(description, by);"
      },
      {
        "lineNumber": 66,
        "author": {
          "gitId": "iamchenjiajun"
        },
        "content": "                break;"
      },
      {
        "lineNumber": 67,
        "author": {
          "gitId": "iamchenjiajun"
        },
        "content": "            case COMMAND_ADD_EVENT:"
      },
      {
        "lineNumber": 68,
        "author": {
          "gitId": "iamchenjiajun"
        },
        "content": "                String at \u003d argumentString.split(\" /at \")[1];"
      },
      {
        "lineNumber": 69,
        "author": {
          "gitId": "iamchenjiajun"
        },
        "content": "                description \u003d argumentString.replace(\" /at \" + at, \"\");"
      },
      {
        "lineNumber": 70,
        "author": {
          "gitId": "iamchenjiajun"
        },
        "content": "                taskManager.addEvent(description, at);"
      },
      {
        "lineNumber": 71,
        "author": {
          "gitId": "iamchenjiajun"
        },
        "content": "                break;"
      },
      {
        "lineNumber": 72,
        "author": {
          "gitId": "iamchenjiajun"
        },
        "content": "            default:"
      },
      {
        "lineNumber": 73,
        "author": {
          "gitId": "iamchenjiajun"
        },
        "content": "                taskManager.addTask(line);"
      },
      {
        "lineNumber": 74,
        "author": {
          "gitId": "iamchenjiajun"
        },
        "content": "                break;"
      },
      {
        "lineNumber": 75,
        "author": {
          "gitId": "iamchenjiajun"
        },
        "content": "            }"
      },
      {
        "lineNumber": 76,
        "author": {
          "gitId": "iamchenjiajun"
        },
        "content": ""
      },
      {
        "lineNumber": 77,
        "author": {
          "gitId": "iamchenjiajun"
        },
        "content": "            showDivider();"
      },
      {
        "lineNumber": 78,
        "author": {
          "gitId": "iamchenjiajun"
        },
        "content": "        }"
      },
      {
        "lineNumber": 79,
        "author": {
          "gitId": "-"
        },
        "content": "    }"
      },
      {
        "lineNumber": 80,
        "author": {
          "gitId": "-"
        },
        "content": "}"
      }
    ],
    "authorContributionMap": {
      "iamchenjiajun": 70,
      "-": 10
    }
  },
  {
    "path": "src/main/java/Event.java",
    "fileType": "java",
    "lines": [
      {
        "lineNumber": 1,
        "author": {
          "gitId": "iamchenjiajun"
        },
        "content": "public class Event extends Task {"
      },
      {
        "lineNumber": 2,
        "author": {
          "gitId": "iamchenjiajun"
        },
        "content": "    protected String at;"
      },
      {
        "lineNumber": 3,
        "author": {
          "gitId": "iamchenjiajun"
        },
        "content": ""
      },
      {
        "lineNumber": 4,
        "author": {
          "gitId": "iamchenjiajun"
        },
        "content": "    public Event(String description, String at) {"
      },
      {
        "lineNumber": 5,
        "author": {
          "gitId": "iamchenjiajun"
        },
        "content": "        super(description);"
      },
      {
        "lineNumber": 6,
        "author": {
          "gitId": "iamchenjiajun"
        },
        "content": "        this.at \u003d at;"
      },
      {
        "lineNumber": 7,
        "author": {
          "gitId": "iamchenjiajun"
        },
        "content": "    }"
      },
      {
        "lineNumber": 8,
        "author": {
          "gitId": "iamchenjiajun"
        },
        "content": ""
      },
      {
        "lineNumber": 9,
        "author": {
          "gitId": "iamchenjiajun"
        },
        "content": "    @Override"
      },
      {
        "lineNumber": 10,
        "author": {
          "gitId": "iamchenjiajun"
        },
        "content": "    public String toString() {"
      },
      {
        "lineNumber": 11,
        "author": {
          "gitId": "iamchenjiajun"
        },
        "content": "        return \"[E]\" + super.toString() + \" (at: \" + at + \")\";"
      },
      {
        "lineNumber": 12,
        "author": {
          "gitId": "iamchenjiajun"
        },
        "content": "    }"
      },
      {
        "lineNumber": 13,
        "author": {
          "gitId": "iamchenjiajun"
        },
        "content": "}"
      }
    ],
    "authorContributionMap": {
      "iamchenjiajun": 13
    }
  },
  {
    "path": "src/main/java/Task.java",
    "fileType": "java",
    "lines": [
      {
        "lineNumber": 1,
        "author": {
          "gitId": "iamchenjiajun"
        },
        "content": "public class Task {"
      },
      {
        "lineNumber": 2,
        "author": {
          "gitId": "iamchenjiajun"
        },
        "content": "    protected String description;"
      },
      {
        "lineNumber": 3,
        "author": {
          "gitId": "iamchenjiajun"
        },
        "content": "    protected boolean isDone;"
      },
      {
        "lineNumber": 4,
        "author": {
          "gitId": "iamchenjiajun"
        },
        "content": ""
      },
      {
        "lineNumber": 5,
        "author": {
          "gitId": "iamchenjiajun"
        },
        "content": "    public Task(String description) {"
      },
      {
        "lineNumber": 6,
        "author": {
          "gitId": "iamchenjiajun"
        },
        "content": "        this.description \u003d description;"
      },
      {
        "lineNumber": 7,
        "author": {
          "gitId": "iamchenjiajun"
        },
        "content": "        this.isDone \u003d false;"
      },
      {
        "lineNumber": 8,
        "author": {
          "gitId": "iamchenjiajun"
        },
        "content": "    }"
      },
      {
        "lineNumber": 9,
        "author": {
          "gitId": "iamchenjiajun"
        },
        "content": ""
      },
      {
        "lineNumber": 10,
        "author": {
          "gitId": "iamchenjiajun"
        },
        "content": "    public String getStatusIcon() {"
      },
      {
        "lineNumber": 11,
        "author": {
          "gitId": "iamchenjiajun"
        },
        "content": "        return (isDone ? \"[✓]\" : \"[✗]\");"
      },
      {
        "lineNumber": 12,
        "author": {
          "gitId": "iamchenjiajun"
        },
        "content": "    }"
      },
      {
        "lineNumber": 13,
        "author": {
          "gitId": "iamchenjiajun"
        },
        "content": ""
      },
      {
        "lineNumber": 14,
        "author": {
          "gitId": "iamchenjiajun"
        },
        "content": "    public void markAsDone() {"
      },
      {
        "lineNumber": 15,
        "author": {
          "gitId": "iamchenjiajun"
        },
        "content": "        this.isDone \u003d true;"
      },
      {
        "lineNumber": 16,
        "author": {
          "gitId": "iamchenjiajun"
        },
        "content": "    }"
      },
      {
        "lineNumber": 17,
        "author": {
          "gitId": "iamchenjiajun"
        },
        "content": ""
      },
      {
        "lineNumber": 18,
        "author": {
          "gitId": "iamchenjiajun"
        },
        "content": "    public String getDescription() {"
      },
      {
        "lineNumber": 19,
        "author": {
          "gitId": "iamchenjiajun"
        },
        "content": "        return description;"
      },
      {
        "lineNumber": 20,
        "author": {
          "gitId": "iamchenjiajun"
        },
        "content": "    }"
      },
      {
        "lineNumber": 21,
        "author": {
          "gitId": "iamchenjiajun"
        },
        "content": ""
      },
      {
        "lineNumber": 22,
        "author": {
          "gitId": "iamchenjiajun"
        },
        "content": "    @Override"
      },
      {
        "lineNumber": 23,
        "author": {
          "gitId": "iamchenjiajun"
        },
        "content": "    public String toString() {"
      },
      {
        "lineNumber": 24,
        "author": {
          "gitId": "iamchenjiajun"
        },
        "content": "        return getStatusIcon() + \" \" + getDescription();"
      },
      {
        "lineNumber": 25,
        "author": {
          "gitId": "iamchenjiajun"
        },
        "content": "    }"
      },
      {
        "lineNumber": 26,
        "author": {
          "gitId": "iamchenjiajun"
        },
        "content": "}"
      }
    ],
    "authorContributionMap": {
      "iamchenjiajun": 26
    }
  },
  {
    "path": "src/main/java/TaskManager.java",
    "fileType": "java",
    "lines": [
      {
        "lineNumber": 1,
        "author": {
          "gitId": "iamchenjiajun"
        },
        "content": "public class TaskManager {"
      },
      {
        "lineNumber": 2,
        "author": {
          "gitId": "iamchenjiajun"
        },
        "content": "    public static final int MAX_TASKS \u003d 100;"
      },
      {
        "lineNumber": 3,
        "author": {
          "gitId": "iamchenjiajun"
        },
        "content": "    private Task[] tasks;"
      },
      {
        "lineNumber": 4,
        "author": {
          "gitId": "iamchenjiajun"
        },
        "content": "    private int tasksCount;"
      },
      {
        "lineNumber": 5,
        "author": {
          "gitId": "iamchenjiajun"
        },
        "content": ""
      },
      {
        "lineNumber": 6,
        "author": {
          "gitId": "iamchenjiajun"
        },
        "content": "    public TaskManager() {"
      },
      {
        "lineNumber": 7,
        "author": {
          "gitId": "iamchenjiajun"
        },
        "content": "        tasks \u003d new Task[MAX_TASKS];"
      },
      {
        "lineNumber": 8,
        "author": {
          "gitId": "iamchenjiajun"
        },
        "content": "        tasksCount \u003d 0;"
      },
      {
        "lineNumber": 9,
        "author": {
          "gitId": "iamchenjiajun"
        },
        "content": "    }"
      },
      {
        "lineNumber": 10,
        "author": {
          "gitId": "iamchenjiajun"
        },
        "content": ""
      },
      {
        "lineNumber": 11,
        "author": {
          "gitId": "iamchenjiajun"
        },
        "content": "    public void printTasks() {"
      },
      {
        "lineNumber": 12,
        "author": {
          "gitId": "iamchenjiajun"
        },
        "content": "        for (int i \u003d 0; i \u003c tasksCount; i++) {"
      },
      {
        "lineNumber": 13,
        "author": {
          "gitId": "iamchenjiajun"
        },
        "content": "            int index \u003d i + 1;"
      },
      {
        "lineNumber": 14,
        "author": {
          "gitId": "iamchenjiajun"
        },
        "content": "            System.out.println(index + \".\" + tasks[i]);"
      },
      {
        "lineNumber": 15,
        "author": {
          "gitId": "iamchenjiajun"
        },
        "content": "        }"
      },
      {
        "lineNumber": 16,
        "author": {
          "gitId": "iamchenjiajun"
        },
        "content": "    }"
      },
      {
        "lineNumber": 17,
        "author": {
          "gitId": "iamchenjiajun"
        },
        "content": ""
      },
      {
        "lineNumber": 18,
        "author": {
          "gitId": "iamchenjiajun"
        },
        "content": "    public void markAsDone(int index) {"
      },
      {
        "lineNumber": 19,
        "author": {
          "gitId": "iamchenjiajun"
        },
        "content": "        tasks[index].markAsDone();"
      },
      {
        "lineNumber": 20,
        "author": {
          "gitId": "iamchenjiajun"
        },
        "content": "        System.out.println(\"Nice! I\u0027ve marked this task as done:\");"
      },
      {
        "lineNumber": 21,
        "author": {
          "gitId": "iamchenjiajun"
        },
        "content": "        System.out.println(tasks[index]);"
      },
      {
        "lineNumber": 22,
        "author": {
          "gitId": "iamchenjiajun"
        },
        "content": "    }"
      },
      {
        "lineNumber": 23,
        "author": {
          "gitId": "iamchenjiajun"
        },
        "content": ""
      },
      {
        "lineNumber": 24,
        "author": {
          "gitId": "iamchenjiajun"
        },
        "content": "    public void addTask(String description) {"
      },
      {
        "lineNumber": 25,
        "author": {
          "gitId": "iamchenjiajun"
        },
        "content": "        tasks[tasksCount] \u003d new Task(description);"
      },
      {
        "lineNumber": 26,
        "author": {
          "gitId": "iamchenjiajun"
        },
        "content": "        System.out.println(\"Added \" + description + \" as a Task.\");"
      },
      {
        "lineNumber": 27,
        "author": {
          "gitId": "iamchenjiajun"
        },
        "content": "        System.out.println(tasks[tasksCount]);"
      },
      {
        "lineNumber": 28,
        "author": {
          "gitId": "iamchenjiajun"
        },
        "content": "        tasksCount++;"
      },
      {
        "lineNumber": 29,
        "author": {
          "gitId": "iamchenjiajun"
        },
        "content": "    }"
      },
      {
        "lineNumber": 30,
        "author": {
          "gitId": "iamchenjiajun"
        },
        "content": ""
      },
      {
        "lineNumber": 31,
        "author": {
          "gitId": "iamchenjiajun"
        },
        "content": "    public void addDeadline(String description, String by) {"
      },
      {
        "lineNumber": 32,
        "author": {
          "gitId": "iamchenjiajun"
        },
        "content": "        tasks[tasksCount] \u003d new Deadline(description, by);"
      },
      {
        "lineNumber": 33,
        "author": {
          "gitId": "iamchenjiajun"
        },
        "content": "        System.out.println(\"Added \" + description + \" as a Deadline.\");"
      },
      {
        "lineNumber": 34,
        "author": {
          "gitId": "iamchenjiajun"
        },
        "content": "        System.out.println(tasks[tasksCount]);"
      },
      {
        "lineNumber": 35,
        "author": {
          "gitId": "iamchenjiajun"
        },
        "content": "        tasksCount++;"
      },
      {
        "lineNumber": 36,
        "author": {
          "gitId": "iamchenjiajun"
        },
        "content": "    }"
      },
      {
        "lineNumber": 37,
        "author": {
          "gitId": "iamchenjiajun"
        },
        "content": ""
      },
      {
        "lineNumber": 38,
        "author": {
          "gitId": "iamchenjiajun"
        },
        "content": "    public void addTodo(String description) {"
      },
      {
        "lineNumber": 39,
        "author": {
          "gitId": "iamchenjiajun"
        },
        "content": "        tasks[tasksCount] \u003d new Todo(description);"
      },
      {
        "lineNumber": 40,
        "author": {
          "gitId": "iamchenjiajun"
        },
        "content": "        System.out.println(\"Added \" + description + \" as a Todo.\");"
      },
      {
        "lineNumber": 41,
        "author": {
          "gitId": "iamchenjiajun"
        },
        "content": "        System.out.println(tasks[tasksCount]);"
      },
      {
        "lineNumber": 42,
        "author": {
          "gitId": "iamchenjiajun"
        },
        "content": "        tasksCount++;"
      },
      {
        "lineNumber": 43,
        "author": {
          "gitId": "iamchenjiajun"
        },
        "content": "    }"
      },
      {
        "lineNumber": 44,
        "author": {
          "gitId": "iamchenjiajun"
        },
        "content": ""
      },
      {
        "lineNumber": 45,
        "author": {
          "gitId": "iamchenjiajun"
        },
        "content": "    public void addEvent(String description, String at) {"
      },
      {
        "lineNumber": 46,
        "author": {
          "gitId": "iamchenjiajun"
        },
        "content": "        tasks[tasksCount] \u003d new Event(description, at);"
      },
      {
        "lineNumber": 47,
        "author": {
          "gitId": "iamchenjiajun"
        },
        "content": "        System.out.println(\"Added \" + description + \" as an Event.\");"
      },
      {
        "lineNumber": 48,
        "author": {
          "gitId": "iamchenjiajun"
        },
        "content": "        System.out.println(tasks[tasksCount]);"
      },
      {
        "lineNumber": 49,
        "author": {
          "gitId": "iamchenjiajun"
        },
        "content": "        tasksCount++;"
      },
      {
        "lineNumber": 50,
        "author": {
          "gitId": "iamchenjiajun"
        },
        "content": "    }"
      },
      {
        "lineNumber": 51,
        "author": {
          "gitId": "iamchenjiajun"
        },
        "content": "}"
      }
    ],
    "authorContributionMap": {
      "iamchenjiajun": 51
    }
  },
  {
    "path": "src/main/java/Todo.java",
    "fileType": "java",
    "lines": [
      {
        "lineNumber": 1,
        "author": {
          "gitId": "iamchenjiajun"
        },
        "content": "public class Todo extends Task {"
      },
      {
        "lineNumber": 2,
        "author": {
          "gitId": "iamchenjiajun"
        },
        "content": "    public Todo(String description) {"
      },
      {
        "lineNumber": 3,
        "author": {
          "gitId": "iamchenjiajun"
        },
        "content": "        super(description);"
      },
      {
        "lineNumber": 4,
        "author": {
          "gitId": "iamchenjiajun"
        },
        "content": "    }"
      },
      {
        "lineNumber": 5,
        "author": {
          "gitId": "iamchenjiajun"
        },
        "content": ""
      },
      {
        "lineNumber": 6,
        "author": {
          "gitId": "iamchenjiajun"
        },
        "content": "    @Override"
      },
      {
        "lineNumber": 7,
        "author": {
          "gitId": "iamchenjiajun"
        },
        "content": "    public String toString() {"
      },
      {
        "lineNumber": 8,
        "author": {
          "gitId": "iamchenjiajun"
        },
        "content": "        return \"[T]\" + super.toString();"
      },
      {
        "lineNumber": 9,
        "author": {
          "gitId": "iamchenjiajun"
        },
        "content": "    }"
      },
      {
        "lineNumber": 10,
        "author": {
          "gitId": "iamchenjiajun"
        },
        "content": "}"
      }
    ],
    "authorContributionMap": {
      "iamchenjiajun": 10
    }
  },
  {
    "path": "text-ui-test/input.txt",
    "fileType": "txt",
    "lines": [
      {
        "lineNumber": 1,
        "author": {
          "gitId": "iamchenjiajun"
        },
        "content": "todo read book"
      },
      {
        "lineNumber": 2,
        "author": {
          "gitId": "iamchenjiajun"
        },
        "content": "deadline do homework /by next monday"
      },
      {
        "lineNumber": 3,
        "author": {
          "gitId": "iamchenjiajun"
        },
        "content": "list"
      },
      {
        "lineNumber": 4,
        "author": {
          "gitId": "iamchenjiajun"
        },
        "content": "event go to school /at tomorrow 1pm"
      },
      {
        "lineNumber": 5,
        "author": {
          "gitId": "iamchenjiajun"
        },
        "content": "list"
      },
      {
        "lineNumber": 6,
        "author": {
          "gitId": "iamchenjiajun"
        },
        "content": "done 1"
      },
      {
        "lineNumber": 7,
        "author": {
          "gitId": "iamchenjiajun"
        },
        "content": "done 3"
      },
      {
        "lineNumber": 8,
        "author": {
          "gitId": "iamchenjiajun"
        },
        "content": "list"
      },
      {
        "lineNumber": 9,
        "author": {
          "gitId": "iamchenjiajun"
        },
        "content": "done 2"
      },
      {
        "lineNumber": 10,
        "author": {
          "gitId": "iamchenjiajun"
        },
        "content": "done 2"
      },
      {
        "lineNumber": 11,
        "author": {
          "gitId": "iamchenjiajun"
        },
        "content": "list"
      },
      {
        "lineNumber": 12,
        "author": {
          "gitId": "iamchenjiajun"
        },
        "content": "bye"
      }
    ],
    "authorContributionMap": {
      "iamchenjiajun": 12
    }
  },
  {
    "path": "text-ui-test/runtest.bat",
    "fileType": "bat",
    "lines": [
      {
        "lineNumber": 1,
        "author": {
          "gitId": "-"
        },
        "content": "@ECHO OFF"
      },
      {
        "lineNumber": 2,
        "author": {
          "gitId": "-"
        },
        "content": ""
      },
      {
        "lineNumber": 3,
        "author": {
          "gitId": "-"
        },
        "content": "REM create bin directory if it doesn\u0027t exist"
      },
      {
        "lineNumber": 4,
        "author": {
          "gitId": "-"
        },
        "content": "if not exist ..\\bin mkdir ..\\bin"
      },
      {
        "lineNumber": 5,
        "author": {
          "gitId": "-"
        },
        "content": ""
      },
      {
        "lineNumber": 6,
        "author": {
          "gitId": "-"
        },
        "content": "REM delete output from previous run"
      },
      {
        "lineNumber": 7,
        "author": {
          "gitId": "-"
        },
        "content": "del ACTUAL.TXT"
      },
      {
        "lineNumber": 8,
        "author": {
          "gitId": "-"
        },
        "content": ""
      },
      {
        "lineNumber": 9,
        "author": {
          "gitId": "-"
        },
        "content": "REM compile the code into the bin folder"
      },
      {
        "lineNumber": 10,
        "author": {
          "gitId": "iamchenjiajun"
        },
        "content": "javac  -cp ..\\src -Xlint:none -d ..\\bin ..\\src\\main\\java\\*.java"
      },
      {
        "lineNumber": 11,
        "author": {
          "gitId": "-"
        },
        "content": "IF ERRORLEVEL 1 ("
      },
      {
        "lineNumber": 12,
        "author": {
          "gitId": "-"
        },
        "content": "    echo ********** BUILD FAILURE **********"
      },
      {
        "lineNumber": 13,
        "author": {
          "gitId": "-"
        },
        "content": "    exit /b 1"
      },
      {
        "lineNumber": 14,
        "author": {
          "gitId": "-"
        },
        "content": ")"
      },
      {
        "lineNumber": 15,
        "author": {
          "gitId": "-"
        },
        "content": "REM no error here, errorlevel \u003d\u003d 0"
      },
      {
        "lineNumber": 16,
        "author": {
          "gitId": "-"
        },
        "content": ""
      },
      {
        "lineNumber": 17,
        "author": {
          "gitId": "-"
        },
        "content": "REM run the program, feed commands from input.txt file and redirect the output to the ACTUAL.TXT"
      },
      {
        "lineNumber": 18,
        "author": {
          "gitId": "iamchenjiajun"
        },
        "content": "java -Dfile.encoding\u003dUTF-8 -classpath ..\\bin Duke \u003c input.txt \u003e ACTUAL.TXT"
      },
      {
        "lineNumber": 19,
        "author": {
          "gitId": "-"
        },
        "content": ""
      },
      {
        "lineNumber": 20,
        "author": {
          "gitId": "-"
        },
        "content": "REM compare the output to the expected output"
      },
      {
        "lineNumber": 21,
        "author": {
          "gitId": "-"
        },
        "content": "FC ACTUAL.TXT EXPECTED.TXT"
      }
    ],
    "authorContributionMap": {
      "iamchenjiajun": 2,
      "-": 19
    }
  }
]
