[
  {
    "path": "src/main/java/duke/Duke.java",
    "fileType": "java",
    "lines": [
      {
        "lineNumber": 1,
        "author": {
          "gitId": "iamchenjiajun"
        },
        "content": "package duke;"
      },
      {
        "lineNumber": 2,
        "author": {
          "gitId": "iamchenjiajun"
        },
        "content": ""
      },
      {
        "lineNumber": 3,
        "author": {
          "gitId": "iamchenjiajun"
        },
        "content": "import duke.exception.FileFormatException;"
      },
      {
        "lineNumber": 4,
        "author": {
          "gitId": "iamchenjiajun"
        },
        "content": "import duke.exception.InvalidArgumentException;"
      },
      {
        "lineNumber": 5,
        "author": {
          "gitId": "iamchenjiajun"
        },
        "content": "import duke.exception.UnknownCommandException;"
      },
      {
        "lineNumber": 6,
        "author": {
          "gitId": "iamchenjiajun"
        },
        "content": ""
      },
      {
        "lineNumber": 7,
        "author": {
          "gitId": "iamchenjiajun"
        },
        "content": "import java.io.IOException;"
      },
      {
        "lineNumber": 8,
        "author": {
          "gitId": "iamchenjiajun"
        },
        "content": "import java.util.Scanner;"
      },
      {
        "lineNumber": 9,
        "author": {
          "gitId": "iamchenjiajun"
        },
        "content": ""
      },
      {
        "lineNumber": 10,
        "author": {
          "gitId": "-"
        },
        "content": "public class Duke {"
      },
      {
        "lineNumber": 11,
        "author": {
          "gitId": "iamchenjiajun"
        },
        "content": "    public static final String COMMAND_LIST \u003d \"list\";"
      },
      {
        "lineNumber": 12,
        "author": {
          "gitId": "iamchenjiajun"
        },
        "content": "    public static final String COMMAND_BYE \u003d \"bye\";"
      },
      {
        "lineNumber": 13,
        "author": {
          "gitId": "iamchenjiajun"
        },
        "content": "    public static final String COMMAND_DONE \u003d \"done\";"
      },
      {
        "lineNumber": 14,
        "author": {
          "gitId": "iamchenjiajun"
        },
        "content": "    public static final String COMMAND_ADD_TODO \u003d \"todo\";"
      },
      {
        "lineNumber": 15,
        "author": {
          "gitId": "iamchenjiajun"
        },
        "content": "    public static final String COMMAND_ADD_DEADLINE \u003d \"deadline\";"
      },
      {
        "lineNumber": 16,
        "author": {
          "gitId": "iamchenjiajun"
        },
        "content": "    public static final String COMMAND_ADD_EVENT \u003d \"event\";"
      },
      {
        "lineNumber": 17,
        "author": {
          "gitId": "iamchenjiajun"
        },
        "content": "    public static final String COMMAND_DELETE \u003d \"delete\";"
      },
      {
        "lineNumber": 18,
        "author": {
          "gitId": "iamchenjiajun"
        },
        "content": ""
      },
      {
        "lineNumber": 19,
        "author": {
          "gitId": "iamchenjiajun"
        },
        "content": "    public static final String DUKE_DIVIDER \u003d \"\u003e\u003e\u003e\u003e++----------------------------------\";"
      },
      {
        "lineNumber": 20,
        "author": {
          "gitId": "iamchenjiajun"
        },
        "content": "    public static final String DUKE_GREETINGS \u003d \"Hello! I\u0027m Duke!\\n\""
      },
      {
        "lineNumber": 21,
        "author": {
          "gitId": "iamchenjiajun"
        },
        "content": "            + \"What can I do for you?\";"
      },
      {
        "lineNumber": 22,
        "author": {
          "gitId": "iamchenjiajun"
        },
        "content": "    public static final String DUKE_LOGO \u003d \"Hello from\\n\""
      },
      {
        "lineNumber": 23,
        "author": {
          "gitId": "iamchenjiajun"
        },
        "content": "            + \" ____        _        \\n\""
      },
      {
        "lineNumber": 24,
        "author": {
          "gitId": "iamchenjiajun"
        },
        "content": "            + \"|  _ \\\\ _   _| | _____ \\n\""
      },
      {
        "lineNumber": 25,
        "author": {
          "gitId": "iamchenjiajun"
        },
        "content": "            + \"| | | | | | | |/ / _ \\\\\\n\""
      },
      {
        "lineNumber": 26,
        "author": {
          "gitId": "iamchenjiajun"
        },
        "content": "            + \"| |_| | |_| |   \u003c  __/\\n\""
      },
      {
        "lineNumber": 27,
        "author": {
          "gitId": "iamchenjiajun"
        },
        "content": "            + \"|____/ \\\\__,_|_|\\\\_\\\\___|\\n\";"
      },
      {
        "lineNumber": 28,
        "author": {
          "gitId": "iamchenjiajun"
        },
        "content": "    public static final String DUKE_BYE \u003d \"Bye. Hope to see you again soon!\";"
      },
      {
        "lineNumber": 29,
        "author": {
          "gitId": "iamchenjiajun"
        },
        "content": ""
      },
      {
        "lineNumber": 30,
        "author": {
          "gitId": "iamchenjiajun"
        },
        "content": "    public static final String ERROR_TODO_NO_DESCRIPTION \u003d \"☹ OOPS!!! The description of a Todo cannot be empty.\";"
      },
      {
        "lineNumber": 31,
        "author": {
          "gitId": "iamchenjiajun"
        },
        "content": "    public static final String ERROR_DEADLINE_NO_DESCRIPTION \u003d \"☹ OOPS!!! The description of a Deadline cannot be\" +"
      },
      {
        "lineNumber": 32,
        "author": {
          "gitId": "iamchenjiajun"
        },
        "content": "            \" empty.\";"
      },
      {
        "lineNumber": 33,
        "author": {
          "gitId": "iamchenjiajun"
        },
        "content": "    public static final String ERROR_EVENT_NO_DESCRIPTION \u003d \"☹ OOPS!!! The description of an Event cannot be empty.\";"
      },
      {
        "lineNumber": 34,
        "author": {
          "gitId": "iamchenjiajun"
        },
        "content": "    public static final String ERROR_NO_DEADLINE \u003d \"☹ OOPS!!! Your Deadline doesn\u0027t contain a deadline!\";"
      },
      {
        "lineNumber": 35,
        "author": {
          "gitId": "iamchenjiajun"
        },
        "content": "    public static final String ERROR_NO_EVENT \u003d \"☹ OOPS!!! Your Event doesn\u0027t contain a date\";"
      },
      {
        "lineNumber": 36,
        "author": {
          "gitId": "iamchenjiajun"
        },
        "content": "    public static final String ERROR_NO_DONE_ARGUMENT \u003d \"☹ OOPS!!! You need an argument to be done with!\";"
      },
      {
        "lineNumber": 37,
        "author": {
          "gitId": "iamchenjiajun"
        },
        "content": "    public static final String ERROR_DONE_ARGUMENT \u003d \"☹ OOPS!!! Your done argument is invalid!\";"
      },
      {
        "lineNumber": 38,
        "author": {
          "gitId": "iamchenjiajun"
        },
        "content": "    public static final String ERROR_UNKNOWN_COMMAND \u003d \"☹ OOPS!!! I\u0027m sorry, but I don\u0027t know what that means :-(\";"
      },
      {
        "lineNumber": 39,
        "author": {
          "gitId": "iamchenjiajun"
        },
        "content": "    public static final String ERROR_TASK_LOAD \u003d \"☹ OOPS!!! I\u0027m sorry, but I couldn\u0027t load the tasks :-(\";"
      },
      {
        "lineNumber": 40,
        "author": {
          "gitId": "iamchenjiajun"
        },
        "content": "    public static final String ERROR_TASK_FORMAT \u003d \"☹ OOPS!!! Your tasks are in the wrong format :-(\";"
      },
      {
        "lineNumber": 41,
        "author": {
          "gitId": "iamchenjiajun"
        },
        "content": "    public static final String ERROR_TASK_SAVE \u003d \"☹ OOPS!!! I\u0027m sorry, but I couldn\u0027t save the tasks :-(\";"
      },
      {
        "lineNumber": 42,
        "author": {
          "gitId": "iamchenjiajun"
        },
        "content": ""
      },
      {
        "lineNumber": 43,
        "author": {
          "gitId": "iamchenjiajun"
        },
        "content": "    private static final TaskManager taskManager \u003d new TaskManager();"
      },
      {
        "lineNumber": 44,
        "author": {
          "gitId": "iamchenjiajun"
        },
        "content": ""
      },
      {
        "lineNumber": 45,
        "author": {
          "gitId": "iamchenjiajun"
        },
        "content": "    public static void showDivider() {"
      },
      {
        "lineNumber": 46,
        "author": {
          "gitId": "iamchenjiajun"
        },
        "content": "        System.out.println(DUKE_DIVIDER);"
      },
      {
        "lineNumber": 47,
        "author": {
          "gitId": "iamchenjiajun"
        },
        "content": "    }"
      },
      {
        "lineNumber": 48,
        "author": {
          "gitId": "iamchenjiajun"
        },
        "content": ""
      },
      {
        "lineNumber": 49,
        "author": {
          "gitId": "iamchenjiajun"
        },
        "content": "    public static void greet() {"
      },
      {
        "lineNumber": 50,
        "author": {
          "gitId": "iamchenjiajun"
        },
        "content": "        System.out.println(DUKE_LOGO);"
      },
      {
        "lineNumber": 51,
        "author": {
          "gitId": "iamchenjiajun"
        },
        "content": "        showDivider();"
      },
      {
        "lineNumber": 52,
        "author": {
          "gitId": "iamchenjiajun"
        },
        "content": "        System.out.println(DUKE_GREETINGS);"
      },
      {
        "lineNumber": 53,
        "author": {
          "gitId": "iamchenjiajun"
        },
        "content": "        showDivider();"
      },
      {
        "lineNumber": 54,
        "author": {
          "gitId": "iamchenjiajun"
        },
        "content": "    }"
      },
      {
        "lineNumber": 55,
        "author": {
          "gitId": "iamchenjiajun"
        },
        "content": ""
      },
      {
        "lineNumber": 56,
        "author": {
          "gitId": "iamchenjiajun"
        },
        "content": "    public static void bye() {"
      },
      {
        "lineNumber": 57,
        "author": {
          "gitId": "iamchenjiajun"
        },
        "content": "        System.out.println(DUKE_BYE);"
      },
      {
        "lineNumber": 58,
        "author": {
          "gitId": "iamchenjiajun"
        },
        "content": "    }"
      },
      {
        "lineNumber": 59,
        "author": {
          "gitId": "iamchenjiajun"
        },
        "content": ""
      },
      {
        "lineNumber": 60,
        "author": {
          "gitId": "iamchenjiajun"
        },
        "content": "    public static void checkArgumentsLength(int argumentLength, int expectedLength, String errorMessage)"
      },
      {
        "lineNumber": 61,
        "author": {
          "gitId": "iamchenjiajun"
        },
        "content": "            throws InvalidArgumentException {"
      },
      {
        "lineNumber": 62,
        "author": {
          "gitId": "iamchenjiajun"
        },
        "content": "        if (argumentLength \u003c expectedLength) {"
      },
      {
        "lineNumber": 63,
        "author": {
          "gitId": "iamchenjiajun"
        },
        "content": "            throw new InvalidArgumentException(errorMessage);"
      },
      {
        "lineNumber": 64,
        "author": {
          "gitId": "iamchenjiajun"
        },
        "content": "        }"
      },
      {
        "lineNumber": 65,
        "author": {
          "gitId": "iamchenjiajun"
        },
        "content": "    }"
      },
      {
        "lineNumber": 66,
        "author": {
          "gitId": "iamchenjiajun"
        },
        "content": ""
      },
      {
        "lineNumber": 67,
        "author": {
          "gitId": "iamchenjiajun"
        },
        "content": "    public static void checkValidInteger(String integerString, String errorMessage) throws InvalidArgumentException {"
      },
      {
        "lineNumber": 68,
        "author": {
          "gitId": "iamchenjiajun"
        },
        "content": "        try {"
      },
      {
        "lineNumber": 69,
        "author": {
          "gitId": "iamchenjiajun"
        },
        "content": "            Integer.parseInt(integerString);"
      },
      {
        "lineNumber": 70,
        "author": {
          "gitId": "iamchenjiajun"
        },
        "content": "        } catch (NumberFormatException e) {"
      },
      {
        "lineNumber": 71,
        "author": {
          "gitId": "iamchenjiajun"
        },
        "content": "            throw new InvalidArgumentException(errorMessage);"
      },
      {
        "lineNumber": 72,
        "author": {
          "gitId": "iamchenjiajun"
        },
        "content": "        }"
      },
      {
        "lineNumber": 73,
        "author": {
          "gitId": "iamchenjiajun"
        },
        "content": "    }"
      },
      {
        "lineNumber": 74,
        "author": {
          "gitId": "iamchenjiajun"
        },
        "content": ""
      },
      {
        "lineNumber": 75,
        "author": {
          "gitId": "iamchenjiajun"
        },
        "content": "    public static void checkValidIntegerRange(int checkInteger, int expectedValue, String errorMessage)"
      },
      {
        "lineNumber": 76,
        "author": {
          "gitId": "iamchenjiajun"
        },
        "content": "            throws InvalidArgumentException {"
      },
      {
        "lineNumber": 77,
        "author": {
          "gitId": "iamchenjiajun"
        },
        "content": "        boolean isMoreThan \u003d checkInteger \u003e expectedValue;"
      },
      {
        "lineNumber": 78,
        "author": {
          "gitId": "iamchenjiajun"
        },
        "content": "        boolean isLessThanOne \u003d checkInteger \u003c 1;"
      },
      {
        "lineNumber": 79,
        "author": {
          "gitId": "iamchenjiajun"
        },
        "content": ""
      },
      {
        "lineNumber": 80,
        "author": {
          "gitId": "iamchenjiajun"
        },
        "content": "        if (isMoreThan || isLessThanOne) {"
      },
      {
        "lineNumber": 81,
        "author": {
          "gitId": "iamchenjiajun"
        },
        "content": "            throw new InvalidArgumentException(errorMessage);"
      },
      {
        "lineNumber": 82,
        "author": {
          "gitId": "iamchenjiajun"
        },
        "content": "        }"
      },
      {
        "lineNumber": 83,
        "author": {
          "gitId": "iamchenjiajun"
        },
        "content": "    }"
      },
      {
        "lineNumber": 84,
        "author": {
          "gitId": "iamchenjiajun"
        },
        "content": ""
      },
      {
        "lineNumber": 85,
        "author": {
          "gitId": "iamchenjiajun"
        },
        "content": "    public static void parseCommand(String line) throws UnknownCommandException, InvalidArgumentException {"
      },
      {
        "lineNumber": 86,
        "author": {
          "gitId": "iamchenjiajun"
        },
        "content": "        String[] arguments \u003d line.split(\" \");"
      },
      {
        "lineNumber": 87,
        "author": {
          "gitId": "iamchenjiajun"
        },
        "content": "        String command \u003d arguments[0];"
      },
      {
        "lineNumber": 88,
        "author": {
          "gitId": "iamchenjiajun"
        },
        "content": "        String argumentString \u003d line.replaceFirst(command + \" \", \"\");"
      },
      {
        "lineNumber": 89,
        "author": {
          "gitId": "iamchenjiajun"
        },
        "content": "        String description;"
      },
      {
        "lineNumber": 90,
        "author": {
          "gitId": "iamchenjiajun"
        },
        "content": ""
      },
      {
        "lineNumber": 91,
        "author": {
          "gitId": "iamchenjiajun"
        },
        "content": "        switch (command) {"
      },
      {
        "lineNumber": 92,
        "author": {
          "gitId": "iamchenjiajun"
        },
        "content": "        case COMMAND_LIST:"
      },
      {
        "lineNumber": 93,
        "author": {
          "gitId": "iamchenjiajun"
        },
        "content": "            taskManager.printTasks();"
      },
      {
        "lineNumber": 94,
        "author": {
          "gitId": "iamchenjiajun"
        },
        "content": "            break;"
      },
      {
        "lineNumber": 95,
        "author": {
          "gitId": "iamchenjiajun"
        },
        "content": "        case COMMAND_BYE:"
      },
      {
        "lineNumber": 96,
        "author": {
          "gitId": "iamchenjiajun"
        },
        "content": "            bye();"
      },
      {
        "lineNumber": 97,
        "author": {
          "gitId": "iamchenjiajun"
        },
        "content": "            break;"
      },
      {
        "lineNumber": 98,
        "author": {
          "gitId": "iamchenjiajun"
        },
        "content": "        case COMMAND_DONE:"
      },
      {
        "lineNumber": 99,
        "author": {
          "gitId": "iamchenjiajun"
        },
        "content": "            checkArgumentsLength(arguments.length, 2, ERROR_NO_DONE_ARGUMENT);"
      },
      {
        "lineNumber": 100,
        "author": {
          "gitId": "iamchenjiajun"
        },
        "content": "            checkValidInteger(arguments[1], ERROR_DONE_ARGUMENT);"
      },
      {
        "lineNumber": 101,
        "author": {
          "gitId": "iamchenjiajun"
        },
        "content": "            int doneIndex \u003d Integer.parseInt(arguments[1]);"
      },
      {
        "lineNumber": 102,
        "author": {
          "gitId": "iamchenjiajun"
        },
        "content": "            checkValidIntegerRange(doneIndex, taskManager.getTasksCount(), ERROR_DONE_ARGUMENT);"
      },
      {
        "lineNumber": 103,
        "author": {
          "gitId": "iamchenjiajun"
        },
        "content": "            taskManager.markAsDone(doneIndex - 1, true);"
      },
      {
        "lineNumber": 104,
        "author": {
          "gitId": "iamchenjiajun"
        },
        "content": "            break;"
      },
      {
        "lineNumber": 105,
        "author": {
          "gitId": "iamchenjiajun"
        },
        "content": "        case COMMAND_DELETE:"
      },
      {
        "lineNumber": 106,
        "author": {
          "gitId": "iamchenjiajun"
        },
        "content": "            checkArgumentsLength(arguments.length, 2, ERROR_NO_DONE_ARGUMENT);"
      },
      {
        "lineNumber": 107,
        "author": {
          "gitId": "iamchenjiajun"
        },
        "content": "            checkValidInteger(arguments[1], ERROR_DONE_ARGUMENT);"
      },
      {
        "lineNumber": 108,
        "author": {
          "gitId": "iamchenjiajun"
        },
        "content": "            int deleteIndex \u003d Integer.parseInt(arguments[1]);"
      },
      {
        "lineNumber": 109,
        "author": {
          "gitId": "iamchenjiajun"
        },
        "content": "            checkValidIntegerRange(deleteIndex, taskManager.getTasksCount(), ERROR_DONE_ARGUMENT);"
      },
      {
        "lineNumber": 110,
        "author": {
          "gitId": "iamchenjiajun"
        },
        "content": "            taskManager.deleteTask(deleteIndex - 1);"
      },
      {
        "lineNumber": 111,
        "author": {
          "gitId": "iamchenjiajun"
        },
        "content": "            break;"
      },
      {
        "lineNumber": 112,
        "author": {
          "gitId": "iamchenjiajun"
        },
        "content": "        case COMMAND_ADD_TODO:"
      },
      {
        "lineNumber": 113,
        "author": {
          "gitId": "iamchenjiajun"
        },
        "content": "            checkArgumentsLength(arguments.length, 2, ERROR_TODO_NO_DESCRIPTION);"
      },
      {
        "lineNumber": 114,
        "author": {
          "gitId": "iamchenjiajun"
        },
        "content": "            taskManager.addTodo(argumentString, true);"
      },
      {
        "lineNumber": 115,
        "author": {
          "gitId": "iamchenjiajun"
        },
        "content": "            break;"
      },
      {
        "lineNumber": 116,
        "author": {
          "gitId": "iamchenjiajun"
        },
        "content": "        case COMMAND_ADD_DEADLINE:"
      },
      {
        "lineNumber": 117,
        "author": {
          "gitId": "iamchenjiajun"
        },
        "content": "            String[] deadlineDetails \u003d argumentString.split(\" /by \");"
      },
      {
        "lineNumber": 118,
        "author": {
          "gitId": "iamchenjiajun"
        },
        "content": "            checkArgumentsLength(arguments.length, 2, ERROR_DEADLINE_NO_DESCRIPTION);"
      },
      {
        "lineNumber": 119,
        "author": {
          "gitId": "iamchenjiajun"
        },
        "content": "            checkArgumentsLength(deadlineDetails.length, 2, ERROR_NO_DEADLINE);"
      },
      {
        "lineNumber": 120,
        "author": {
          "gitId": "iamchenjiajun"
        },
        "content": "            description \u003d argumentString.replace(\" /by \" + deadlineDetails[1], \"\");"
      },
      {
        "lineNumber": 121,
        "author": {
          "gitId": "iamchenjiajun"
        },
        "content": "            taskManager.addDeadline(description, deadlineDetails[1], true);"
      },
      {
        "lineNumber": 122,
        "author": {
          "gitId": "iamchenjiajun"
        },
        "content": "            break;"
      },
      {
        "lineNumber": 123,
        "author": {
          "gitId": "iamchenjiajun"
        },
        "content": "        case COMMAND_ADD_EVENT:"
      },
      {
        "lineNumber": 124,
        "author": {
          "gitId": "iamchenjiajun"
        },
        "content": "            String[] eventDetails \u003d argumentString.split(\" /at \");"
      },
      {
        "lineNumber": 125,
        "author": {
          "gitId": "iamchenjiajun"
        },
        "content": "            checkArgumentsLength(arguments.length, 2, ERROR_EVENT_NO_DESCRIPTION);"
      },
      {
        "lineNumber": 126,
        "author": {
          "gitId": "iamchenjiajun"
        },
        "content": "            checkArgumentsLength(eventDetails.length, 2, ERROR_NO_EVENT);"
      },
      {
        "lineNumber": 127,
        "author": {
          "gitId": "iamchenjiajun"
        },
        "content": "            description \u003d argumentString.replace(\" /at \" + eventDetails[1], \"\");"
      },
      {
        "lineNumber": 128,
        "author": {
          "gitId": "iamchenjiajun"
        },
        "content": "            taskManager.addEvent(description, eventDetails[1], true);"
      },
      {
        "lineNumber": 129,
        "author": {
          "gitId": "iamchenjiajun"
        },
        "content": "            break;"
      },
      {
        "lineNumber": 130,
        "author": {
          "gitId": "iamchenjiajun"
        },
        "content": "        default:"
      },
      {
        "lineNumber": 131,
        "author": {
          "gitId": "iamchenjiajun"
        },
        "content": "            throw new UnknownCommandException();"
      },
      {
        "lineNumber": 132,
        "author": {
          "gitId": "iamchenjiajun"
        },
        "content": "            // Fallthrough"
      },
      {
        "lineNumber": 133,
        "author": {
          "gitId": "iamchenjiajun"
        },
        "content": "        }"
      },
      {
        "lineNumber": 134,
        "author": {
          "gitId": "iamchenjiajun"
        },
        "content": "    }"
      },
      {
        "lineNumber": 135,
        "author": {
          "gitId": "iamchenjiajun"
        },
        "content": ""
      },
      {
        "lineNumber": 136,
        "author": {
          "gitId": "iamchenjiajun"
        },
        "content": "    public static void main(String[] args) {"
      },
      {
        "lineNumber": 137,
        "author": {
          "gitId": "iamchenjiajun"
        },
        "content": "        Scanner in \u003d new Scanner(System.in);"
      },
      {
        "lineNumber": 138,
        "author": {
          "gitId": "iamchenjiajun"
        },
        "content": "        boolean isBye;"
      },
      {
        "lineNumber": 139,
        "author": {
          "gitId": "iamchenjiajun"
        },
        "content": ""
      },
      {
        "lineNumber": 140,
        "author": {
          "gitId": "iamchenjiajun"
        },
        "content": "        greet();"
      },
      {
        "lineNumber": 141,
        "author": {
          "gitId": "iamchenjiajun"
        },
        "content": ""
      },
      {
        "lineNumber": 142,
        "author": {
          "gitId": "iamchenjiajun"
        },
        "content": "        // load tasks from file"
      },
      {
        "lineNumber": 143,
        "author": {
          "gitId": "iamchenjiajun"
        },
        "content": "        try {"
      },
      {
        "lineNumber": 144,
        "author": {
          "gitId": "iamchenjiajun"
        },
        "content": "            taskManager.checkFileExists();"
      },
      {
        "lineNumber": 145,
        "author": {
          "gitId": "iamchenjiajun"
        },
        "content": "            taskManager.loadTasks();"
      },
      {
        "lineNumber": 146,
        "author": {
          "gitId": "iamchenjiajun"
        },
        "content": "            System.out.println(\"Tasks loaded successfully.\");"
      },
      {
        "lineNumber": 147,
        "author": {
          "gitId": "iamchenjiajun"
        },
        "content": "            showDivider();"
      },
      {
        "lineNumber": 148,
        "author": {
          "gitId": "iamchenjiajun"
        },
        "content": "        } catch (IOException e) {"
      },
      {
        "lineNumber": 149,
        "author": {
          "gitId": "iamchenjiajun"
        },
        "content": "            System.out.println(ERROR_TASK_LOAD);"
      },
      {
        "lineNumber": 150,
        "author": {
          "gitId": "iamchenjiajun"
        },
        "content": "        } catch (FileFormatException e) {"
      },
      {
        "lineNumber": 151,
        "author": {
          "gitId": "iamchenjiajun"
        },
        "content": "            System.out.println(ERROR_TASK_FORMAT);"
      },
      {
        "lineNumber": 152,
        "author": {
          "gitId": "iamchenjiajun"
        },
        "content": "        }"
      },
      {
        "lineNumber": 153,
        "author": {
          "gitId": "iamchenjiajun"
        },
        "content": ""
      },
      {
        "lineNumber": 154,
        "author": {
          "gitId": "iamchenjiajun"
        },
        "content": "        // parse and execute commands"
      },
      {
        "lineNumber": 155,
        "author": {
          "gitId": "iamchenjiajun"
        },
        "content": "        do {"
      },
      {
        "lineNumber": 156,
        "author": {
          "gitId": "iamchenjiajun"
        },
        "content": "            String line \u003d in.nextLine();"
      },
      {
        "lineNumber": 157,
        "author": {
          "gitId": "iamchenjiajun"
        },
        "content": "            isBye \u003d line.equals(COMMAND_BYE);"
      },
      {
        "lineNumber": 158,
        "author": {
          "gitId": "iamchenjiajun"
        },
        "content": ""
      },
      {
        "lineNumber": 159,
        "author": {
          "gitId": "iamchenjiajun"
        },
        "content": "            showDivider();"
      },
      {
        "lineNumber": 160,
        "author": {
          "gitId": "iamchenjiajun"
        },
        "content": "            try {"
      },
      {
        "lineNumber": 161,
        "author": {
          "gitId": "iamchenjiajun"
        },
        "content": "                parseCommand(line);"
      },
      {
        "lineNumber": 162,
        "author": {
          "gitId": "iamchenjiajun"
        },
        "content": "            } catch (UnknownCommandException e) {"
      },
      {
        "lineNumber": 163,
        "author": {
          "gitId": "iamchenjiajun"
        },
        "content": "                System.out.println(e.getErrorMessage());"
      },
      {
        "lineNumber": 164,
        "author": {
          "gitId": "iamchenjiajun"
        },
        "content": "            } catch (InvalidArgumentException e) {"
      },
      {
        "lineNumber": 165,
        "author": {
          "gitId": "iamchenjiajun"
        },
        "content": "                System.out.println(e.getErrorMessage());"
      },
      {
        "lineNumber": 166,
        "author": {
          "gitId": "iamchenjiajun"
        },
        "content": "            }"
      },
      {
        "lineNumber": 167,
        "author": {
          "gitId": "iamchenjiajun"
        },
        "content": "            showDivider();"
      },
      {
        "lineNumber": 168,
        "author": {
          "gitId": "iamchenjiajun"
        },
        "content": "        } while (!isBye);"
      },
      {
        "lineNumber": 169,
        "author": {
          "gitId": "iamchenjiajun"
        },
        "content": ""
      },
      {
        "lineNumber": 170,
        "author": {
          "gitId": "iamchenjiajun"
        },
        "content": "        // save tasks to file"
      },
      {
        "lineNumber": 171,
        "author": {
          "gitId": "iamchenjiajun"
        },
        "content": "        try {"
      },
      {
        "lineNumber": 172,
        "author": {
          "gitId": "iamchenjiajun"
        },
        "content": "            taskManager.saveTasks();"
      },
      {
        "lineNumber": 173,
        "author": {
          "gitId": "iamchenjiajun"
        },
        "content": "        } catch (IOException e) {"
      },
      {
        "lineNumber": 174,
        "author": {
          "gitId": "iamchenjiajun"
        },
        "content": "            System.out.println(ERROR_TASK_SAVE);"
      },
      {
        "lineNumber": 175,
        "author": {
          "gitId": "iamchenjiajun"
        },
        "content": "        }"
      },
      {
        "lineNumber": 176,
        "author": {
          "gitId": "-"
        },
        "content": "    }"
      },
      {
        "lineNumber": 177,
        "author": {
          "gitId": "-"
        },
        "content": "}"
      }
    ],
    "authorContributionMap": {
      "iamchenjiajun": 174,
      "-": 3
    }
  },
  {
    "path": "src/main/java/duke/TaskManager.java",
    "fileType": "java",
    "lines": [
      {
        "lineNumber": 1,
        "author": {
          "gitId": "iamchenjiajun"
        },
        "content": "package duke;"
      },
      {
        "lineNumber": 2,
        "author": {
          "gitId": "iamchenjiajun"
        },
        "content": ""
      },
      {
        "lineNumber": 3,
        "author": {
          "gitId": "iamchenjiajun"
        },
        "content": "import duke.exception.FileFormatException;"
      },
      {
        "lineNumber": 4,
        "author": {
          "gitId": "iamchenjiajun"
        },
        "content": "import duke.task.Deadline;"
      },
      {
        "lineNumber": 5,
        "author": {
          "gitId": "iamchenjiajun"
        },
        "content": "import duke.task.Event;"
      },
      {
        "lineNumber": 6,
        "author": {
          "gitId": "iamchenjiajun"
        },
        "content": "import duke.task.Task;"
      },
      {
        "lineNumber": 7,
        "author": {
          "gitId": "iamchenjiajun"
        },
        "content": "import duke.task.Todo;"
      },
      {
        "lineNumber": 8,
        "author": {
          "gitId": "iamchenjiajun"
        },
        "content": ""
      },
      {
        "lineNumber": 9,
        "author": {
          "gitId": "iamchenjiajun"
        },
        "content": "import java.io.File;"
      },
      {
        "lineNumber": 10,
        "author": {
          "gitId": "iamchenjiajun"
        },
        "content": "import java.io.FileNotFoundException;"
      },
      {
        "lineNumber": 11,
        "author": {
          "gitId": "iamchenjiajun"
        },
        "content": "import java.io.FileWriter;"
      },
      {
        "lineNumber": 12,
        "author": {
          "gitId": "iamchenjiajun"
        },
        "content": "import java.io.IOException;"
      },
      {
        "lineNumber": 13,
        "author": {
          "gitId": "iamchenjiajun"
        },
        "content": "import java.nio.file.Files;"
      },
      {
        "lineNumber": 14,
        "author": {
          "gitId": "iamchenjiajun"
        },
        "content": "import java.nio.file.Path;"
      },
      {
        "lineNumber": 15,
        "author": {
          "gitId": "iamchenjiajun"
        },
        "content": "import java.util.ArrayList;"
      },
      {
        "lineNumber": 16,
        "author": {
          "gitId": "iamchenjiajun"
        },
        "content": "import java.util.Scanner;"
      },
      {
        "lineNumber": 17,
        "author": {
          "gitId": "iamchenjiajun"
        },
        "content": ""
      },
      {
        "lineNumber": 18,
        "author": {
          "gitId": "iamchenjiajun"
        },
        "content": "public class TaskManager {"
      },
      {
        "lineNumber": 19,
        "author": {
          "gitId": "iamchenjiajun"
        },
        "content": "    public static final String FILE_LOCATION \u003d \"./data/\";"
      },
      {
        "lineNumber": 20,
        "author": {
          "gitId": "iamchenjiajun"
        },
        "content": "    public static final String FILE_NAME \u003d \"duke.txt\";"
      },
      {
        "lineNumber": 21,
        "author": {
          "gitId": "iamchenjiajun"
        },
        "content": "    private final ArrayList\u003cTask\u003e tasks;"
      },
      {
        "lineNumber": 22,
        "author": {
          "gitId": "iamchenjiajun"
        },
        "content": ""
      },
      {
        "lineNumber": 23,
        "author": {
          "gitId": "iamchenjiajun"
        },
        "content": "    public TaskManager() {"
      },
      {
        "lineNumber": 24,
        "author": {
          "gitId": "iamchenjiajun"
        },
        "content": "        tasks \u003d new ArrayList\u003c\u003e();"
      },
      {
        "lineNumber": 25,
        "author": {
          "gitId": "iamchenjiajun"
        },
        "content": "    }"
      },
      {
        "lineNumber": 26,
        "author": {
          "gitId": "iamchenjiajun"
        },
        "content": ""
      },
      {
        "lineNumber": 27,
        "author": {
          "gitId": "iamchenjiajun"
        },
        "content": "    public void checkFileExists() throws IOException {"
      },
      {
        "lineNumber": 28,
        "author": {
          "gitId": "iamchenjiajun"
        },
        "content": "        if (!Files.exists(Path.of(FILE_LOCATION))) {"
      },
      {
        "lineNumber": 29,
        "author": {
          "gitId": "iamchenjiajun"
        },
        "content": "            Files.createDirectories(Path.of(FILE_LOCATION));"
      },
      {
        "lineNumber": 30,
        "author": {
          "gitId": "iamchenjiajun"
        },
        "content": "        }"
      },
      {
        "lineNumber": 31,
        "author": {
          "gitId": "iamchenjiajun"
        },
        "content": "        if (!Files.exists(Path.of(FILE_LOCATION + FILE_NAME))) {"
      },
      {
        "lineNumber": 32,
        "author": {
          "gitId": "iamchenjiajun"
        },
        "content": "            Files.createFile(Path.of(FILE_LOCATION + FILE_NAME));"
      },
      {
        "lineNumber": 33,
        "author": {
          "gitId": "iamchenjiajun"
        },
        "content": "        }"
      },
      {
        "lineNumber": 34,
        "author": {
          "gitId": "iamchenjiajun"
        },
        "content": "    }"
      },
      {
        "lineNumber": 35,
        "author": {
          "gitId": "iamchenjiajun"
        },
        "content": ""
      },
      {
        "lineNumber": 36,
        "author": {
          "gitId": "iamchenjiajun"
        },
        "content": "    public void loadTasks() throws FileNotFoundException, FileFormatException {"
      },
      {
        "lineNumber": 37,
        "author": {
          "gitId": "iamchenjiajun"
        },
        "content": "        File file \u003d new File(FILE_LOCATION + FILE_NAME);"
      },
      {
        "lineNumber": 38,
        "author": {
          "gitId": "iamchenjiajun"
        },
        "content": "        Scanner in \u003d new Scanner(file);"
      },
      {
        "lineNumber": 39,
        "author": {
          "gitId": "iamchenjiajun"
        },
        "content": "        while (in.hasNext()) {"
      },
      {
        "lineNumber": 40,
        "author": {
          "gitId": "iamchenjiajun"
        },
        "content": "            String line \u003d in.nextLine();"
      },
      {
        "lineNumber": 41,
        "author": {
          "gitId": "iamchenjiajun"
        },
        "content": "            String[] taskDetails \u003d line.split(\" \\\\| \");"
      },
      {
        "lineNumber": 42,
        "author": {
          "gitId": "iamchenjiajun"
        },
        "content": ""
      },
      {
        "lineNumber": 43,
        "author": {
          "gitId": "iamchenjiajun"
        },
        "content": "            // add the existing tasks"
      },
      {
        "lineNumber": 44,
        "author": {
          "gitId": "iamchenjiajun"
        },
        "content": "            switch (taskDetails[0]) {"
      },
      {
        "lineNumber": 45,
        "author": {
          "gitId": "iamchenjiajun"
        },
        "content": "            case \"T\":"
      },
      {
        "lineNumber": 46,
        "author": {
          "gitId": "iamchenjiajun"
        },
        "content": "                addTodo(taskDetails[2], false);"
      },
      {
        "lineNumber": 47,
        "author": {
          "gitId": "iamchenjiajun"
        },
        "content": "                break;"
      },
      {
        "lineNumber": 48,
        "author": {
          "gitId": "iamchenjiajun"
        },
        "content": "            case \"D\":"
      },
      {
        "lineNumber": 49,
        "author": {
          "gitId": "iamchenjiajun"
        },
        "content": "                addDeadline(taskDetails[2], taskDetails[3], false);"
      },
      {
        "lineNumber": 50,
        "author": {
          "gitId": "iamchenjiajun"
        },
        "content": "                break;"
      },
      {
        "lineNumber": 51,
        "author": {
          "gitId": "iamchenjiajun"
        },
        "content": "            case \"E\":"
      },
      {
        "lineNumber": 52,
        "author": {
          "gitId": "iamchenjiajun"
        },
        "content": "                addEvent(taskDetails[2], taskDetails[3], false);"
      },
      {
        "lineNumber": 53,
        "author": {
          "gitId": "iamchenjiajun"
        },
        "content": "                break;"
      },
      {
        "lineNumber": 54,
        "author": {
          "gitId": "iamchenjiajun"
        },
        "content": "            default:"
      },
      {
        "lineNumber": 55,
        "author": {
          "gitId": "iamchenjiajun"
        },
        "content": "                throw new FileFormatException();"
      },
      {
        "lineNumber": 56,
        "author": {
          "gitId": "iamchenjiajun"
        },
        "content": "                // Fallthrough"
      },
      {
        "lineNumber": 57,
        "author": {
          "gitId": "iamchenjiajun"
        },
        "content": "            }"
      },
      {
        "lineNumber": 58,
        "author": {
          "gitId": "iamchenjiajun"
        },
        "content": ""
      },
      {
        "lineNumber": 59,
        "author": {
          "gitId": "iamchenjiajun"
        },
        "content": "            // mark task as done"
      },
      {
        "lineNumber": 60,
        "author": {
          "gitId": "iamchenjiajun"
        },
        "content": "            if (taskDetails[1].equals(\"1\")) {"
      },
      {
        "lineNumber": 61,
        "author": {
          "gitId": "iamchenjiajun"
        },
        "content": "                markAsDone(getTasksCount() - 1, false);"
      },
      {
        "lineNumber": 62,
        "author": {
          "gitId": "iamchenjiajun"
        },
        "content": "            }"
      },
      {
        "lineNumber": 63,
        "author": {
          "gitId": "iamchenjiajun"
        },
        "content": "        }"
      },
      {
        "lineNumber": 64,
        "author": {
          "gitId": "iamchenjiajun"
        },
        "content": "    }"
      },
      {
        "lineNumber": 65,
        "author": {
          "gitId": "iamchenjiajun"
        },
        "content": ""
      },
      {
        "lineNumber": 66,
        "author": {
          "gitId": "iamchenjiajun"
        },
        "content": "    public void saveTasks() throws IOException {"
      },
      {
        "lineNumber": 67,
        "author": {
          "gitId": "iamchenjiajun"
        },
        "content": "        FileWriter fw \u003d new FileWriter(FILE_LOCATION + FILE_NAME);"
      },
      {
        "lineNumber": 68,
        "author": {
          "gitId": "iamchenjiajun"
        },
        "content": "        for (int i \u003d 0; i \u003c getTasksCount(); i++) {"
      },
      {
        "lineNumber": 69,
        "author": {
          "gitId": "iamchenjiajun"
        },
        "content": "            fw.write(tasks.get(i).toSaveString() + System.lineSeparator());"
      },
      {
        "lineNumber": 70,
        "author": {
          "gitId": "iamchenjiajun"
        },
        "content": "        }"
      },
      {
        "lineNumber": 71,
        "author": {
          "gitId": "iamchenjiajun"
        },
        "content": "        fw.close();"
      },
      {
        "lineNumber": 72,
        "author": {
          "gitId": "iamchenjiajun"
        },
        "content": "    }"
      },
      {
        "lineNumber": 73,
        "author": {
          "gitId": "iamchenjiajun"
        },
        "content": ""
      },
      {
        "lineNumber": 74,
        "author": {
          "gitId": "iamchenjiajun"
        },
        "content": "    public void printTasks() {"
      },
      {
        "lineNumber": 75,
        "author": {
          "gitId": "iamchenjiajun"
        },
        "content": "        for (int i \u003d 0; i \u003c tasks.size(); i++) {"
      },
      {
        "lineNumber": 76,
        "author": {
          "gitId": "iamchenjiajun"
        },
        "content": "            int index \u003d i + 1;"
      },
      {
        "lineNumber": 77,
        "author": {
          "gitId": "iamchenjiajun"
        },
        "content": "            System.out.println(index + \".\" + tasks.get(i));"
      },
      {
        "lineNumber": 78,
        "author": {
          "gitId": "iamchenjiajun"
        },
        "content": "        }"
      },
      {
        "lineNumber": 79,
        "author": {
          "gitId": "iamchenjiajun"
        },
        "content": "    }"
      },
      {
        "lineNumber": 80,
        "author": {
          "gitId": "iamchenjiajun"
        },
        "content": ""
      },
      {
        "lineNumber": 81,
        "author": {
          "gitId": "iamchenjiajun"
        },
        "content": "    public void deleteTask(int index) {"
      },
      {
        "lineNumber": 82,
        "author": {
          "gitId": "iamchenjiajun"
        },
        "content": "        System.out.println(\"Noted. I\u0027ve removed this task:\");"
      },
      {
        "lineNumber": 83,
        "author": {
          "gitId": "iamchenjiajun"
        },
        "content": "        System.out.println(tasks.get(index));"
      },
      {
        "lineNumber": 84,
        "author": {
          "gitId": "iamchenjiajun"
        },
        "content": "        tasks.remove(index);"
      },
      {
        "lineNumber": 85,
        "author": {
          "gitId": "iamchenjiajun"
        },
        "content": "        System.out.println(\"Now you have \" + getTasksCount() + \" tasks in the list\");"
      },
      {
        "lineNumber": 86,
        "author": {
          "gitId": "iamchenjiajun"
        },
        "content": "    }"
      },
      {
        "lineNumber": 87,
        "author": {
          "gitId": "iamchenjiajun"
        },
        "content": ""
      },
      {
        "lineNumber": 88,
        "author": {
          "gitId": "iamchenjiajun"
        },
        "content": "    public void markAsDone(int index, boolean shouldPrintMessage) {"
      },
      {
        "lineNumber": 89,
        "author": {
          "gitId": "iamchenjiajun"
        },
        "content": "        tasks.get(index).markAsDone();"
      },
      {
        "lineNumber": 90,
        "author": {
          "gitId": "iamchenjiajun"
        },
        "content": "        if (shouldPrintMessage) {"
      },
      {
        "lineNumber": 91,
        "author": {
          "gitId": "iamchenjiajun"
        },
        "content": "            System.out.println(\"Nice! I\u0027ve marked this task as done:\");"
      },
      {
        "lineNumber": 92,
        "author": {
          "gitId": "iamchenjiajun"
        },
        "content": "            System.out.println(tasks.get(index));"
      },
      {
        "lineNumber": 93,
        "author": {
          "gitId": "iamchenjiajun"
        },
        "content": "        }"
      },
      {
        "lineNumber": 94,
        "author": {
          "gitId": "iamchenjiajun"
        },
        "content": "    }"
      },
      {
        "lineNumber": 95,
        "author": {
          "gitId": "iamchenjiajun"
        },
        "content": ""
      },
      {
        "lineNumber": 96,
        "author": {
          "gitId": "iamchenjiajun"
        },
        "content": "    public void addDeadline(String description, String by, boolean shouldPrintMessage) {"
      },
      {
        "lineNumber": 97,
        "author": {
          "gitId": "iamchenjiajun"
        },
        "content": "        tasks.add(new Deadline(description, by));"
      },
      {
        "lineNumber": 98,
        "author": {
          "gitId": "iamchenjiajun"
        },
        "content": "        if (shouldPrintMessage) {"
      },
      {
        "lineNumber": 99,
        "author": {
          "gitId": "iamchenjiajun"
        },
        "content": "            System.out.println(\"Added \" + description + \" as a Deadline.\");"
      },
      {
        "lineNumber": 100,
        "author": {
          "gitId": "iamchenjiajun"
        },
        "content": "            System.out.println(tasks.get(tasks.size() - 1));"
      },
      {
        "lineNumber": 101,
        "author": {
          "gitId": "iamchenjiajun"
        },
        "content": "        }"
      },
      {
        "lineNumber": 102,
        "author": {
          "gitId": "iamchenjiajun"
        },
        "content": "    }"
      },
      {
        "lineNumber": 103,
        "author": {
          "gitId": "iamchenjiajun"
        },
        "content": ""
      },
      {
        "lineNumber": 104,
        "author": {
          "gitId": "iamchenjiajun"
        },
        "content": "    public void addTodo(String description, boolean shouldPrintMessage) {"
      },
      {
        "lineNumber": 105,
        "author": {
          "gitId": "iamchenjiajun"
        },
        "content": "        tasks.add(new Todo(description));"
      },
      {
        "lineNumber": 106,
        "author": {
          "gitId": "iamchenjiajun"
        },
        "content": "        if (shouldPrintMessage) {"
      },
      {
        "lineNumber": 107,
        "author": {
          "gitId": "iamchenjiajun"
        },
        "content": "            System.out.println(\"Added \" + description + \" as a Todo.\");"
      },
      {
        "lineNumber": 108,
        "author": {
          "gitId": "iamchenjiajun"
        },
        "content": "            System.out.println(tasks.get(tasks.size() - 1));"
      },
      {
        "lineNumber": 109,
        "author": {
          "gitId": "iamchenjiajun"
        },
        "content": "        }"
      },
      {
        "lineNumber": 110,
        "author": {
          "gitId": "iamchenjiajun"
        },
        "content": "    }"
      },
      {
        "lineNumber": 111,
        "author": {
          "gitId": "iamchenjiajun"
        },
        "content": ""
      },
      {
        "lineNumber": 112,
        "author": {
          "gitId": "iamchenjiajun"
        },
        "content": "    public void addEvent(String description, String at, boolean shouldPrintMessage) {"
      },
      {
        "lineNumber": 113,
        "author": {
          "gitId": "iamchenjiajun"
        },
        "content": "        tasks.add(new Event(description, at));"
      },
      {
        "lineNumber": 114,
        "author": {
          "gitId": "iamchenjiajun"
        },
        "content": "        if (shouldPrintMessage) {"
      },
      {
        "lineNumber": 115,
        "author": {
          "gitId": "iamchenjiajun"
        },
        "content": "            System.out.println(\"Added \" + description + \" as an Event.\");"
      },
      {
        "lineNumber": 116,
        "author": {
          "gitId": "iamchenjiajun"
        },
        "content": "            System.out.println(tasks.get(tasks.size() - 1));"
      },
      {
        "lineNumber": 117,
        "author": {
          "gitId": "iamchenjiajun"
        },
        "content": "        }"
      },
      {
        "lineNumber": 118,
        "author": {
          "gitId": "iamchenjiajun"
        },
        "content": "    }"
      },
      {
        "lineNumber": 119,
        "author": {
          "gitId": "iamchenjiajun"
        },
        "content": ""
      },
      {
        "lineNumber": 120,
        "author": {
          "gitId": "iamchenjiajun"
        },
        "content": "    public int getTasksCount() {"
      },
      {
        "lineNumber": 121,
        "author": {
          "gitId": "iamchenjiajun"
        },
        "content": "        return tasks.size();"
      },
      {
        "lineNumber": 122,
        "author": {
          "gitId": "iamchenjiajun"
        },
        "content": "    }"
      },
      {
        "lineNumber": 123,
        "author": {
          "gitId": "iamchenjiajun"
        },
        "content": "}"
      }
    ],
    "authorContributionMap": {
      "iamchenjiajun": 123
    }
  },
  {
    "path": "src/main/java/duke/exception/DukeException.java",
    "fileType": "java",
    "lines": [
      {
        "lineNumber": 1,
        "author": {
          "gitId": "iamchenjiajun"
        },
        "content": "package duke.exception;"
      },
      {
        "lineNumber": 2,
        "author": {
          "gitId": "iamchenjiajun"
        },
        "content": ""
      },
      {
        "lineNumber": 3,
        "author": {
          "gitId": "iamchenjiajun"
        },
        "content": "public class DukeException extends Exception {"
      },
      {
        "lineNumber": 4,
        "author": {
          "gitId": "iamchenjiajun"
        },
        "content": "}"
      }
    ],
    "authorContributionMap": {
      "iamchenjiajun": 4
    }
  },
  {
    "path": "src/main/java/duke/exception/FileFormatException.java",
    "fileType": "java",
    "lines": [
      {
        "lineNumber": 1,
        "author": {
          "gitId": "iamchenjiajun"
        },
        "content": "package duke.exception;"
      },
      {
        "lineNumber": 2,
        "author": {
          "gitId": "iamchenjiajun"
        },
        "content": ""
      },
      {
        "lineNumber": 3,
        "author": {
          "gitId": "iamchenjiajun"
        },
        "content": "public class FileFormatException extends DukeException {"
      },
      {
        "lineNumber": 4,
        "author": {
          "gitId": "iamchenjiajun"
        },
        "content": "}"
      }
    ],
    "authorContributionMap": {
      "iamchenjiajun": 4
    }
  },
  {
    "path": "src/main/java/duke/exception/InvalidArgumentException.java",
    "fileType": "java",
    "lines": [
      {
        "lineNumber": 1,
        "author": {
          "gitId": "iamchenjiajun"
        },
        "content": "package duke.exception;"
      },
      {
        "lineNumber": 2,
        "author": {
          "gitId": "iamchenjiajun"
        },
        "content": ""
      },
      {
        "lineNumber": 3,
        "author": {
          "gitId": "iamchenjiajun"
        },
        "content": "public class InvalidArgumentException extends DukeException {"
      },
      {
        "lineNumber": 4,
        "author": {
          "gitId": "iamchenjiajun"
        },
        "content": "    private String errorMessage \u003d null;"
      },
      {
        "lineNumber": 5,
        "author": {
          "gitId": "iamchenjiajun"
        },
        "content": ""
      },
      {
        "lineNumber": 6,
        "author": {
          "gitId": "iamchenjiajun"
        },
        "content": "    public InvalidArgumentException(String errorMessage) {"
      },
      {
        "lineNumber": 7,
        "author": {
          "gitId": "iamchenjiajun"
        },
        "content": "        this.errorMessage \u003d errorMessage;"
      },
      {
        "lineNumber": 8,
        "author": {
          "gitId": "iamchenjiajun"
        },
        "content": "    }"
      },
      {
        "lineNumber": 9,
        "author": {
          "gitId": "iamchenjiajun"
        },
        "content": ""
      },
      {
        "lineNumber": 10,
        "author": {
          "gitId": "iamchenjiajun"
        },
        "content": "    public String getErrorMessage() {"
      },
      {
        "lineNumber": 11,
        "author": {
          "gitId": "iamchenjiajun"
        },
        "content": "        return errorMessage;"
      },
      {
        "lineNumber": 12,
        "author": {
          "gitId": "iamchenjiajun"
        },
        "content": "    }"
      },
      {
        "lineNumber": 13,
        "author": {
          "gitId": "iamchenjiajun"
        },
        "content": "}"
      }
    ],
    "authorContributionMap": {
      "iamchenjiajun": 13
    }
  },
  {
    "path": "src/main/java/duke/exception/UnknownCommandException.java",
    "fileType": "java",
    "lines": [
      {
        "lineNumber": 1,
        "author": {
          "gitId": "iamchenjiajun"
        },
        "content": "package duke.exception;"
      },
      {
        "lineNumber": 2,
        "author": {
          "gitId": "iamchenjiajun"
        },
        "content": ""
      },
      {
        "lineNumber": 3,
        "author": {
          "gitId": "iamchenjiajun"
        },
        "content": "import duke.Duke;"
      },
      {
        "lineNumber": 4,
        "author": {
          "gitId": "iamchenjiajun"
        },
        "content": ""
      },
      {
        "lineNumber": 5,
        "author": {
          "gitId": "iamchenjiajun"
        },
        "content": "public class UnknownCommandException extends DukeException {"
      },
      {
        "lineNumber": 6,
        "author": {
          "gitId": "iamchenjiajun"
        },
        "content": ""
      },
      {
        "lineNumber": 7,
        "author": {
          "gitId": "iamchenjiajun"
        },
        "content": "    public String getErrorMessage() {"
      },
      {
        "lineNumber": 8,
        "author": {
          "gitId": "iamchenjiajun"
        },
        "content": "        return Duke.ERROR_UNKNOWN_COMMAND;"
      },
      {
        "lineNumber": 9,
        "author": {
          "gitId": "iamchenjiajun"
        },
        "content": "    }"
      },
      {
        "lineNumber": 10,
        "author": {
          "gitId": "iamchenjiajun"
        },
        "content": "}"
      }
    ],
    "authorContributionMap": {
      "iamchenjiajun": 10
    }
  },
  {
    "path": "src/main/java/duke/task/Deadline.java",
    "fileType": "java",
    "lines": [
      {
        "lineNumber": 1,
        "author": {
          "gitId": "iamchenjiajun"
        },
        "content": "package duke.task;"
      },
      {
        "lineNumber": 2,
        "author": {
          "gitId": "iamchenjiajun"
        },
        "content": ""
      },
      {
        "lineNumber": 3,
        "author": {
          "gitId": "iamchenjiajun"
        },
        "content": "public class Deadline extends Task {"
      },
      {
        "lineNumber": 4,
        "author": {
          "gitId": "iamchenjiajun"
        },
        "content": "    protected String by;"
      },
      {
        "lineNumber": 5,
        "author": {
          "gitId": "iamchenjiajun"
        },
        "content": ""
      },
      {
        "lineNumber": 6,
        "author": {
          "gitId": "iamchenjiajun"
        },
        "content": "    public Deadline(String description, String by) {"
      },
      {
        "lineNumber": 7,
        "author": {
          "gitId": "iamchenjiajun"
        },
        "content": "        super(description);"
      },
      {
        "lineNumber": 8,
        "author": {
          "gitId": "iamchenjiajun"
        },
        "content": "        this.by \u003d by;"
      },
      {
        "lineNumber": 9,
        "author": {
          "gitId": "iamchenjiajun"
        },
        "content": "    }"
      },
      {
        "lineNumber": 10,
        "author": {
          "gitId": "iamchenjiajun"
        },
        "content": ""
      },
      {
        "lineNumber": 11,
        "author": {
          "gitId": "iamchenjiajun"
        },
        "content": "    public String toSaveString() {"
      },
      {
        "lineNumber": 12,
        "author": {
          "gitId": "iamchenjiajun"
        },
        "content": "        String isDoneString \u003d (isDone ? \"1\" : \"0\");"
      },
      {
        "lineNumber": 13,
        "author": {
          "gitId": "iamchenjiajun"
        },
        "content": "        return \"D | \" + isDoneString + \" | \" + description + \" | \" + by;"
      },
      {
        "lineNumber": 14,
        "author": {
          "gitId": "iamchenjiajun"
        },
        "content": "    }"
      },
      {
        "lineNumber": 15,
        "author": {
          "gitId": "iamchenjiajun"
        },
        "content": ""
      },
      {
        "lineNumber": 16,
        "author": {
          "gitId": "iamchenjiajun"
        },
        "content": "    @Override"
      },
      {
        "lineNumber": 17,
        "author": {
          "gitId": "iamchenjiajun"
        },
        "content": "    public String toString() {"
      },
      {
        "lineNumber": 18,
        "author": {
          "gitId": "iamchenjiajun"
        },
        "content": "        return \"[D]\" + super.toString() + \" (by: \" + by + \")\";"
      },
      {
        "lineNumber": 19,
        "author": {
          "gitId": "iamchenjiajun"
        },
        "content": "    }"
      },
      {
        "lineNumber": 20,
        "author": {
          "gitId": "iamchenjiajun"
        },
        "content": "}"
      }
    ],
    "authorContributionMap": {
      "iamchenjiajun": 20
    }
  },
  {
    "path": "src/main/java/duke/task/Event.java",
    "fileType": "java",
    "lines": [
      {
        "lineNumber": 1,
        "author": {
          "gitId": "iamchenjiajun"
        },
        "content": "package duke.task;"
      },
      {
        "lineNumber": 2,
        "author": {
          "gitId": "iamchenjiajun"
        },
        "content": ""
      },
      {
        "lineNumber": 3,
        "author": {
          "gitId": "iamchenjiajun"
        },
        "content": "public class Event extends Task {"
      },
      {
        "lineNumber": 4,
        "author": {
          "gitId": "iamchenjiajun"
        },
        "content": "    protected String at;"
      },
      {
        "lineNumber": 5,
        "author": {
          "gitId": "iamchenjiajun"
        },
        "content": ""
      },
      {
        "lineNumber": 6,
        "author": {
          "gitId": "iamchenjiajun"
        },
        "content": "    public Event(String description, String at) {"
      },
      {
        "lineNumber": 7,
        "author": {
          "gitId": "iamchenjiajun"
        },
        "content": "        super(description);"
      },
      {
        "lineNumber": 8,
        "author": {
          "gitId": "iamchenjiajun"
        },
        "content": "        this.at \u003d at;"
      },
      {
        "lineNumber": 9,
        "author": {
          "gitId": "iamchenjiajun"
        },
        "content": "    }"
      },
      {
        "lineNumber": 10,
        "author": {
          "gitId": "iamchenjiajun"
        },
        "content": ""
      },
      {
        "lineNumber": 11,
        "author": {
          "gitId": "iamchenjiajun"
        },
        "content": "    public String toSaveString() {"
      },
      {
        "lineNumber": 12,
        "author": {
          "gitId": "iamchenjiajun"
        },
        "content": "        String isDoneString \u003d (isDone ? \"1\" : \"0\");"
      },
      {
        "lineNumber": 13,
        "author": {
          "gitId": "iamchenjiajun"
        },
        "content": "        return \"E | \" + isDoneString + \" | \" + description + \" | \" + at;"
      },
      {
        "lineNumber": 14,
        "author": {
          "gitId": "iamchenjiajun"
        },
        "content": "    }"
      },
      {
        "lineNumber": 15,
        "author": {
          "gitId": "iamchenjiajun"
        },
        "content": ""
      },
      {
        "lineNumber": 16,
        "author": {
          "gitId": "iamchenjiajun"
        },
        "content": "    @Override"
      },
      {
        "lineNumber": 17,
        "author": {
          "gitId": "iamchenjiajun"
        },
        "content": "    public String toString() {"
      },
      {
        "lineNumber": 18,
        "author": {
          "gitId": "iamchenjiajun"
        },
        "content": "        return \"[E]\" + super.toString() + \" (at: \" + at + \")\";"
      },
      {
        "lineNumber": 19,
        "author": {
          "gitId": "iamchenjiajun"
        },
        "content": "    }"
      },
      {
        "lineNumber": 20,
        "author": {
          "gitId": "iamchenjiajun"
        },
        "content": "}"
      }
    ],
    "authorContributionMap": {
      "iamchenjiajun": 20
    }
  },
  {
    "path": "src/main/java/duke/task/Task.java",
    "fileType": "java",
    "lines": [
      {
        "lineNumber": 1,
        "author": {
          "gitId": "iamchenjiajun"
        },
        "content": "package duke.task;"
      },
      {
        "lineNumber": 2,
        "author": {
          "gitId": "iamchenjiajun"
        },
        "content": ""
      },
      {
        "lineNumber": 3,
        "author": {
          "gitId": "iamchenjiajun"
        },
        "content": "public abstract class Task {"
      },
      {
        "lineNumber": 4,
        "author": {
          "gitId": "iamchenjiajun"
        },
        "content": "    protected String description;"
      },
      {
        "lineNumber": 5,
        "author": {
          "gitId": "iamchenjiajun"
        },
        "content": "    protected boolean isDone;"
      },
      {
        "lineNumber": 6,
        "author": {
          "gitId": "iamchenjiajun"
        },
        "content": ""
      },
      {
        "lineNumber": 7,
        "author": {
          "gitId": "iamchenjiajun"
        },
        "content": "    public Task(String description) {"
      },
      {
        "lineNumber": 8,
        "author": {
          "gitId": "iamchenjiajun"
        },
        "content": "        this.description \u003d description;"
      },
      {
        "lineNumber": 9,
        "author": {
          "gitId": "iamchenjiajun"
        },
        "content": "        this.isDone \u003d false;"
      },
      {
        "lineNumber": 10,
        "author": {
          "gitId": "iamchenjiajun"
        },
        "content": "    }"
      },
      {
        "lineNumber": 11,
        "author": {
          "gitId": "iamchenjiajun"
        },
        "content": ""
      },
      {
        "lineNumber": 12,
        "author": {
          "gitId": "iamchenjiajun"
        },
        "content": "    public String getStatusIcon() {"
      },
      {
        "lineNumber": 13,
        "author": {
          "gitId": "iamchenjiajun"
        },
        "content": "        return (isDone ? \"[✓]\" : \"[✗]\");"
      },
      {
        "lineNumber": 14,
        "author": {
          "gitId": "iamchenjiajun"
        },
        "content": "    }"
      },
      {
        "lineNumber": 15,
        "author": {
          "gitId": "iamchenjiajun"
        },
        "content": ""
      },
      {
        "lineNumber": 16,
        "author": {
          "gitId": "iamchenjiajun"
        },
        "content": "    public void markAsDone() {"
      },
      {
        "lineNumber": 17,
        "author": {
          "gitId": "iamchenjiajun"
        },
        "content": "        this.isDone \u003d true;"
      },
      {
        "lineNumber": 18,
        "author": {
          "gitId": "iamchenjiajun"
        },
        "content": "    }"
      },
      {
        "lineNumber": 19,
        "author": {
          "gitId": "iamchenjiajun"
        },
        "content": ""
      },
      {
        "lineNumber": 20,
        "author": {
          "gitId": "iamchenjiajun"
        },
        "content": "    public String getDescription() {"
      },
      {
        "lineNumber": 21,
        "author": {
          "gitId": "iamchenjiajun"
        },
        "content": "        return description;"
      },
      {
        "lineNumber": 22,
        "author": {
          "gitId": "iamchenjiajun"
        },
        "content": "    }"
      },
      {
        "lineNumber": 23,
        "author": {
          "gitId": "iamchenjiajun"
        },
        "content": ""
      },
      {
        "lineNumber": 24,
        "author": {
          "gitId": "iamchenjiajun"
        },
        "content": "    public abstract String toSaveString();"
      },
      {
        "lineNumber": 25,
        "author": {
          "gitId": "iamchenjiajun"
        },
        "content": ""
      },
      {
        "lineNumber": 26,
        "author": {
          "gitId": "iamchenjiajun"
        },
        "content": "    @Override"
      },
      {
        "lineNumber": 27,
        "author": {
          "gitId": "iamchenjiajun"
        },
        "content": "    public String toString() {"
      },
      {
        "lineNumber": 28,
        "author": {
          "gitId": "iamchenjiajun"
        },
        "content": "        return getStatusIcon() + \" \" + getDescription();"
      },
      {
        "lineNumber": 29,
        "author": {
          "gitId": "iamchenjiajun"
        },
        "content": "    }"
      },
      {
        "lineNumber": 30,
        "author": {
          "gitId": "iamchenjiajun"
        },
        "content": "}"
      }
    ],
    "authorContributionMap": {
      "iamchenjiajun": 30
    }
  },
  {
    "path": "src/main/java/duke/task/Todo.java",
    "fileType": "java",
    "lines": [
      {
        "lineNumber": 1,
        "author": {
          "gitId": "iamchenjiajun"
        },
        "content": "package duke.task;"
      },
      {
        "lineNumber": 2,
        "author": {
          "gitId": "iamchenjiajun"
        },
        "content": ""
      },
      {
        "lineNumber": 3,
        "author": {
          "gitId": "iamchenjiajun"
        },
        "content": "public class Todo extends Task {"
      },
      {
        "lineNumber": 4,
        "author": {
          "gitId": "iamchenjiajun"
        },
        "content": "    public Todo(String description) {"
      },
      {
        "lineNumber": 5,
        "author": {
          "gitId": "iamchenjiajun"
        },
        "content": "        super(description);"
      },
      {
        "lineNumber": 6,
        "author": {
          "gitId": "iamchenjiajun"
        },
        "content": "    }"
      },
      {
        "lineNumber": 7,
        "author": {
          "gitId": "iamchenjiajun"
        },
        "content": ""
      },
      {
        "lineNumber": 8,
        "author": {
          "gitId": "iamchenjiajun"
        },
        "content": "    public String toSaveString() {"
      },
      {
        "lineNumber": 9,
        "author": {
          "gitId": "iamchenjiajun"
        },
        "content": "        String isDoneString \u003d (isDone ? \"1\" : \"0\");"
      },
      {
        "lineNumber": 10,
        "author": {
          "gitId": "iamchenjiajun"
        },
        "content": "        return \"T | \" + isDoneString + \" | \" + description;"
      },
      {
        "lineNumber": 11,
        "author": {
          "gitId": "iamchenjiajun"
        },
        "content": "    }"
      },
      {
        "lineNumber": 12,
        "author": {
          "gitId": "iamchenjiajun"
        },
        "content": ""
      },
      {
        "lineNumber": 13,
        "author": {
          "gitId": "iamchenjiajun"
        },
        "content": "    @Override"
      },
      {
        "lineNumber": 14,
        "author": {
          "gitId": "iamchenjiajun"
        },
        "content": "    public String toString() {"
      },
      {
        "lineNumber": 15,
        "author": {
          "gitId": "iamchenjiajun"
        },
        "content": "        return \"[T]\" + super.toString();"
      },
      {
        "lineNumber": 16,
        "author": {
          "gitId": "iamchenjiajun"
        },
        "content": "    }"
      },
      {
        "lineNumber": 17,
        "author": {
          "gitId": "iamchenjiajun"
        },
        "content": "}"
      }
    ],
    "authorContributionMap": {
      "iamchenjiajun": 17
    }
  },
  {
    "path": "text-ui-test/input.txt",
    "fileType": "txt",
    "lines": [
      {
        "lineNumber": 1,
        "author": {
          "gitId": "iamchenjiajun"
        },
        "content": "todo read book"
      },
      {
        "lineNumber": 2,
        "author": {
          "gitId": "iamchenjiajun"
        },
        "content": "deadline do homework /by next monday"
      },
      {
        "lineNumber": 3,
        "author": {
          "gitId": "iamchenjiajun"
        },
        "content": "list"
      },
      {
        "lineNumber": 4,
        "author": {
          "gitId": "iamchenjiajun"
        },
        "content": "event go to school /at tomorrow 1pm"
      },
      {
        "lineNumber": 5,
        "author": {
          "gitId": "iamchenjiajun"
        },
        "content": "list"
      },
      {
        "lineNumber": 6,
        "author": {
          "gitId": "iamchenjiajun"
        },
        "content": "done 1"
      },
      {
        "lineNumber": 7,
        "author": {
          "gitId": "iamchenjiajun"
        },
        "content": "done 3"
      },
      {
        "lineNumber": 8,
        "author": {
          "gitId": "iamchenjiajun"
        },
        "content": "list"
      },
      {
        "lineNumber": 9,
        "author": {
          "gitId": "iamchenjiajun"
        },
        "content": "done 2"
      },
      {
        "lineNumber": 10,
        "author": {
          "gitId": "iamchenjiajun"
        },
        "content": "done 2"
      },
      {
        "lineNumber": 11,
        "author": {
          "gitId": "iamchenjiajun"
        },
        "content": "list"
      },
      {
        "lineNumber": 12,
        "author": {
          "gitId": "iamchenjiajun"
        },
        "content": "todo"
      },
      {
        "lineNumber": 13,
        "author": {
          "gitId": "iamchenjiajun"
        },
        "content": "blah"
      },
      {
        "lineNumber": 14,
        "author": {
          "gitId": "iamchenjiajun"
        },
        "content": "deadline"
      },
      {
        "lineNumber": 15,
        "author": {
          "gitId": "iamchenjiajun"
        },
        "content": "event"
      },
      {
        "lineNumber": 16,
        "author": {
          "gitId": "iamchenjiajun"
        },
        "content": "deadline write user stories"
      },
      {
        "lineNumber": 17,
        "author": {
          "gitId": "iamchenjiajun"
        },
        "content": "deadline write user stories /by"
      },
      {
        "lineNumber": 18,
        "author": {
          "gitId": "iamchenjiajun"
        },
        "content": "deadline write user stories /by thursday"
      },
      {
        "lineNumber": 19,
        "author": {
          "gitId": "iamchenjiajun"
        },
        "content": "event meet up with cs2113 group"
      },
      {
        "lineNumber": 20,
        "author": {
          "gitId": "iamchenjiajun"
        },
        "content": "event meet up with cs2113 group /at"
      },
      {
        "lineNumber": 21,
        "author": {
          "gitId": "iamchenjiajun"
        },
        "content": "event meet up with cs2113 group /at 11am"
      },
      {
        "lineNumber": 22,
        "author": {
          "gitId": "iamchenjiajun"
        },
        "content": "hello world"
      },
      {
        "lineNumber": 23,
        "author": {
          "gitId": "iamchenjiajun"
        },
        "content": "list"
      },
      {
        "lineNumber": 24,
        "author": {
          "gitId": "iamchenjiajun"
        },
        "content": "done"
      },
      {
        "lineNumber": 25,
        "author": {
          "gitId": "iamchenjiajun"
        },
        "content": "done 10"
      },
      {
        "lineNumber": 26,
        "author": {
          "gitId": "iamchenjiajun"
        },
        "content": "done 6"
      },
      {
        "lineNumber": 27,
        "author": {
          "gitId": "iamchenjiajun"
        },
        "content": "list"
      },
      {
        "lineNumber": 28,
        "author": {
          "gitId": "iamchenjiajun"
        },
        "content": "done 5"
      },
      {
        "lineNumber": 29,
        "author": {
          "gitId": "iamchenjiajun"
        },
        "content": "done 4"
      },
      {
        "lineNumber": 30,
        "author": {
          "gitId": "iamchenjiajun"
        },
        "content": "list"
      },
      {
        "lineNumber": 31,
        "author": {
          "gitId": "iamchenjiajun"
        },
        "content": "done x"
      },
      {
        "lineNumber": 32,
        "author": {
          "gitId": "iamchenjiajun"
        },
        "content": "done 2x"
      },
      {
        "lineNumber": 33,
        "author": {
          "gitId": "iamchenjiajun"
        },
        "content": "list"
      },
      {
        "lineNumber": 34,
        "author": {
          "gitId": "iamchenjiajun"
        },
        "content": "delete 6"
      },
      {
        "lineNumber": 35,
        "author": {
          "gitId": "iamchenjiajun"
        },
        "content": "delete 0"
      },
      {
        "lineNumber": 36,
        "author": {
          "gitId": "iamchenjiajun"
        },
        "content": "delete 5"
      },
      {
        "lineNumber": 37,
        "author": {
          "gitId": "iamchenjiajun"
        },
        "content": "delete 1"
      },
      {
        "lineNumber": 38,
        "author": {
          "gitId": "iamchenjiajun"
        },
        "content": "bye"
      }
    ],
    "authorContributionMap": {
      "iamchenjiajun": 38
    }
  },
  {
    "path": "text-ui-test/runtest.bat",
    "fileType": "bat",
    "lines": [
      {
        "lineNumber": 1,
        "author": {
          "gitId": "-"
        },
        "content": "@ECHO OFF"
      },
      {
        "lineNumber": 2,
        "author": {
          "gitId": "-"
        },
        "content": ""
      },
      {
        "lineNumber": 3,
        "author": {
          "gitId": "-"
        },
        "content": "REM create bin directory if it doesn\u0027t exist"
      },
      {
        "lineNumber": 4,
        "author": {
          "gitId": "-"
        },
        "content": "if not exist ..\\bin mkdir ..\\bin"
      },
      {
        "lineNumber": 5,
        "author": {
          "gitId": "-"
        },
        "content": ""
      },
      {
        "lineNumber": 6,
        "author": {
          "gitId": "-"
        },
        "content": "REM delete output from previous run"
      },
      {
        "lineNumber": 7,
        "author": {
          "gitId": "-"
        },
        "content": "del ACTUAL.TXT"
      },
      {
        "lineNumber": 8,
        "author": {
          "gitId": "-"
        },
        "content": ""
      },
      {
        "lineNumber": 9,
        "author": {
          "gitId": "-"
        },
        "content": "REM compile the code into the bin folder"
      },
      {
        "lineNumber": 10,
        "author": {
          "gitId": "iamchenjiajun"
        },
        "content": "javac  -cp ..\\src -Xlint:none -d ..\\bin ..\\src\\main\\java\\duke\\*.java ..\\src\\main\\java\\duke\\task\\*.java ..\\src\\main\\java\\duke\\exception\\*.java"
      },
      {
        "lineNumber": 11,
        "author": {
          "gitId": "-"
        },
        "content": "IF ERRORLEVEL 1 ("
      },
      {
        "lineNumber": 12,
        "author": {
          "gitId": "-"
        },
        "content": "    echo ********** BUILD FAILURE **********"
      },
      {
        "lineNumber": 13,
        "author": {
          "gitId": "-"
        },
        "content": "    exit /b 1"
      },
      {
        "lineNumber": 14,
        "author": {
          "gitId": "-"
        },
        "content": ")"
      },
      {
        "lineNumber": 15,
        "author": {
          "gitId": "-"
        },
        "content": "REM no error here, errorlevel \u003d\u003d 0"
      },
      {
        "lineNumber": 16,
        "author": {
          "gitId": "-"
        },
        "content": ""
      },
      {
        "lineNumber": 17,
        "author": {
          "gitId": "-"
        },
        "content": "REM run the program, feed commands from input.txt file and redirect the output to the ACTUAL.TXT"
      },
      {
        "lineNumber": 18,
        "author": {
          "gitId": "iamchenjiajun"
        },
        "content": "java -Dfile.encoding\u003dUTF-8 -classpath ..\\bin duke.Duke \u003c input.txt \u003e ACTUAL.TXT"
      },
      {
        "lineNumber": 19,
        "author": {
          "gitId": "-"
        },
        "content": ""
      },
      {
        "lineNumber": 20,
        "author": {
          "gitId": "-"
        },
        "content": "REM compare the output to the expected output"
      },
      {
        "lineNumber": 21,
        "author": {
          "gitId": "-"
        },
        "content": "FC ACTUAL.TXT EXPECTED.TXT"
      }
    ],
    "authorContributionMap": {
      "iamchenjiajun": 2,
      "-": 19
    }
  }
]
