[
  {
    "path": "saved_data/tasks.txt",
    "fileType": "txt",
    "lines": [
      {
        "lineNumber": 1,
        "author": {
          "gitId": "tengkianen"
        },
        "content": "[D]|true|proj | tmr"
      }
    ],
    "authorContributionMap": {
      "tengkianen": 1
    }
  },
  {
    "path": "src/main/java/duke/Duke.java",
    "fileType": "java",
    "lines": [
      {
        "lineNumber": 1,
        "author": {
          "gitId": "tengkianen"
        },
        "content": "package duke;"
      },
      {
        "lineNumber": 2,
        "author": {
          "gitId": "tengkianen"
        },
        "content": ""
      },
      {
        "lineNumber": 3,
        "author": {
          "gitId": "tengkianen"
        },
        "content": "import java.util.ArrayList;"
      },
      {
        "lineNumber": 4,
        "author": {
          "gitId": "tengkianen"
        },
        "content": "import java.util.Scanner;"
      },
      {
        "lineNumber": 5,
        "author": {
          "gitId": "tengkianen"
        },
        "content": ""
      },
      {
        "lineNumber": 6,
        "author": {
          "gitId": "tengkianen"
        },
        "content": "import duke.exception.DukeException;"
      },
      {
        "lineNumber": 7,
        "author": {
          "gitId": "tengkianen"
        },
        "content": "import duke.exception.EmptyDescriptionException;"
      },
      {
        "lineNumber": 8,
        "author": {
          "gitId": "tengkianen"
        },
        "content": "import duke.exception.EmptyDateException;"
      },
      {
        "lineNumber": 9,
        "author": {
          "gitId": "tengkianen"
        },
        "content": "import duke.exception.WrongCommandException;"
      },
      {
        "lineNumber": 10,
        "author": {
          "gitId": "tengkianen"
        },
        "content": "import duke.task.Deadline;"
      },
      {
        "lineNumber": 11,
        "author": {
          "gitId": "tengkianen"
        },
        "content": "import duke.task.Event;"
      },
      {
        "lineNumber": 12,
        "author": {
          "gitId": "tengkianen"
        },
        "content": "import duke.task.Task;"
      },
      {
        "lineNumber": 13,
        "author": {
          "gitId": "tengkianen"
        },
        "content": "import duke.task.ToDo;"
      },
      {
        "lineNumber": 14,
        "author": {
          "gitId": "tengkianen"
        },
        "content": "import java.io.File;"
      },
      {
        "lineNumber": 15,
        "author": {
          "gitId": "tengkianen"
        },
        "content": "import java.io.FileWriter;"
      },
      {
        "lineNumber": 16,
        "author": {
          "gitId": "tengkianen"
        },
        "content": "import java.io.IOException;"
      },
      {
        "lineNumber": 17,
        "author": {
          "gitId": "tengkianen"
        },
        "content": "import java.nio.file.Files;"
      },
      {
        "lineNumber": 18,
        "author": {
          "gitId": "tengkianen"
        },
        "content": "import java.nio.file.Path;"
      },
      {
        "lineNumber": 19,
        "author": {
          "gitId": "tengkianen"
        },
        "content": ""
      },
      {
        "lineNumber": 20,
        "author": {
          "gitId": "-"
        },
        "content": "public class Duke {"
      },
      {
        "lineNumber": 21,
        "author": {
          "gitId": "tengkianen"
        },
        "content": ""
      },
      {
        "lineNumber": 22,
        "author": {
          "gitId": "tengkianen"
        },
        "content": "    static ArrayList \u003cTask\u003e taskArrayList \u003d new ArrayList\u003cTask\u003e();"
      },
      {
        "lineNumber": 23,
        "author": {
          "gitId": "tengkianen"
        },
        "content": "    public static String format \u003d \"~~~~~~~~~~~~~~~~~~~~~~~~~~~~~~~~~~~~~~~~~~~~\\n\";"
      },
      {
        "lineNumber": 24,
        "author": {
          "gitId": "tengkianen"
        },
        "content": "    static int count \u003d 0;"
      },
      {
        "lineNumber": 25,
        "author": {
          "gitId": "tengkianen"
        },
        "content": ""
      },
      {
        "lineNumber": 26,
        "author": {
          "gitId": "tengkianen"
        },
        "content": "    public static void taskAdder(ArrayList\u003cTask\u003e taskArrayList) {//, int count){"
      },
      {
        "lineNumber": 27,
        "author": {
          "gitId": "tengkianen"
        },
        "content": "        System.out.println(\"Got it. I\u0027ve added this task: \\n\" + taskArrayList.get(taskArrayList.size() - 1));"
      },
      {
        "lineNumber": 28,
        "author": {
          "gitId": "tengkianen"
        },
        "content": "        //count++;"
      },
      {
        "lineNumber": 29,
        "author": {
          "gitId": "tengkianen"
        },
        "content": "        System.out.println(\"Now you have \" + taskArrayList.size() + \" tasks in the list\");"
      },
      {
        "lineNumber": 30,
        "author": {
          "gitId": "tengkianen"
        },
        "content": "        //return count;"
      },
      {
        "lineNumber": 31,
        "author": {
          "gitId": "tengkianen"
        },
        "content": "    }"
      },
      {
        "lineNumber": 32,
        "author": {
          "gitId": "tengkianen"
        },
        "content": ""
      },
      {
        "lineNumber": 33,
        "author": {
          "gitId": "tengkianen"
        },
        "content": "    public static void taskRemover(ArrayList\u003cTask\u003e taskArrayList, int index){//, int count){"
      },
      {
        "lineNumber": 34,
        "author": {
          "gitId": "tengkianen"
        },
        "content": "        System.out.println(\"Noted. I\u0027ve removed this task: \\n\" + taskArrayList.get(index));"
      },
      {
        "lineNumber": 35,
        "author": {
          "gitId": "tengkianen"
        },
        "content": "        //count--;"
      },
      {
        "lineNumber": 36,
        "author": {
          "gitId": "tengkianen"
        },
        "content": "        taskArrayList.remove(index);"
      },
      {
        "lineNumber": 37,
        "author": {
          "gitId": "tengkianen"
        },
        "content": "        System.out.println(\"Now you have \" + taskArrayList.size() + \" tasks in the list\");"
      },
      {
        "lineNumber": 38,
        "author": {
          "gitId": "tengkianen"
        },
        "content": "        //return count;"
      },
      {
        "lineNumber": 39,
        "author": {
          "gitId": "tengkianen"
        },
        "content": "    }"
      },
      {
        "lineNumber": 40,
        "author": {
          "gitId": "tengkianen"
        },
        "content": ""
      },
      {
        "lineNumber": 41,
        "author": {
          "gitId": "tengkianen"
        },
        "content": "    public static void parseInput(String[] userInput) throws EmptyDescriptionException, WrongCommandException,"
      },
      {
        "lineNumber": 42,
        "author": {
          "gitId": "tengkianen"
        },
        "content": "            EmptyDateException{"
      },
      {
        "lineNumber": 43,
        "author": {
          "gitId": "tengkianen"
        },
        "content": "        String mainTask \u003d userInput.length \u003d\u003d 2 ? userInput[1] : null;"
      },
      {
        "lineNumber": 44,
        "author": {
          "gitId": "tengkianen"
        },
        "content": "        if (userInput[0].equals(\"bye\")) { //EXITS PROGRAM"
      },
      {
        "lineNumber": 45,
        "author": {
          "gitId": "tengkianen"
        },
        "content": "            System.out.println(format);"
      },
      {
        "lineNumber": 46,
        "author": {
          "gitId": "tengkianen"
        },
        "content": "            System.out.println(\"Bye. Hope to see you again soon!\\n\");"
      },
      {
        "lineNumber": 47,
        "author": {
          "gitId": "tengkianen"
        },
        "content": "            System.out.println(format);"
      },
      {
        "lineNumber": 48,
        "author": {
          "gitId": "tengkianen"
        },
        "content": "        } else if (userInput[0].equals(\"list\")){ //LISTS ALL TASKS"
      },
      {
        "lineNumber": 49,
        "author": {
          "gitId": "tengkianen"
        },
        "content": "            int numberedPoint \u003d 1;"
      },
      {
        "lineNumber": 50,
        "author": {
          "gitId": "tengkianen"
        },
        "content": "            System.out.println(format);"
      },
      {
        "lineNumber": 51,
        "author": {
          "gitId": "tengkianen"
        },
        "content": "            System.out.println(\"Here are the tasks in your list:\\n\");"
      },
      {
        "lineNumber": 52,
        "author": {
          "gitId": "tengkianen"
        },
        "content": "            for(Task task : taskArrayList){"
      },
      {
        "lineNumber": 53,
        "author": {
          "gitId": "tengkianen"
        },
        "content": "                System.out.println(numberedPoint + \". \" + task);"
      },
      {
        "lineNumber": 54,
        "author": {
          "gitId": "tengkianen"
        },
        "content": "                numberedPoint++;"
      },
      {
        "lineNumber": 55,
        "author": {
          "gitId": "tengkianen"
        },
        "content": "            }"
      },
      {
        "lineNumber": 56,
        "author": {
          "gitId": "tengkianen"
        },
        "content": "            System.out.println(format);"
      },
      {
        "lineNumber": 57,
        "author": {
          "gitId": "tengkianen"
        },
        "content": ""
      },
      {
        "lineNumber": 58,
        "author": {
          "gitId": "tengkianen"
        },
        "content": "        } else if (userInput[0].equals(\"done\")){ //COMPLETING A TASK"
      },
      {
        "lineNumber": 59,
        "author": {
          "gitId": "tengkianen"
        },
        "content": "            int doneItem \u003d Integer.parseInt(userInput[1]) - 1;"
      },
      {
        "lineNumber": 60,
        "author": {
          "gitId": "tengkianen"
        },
        "content": "            taskArrayList.get(doneItem).isCompleted();"
      },
      {
        "lineNumber": 61,
        "author": {
          "gitId": "tengkianen"
        },
        "content": "            System.out.println(format);"
      },
      {
        "lineNumber": 62,
        "author": {
          "gitId": "tengkianen"
        },
        "content": "            System.out.println(\"Nice! I\u0027ve marked this task as done:\\n\");"
      },
      {
        "lineNumber": 63,
        "author": {
          "gitId": "tengkianen"
        },
        "content": "            System.out.println(taskArrayList.get(doneItem));"
      },
      {
        "lineNumber": 64,
        "author": {
          "gitId": "tengkianen"
        },
        "content": "            System.out.println(format);"
      },
      {
        "lineNumber": 65,
        "author": {
          "gitId": "tengkianen"
        },
        "content": "            try {"
      },
      {
        "lineNumber": 66,
        "author": {
          "gitId": "tengkianen"
        },
        "content": "                writeFile();"
      },
      {
        "lineNumber": 67,
        "author": {
          "gitId": "tengkianen"
        },
        "content": "            } catch (IOException | DukeException e) {"
      },
      {
        "lineNumber": 68,
        "author": {
          "gitId": "tengkianen"
        },
        "content": "                System.out.println(\"There was a problem saving your task! Please try again!\");"
      },
      {
        "lineNumber": 69,
        "author": {
          "gitId": "tengkianen"
        },
        "content": "            }"
      },
      {
        "lineNumber": 70,
        "author": {
          "gitId": "tengkianen"
        },
        "content": "        }"
      },
      {
        "lineNumber": 71,
        "author": {
          "gitId": "tengkianen"
        },
        "content": ""
      },
      {
        "lineNumber": 72,
        "author": {
          "gitId": "tengkianen"
        },
        "content": "        else if (userInput[0].equals(\"todo\")){ //ADDING A TODO"
      },
      {
        "lineNumber": 73,
        "author": {
          "gitId": "tengkianen"
        },
        "content": "            if (mainTask \u003d\u003d null){"
      },
      {
        "lineNumber": 74,
        "author": {
          "gitId": "tengkianen"
        },
        "content": "                throw new EmptyDescriptionException(userInput[0]);"
      },
      {
        "lineNumber": 75,
        "author": {
          "gitId": "tengkianen"
        },
        "content": "            }"
      },
      {
        "lineNumber": 76,
        "author": {
          "gitId": "tengkianen"
        },
        "content": "            System.out.println(format);"
      },
      {
        "lineNumber": 77,
        "author": {
          "gitId": "tengkianen"
        },
        "content": "            taskArrayList.add(new ToDo (userInput[1]));"
      },
      {
        "lineNumber": 78,
        "author": {
          "gitId": "tengkianen"
        },
        "content": "            //count \u003d taskAdder(taskArrayList, count);"
      },
      {
        "lineNumber": 79,
        "author": {
          "gitId": "tengkianen"
        },
        "content": "            taskAdder(taskArrayList);"
      },
      {
        "lineNumber": 80,
        "author": {
          "gitId": "tengkianen"
        },
        "content": "            System.out.println(format);"
      },
      {
        "lineNumber": 81,
        "author": {
          "gitId": "tengkianen"
        },
        "content": "            try {"
      },
      {
        "lineNumber": 82,
        "author": {
          "gitId": "tengkianen"
        },
        "content": "                writeFile();"
      },
      {
        "lineNumber": 83,
        "author": {
          "gitId": "tengkianen"
        },
        "content": "            } catch (IOException | DukeException e) {"
      },
      {
        "lineNumber": 84,
        "author": {
          "gitId": "tengkianen"
        },
        "content": "                System.out.println(\"There was a problem saving your task! Please try again!\");"
      },
      {
        "lineNumber": 85,
        "author": {
          "gitId": "tengkianen"
        },
        "content": "                System.out.println(format);"
      },
      {
        "lineNumber": 86,
        "author": {
          "gitId": "tengkianen"
        },
        "content": "            }"
      },
      {
        "lineNumber": 87,
        "author": {
          "gitId": "tengkianen"
        },
        "content": "        }"
      },
      {
        "lineNumber": 88,
        "author": {
          "gitId": "tengkianen"
        },
        "content": ""
      },
      {
        "lineNumber": 89,
        "author": {
          "gitId": "tengkianen"
        },
        "content": "        else if (userInput[0].equals(\"deadline\")){ //ADDING A DEADLINE"
      },
      {
        "lineNumber": 90,
        "author": {
          "gitId": "tengkianen"
        },
        "content": "            if (mainTask \u003d\u003d null){"
      },
      {
        "lineNumber": 91,
        "author": {
          "gitId": "tengkianen"
        },
        "content": "                throw new EmptyDescriptionException(userInput[0]);"
      },
      {
        "lineNumber": 92,
        "author": {
          "gitId": "tengkianen"
        },
        "content": "            }"
      },
      {
        "lineNumber": 93,
        "author": {
          "gitId": "tengkianen"
        },
        "content": "            if (!mainTask.contains(\"/by\")){"
      },
      {
        "lineNumber": 94,
        "author": {
          "gitId": "tengkianen"
        },
        "content": "                throw new EmptyDateException();"
      },
      {
        "lineNumber": 95,
        "author": {
          "gitId": "tengkianen"
        },
        "content": "            }"
      },
      {
        "lineNumber": 96,
        "author": {
          "gitId": "tengkianen"
        },
        "content": "            System.out.println(format);"
      },
      {
        "lineNumber": 97,
        "author": {
          "gitId": "tengkianen"
        },
        "content": "            String[] deadlineArray \u003d mainTask.trim().split(\"/by\", 2);"
      },
      {
        "lineNumber": 98,
        "author": {
          "gitId": "tengkianen"
        },
        "content": "            taskArrayList.add(new Deadline(deadlineArray[0],deadlineArray[1]));"
      },
      {
        "lineNumber": 99,
        "author": {
          "gitId": "tengkianen"
        },
        "content": "            //count \u003d taskAdder(taskArrayList, count);"
      },
      {
        "lineNumber": 100,
        "author": {
          "gitId": "tengkianen"
        },
        "content": "            taskAdder(taskArrayList);"
      },
      {
        "lineNumber": 101,
        "author": {
          "gitId": "tengkianen"
        },
        "content": "            System.out.println(format);"
      },
      {
        "lineNumber": 102,
        "author": {
          "gitId": "tengkianen"
        },
        "content": "            try {"
      },
      {
        "lineNumber": 103,
        "author": {
          "gitId": "tengkianen"
        },
        "content": "                writeFile();"
      },
      {
        "lineNumber": 104,
        "author": {
          "gitId": "tengkianen"
        },
        "content": "            } catch (IOException | DukeException e) {"
      },
      {
        "lineNumber": 105,
        "author": {
          "gitId": "tengkianen"
        },
        "content": "                System.out.println(\"There was a problem saving your task! Please try again!\");"
      },
      {
        "lineNumber": 106,
        "author": {
          "gitId": "tengkianen"
        },
        "content": "                System.out.println(format);"
      },
      {
        "lineNumber": 107,
        "author": {
          "gitId": "tengkianen"
        },
        "content": "            }"
      },
      {
        "lineNumber": 108,
        "author": {
          "gitId": "tengkianen"
        },
        "content": "        }"
      },
      {
        "lineNumber": 109,
        "author": {
          "gitId": "tengkianen"
        },
        "content": ""
      },
      {
        "lineNumber": 110,
        "author": {
          "gitId": "tengkianen"
        },
        "content": "        else if (userInput[0].equals(\"event\")){ //ADDING AN EVENT"
      },
      {
        "lineNumber": 111,
        "author": {
          "gitId": "tengkianen"
        },
        "content": "            if (mainTask \u003d\u003d null){"
      },
      {
        "lineNumber": 112,
        "author": {
          "gitId": "tengkianen"
        },
        "content": "                throw new EmptyDescriptionException(userInput[0]);"
      },
      {
        "lineNumber": 113,
        "author": {
          "gitId": "tengkianen"
        },
        "content": "            }"
      },
      {
        "lineNumber": 114,
        "author": {
          "gitId": "tengkianen"
        },
        "content": "            if (!mainTask.contains(\"/at\")){"
      },
      {
        "lineNumber": 115,
        "author": {
          "gitId": "tengkianen"
        },
        "content": "                throw new EmptyDateException();"
      },
      {
        "lineNumber": 116,
        "author": {
          "gitId": "tengkianen"
        },
        "content": "            }"
      },
      {
        "lineNumber": 117,
        "author": {
          "gitId": "tengkianen"
        },
        "content": "            System.out.println(format);"
      },
      {
        "lineNumber": 118,
        "author": {
          "gitId": "tengkianen"
        },
        "content": "            String[] eventArray \u003d mainTask.trim().split(\"/at\", 2);"
      },
      {
        "lineNumber": 119,
        "author": {
          "gitId": "tengkianen"
        },
        "content": "            taskArrayList.add(new Event (eventArray[0], eventArray[1]));"
      },
      {
        "lineNumber": 120,
        "author": {
          "gitId": "tengkianen"
        },
        "content": "            //count \u003d taskAdder(taskArrayList, count);"
      },
      {
        "lineNumber": 121,
        "author": {
          "gitId": "tengkianen"
        },
        "content": "            taskAdder(taskArrayList);"
      },
      {
        "lineNumber": 122,
        "author": {
          "gitId": "tengkianen"
        },
        "content": "            System.out.println(format);"
      },
      {
        "lineNumber": 123,
        "author": {
          "gitId": "tengkianen"
        },
        "content": "        }"
      },
      {
        "lineNumber": 124,
        "author": {
          "gitId": "tengkianen"
        },
        "content": ""
      },
      {
        "lineNumber": 125,
        "author": {
          "gitId": "tengkianen"
        },
        "content": "        else if (userInput[0].equals(\"delete\")) {"
      },
      {
        "lineNumber": 126,
        "author": {
          "gitId": "tengkianen"
        },
        "content": "            if (mainTask \u003d\u003d null) {"
      },
      {
        "lineNumber": 127,
        "author": {
          "gitId": "tengkianen"
        },
        "content": "                throw new EmptyDescriptionException(userInput[0]);"
      },
      {
        "lineNumber": 128,
        "author": {
          "gitId": "tengkianen"
        },
        "content": "            }"
      },
      {
        "lineNumber": 129,
        "author": {
          "gitId": "tengkianen"
        },
        "content": "            System.out.println(format);"
      },
      {
        "lineNumber": 130,
        "author": {
          "gitId": "tengkianen"
        },
        "content": "            //taskArrayList.remove(Integer.parseInt(userInput[1]) - 1);"
      },
      {
        "lineNumber": 131,
        "author": {
          "gitId": "tengkianen"
        },
        "content": "            //count \u003d taskRemover(taskArrayList, Integer.parseInt(userInput[1]) - 1, count);"
      },
      {
        "lineNumber": 132,
        "author": {
          "gitId": "tengkianen"
        },
        "content": "            taskRemover(taskArrayList, Integer.parseInt(userInput[1]) - 1);"
      },
      {
        "lineNumber": 133,
        "author": {
          "gitId": "tengkianen"
        },
        "content": "            System.out.println(format);"
      },
      {
        "lineNumber": 134,
        "author": {
          "gitId": "tengkianen"
        },
        "content": "            try {"
      },
      {
        "lineNumber": 135,
        "author": {
          "gitId": "tengkianen"
        },
        "content": "                writeFile();"
      },
      {
        "lineNumber": 136,
        "author": {
          "gitId": "tengkianen"
        },
        "content": "            } catch (IOException | DukeException e) {"
      },
      {
        "lineNumber": 137,
        "author": {
          "gitId": "tengkianen"
        },
        "content": "                System.out.println(\"There was a problem saving your task! Please try again!\");"
      },
      {
        "lineNumber": 138,
        "author": {
          "gitId": "tengkianen"
        },
        "content": "                System.out.println(format);"
      },
      {
        "lineNumber": 139,
        "author": {
          "gitId": "tengkianen"
        },
        "content": "            }"
      },
      {
        "lineNumber": 140,
        "author": {
          "gitId": "tengkianen"
        },
        "content": "        }"
      },
      {
        "lineNumber": 141,
        "author": {
          "gitId": "tengkianen"
        },
        "content": ""
      },
      {
        "lineNumber": 142,
        "author": {
          "gitId": "tengkianen"
        },
        "content": "        else {"
      },
      {
        "lineNumber": 143,
        "author": {
          "gitId": "tengkianen"
        },
        "content": "            throw new WrongCommandException();"
      },
      {
        "lineNumber": 144,
        "author": {
          "gitId": "tengkianen"
        },
        "content": "        }"
      },
      {
        "lineNumber": 145,
        "author": {
          "gitId": "tengkianen"
        },
        "content": "    }"
      },
      {
        "lineNumber": 146,
        "author": {
          "gitId": "tengkianen"
        },
        "content": ""
      },
      {
        "lineNumber": 147,
        "author": {
          "gitId": "tengkianen"
        },
        "content": "    public static void readFile() throws DukeException, IOException {"
      },
      {
        "lineNumber": 148,
        "author": {
          "gitId": "tengkianen"
        },
        "content": "        String dataPath \u003d new File(\"saved_data\").getAbsolutePath();"
      },
      {
        "lineNumber": 149,
        "author": {
          "gitId": "tengkianen"
        },
        "content": ""
      },
      {
        "lineNumber": 150,
        "author": {
          "gitId": "tengkianen"
        },
        "content": "        if(Files.exists(Path.of(dataPath))) {"
      },
      {
        "lineNumber": 151,
        "author": {
          "gitId": "tengkianen"
        },
        "content": "            File f \u003d new File (dataPath + \"/tasks.txt\");"
      },
      {
        "lineNumber": 152,
        "author": {
          "gitId": "tengkianen"
        },
        "content": "            Scanner sc \u003d new Scanner(f);"
      },
      {
        "lineNumber": 153,
        "author": {
          "gitId": "tengkianen"
        },
        "content": ""
      },
      {
        "lineNumber": 154,
        "author": {
          "gitId": "tengkianen"
        },
        "content": "            while(sc.hasNext()) {"
      },
      {
        "lineNumber": 155,
        "author": {
          "gitId": "tengkianen"
        },
        "content": "                String partialString \u003d sc.nextLine();"
      },
      {
        "lineNumber": 156,
        "author": {
          "gitId": "tengkianen"
        },
        "content": "                String[] data \u003d partialString.trim().split(\"\\\\|\", 3);"
      },
      {
        "lineNumber": 157,
        "author": {
          "gitId": "tengkianen"
        },
        "content": "                String description;"
      },
      {
        "lineNumber": 158,
        "author": {
          "gitId": "tengkianen"
        },
        "content": "                boolean isDone;"
      },
      {
        "lineNumber": 159,
        "author": {
          "gitId": "tengkianen"
        },
        "content": ""
      },
      {
        "lineNumber": 160,
        "author": {
          "gitId": "tengkianen"
        },
        "content": "                switch(data[0]) {"
      },
      {
        "lineNumber": 161,
        "author": {
          "gitId": "tengkianen"
        },
        "content": "                case \"[T]\":"
      },
      {
        "lineNumber": 162,
        "author": {
          "gitId": "tengkianen"
        },
        "content": "                    isDone \u003d Boolean.parseBoolean(data[1]);"
      },
      {
        "lineNumber": 163,
        "author": {
          "gitId": "tengkianen"
        },
        "content": "                    description \u003d data[2];"
      },
      {
        "lineNumber": 164,
        "author": {
          "gitId": "tengkianen"
        },
        "content": "                    taskArrayList.add(new ToDo(description, isDone));"
      },
      {
        "lineNumber": 165,
        "author": {
          "gitId": "tengkianen"
        },
        "content": "                    break;"
      },
      {
        "lineNumber": 166,
        "author": {
          "gitId": "tengkianen"
        },
        "content": "                case \"[D]\":"
      },
      {
        "lineNumber": 167,
        "author": {
          "gitId": "tengkianen"
        },
        "content": "                    isDone \u003d Boolean.parseBoolean(data[1]);"
      },
      {
        "lineNumber": 168,
        "author": {
          "gitId": "tengkianen"
        },
        "content": "                    String[] deadlineArray \u003d data[2].trim().split(\"\\\\|\", 2);"
      },
      {
        "lineNumber": 169,
        "author": {
          "gitId": "tengkianen"
        },
        "content": "                    description \u003d deadlineArray[0];"
      },
      {
        "lineNumber": 170,
        "author": {
          "gitId": "tengkianen"
        },
        "content": "                    String by \u003d deadlineArray[1];"
      },
      {
        "lineNumber": 171,
        "author": {
          "gitId": "tengkianen"
        },
        "content": "                    taskArrayList.add(new Deadline(description, by, isDone));"
      },
      {
        "lineNumber": 172,
        "author": {
          "gitId": "tengkianen"
        },
        "content": "                    break;"
      },
      {
        "lineNumber": 173,
        "author": {
          "gitId": "tengkianen"
        },
        "content": "                case \"[E]\":"
      },
      {
        "lineNumber": 174,
        "author": {
          "gitId": "tengkianen"
        },
        "content": "                    isDone \u003d Boolean.parseBoolean(data[1]);"
      },
      {
        "lineNumber": 175,
        "author": {
          "gitId": "tengkianen"
        },
        "content": "                    String[] eventArray \u003d data[2].trim().split(\"\\\\|\", 2);"
      },
      {
        "lineNumber": 176,
        "author": {
          "gitId": "tengkianen"
        },
        "content": "                    description \u003d eventArray[0];"
      },
      {
        "lineNumber": 177,
        "author": {
          "gitId": "tengkianen"
        },
        "content": "                    String at \u003d eventArray[1];"
      },
      {
        "lineNumber": 178,
        "author": {
          "gitId": "tengkianen"
        },
        "content": "                    taskArrayList.add(new Event(description, at, isDone));"
      },
      {
        "lineNumber": 179,
        "author": {
          "gitId": "tengkianen"
        },
        "content": "                    break;"
      },
      {
        "lineNumber": 180,
        "author": {
          "gitId": "tengkianen"
        },
        "content": "                }"
      },
      {
        "lineNumber": 181,
        "author": {
          "gitId": "tengkianen"
        },
        "content": ""
      },
      {
        "lineNumber": 182,
        "author": {
          "gitId": "tengkianen"
        },
        "content": "            }"
      },
      {
        "lineNumber": 183,
        "author": {
          "gitId": "tengkianen"
        },
        "content": "        } else {"
      },
      {
        "lineNumber": 184,
        "author": {
          "gitId": "tengkianen"
        },
        "content": "            File f \u003d new File (dataPath);"
      },
      {
        "lineNumber": 185,
        "author": {
          "gitId": "tengkianen"
        },
        "content": "            boolean dirExists \u003d f.mkdir();"
      },
      {
        "lineNumber": 186,
        "author": {
          "gitId": "tengkianen"
        },
        "content": "            if (dirExists) {"
      },
      {
        "lineNumber": 187,
        "author": {
          "gitId": "tengkianen"
        },
        "content": "                f \u003d new File (dataPath + \"/tasks.txt\");"
      },
      {
        "lineNumber": 188,
        "author": {
          "gitId": "tengkianen"
        },
        "content": "                f.createNewFile();"
      },
      {
        "lineNumber": 189,
        "author": {
          "gitId": "tengkianen"
        },
        "content": "            } else {"
      },
      {
        "lineNumber": 190,
        "author": {
          "gitId": "tengkianen"
        },
        "content": "                throw new DukeException();"
      },
      {
        "lineNumber": 191,
        "author": {
          "gitId": "tengkianen"
        },
        "content": "            }"
      },
      {
        "lineNumber": 192,
        "author": {
          "gitId": "tengkianen"
        },
        "content": "        }"
      },
      {
        "lineNumber": 193,
        "author": {
          "gitId": "tengkianen"
        },
        "content": "    }"
      },
      {
        "lineNumber": 194,
        "author": {
          "gitId": "tengkianen"
        },
        "content": ""
      },
      {
        "lineNumber": 195,
        "author": {
          "gitId": "tengkianen"
        },
        "content": "    public static void writeFile() throws IOException, DukeException {"
      },
      {
        "lineNumber": 196,
        "author": {
          "gitId": "tengkianen"
        },
        "content": "        String dataPath \u003d new File(\"saved_data/tasks.txt\").getAbsolutePath();"
      },
      {
        "lineNumber": 197,
        "author": {
          "gitId": "tengkianen"
        },
        "content": "        StringBuilder fullString \u003d new StringBuilder();"
      },
      {
        "lineNumber": 198,
        "author": {
          "gitId": "tengkianen"
        },
        "content": ""
      },
      {
        "lineNumber": 199,
        "author": {
          "gitId": "tengkianen"
        },
        "content": "        for(Task task : taskArrayList) {"
      },
      {
        "lineNumber": 200,
        "author": {
          "gitId": "tengkianen"
        },
        "content": "            if (task instanceof ToDo) {"
      },
      {
        "lineNumber": 201,
        "author": {
          "gitId": "tengkianen"
        },
        "content": "                ToDo todo \u003d (ToDo) task;"
      },
      {
        "lineNumber": 202,
        "author": {
          "gitId": "tengkianen"
        },
        "content": "                String todoString \u003d todo.getTypeIcon() + \"|\" + todo.isDone + \"|\""
      },
      {
        "lineNumber": 203,
        "author": {
          "gitId": "tengkianen"
        },
        "content": "                        + todo.description + System.lineSeparator();"
      },
      {
        "lineNumber": 204,
        "author": {
          "gitId": "tengkianen"
        },
        "content": "                fullString.append(todoString);"
      },
      {
        "lineNumber": 205,
        "author": {
          "gitId": "tengkianen"
        },
        "content": "            } else if (task instanceof Event) {"
      },
      {
        "lineNumber": 206,
        "author": {
          "gitId": "tengkianen"
        },
        "content": "                Event event \u003d (Event) task;"
      },
      {
        "lineNumber": 207,
        "author": {
          "gitId": "tengkianen"
        },
        "content": "                String eventString \u003d event.getTypeIcon() + \"|\" + event.isDone + \"|\""
      },
      {
        "lineNumber": 208,
        "author": {
          "gitId": "tengkianen"
        },
        "content": "                        + event.description + \"|\" + event.at + System.lineSeparator();"
      },
      {
        "lineNumber": 209,
        "author": {
          "gitId": "tengkianen"
        },
        "content": "                fullString.append(eventString);"
      },
      {
        "lineNumber": 210,
        "author": {
          "gitId": "tengkianen"
        },
        "content": "            } else if (task instanceof Deadline) {"
      },
      {
        "lineNumber": 211,
        "author": {
          "gitId": "tengkianen"
        },
        "content": "                Deadline deadline \u003d (Deadline) task;"
      },
      {
        "lineNumber": 212,
        "author": {
          "gitId": "tengkianen"
        },
        "content": "                String deadlineString \u003d deadline.getTypeIcon() + \"|\" + deadline.isDone + \"|\""
      },
      {
        "lineNumber": 213,
        "author": {
          "gitId": "tengkianen"
        },
        "content": "                        + deadline.description + \"|\" + deadline.by + System.lineSeparator();"
      },
      {
        "lineNumber": 214,
        "author": {
          "gitId": "tengkianen"
        },
        "content": "                fullString.append(deadlineString);"
      },
      {
        "lineNumber": 215,
        "author": {
          "gitId": "tengkianen"
        },
        "content": "            } else {"
      },
      {
        "lineNumber": 216,
        "author": {
          "gitId": "tengkianen"
        },
        "content": "                throw new DukeException();"
      },
      {
        "lineNumber": 217,
        "author": {
          "gitId": "tengkianen"
        },
        "content": "            }"
      },
      {
        "lineNumber": 218,
        "author": {
          "gitId": "tengkianen"
        },
        "content": "        }"
      },
      {
        "lineNumber": 219,
        "author": {
          "gitId": "tengkianen"
        },
        "content": ""
      },
      {
        "lineNumber": 220,
        "author": {
          "gitId": "tengkianen"
        },
        "content": "        FileWriter fw \u003d new FileWriter(dataPath);"
      },
      {
        "lineNumber": 221,
        "author": {
          "gitId": "tengkianen"
        },
        "content": "        fw.write(String.valueOf(fullString));"
      },
      {
        "lineNumber": 222,
        "author": {
          "gitId": "tengkianen"
        },
        "content": "        fw.close();"
      },
      {
        "lineNumber": 223,
        "author": {
          "gitId": "tengkianen"
        },
        "content": "    }"
      },
      {
        "lineNumber": 224,
        "author": {
          "gitId": "tengkianen"
        },
        "content": ""
      },
      {
        "lineNumber": 225,
        "author": {
          "gitId": "tengkianen"
        },
        "content": "    public static void main(String[] args) {"
      },
      {
        "lineNumber": 226,
        "author": {
          "gitId": "tengkianen"
        },
        "content": ""
      },
      {
        "lineNumber": 227,
        "author": {
          "gitId": "tengkianen"
        },
        "content": "        System.out.println(format);"
      },
      {
        "lineNumber": 228,
        "author": {
          "gitId": "tengkianen"
        },
        "content": "        System.out.println(\"Hey I\u0027m Butler!\\n\");"
      },
      {
        "lineNumber": 229,
        "author": {
          "gitId": "tengkianen"
        },
        "content": "        System.out.println(\"How can I help you Monsieur/Madame?\\n\");"
      },
      {
        "lineNumber": 230,
        "author": {
          "gitId": "tengkianen"
        },
        "content": "        System.out.println(format);"
      },
      {
        "lineNumber": 231,
        "author": {
          "gitId": "tengkianen"
        },
        "content": "        String[] stringArray;"
      },
      {
        "lineNumber": 232,
        "author": {
          "gitId": "tengkianen"
        },
        "content": ""
      },
      {
        "lineNumber": 233,
        "author": {
          "gitId": "tengkianen"
        },
        "content": "        try {"
      },
      {
        "lineNumber": 234,
        "author": {
          "gitId": "tengkianen"
        },
        "content": "            readFile();"
      },
      {
        "lineNumber": 235,
        "author": {
          "gitId": "tengkianen"
        },
        "content": "        } catch (IOException | DukeException e) {"
      },
      {
        "lineNumber": 236,
        "author": {
          "gitId": "tengkianen"
        },
        "content": "            System.out.println(\"There was an error reading saved data!\");"
      },
      {
        "lineNumber": 237,
        "author": {
          "gitId": "tengkianen"
        },
        "content": "        }"
      },
      {
        "lineNumber": 238,
        "author": {
          "gitId": "tengkianen"
        },
        "content": ""
      },
      {
        "lineNumber": 239,
        "author": {
          "gitId": "tengkianen"
        },
        "content": "        do {"
      },
      {
        "lineNumber": 240,
        "author": {
          "gitId": "tengkianen"
        },
        "content": ""
      },
      {
        "lineNumber": 241,
        "author": {
          "gitId": "tengkianen"
        },
        "content": "            Scanner in \u003d new Scanner(System.in);"
      },
      {
        "lineNumber": 242,
        "author": {
          "gitId": "tengkianen"
        },
        "content": "            String line \u003d in.nextLine();"
      },
      {
        "lineNumber": 243,
        "author": {
          "gitId": "tengkianen"
        },
        "content": ""
      },
      {
        "lineNumber": 244,
        "author": {
          "gitId": "tengkianen"
        },
        "content": "            stringArray \u003d line.trim().split(\" \", 2);"
      },
      {
        "lineNumber": 245,
        "author": {
          "gitId": "tengkianen"
        },
        "content": "            try {"
      },
      {
        "lineNumber": 246,
        "author": {
          "gitId": "tengkianen"
        },
        "content": "                parseInput(stringArray);"
      },
      {
        "lineNumber": 247,
        "author": {
          "gitId": "tengkianen"
        },
        "content": "            } catch (EmptyDescriptionException e){"
      },
      {
        "lineNumber": 248,
        "author": {
          "gitId": "tengkianen"
        },
        "content": "                e.displayException();"
      },
      {
        "lineNumber": 249,
        "author": {
          "gitId": "tengkianen"
        },
        "content": "            } catch (WrongCommandException e){"
      },
      {
        "lineNumber": 250,
        "author": {
          "gitId": "tengkianen"
        },
        "content": "                e.displayException();"
      },
      {
        "lineNumber": 251,
        "author": {
          "gitId": "tengkianen"
        },
        "content": "            } catch (EmptyDateException e){"
      },
      {
        "lineNumber": 252,
        "author": {
          "gitId": "tengkianen"
        },
        "content": "                e.displayException();"
      },
      {
        "lineNumber": 253,
        "author": {
          "gitId": "-"
        },
        "content": "            }"
      },
      {
        "lineNumber": 254,
        "author": {
          "gitId": "tengkianen"
        },
        "content": "            "
      },
      {
        "lineNumber": 255,
        "author": {
          "gitId": "tengkianen"
        },
        "content": "        } while (!stringArray[0].equals(\"bye\"));"
      },
      {
        "lineNumber": 256,
        "author": {
          "gitId": "tengkianen"
        },
        "content": ""
      },
      {
        "lineNumber": 257,
        "author": {
          "gitId": "tengkianen"
        },
        "content": "    }"
      },
      {
        "lineNumber": 258,
        "author": {
          "gitId": "-"
        },
        "content": "}"
      },
      {
        "lineNumber": 259,
        "author": {
          "gitId": "tengkianen"
        },
        "content": ""
      }
    ],
    "authorContributionMap": {
      "tengkianen": 256,
      "-": 3
    }
  },
  {
    "path": "src/main/java/duke/exception/DukeException.java",
    "fileType": "java",
    "lines": [
      {
        "lineNumber": 1,
        "author": {
          "gitId": "tengkianen"
        },
        "content": "package duke.exception;"
      },
      {
        "lineNumber": 2,
        "author": {
          "gitId": "tengkianen"
        },
        "content": ""
      },
      {
        "lineNumber": 3,
        "author": {
          "gitId": "tengkianen"
        },
        "content": "public class DukeException extends Exception{"
      },
      {
        "lineNumber": 4,
        "author": {
          "gitId": "tengkianen"
        },
        "content": ""
      },
      {
        "lineNumber": 5,
        "author": {
          "gitId": "tengkianen"
        },
        "content": "    public void displayException(){"
      },
      {
        "lineNumber": 6,
        "author": {
          "gitId": "tengkianen"
        },
        "content": ""
      },
      {
        "lineNumber": 7,
        "author": {
          "gitId": "tengkianen"
        },
        "content": "    };"
      },
      {
        "lineNumber": 8,
        "author": {
          "gitId": "tengkianen"
        },
        "content": ""
      },
      {
        "lineNumber": 9,
        "author": {
          "gitId": "tengkianen"
        },
        "content": "}"
      }
    ],
    "authorContributionMap": {
      "tengkianen": 9
    }
  },
  {
    "path": "src/main/java/duke/exception/EmptyDateException.java",
    "fileType": "java",
    "lines": [
      {
        "lineNumber": 1,
        "author": {
          "gitId": "tengkianen"
        },
        "content": "package duke.exception;"
      },
      {
        "lineNumber": 2,
        "author": {
          "gitId": "tengkianen"
        },
        "content": ""
      },
      {
        "lineNumber": 3,
        "author": {
          "gitId": "tengkianen"
        },
        "content": "import duke.Duke;"
      },
      {
        "lineNumber": 4,
        "author": {
          "gitId": "tengkianen"
        },
        "content": ""
      },
      {
        "lineNumber": 5,
        "author": {
          "gitId": "tengkianen"
        },
        "content": "public class EmptyDateException extends DukeException{"
      },
      {
        "lineNumber": 6,
        "author": {
          "gitId": "tengkianen"
        },
        "content": ""
      },
      {
        "lineNumber": 7,
        "author": {
          "gitId": "tengkianen"
        },
        "content": "    @Override"
      },
      {
        "lineNumber": 8,
        "author": {
          "gitId": "tengkianen"
        },
        "content": "    public void displayException(){"
      },
      {
        "lineNumber": 9,
        "author": {
          "gitId": "tengkianen"
        },
        "content": "        System.out.println(Duke.format);"
      },
      {
        "lineNumber": 10,
        "author": {
          "gitId": "tengkianen"
        },
        "content": "        System.out.println(\"Sorry! There\u0027s no date set! Please set a date using \u0027/by\u0027 or \u0027/at\u0027!\\n\");"
      },
      {
        "lineNumber": 11,
        "author": {
          "gitId": "tengkianen"
        },
        "content": "        System.out.println(Duke.format);"
      },
      {
        "lineNumber": 12,
        "author": {
          "gitId": "tengkianen"
        },
        "content": "    }"
      },
      {
        "lineNumber": 13,
        "author": {
          "gitId": "tengkianen"
        },
        "content": "}"
      }
    ],
    "authorContributionMap": {
      "tengkianen": 13
    }
  },
  {
    "path": "src/main/java/duke/exception/EmptyDescriptionException.java",
    "fileType": "java",
    "lines": [
      {
        "lineNumber": 1,
        "author": {
          "gitId": "tengkianen"
        },
        "content": "package duke.exception;"
      },
      {
        "lineNumber": 2,
        "author": {
          "gitId": "tengkianen"
        },
        "content": ""
      },
      {
        "lineNumber": 3,
        "author": {
          "gitId": "tengkianen"
        },
        "content": "import duke.Duke;"
      },
      {
        "lineNumber": 4,
        "author": {
          "gitId": "tengkianen"
        },
        "content": ""
      },
      {
        "lineNumber": 5,
        "author": {
          "gitId": "tengkianen"
        },
        "content": "public class EmptyDescriptionException extends DukeException{"
      },
      {
        "lineNumber": 6,
        "author": {
          "gitId": "tengkianen"
        },
        "content": ""
      },
      {
        "lineNumber": 7,
        "author": {
          "gitId": "tengkianen"
        },
        "content": "    protected String wrongAction;"
      },
      {
        "lineNumber": 8,
        "author": {
          "gitId": "tengkianen"
        },
        "content": ""
      },
      {
        "lineNumber": 9,
        "author": {
          "gitId": "tengkianen"
        },
        "content": "    public EmptyDescriptionException(String wrongAction){"
      },
      {
        "lineNumber": 10,
        "author": {
          "gitId": "tengkianen"
        },
        "content": "        super();"
      },
      {
        "lineNumber": 11,
        "author": {
          "gitId": "tengkianen"
        },
        "content": "        this.wrongAction \u003d wrongAction;"
      },
      {
        "lineNumber": 12,
        "author": {
          "gitId": "tengkianen"
        },
        "content": "    }"
      },
      {
        "lineNumber": 13,
        "author": {
          "gitId": "tengkianen"
        },
        "content": ""
      },
      {
        "lineNumber": 14,
        "author": {
          "gitId": "tengkianen"
        },
        "content": "    @Override"
      },
      {
        "lineNumber": 15,
        "author": {
          "gitId": "tengkianen"
        },
        "content": "    public void displayException(){"
      },
      {
        "lineNumber": 16,
        "author": {
          "gitId": "tengkianen"
        },
        "content": "        System.out.println(Duke.format);"
      },
      {
        "lineNumber": 17,
        "author": {
          "gitId": "tengkianen"
        },
        "content": "        System.out.println(\"The description of a \" + \"\u0027\" + wrongAction + \"\u0027\" + \" cannot be empty! Please try again!\\n\");"
      },
      {
        "lineNumber": 18,
        "author": {
          "gitId": "tengkianen"
        },
        "content": "        System.out.println(Duke.format);"
      },
      {
        "lineNumber": 19,
        "author": {
          "gitId": "tengkianen"
        },
        "content": "    }"
      },
      {
        "lineNumber": 20,
        "author": {
          "gitId": "tengkianen"
        },
        "content": "}"
      }
    ],
    "authorContributionMap": {
      "tengkianen": 20
    }
  },
  {
    "path": "src/main/java/duke/exception/WrongCommandException.java",
    "fileType": "java",
    "lines": [
      {
        "lineNumber": 1,
        "author": {
          "gitId": "tengkianen"
        },
        "content": "package duke.exception;"
      },
      {
        "lineNumber": 2,
        "author": {
          "gitId": "tengkianen"
        },
        "content": ""
      },
      {
        "lineNumber": 3,
        "author": {
          "gitId": "tengkianen"
        },
        "content": "import duke.Duke;"
      },
      {
        "lineNumber": 4,
        "author": {
          "gitId": "tengkianen"
        },
        "content": ""
      },
      {
        "lineNumber": 5,
        "author": {
          "gitId": "tengkianen"
        },
        "content": "public class WrongCommandException extends DukeException{"
      },
      {
        "lineNumber": 6,
        "author": {
          "gitId": "tengkianen"
        },
        "content": ""
      },
      {
        "lineNumber": 7,
        "author": {
          "gitId": "tengkianen"
        },
        "content": "    @Override"
      },
      {
        "lineNumber": 8,
        "author": {
          "gitId": "tengkianen"
        },
        "content": "    public void displayException(){"
      },
      {
        "lineNumber": 9,
        "author": {
          "gitId": "tengkianen"
        },
        "content": "        System.out.println(Duke.format);"
      },
      {
        "lineNumber": 10,
        "author": {
          "gitId": "tengkianen"
        },
        "content": "        System.out.println(\"Sorry! This is an invalid command, Please try again!\\n\");"
      },
      {
        "lineNumber": 11,
        "author": {
          "gitId": "tengkianen"
        },
        "content": "        System.out.println(\"These are the available commands: \\n\");"
      },
      {
        "lineNumber": 12,
        "author": {
          "gitId": "tengkianen"
        },
        "content": "        System.out.println(\" todo [todoName]\\n\");"
      },
      {
        "lineNumber": 13,
        "author": {
          "gitId": "tengkianen"
        },
        "content": "        System.out.println(\" deadline [deadlineName] /by [deadlineDate]\\n\");"
      },
      {
        "lineNumber": 14,
        "author": {
          "gitId": "tengkianen"
        },
        "content": "        System.out.println(\" event [eventName] /at [eventTime]\\n\");"
      },
      {
        "lineNumber": 15,
        "author": {
          "gitId": "tengkianen"
        },
        "content": "        System.out.println(\" list\\n\");"
      },
      {
        "lineNumber": 16,
        "author": {
          "gitId": "tengkianen"
        },
        "content": "        System.out.println(\" done [listNumber]\\n\");"
      },
      {
        "lineNumber": 17,
        "author": {
          "gitId": "tengkianen"
        },
        "content": "        System.out.println(\" bye\\n\");"
      },
      {
        "lineNumber": 18,
        "author": {
          "gitId": "tengkianen"
        },
        "content": "        System.out.println(Duke.format);"
      },
      {
        "lineNumber": 19,
        "author": {
          "gitId": "tengkianen"
        },
        "content": "    }"
      },
      {
        "lineNumber": 20,
        "author": {
          "gitId": "tengkianen"
        },
        "content": "}"
      }
    ],
    "authorContributionMap": {
      "tengkianen": 20
    }
  },
  {
    "path": "src/main/java/duke/task/Deadline.java",
    "fileType": "java",
    "lines": [
      {
        "lineNumber": 1,
        "author": {
          "gitId": "tengkianen"
        },
        "content": "package duke.task;"
      },
      {
        "lineNumber": 2,
        "author": {
          "gitId": "tengkianen"
        },
        "content": ""
      },
      {
        "lineNumber": 3,
        "author": {
          "gitId": "tengkianen"
        },
        "content": "public class Deadline extends Task{"
      },
      {
        "lineNumber": 4,
        "author": {
          "gitId": "tengkianen"
        },
        "content": ""
      },
      {
        "lineNumber": 5,
        "author": {
          "gitId": "tengkianen"
        },
        "content": "    public String by;"
      },
      {
        "lineNumber": 6,
        "author": {
          "gitId": "tengkianen"
        },
        "content": ""
      },
      {
        "lineNumber": 7,
        "author": {
          "gitId": "tengkianen"
        },
        "content": "    public Deadline(String description, String by) {"
      },
      {
        "lineNumber": 8,
        "author": {
          "gitId": "tengkianen"
        },
        "content": "        super(description);"
      },
      {
        "lineNumber": 9,
        "author": {
          "gitId": "tengkianen"
        },
        "content": "        this.by \u003d by;"
      },
      {
        "lineNumber": 10,
        "author": {
          "gitId": "tengkianen"
        },
        "content": "    }"
      },
      {
        "lineNumber": 11,
        "author": {
          "gitId": "tengkianen"
        },
        "content": ""
      },
      {
        "lineNumber": 12,
        "author": {
          "gitId": "tengkianen"
        },
        "content": "    public Deadline(String description, String by, boolean isDone){"
      },
      {
        "lineNumber": 13,
        "author": {
          "gitId": "tengkianen"
        },
        "content": "        super(description, isDone);"
      },
      {
        "lineNumber": 14,
        "author": {
          "gitId": "tengkianen"
        },
        "content": "        this.by \u003d by;"
      },
      {
        "lineNumber": 15,
        "author": {
          "gitId": "tengkianen"
        },
        "content": "    }"
      },
      {
        "lineNumber": 16,
        "author": {
          "gitId": "tengkianen"
        },
        "content": ""
      },
      {
        "lineNumber": 17,
        "author": {
          "gitId": "tengkianen"
        },
        "content": "    @Override"
      },
      {
        "lineNumber": 18,
        "author": {
          "gitId": "tengkianen"
        },
        "content": "    public String getTypeIcon(){"
      },
      {
        "lineNumber": 19,
        "author": {
          "gitId": "tengkianen"
        },
        "content": "        return \"[D]\";"
      },
      {
        "lineNumber": 20,
        "author": {
          "gitId": "tengkianen"
        },
        "content": "    }"
      },
      {
        "lineNumber": 21,
        "author": {
          "gitId": "tengkianen"
        },
        "content": ""
      },
      {
        "lineNumber": 22,
        "author": {
          "gitId": "tengkianen"
        },
        "content": "    @Override"
      },
      {
        "lineNumber": 23,
        "author": {
          "gitId": "tengkianen"
        },
        "content": "    public String toString() {"
      },
      {
        "lineNumber": 24,
        "author": {
          "gitId": "tengkianen"
        },
        "content": "        return getTypeIcon() + super.toString() + \" (by: \" + by + \")\";"
      },
      {
        "lineNumber": 25,
        "author": {
          "gitId": "tengkianen"
        },
        "content": "    }"
      },
      {
        "lineNumber": 26,
        "author": {
          "gitId": "tengkianen"
        },
        "content": "}"
      }
    ],
    "authorContributionMap": {
      "tengkianen": 26
    }
  },
  {
    "path": "src/main/java/duke/task/Event.java",
    "fileType": "java",
    "lines": [
      {
        "lineNumber": 1,
        "author": {
          "gitId": "tengkianen"
        },
        "content": "package duke.task;"
      },
      {
        "lineNumber": 2,
        "author": {
          "gitId": "tengkianen"
        },
        "content": ""
      },
      {
        "lineNumber": 3,
        "author": {
          "gitId": "tengkianen"
        },
        "content": "public class Event extends Task {"
      },
      {
        "lineNumber": 4,
        "author": {
          "gitId": "tengkianen"
        },
        "content": ""
      },
      {
        "lineNumber": 5,
        "author": {
          "gitId": "tengkianen"
        },
        "content": "    public String at;"
      },
      {
        "lineNumber": 6,
        "author": {
          "gitId": "tengkianen"
        },
        "content": ""
      },
      {
        "lineNumber": 7,
        "author": {
          "gitId": "tengkianen"
        },
        "content": "    public Event(String description, String at) {"
      },
      {
        "lineNumber": 8,
        "author": {
          "gitId": "tengkianen"
        },
        "content": "        super(description);"
      },
      {
        "lineNumber": 9,
        "author": {
          "gitId": "tengkianen"
        },
        "content": "        this.at \u003d at;"
      },
      {
        "lineNumber": 10,
        "author": {
          "gitId": "tengkianen"
        },
        "content": "    }"
      },
      {
        "lineNumber": 11,
        "author": {
          "gitId": "tengkianen"
        },
        "content": ""
      },
      {
        "lineNumber": 12,
        "author": {
          "gitId": "tengkianen"
        },
        "content": "    public Event(String description, String at, boolean isDone){"
      },
      {
        "lineNumber": 13,
        "author": {
          "gitId": "tengkianen"
        },
        "content": "        super(description, isDone);"
      },
      {
        "lineNumber": 14,
        "author": {
          "gitId": "tengkianen"
        },
        "content": "        this.at \u003d at;"
      },
      {
        "lineNumber": 15,
        "author": {
          "gitId": "tengkianen"
        },
        "content": "    }"
      },
      {
        "lineNumber": 16,
        "author": {
          "gitId": "tengkianen"
        },
        "content": ""
      },
      {
        "lineNumber": 17,
        "author": {
          "gitId": "tengkianen"
        },
        "content": "    @Override"
      },
      {
        "lineNumber": 18,
        "author": {
          "gitId": "tengkianen"
        },
        "content": "    public String getTypeIcon(){"
      },
      {
        "lineNumber": 19,
        "author": {
          "gitId": "tengkianen"
        },
        "content": "        return \"[E]\";"
      },
      {
        "lineNumber": 20,
        "author": {
          "gitId": "tengkianen"
        },
        "content": "    }"
      },
      {
        "lineNumber": 21,
        "author": {
          "gitId": "tengkianen"
        },
        "content": ""
      },
      {
        "lineNumber": 22,
        "author": {
          "gitId": "tengkianen"
        },
        "content": "    @Override"
      },
      {
        "lineNumber": 23,
        "author": {
          "gitId": "tengkianen"
        },
        "content": "    public String toString() {"
      },
      {
        "lineNumber": 24,
        "author": {
          "gitId": "tengkianen"
        },
        "content": "        return getTypeIcon() + super.toString() + \" (at: \" + at + \")\";"
      },
      {
        "lineNumber": 25,
        "author": {
          "gitId": "tengkianen"
        },
        "content": "    }"
      },
      {
        "lineNumber": 26,
        "author": {
          "gitId": "tengkianen"
        },
        "content": ""
      },
      {
        "lineNumber": 27,
        "author": {
          "gitId": "tengkianen"
        },
        "content": "}"
      }
    ],
    "authorContributionMap": {
      "tengkianen": 27
    }
  },
  {
    "path": "src/main/java/duke/task/Task.java",
    "fileType": "java",
    "lines": [
      {
        "lineNumber": 1,
        "author": {
          "gitId": "tengkianen"
        },
        "content": "package duke.task;"
      },
      {
        "lineNumber": 2,
        "author": {
          "gitId": "tengkianen"
        },
        "content": ""
      },
      {
        "lineNumber": 3,
        "author": {
          "gitId": "tengkianen"
        },
        "content": "public class Task {"
      },
      {
        "lineNumber": 4,
        "author": {
          "gitId": "tengkianen"
        },
        "content": "    public String description;"
      },
      {
        "lineNumber": 5,
        "author": {
          "gitId": "tengkianen"
        },
        "content": "    public boolean isDone;"
      },
      {
        "lineNumber": 6,
        "author": {
          "gitId": "tengkianen"
        },
        "content": ""
      },
      {
        "lineNumber": 7,
        "author": {
          "gitId": "tengkianen"
        },
        "content": "    public Task(String description) {"
      },
      {
        "lineNumber": 8,
        "author": {
          "gitId": "tengkianen"
        },
        "content": "        this.description \u003d description;"
      },
      {
        "lineNumber": 9,
        "author": {
          "gitId": "tengkianen"
        },
        "content": "        this.isDone \u003d false;"
      },
      {
        "lineNumber": 10,
        "author": {
          "gitId": "tengkianen"
        },
        "content": "    }"
      },
      {
        "lineNumber": 11,
        "author": {
          "gitId": "tengkianen"
        },
        "content": ""
      },
      {
        "lineNumber": 12,
        "author": {
          "gitId": "tengkianen"
        },
        "content": "    public Task(String description, boolean isDone){"
      },
      {
        "lineNumber": 13,
        "author": {
          "gitId": "tengkianen"
        },
        "content": "        this.description \u003d description;"
      },
      {
        "lineNumber": 14,
        "author": {
          "gitId": "tengkianen"
        },
        "content": "        this.isDone \u003d isDone;"
      },
      {
        "lineNumber": 15,
        "author": {
          "gitId": "tengkianen"
        },
        "content": "    }"
      },
      {
        "lineNumber": 16,
        "author": {
          "gitId": "tengkianen"
        },
        "content": ""
      },
      {
        "lineNumber": 17,
        "author": {
          "gitId": "tengkianen"
        },
        "content": "    public String getStatusIcon() {"
      },
      {
        "lineNumber": 18,
        "author": {
          "gitId": "tengkianen"
        },
        "content": "        return (isDone ? \"\\u2713\" : \"\\u2718\");"
      },
      {
        "lineNumber": 19,
        "author": {
          "gitId": "tengkianen"
        },
        "content": "    }"
      },
      {
        "lineNumber": 20,
        "author": {
          "gitId": "tengkianen"
        },
        "content": ""
      },
      {
        "lineNumber": 21,
        "author": {
          "gitId": "tengkianen"
        },
        "content": "    public void isCompleted(){"
      },
      {
        "lineNumber": 22,
        "author": {
          "gitId": "tengkianen"
        },
        "content": "        isDone \u003d true;"
      },
      {
        "lineNumber": 23,
        "author": {
          "gitId": "tengkianen"
        },
        "content": "    }"
      },
      {
        "lineNumber": 24,
        "author": {
          "gitId": "tengkianen"
        },
        "content": ""
      },
      {
        "lineNumber": 25,
        "author": {
          "gitId": "tengkianen"
        },
        "content": "    public String getTypeIcon(){"
      },
      {
        "lineNumber": 26,
        "author": {
          "gitId": "tengkianen"
        },
        "content": "        return \"[ ]\";"
      },
      {
        "lineNumber": 27,
        "author": {
          "gitId": "tengkianen"
        },
        "content": "    }"
      },
      {
        "lineNumber": 28,
        "author": {
          "gitId": "tengkianen"
        },
        "content": ""
      },
      {
        "lineNumber": 29,
        "author": {
          "gitId": "tengkianen"
        },
        "content": "    @Override"
      },
      {
        "lineNumber": 30,
        "author": {
          "gitId": "tengkianen"
        },
        "content": "    public String toString(){"
      },
      {
        "lineNumber": 31,
        "author": {
          "gitId": "tengkianen"
        },
        "content": "        return \"[\" + getStatusIcon() + \"] \" + description;"
      },
      {
        "lineNumber": 32,
        "author": {
          "gitId": "tengkianen"
        },
        "content": "    }"
      },
      {
        "lineNumber": 33,
        "author": {
          "gitId": "tengkianen"
        },
        "content": ""
      },
      {
        "lineNumber": 34,
        "author": {
          "gitId": "tengkianen"
        },
        "content": "}"
      }
    ],
    "authorContributionMap": {
      "tengkianen": 34
    }
  },
  {
    "path": "src/main/java/duke/task/ToDo.java",
    "fileType": "java",
    "lines": [
      {
        "lineNumber": 1,
        "author": {
          "gitId": "tengkianen"
        },
        "content": "package duke.task;"
      },
      {
        "lineNumber": 2,
        "author": {
          "gitId": "tengkianen"
        },
        "content": ""
      },
      {
        "lineNumber": 3,
        "author": {
          "gitId": "tengkianen"
        },
        "content": "public class ToDo extends Task{"
      },
      {
        "lineNumber": 4,
        "author": {
          "gitId": "tengkianen"
        },
        "content": "    public ToDo(String description) {"
      },
      {
        "lineNumber": 5,
        "author": {
          "gitId": "tengkianen"
        },
        "content": "        super(description);"
      },
      {
        "lineNumber": 6,
        "author": {
          "gitId": "tengkianen"
        },
        "content": "    }"
      },
      {
        "lineNumber": 7,
        "author": {
          "gitId": "tengkianen"
        },
        "content": ""
      },
      {
        "lineNumber": 8,
        "author": {
          "gitId": "tengkianen"
        },
        "content": "    public ToDo(String description, boolean isDone) {"
      },
      {
        "lineNumber": 9,
        "author": {
          "gitId": "tengkianen"
        },
        "content": "        super(description, isDone);"
      },
      {
        "lineNumber": 10,
        "author": {
          "gitId": "tengkianen"
        },
        "content": "    }"
      },
      {
        "lineNumber": 11,
        "author": {
          "gitId": "tengkianen"
        },
        "content": ""
      },
      {
        "lineNumber": 12,
        "author": {
          "gitId": "tengkianen"
        },
        "content": "    @Override"
      },
      {
        "lineNumber": 13,
        "author": {
          "gitId": "tengkianen"
        },
        "content": "    public String getTypeIcon(){"
      },
      {
        "lineNumber": 14,
        "author": {
          "gitId": "tengkianen"
        },
        "content": "        return \"[T]\";"
      },
      {
        "lineNumber": 15,
        "author": {
          "gitId": "tengkianen"
        },
        "content": "    }"
      },
      {
        "lineNumber": 16,
        "author": {
          "gitId": "tengkianen"
        },
        "content": ""
      },
      {
        "lineNumber": 17,
        "author": {
          "gitId": "tengkianen"
        },
        "content": "    @Override"
      },
      {
        "lineNumber": 18,
        "author": {
          "gitId": "tengkianen"
        },
        "content": "    public String toString() {"
      },
      {
        "lineNumber": 19,
        "author": {
          "gitId": "tengkianen"
        },
        "content": "        return getTypeIcon() + super.toString();"
      },
      {
        "lineNumber": 20,
        "author": {
          "gitId": "tengkianen"
        },
        "content": "    }"
      },
      {
        "lineNumber": 21,
        "author": {
          "gitId": "tengkianen"
        },
        "content": "}"
      }
    ],
    "authorContributionMap": {
      "tengkianen": 21
    }
  },
  {
    "path": "text-ui-test/input.txt",
    "fileType": "txt",
    "lines": [
      {
        "lineNumber": 1,
        "author": {
          "gitId": "tengkianen"
        },
        "content": "todo skip ropes"
      }
    ],
    "authorContributionMap": {
      "tengkianen": 1
    }
  }
]
