{
  "authorDailyContributionsMap": {
    "jerichochua": [
      {
        "date": "2020-08-15",
        "commitResults": [
          {
            "hash": "c7efe898796a2fe7f53525f1db71d4f6a3e72112",
            "messageTitle": "Add greeting",
            "messageBody": "",
            "tags": [
              "Level-0"
            ],
            "fileTypesAndContributionMap": {
              "java": {
                "insertions": 3,
                "deletions": 1
              }
            }
          }
        ]
      },
      {
        "date": "2020-08-22",
        "commitResults": [
          {
            "hash": "f75846b98274c20c1765124b8a1faffa08d93afd",
            "messageTitle": "Add echo command",
            "messageBody": "",
            "tags": [
              "Level-1"
            ],
            "fileTypesAndContributionMap": {
              "java": {
                "insertions": 12,
                "deletions": 7
              }
            }
          },
          {
            "hash": "0d83b654ad4bf61ff2af91f840491f49f2cb775f",
            "messageTitle": "Add ability to store and list user input",
            "messageBody": "",
            "tags": [
              "Level-2"
            ],
            "fileTypesAndContributionMap": {
              "java": {
                "insertions": 18,
                "deletions": 3
              }
            }
          },
          {
            "hash": "6d8ef584a7a127872d23d0336fdfc3c3b53b79cc",
            "messageTitle": "Add Task class",
            "messageBody": "Add new Task class, as well as modifying the code in Duke.java\nto make use of the new class.\n",
            "tags": [
              "A-Classes"
            ],
            "fileTypesAndContributionMap": {
              "java": {
                "insertions": 27,
                "deletions": 4
              }
            }
          }
        ]
      },
      {
        "date": "2020-08-23",
        "commitResults": [
          {
            "hash": "833ad9c11722b4948ee0526b0eec23bf3c709b0f",
            "messageTitle": "Add ability to mark tasks as done",
            "messageBody": "",
            "tags": [
              "Level-3"
            ],
            "fileTypesAndContributionMap": {
              "java": {
                "insertions": 26,
                "deletions": 1
              }
            }
          }
        ]
      },
      {
        "date": "2020-08-28",
        "commitResults": [
          {
            "hash": "95c0d1c7d4933624b93be5eea863d1fb281222cb",
            "messageTitle": "Add Todo, Deadline and Event classes",
            "messageBody": "",
            "tags": [
              "A-Inheritance"
            ],
            "fileTypesAndContributionMap": {
              "java": {
                "insertions": 36,
                "deletions": 0
              }
            }
          },
          {
            "hash": "4658329736633ef403e78b49bb4796aa3e65b0f7",
            "messageTitle": "Override toString method in Task class",
            "messageBody": "",
            "fileTypesAndContributionMap": {
              "java": {
                "insertions": 5,
                "deletions": 4
              }
            }
          }
        ]
      },
      {
        "date": "2020-08-29",
        "commitResults": [
          {
            "hash": "65fcef83fbec47c7932249c0213c47acd4b14df7",
            "messageTitle": "Add support for tracking todos, deadlines and events",
            "messageBody": "* Rearrange code for clarity\n* Remove validation (for now)\n* Create new method to add user tasks\n",
            "tags": [
              "Level-4"
            ],
            "fileTypesAndContributionMap": {
              "java": {
                "insertions": 41,
                "deletions": 28
              }
            }
          },
          {
            "hash": "d0ce74e35d82903e7e173e4f55407b20050ea078",
            "messageTitle": "Add variable to print \u0027task\u0027 and \u0027tasks\u0027",
            "messageBody": "",
            "fileTypesAndContributionMap": {
              "java": {
                "insertions": 2,
                "deletions": 1
              }
            }
          },
          {
            "hash": "a6d374564297fa254316ecde4adfbaaff95a181c",
            "messageTitle": "Add semi-automated text UI testing",
            "messageBody": "",
            "tags": [
              "A-TextUiTesting"
            ],
            "fileTypesAndContributionMap": {
              "txt": {
                "insertions": 13,
                "deletions": 0
              },
              "bat": {
                "insertions": 2,
                "deletions": 2
              }
            }
          },
          {
            "hash": "988cf5b19f13eb9865e63f99d48f49e6ba3dd5d7",
            "messageTitle": "Comply with coding standard",
            "messageBody": "",
            "tags": [
              "A-CodingStandard"
            ],
            "fileTypesAndContributionMap": {
              "java": {
                "insertions": 5,
                "deletions": 5
              }
            }
          }
        ]
      },
      {
        "date": "2020-08-31",
        "commitResults": [
          {
            "hash": "69448a4deda8200e498ada498c27b653b5aec74c",
            "messageTitle": "Extract userTasks as a class-level attribute",
            "messageBody": "",
            "tags": [
              "A-CodeQuality"
            ],
            "fileTypesAndContributionMap": {
              "java": {
                "insertions": 7,
                "deletions": 7
              }
            }
          }
        ]
      },
      {
        "date": "2020-09-05",
        "commitResults": [
          {
            "hash": "f55d8de1e111e1291f4ac6ea6740c46165c1ac44",
            "messageTitle": "Declare Task class as abstract",
            "messageBody": "",
            "fileTypesAndContributionMap": {
              "java": {
                "insertions": 1,
                "deletions": 1
              }
            }
          },
          {
            "hash": "6515f5b335879950870ff586472d3cb8128b9b7b",
            "messageTitle": "Implement basic error handling",
            "messageBody": "",
            "fileTypesAndContributionMap": {
              "java": {
                "insertions": 19,
                "deletions": 3
              }
            }
          },
          {
            "hash": "c985d940eb9d960f70acd6b69cf8fb1971a8f9fe",
            "messageTitle": "Update test case",
            "messageBody": "",
            "fileTypesAndContributionMap": {
              "txt": {
                "insertions": 5,
                "deletions": 0
              }
            }
          },
          {
            "hash": "e36f1884bcf2417d83f0e565f22a8691d47d22f8",
            "messageTitle": "Add tab characters for output",
            "messageBody": "",
            "fileTypesAndContributionMap": {
              "java": {
                "insertions": 4,
                "deletions": 4
              }
            }
          },
          {
            "hash": "593211a8c9b51bcbfb7ec733a7079d2b53dbad50",
            "messageTitle": "Organise classes into duke package",
            "messageBody": "",
            "fileTypesAndContributionMap": {
              "java": {
                "insertions": 11,
                "deletions": 1
              },
              "bat": {
                "insertions": 1,
                "deletions": 1
              }
            }
          },
          {
            "hash": "b412751d24b5f2e3f8d7d3139831a6c1f7856f1c",
            "messageTitle": "Organise some classes into task package",
            "messageBody": "",
            "fileTypesAndContributionMap": {
              "java": {
                "insertions": 10,
                "deletions": 5
              }
            }
          }
        ]
      },
      {
        "date": "2020-09-08",
        "commitResults": [
          {
            "hash": "f05e462903891f22fbdf6a4570aac2cc1d6ac6a8",
            "messageTitle": "Add exceptions",
            "messageBody": "",
            "fileTypesAndContributionMap": {
              "java": {
                "insertions": 26,
                "deletions": 13
              }
            }
          },
          {
            "hash": "6aed16b830a366629bab0ba375a56e40d4ff6ecd",
            "messageTitle": "Update test case",
            "messageBody": "",
            "fileTypesAndContributionMap": {
              "txt": {
                "insertions": 0,
                "deletions": 5
              }
            }
          },
          {
            "hash": "6cdd84a5befb5afaa54026b9d6460fb8fa4d3492",
            "messageTitle": "Replace magic literals with constants",
            "messageBody": "",
            "fileTypesAndContributionMap": {
              "java": {
                "insertions": 12,
                "deletions": 6
              }
            }
          },
          {
            "hash": "2186f22e5ef9f8b94b8798fb4024c92a6c9ab07f",
            "messageTitle": "Process user input in a new method",
            "messageBody": "",
            "fileTypesAndContributionMap": {
              "java": {
                "insertions": 12,
                "deletions": 9
              }
            }
          },
          {
            "hash": "6e0b25753249783281c777da1245bc563c740f22",
            "messageTitle": "Make constants private",
            "messageBody": "",
            "fileTypesAndContributionMap": {
              "java": {
                "insertions": 6,
                "deletions": 6
              }
            }
          },
          {
            "hash": "05a07bddfddd439602aa94611bd9991d0fd2dcbd",
            "messageTitle": "Refactor code under processUserInput method",
            "messageBody": "Refactor code under processUserInput method, so that new commands can\nbe added easily. Also abstracted the adding of tasks into separate\nmethods.\n",
            "fileTypesAndContributionMap": {
              "java": {
                "insertions": 62,
                "deletions": 42
              }
            }
          },
          {
            "hash": "35e8e763d781635eed4855fcd18c2ce17b436cf8",
            "messageTitle": "Catch exception when invalid task number is entered",
            "messageBody": "",
            "fileTypesAndContributionMap": {
              "java": {
                "insertions": 2,
                "deletions": 0
              }
            }
          }
        ]
      },
      {
        "date": "2020-09-09",
        "commitResults": [
          {
            "hash": "eca6659488b4e9139b7c30eb4446e46f604ef4cc",
            "messageTitle": "Abstract greeting messages to separate methods",
            "messageBody": "",
            "fileTypesAndContributionMap": {
              "java": {
                "insertions": 12,
                "deletions": 2
              }
            }
          },
          {
            "hash": "45f7bb47241ec5fd7085f2587cea5f01a422470d",
            "messageTitle": "Replace userTasks array with ArrayList",
            "messageBody": "",
            "tags": [
              "A-Collections"
            ],
            "fileTypesAndContributionMap": {
              "java": {
                "insertions": 9,
                "deletions": 8
              }
            }
          },
          {
            "hash": "620ac3d81ceb3594de91ec1b3db87a36854e5ed0",
            "messageTitle": "Add support for deleting tasks",
            "messageBody": "",
            "fileTypesAndContributionMap": {
              "java": {
                "insertions": 21,
                "deletions": 1
              }
            }
          },
          {
            "hash": "85bdd6f2df3b53e9895c967d85da89aeeea5b213",
            "messageTitle": "Catch exception when marking task as done with invalid number",
            "messageBody": "",
            "fileTypesAndContributionMap": {
              "java": {
                "insertions": 7,
                "deletions": 3
              }
            }
          }
        ]
      },
      {
        "date": "2020-09-11",
        "commitResults": [
          {
            "hash": "867a7e559e18cfc76218e0ac9d96aa90e8778ad1",
            "messageTitle": "Add support for saving tasks to a file",
            "messageBody": "",
            "fileTypesAndContributionMap": {
              "java": {
                "insertions": 55,
                "deletions": 0
              }
            }
          },
          {
            "hash": "87e2ea7087a85ba0d8341a00743a49ffe67195de",
            "messageTitle": "Add support for reading tasks from a file",
            "messageBody": "",
            "fileTypesAndContributionMap": {
              "java": {
                "insertions": 39,
                "deletions": 9
              }
            }
          },
          {
            "hash": "fa36f2a078e29d066be2f7443d49805534d9d608",
            "messageTitle": "Handle case when task is already marked as done in the file",
            "messageBody": "",
            "fileTypesAndContributionMap": {
              "java": {
                "insertions": 21,
                "deletions": 9
              }
            }
          }
        ]
      },
      {
        "date": "2020-09-12",
        "commitResults": [
          {
            "hash": "5ff84ccfc001578d5dd9283fa2220c0d97937bb7",
            "messageTitle": "Update tests",
            "messageBody": "",
            "fileTypesAndContributionMap": {
              "bat": {
                "insertions": 2,
                "deletions": 1
              }
            }
          }
        ]
      },
      {
        "date": "2020-09-13",
        "commitResults": [
          {
            "hash": "c2984de2a93a5502402a78a91262fc816bd9e63b",
            "messageTitle": "Update tests to include more cases",
            "messageBody": "",
            "tags": [
              "c2984de",
              "A-Jar"
            ],
            "fileTypesAndContributionMap": {
              "txt": {
                "insertions": 7,
                "deletions": 0
              },
              "java": {
                "insertions": 2,
                "deletions": 2
              }
            }
          }
        ]
      },
      {
        "date": "2020-09-15",
        "commitResults": [
          {
            "hash": "b761fb1fd4310d9418dc7bc5bcddb7091c5878bf",
            "messageTitle": "Replace tick and cross in Task class to use letters instead",
            "messageBody": "",
            "tags": [
              "b761fb1"
            ],
            "fileTypesAndContributionMap": {
              "java": {
                "insertions": 3,
                "deletions": 3
              }
            }
          }
        ]
      },
      {
        "date": "2020-09-16",
        "commitResults": [
          {
            "hash": "f26d310ddb171cd5c9a62b0fb32f62076bdf63f0",
            "messageTitle": "Initial refactoring of code by extracting classes",
            "messageBody": "",
            "fileTypesAndContributionMap": {
              "java": {
                "insertions": 177,
                "deletions": 135
              }
            }
          }
        ]
      },
      {
        "date": "2020-09-17",
        "commitResults": [
          {
            "hash": "d86d50e00bc4c52a77184f5d8de1363ff4b26976",
            "messageTitle": "Refactor and extract code to create new Storage class",
            "messageBody": "",
            "fileTypesAndContributionMap": {
              "java": {
                "insertions": 93,
                "deletions": 85
              },
              "bat": {
                "insertions": 1,
                "deletions": 1
              }
            }
          }
        ]
      },
      {
        "date": "2020-09-18",
        "commitResults": [
          {
            "hash": "ac33c4cd45b920d093560d74eba2f060d443513e",
            "messageTitle": "Create new Parser class and refactor code",
            "messageBody": "",
            "fileTypesAndContributionMap": {
              "java": {
                "insertions": 67,
                "deletions": 54
              }
            }
          }
        ]
      },
      {
        "date": "2020-09-19",
        "commitResults": [
          {
            "hash": "ed45adf50dfe8b06e827adc7fb6cfdb4b12f79dd",
            "messageTitle": "Refactor code",
            "messageBody": "",
            "fileTypesAndContributionMap": {
              "java": {
                "insertions": 6,
                "deletions": 5
              }
            }
          },
          {
            "hash": "64a890337cf5aef8ff9213fe1cdebe35392fdbc6",
            "messageTitle": "Create new Command class and its subclasses",
            "messageBody": "",
            "tags": [
              "A-MoreOOP"
            ],
            "fileTypesAndContributionMap": {
              "java": {
                "insertions": 149,
                "deletions": 38
              }
            }
          },
          {
            "hash": "17b38698b451a09830aedae0a4450daf4d89b8ca",
            "messageTitle": "Add isExit abstract method in Command class",
            "messageBody": "Implemented the isExit method in its subclasses, and made use of\nisExit method in the Duke class as well.\n",
            "fileTypesAndContributionMap": {
              "java": {
                "insertions": 39,
                "deletions": 4
              }
            }
          },
          {
            "hash": "c79163abb92692f278b3e9a21d42bfd9dcbfa84f",
            "messageTitle": "Add new parameters to execute method of Command class",
            "messageBody": "",
            "fileTypesAndContributionMap": {
              "java": {
                "insertions": 39,
                "deletions": 21
              }
            }
          },
          {
            "hash": "bd39deed11b6af0144c6b680ecad69d1f53709e4",
            "messageTitle": "Refactor code",
            "messageBody": "",
            "fileTypesAndContributionMap": {
              "java": {
                "insertions": 66,
                "deletions": 31
              }
            }
          },
          {
            "hash": "2490714427f0137b6144a6678155299b67b7c797",
            "messageTitle": "Refactor more code",
            "messageBody": "",
            "fileTypesAndContributionMap": {
              "java": {
                "insertions": 52,
                "deletions": 29
              }
            }
          },
          {
            "hash": "9836f9df0897f52effacae22ffbbcbf06694cb54",
            "messageTitle": "Fix exception handling",
            "messageBody": "",
            "fileTypesAndContributionMap": {
              "java": {
                "insertions": 11,
                "deletions": 7
              }
            }
          },
          {
            "hash": "811a5116bdc6cfe867d12682bf34a027bff96d2d",
            "messageTitle": "Refactor Parser, Storage and TaskList classes",
            "messageBody": "",
            "fileTypesAndContributionMap": {
              "java": {
                "insertions": 45,
                "deletions": 30
              }
            }
          },
          {
            "hash": "8edd9f6bae609f188e8733a63acff3223ba8bbef",
            "messageTitle": "Refactor Duke class",
            "messageBody": "",
            "fileTypesAndContributionMap": {
              "java": {
                "insertions": 13,
                "deletions": 9
              }
            }
          }
        ]
      },
      {
        "date": "2020-09-20",
        "commitResults": [
          {
            "hash": "b674dd880087cfa777df9523e88eed0d96cd96bd",
            "messageTitle": "Resolve issues in code based on comments",
            "messageBody": "",
            "fileTypesAndContributionMap": {
              "java": {
                "insertions": 51,
                "deletions": 24
              }
            }
          },
          {
            "hash": "9764b55e33d4f888084ec7e05d9ef5a58c44c3ab",
            "messageTitle": "Add support for finding tasks",
            "messageBody": "",
            "fileTypesAndContributionMap": {
              "java": {
                "insertions": 49,
                "deletions": 8
              }
            }
          },
          {
            "hash": "2e62faf8587ebe7371b6debfbbedb38aef43ad2f",
            "messageTitle": "Explicitly list imported classes in Parser class",
            "messageBody": "",
            "fileTypesAndContributionMap": {
              "java": {
                "insertions": 9,
                "deletions": 1
              }
            }
          },
          {
            "hash": "6ce392775d8cbd0b3abc87edad9d681693c2f6c3",
            "messageTitle": "Add Javadoc comments to Duke and Command classes",
            "messageBody": "",
            "fileTypesAndContributionMap": {
              "java": {
                "insertions": 40,
                "deletions": 0
              }
            }
          },
          {
            "hash": "ffe0ec4dc022eabc1d2ec870d35d22eea3a9f93f",
            "messageTitle": "Add Javadoc comments to TaskList class",
            "messageBody": "",
            "fileTypesAndContributionMap": {
              "java": {
                "insertions": 57,
                "deletions": 0
              }
            }
          },
          {
            "hash": "b79c866f1820c9729b632ff9ec815c8751d7f9f1",
            "messageTitle": "Add Javadoc comments to Ui class",
            "messageBody": "",
            "fileTypesAndContributionMap": {
              "java": {
                "insertions": 35,
                "deletions": 0
              }
            }
          },
          {
            "hash": "19a634750c553f9a16060ab6439d94a41ded895a",
            "messageTitle": "Add more Javadoc comments",
            "messageBody": "",
            "fileTypesAndContributionMap": {
              "java": {
                "insertions": 79,
                "deletions": 0
              }
            }
          }
        ]
      },
      {
        "date": "2020-09-21",
        "commitResults": [
          {
            "hash": "f942d15ac49d9c4757a172b47900b8e65275455f",
            "messageTitle": "Add Javadoc comments to exception classes",
            "messageBody": "",
            "fileTypesAndContributionMap": {
              "java": {
                "insertions": 9,
                "deletions": 0
              }
            }
          },
          {
            "hash": "7ccc4d5ac6d53035e25efd0edb1504165081ae76",
            "messageTitle": "Add support for recognising dates in deadline and event tasks",
            "messageBody": "",
            "fileTypesAndContributionMap": {
              "java": {
                "insertions": 32,
                "deletions": 13
              }
            }
          },
          {
            "hash": "8db92e4a06a469976fdeccbfa1a77b5e42d0be93",
            "messageTitle": "Add support for recognising time in deadline and event tasks",
            "messageBody": "",
            "fileTypesAndContributionMap": {
              "java": {
                "insertions": 20,
                "deletions": 19
              }
            }
          },
          {
            "hash": "4d934f2d8a051b6b0daf6242532913eef2273602",
            "messageTitle": "Catch exception when incorrect date/time is entered",
            "messageBody": "",
            "fileTypesAndContributionMap": {
              "java": {
                "insertions": 13,
                "deletions": 3
              }
            }
          },
          {
            "hash": "213b5ed2f93a0aaee17a0d5f5ffcd2eeac1424ca",
            "messageTitle": "Update tests",
            "messageBody": "",
            "fileTypesAndContributionMap": {
              "txt": {
                "insertions": 6,
                "deletions": 2
              }
            }
          },
          {
            "hash": "c445739910c62f385fdfbfcf9abdec8cb4080622",
            "messageTitle": "Update user guide",
            "messageBody": "",
            "tags": [
              "A-UserGuide"
            ],
            "fileTypesAndContributionMap": {
              "md": {
                "insertions": 149,
                "deletions": 7
              }
            }
          }
        ]
      },
      {
        "date": "2020-09-22",
        "commitResults": [
          {
            "hash": "fef52863e5a1044d38096bb134c5e481ded64359",
            "messageTitle": "Minor changes",
            "messageBody": "* Added some Javadoc comments\n* Minor refactoring\n",
            "fileTypesAndContributionMap": {
              "java": {
                "insertions": 13,
                "deletions": 5
              }
            }
          },
          {
            "hash": "2a390875c784d4fcdb8c0a0ec44873a5cf35a8ec",
            "messageTitle": "Add a new exception class",
            "messageBody": "Added a new exception class to deal with invalid index entry,\nwhen marking a task as done or deleting a task.\n",
            "fileTypesAndContributionMap": {
              "java": {
                "insertions": 18,
                "deletions": 11
              }
            }
          }
        ]
      }
    ]
  },
  "authorFileTypeContributionMap": {
    "jerichochua": {
      "java": 985,
      "md": 145,
      "sh": 0,
      "bat": 3,
      "gradle": 0,
      "txt": 24
    }
  },
  "authorContributionVariance": {
    "jerichochua": 15273.842
  },
  "authorDisplayNameMap": {
    "jerichochua": "CS2113T-W13-2 JERI..QUAN"
  }
}
