{
  "authorDailyContributionsMap": {
    "AliciaHo": [
      {
        "date": "2020-08-21",
        "commitResults": [
          {
            "hash": "228d395134b6a8869312cb988b4e73861d42a229",
            "messageTitle": "increment: level 0",
            "messageBody": "",
            "fileTypesAndContributionMap": {
              "java": {
                "insertions": 7,
                "deletions": 0
              }
            }
          },
          {
            "hash": "94e1abb0a2682312d2b8e79e310ba75272811c77",
            "messageTitle": "Increment: level 0 ver 2",
            "messageBody": "",
            "tags": [
              "level-1",
              "level-0"
            ],
            "fileTypesAndContributionMap": {
              "java": {
                "insertions": 1,
                "deletions": 4
              }
            }
          }
        ]
      },
      {
        "date": "2020-08-25",
        "commitResults": [
          {
            "hash": "2b2667dd21d56acc015ab9bfc232dedfc4fec8df",
            "messageTitle": "Increment: level 1",
            "messageBody": "",
            "tags": [
              "level-2"
            ],
            "fileTypesAndContributionMap": {
              "java": {
                "insertions": 10,
                "deletions": 1
              }
            }
          },
          {
            "hash": "f02895f35d44c2d9363e19adc5fb29c4412d00c9",
            "messageTitle": "Increment: level 2",
            "messageBody": "",
            "tags": [
              "level-3"
            ],
            "fileTypesAndContributionMap": {
              "java": {
                "insertions": 18,
                "deletions": 2
              }
            }
          },
          {
            "hash": "93e0e26505dc61866874fdf451e3183ae2d0dc5e",
            "messageTitle": "Increment: level 3",
            "messageBody": "",
            "tags": [
              "A-CodingStandard"
            ],
            "fileTypesAndContributionMap": {
              "java": {
                "insertions": 35,
                "deletions": 7
              }
            }
          },
          {
            "hash": "6221b2d829d1e1e47dc60539938107e670e6bc67",
            "messageTitle": "Increment: level aCodingStandard",
            "messageBody": "",
            "tags": [
              "level-4"
            ],
            "fileTypesAndContributionMap": {
              "java": {
                "insertions": 12,
                "deletions": 13
              }
            }
          }
        ]
      },
      {
        "date": "2020-08-30",
        "commitResults": [
          {
            "hash": "3aaa3765da4eb11587332cda217ac8c04eb55c84",
            "messageTitle": "Increment: level 4",
            "messageBody": "",
            "tags": [
              "level-5",
              "A-CodeQuality"
            ],
            "fileTypesAndContributionMap": {
              "java": {
                "insertions": 88,
                "deletions": 7
              }
            }
          }
        ]
      },
      {
        "date": "2020-09-07",
        "commitResults": [
          {
            "hash": "5f80c539cf2ff746268367b5db942331d78e071b",
            "messageTitle": "Increment: level 5",
            "messageBody": "",
            "fileTypesAndContributionMap": {
              "java": {
                "insertions": 109,
                "deletions": 47
              }
            }
          }
        ]
      },
      {
        "date": "2020-09-08",
        "commitResults": [
          {
            "hash": "31261511b7ce605461b2afaeed2e05c9a2d9b756",
            "messageTitle": "Increment: A-packages\u0026violations",
            "messageBody": "",
            "tags": [
              "A-Packages\u0026violations"
            ],
            "fileTypesAndContributionMap": {
              "java": {
                "insertions": 81,
                "deletions": 32
              },
              "bat": {
                "insertions": 2,
                "deletions": 2
              },
              "md": {
                "insertions": 2,
                "deletions": 2
              }
            }
          }
        ]
      },
      {
        "date": "2020-09-14",
        "commitResults": [
          {
            "hash": "cc8a44303cf7b8a2846c27677df82ef38c9a6639",
            "messageTitle": "Increment: failed",
            "messageBody": "",
            "fileTypesAndContributionMap": {
              "java": {
                "insertions": 24,
                "deletions": 22
              }
            }
          }
        ]
      },
      {
        "date": "2020-09-15",
        "commitResults": [
          {
            "hash": "4b2d255e2ce3b168cda4bcf6c6215d5a559433e0",
            "messageTitle": "Increment: level-6",
            "messageBody": "",
            "tags": [
              "level-6"
            ],
            "fileTypesAndContributionMap": {
              "java": {
                "insertions": 37,
                "deletions": 6
              }
            }
          },
          {
            "hash": "577b3793745cfe48802beafd7b47d173b9d58218",
            "messageTitle": "Increment: level-7",
            "messageBody": "",
            "tags": [
              "level-7"
            ],
            "fileTypesAndContributionMap": {
              "java": {
                "insertions": 96,
                "deletions": 26
              }
            }
          }
        ]
      },
      {
        "date": "2020-09-27",
        "commitResults": [
          {
            "hash": "88304baf62b7d931b6997348d7b76b7c26d4b8c8",
            "messageTitle": "Increment: more-OOP",
            "messageBody": "",
            "tags": [
              "more-OOP(1)",
              "more-OOP",
              "level-9"
            ],
            "fileTypesAndContributionMap": {
              "java": {
                "insertions": 340,
                "deletions": 258
              }
            }
          },
          {
            "hash": "9a170c7f74ccdb97706decbb7a25c5f776695d0b",
            "messageTitle": "Increment: more-OOP",
            "messageBody": "",
            "fileTypesAndContributionMap": {
              "java": {
                "insertions": 19,
                "deletions": 14
              }
            }
          }
        ]
      }
    ]
  },
  "authorFileTypeContributionMap": {
    "AliciaHo": {
      "java": 443,
      "md": 2,
      "sh": 0,
      "bat": 2,
      "gradle": 0,
      "txt": 0
    }
  },
  "authorContributionVariance": {
    "AliciaHo": 9917.71
  },
  "authorDisplayNameMap": {
    "AliciaHo": "CS2113T-W12-4 ALIC..IMIN"
  }
}
