[
  {
    "path": "src/main/java/Duke.java",
    "fileType": "java",
    "lines": [
      {
        "lineNumber": 1,
        "author": {
          "gitId": "e0406981"
        },
        "content": "import java.io.*;"
      },
      {
        "lineNumber": 2,
        "author": {
          "gitId": "e0406981"
        },
        "content": "import java.util.ArrayList;"
      },
      {
        "lineNumber": 3,
        "author": {
          "gitId": "e0406981"
        },
        "content": ""
      },
      {
        "lineNumber": 4,
        "author": {
          "gitId": "-"
        },
        "content": "public class Duke {"
      },
      {
        "lineNumber": 5,
        "author": {
          "gitId": "e0406981"
        },
        "content": ""
      },
      {
        "lineNumber": 6,
        "author": {
          "gitId": "e0406981"
        },
        "content": "    private final Parser parser;"
      },
      {
        "lineNumber": 7,
        "author": {
          "gitId": "e0406981"
        },
        "content": "    private final Storage storage;"
      },
      {
        "lineNumber": 8,
        "author": {
          "gitId": "e0406981"
        },
        "content": "    private final TaskManager tasks;"
      },
      {
        "lineNumber": 9,
        "author": {
          "gitId": "e0406981"
        },
        "content": "    private final Ui ui;"
      },
      {
        "lineNumber": 10,
        "author": {
          "gitId": "e0406981"
        },
        "content": ""
      },
      {
        "lineNumber": 11,
        "author": {
          "gitId": "e0406981"
        },
        "content": "    public Duke() {"
      },
      {
        "lineNumber": 12,
        "author": {
          "gitId": "e0406981"
        },
        "content": "        parser \u003d new Parser();"
      },
      {
        "lineNumber": 13,
        "author": {
          "gitId": "e0406981"
        },
        "content": "        storage \u003d new Storage(parser);"
      },
      {
        "lineNumber": 14,
        "author": {
          "gitId": "e0406981"
        },
        "content": "        ArrayList\u003ctask\u003e data \u003d storage.readFile();"
      },
      {
        "lineNumber": 15,
        "author": {
          "gitId": "e0406981"
        },
        "content": "        tasks \u003d new TaskManager(data);"
      },
      {
        "lineNumber": 16,
        "author": {
          "gitId": "e0406981"
        },
        "content": "        ui \u003d new Ui();"
      },
      {
        "lineNumber": 17,
        "author": {
          "gitId": "e0406981"
        },
        "content": "    }"
      },
      {
        "lineNumber": 18,
        "author": {
          "gitId": "e0406981"
        },
        "content": ""
      },
      {
        "lineNumber": 19,
        "author": {
          "gitId": "-"
        },
        "content": "    public static void main(String[] args) {"
      },
      {
        "lineNumber": 20,
        "author": {
          "gitId": "e0406981"
        },
        "content": "        new Duke().run();"
      },
      {
        "lineNumber": 21,
        "author": {
          "gitId": "e0406981"
        },
        "content": "    }"
      },
      {
        "lineNumber": 22,
        "author": {
          "gitId": "e0406981"
        },
        "content": ""
      },
      {
        "lineNumber": 23,
        "author": {
          "gitId": "e0406981"
        },
        "content": "    public void run() {"
      },
      {
        "lineNumber": 24,
        "author": {
          "gitId": "e0406981"
        },
        "content": "        boolean programIsRunning \u003d true;"
      },
      {
        "lineNumber": 25,
        "author": {
          "gitId": "e0406981"
        },
        "content": ""
      },
      {
        "lineNumber": 26,
        "author": {
          "gitId": "e0406981"
        },
        "content": "        ui.showWelcome();"
      },
      {
        "lineNumber": 27,
        "author": {
          "gitId": "e0406981"
        },
        "content": "        while (programIsRunning) {"
      },
      {
        "lineNumber": 28,
        "author": {
          "gitId": "e0406981"
        },
        "content": "            try {"
      },
      {
        "lineNumber": 29,
        "author": {
          "gitId": "e0406981"
        },
        "content": "                String input \u003d ui.readInput();"
      },
      {
        "lineNumber": 30,
        "author": {
          "gitId": "e0406981"
        },
        "content": "                parser.checkType(input, tasks, storage);"
      },
      {
        "lineNumber": 31,
        "author": {
          "gitId": "e0406981"
        },
        "content": "                ui.showLine();"
      },
      {
        "lineNumber": 32,
        "author": {
          "gitId": "e0406981"
        },
        "content": "                if (input.equals(\"bye\")) {"
      },
      {
        "lineNumber": 33,
        "author": {
          "gitId": "e0406981"
        },
        "content": "                    programIsRunning \u003d false;"
      },
      {
        "lineNumber": 34,
        "author": {
          "gitId": "e0406981"
        },
        "content": "                }"
      },
      {
        "lineNumber": 35,
        "author": {
          "gitId": "e0406981"
        },
        "content": "            } catch (DukeException | IOException e) {"
      },
      {
        "lineNumber": 36,
        "author": {
          "gitId": "e0406981"
        },
        "content": "                System.out.println(e.getMessage());"
      },
      {
        "lineNumber": 37,
        "author": {
          "gitId": "e0406981"
        },
        "content": "                ui.showLine();"
      },
      {
        "lineNumber": 38,
        "author": {
          "gitId": "e0406981"
        },
        "content": "            }"
      },
      {
        "lineNumber": 39,
        "author": {
          "gitId": "-"
        },
        "content": "        }"
      },
      {
        "lineNumber": 40,
        "author": {
          "gitId": "-"
        },
        "content": "    }"
      },
      {
        "lineNumber": 41,
        "author": {
          "gitId": "-"
        },
        "content": "}"
      },
      {
        "lineNumber": 42,
        "author": {
          "gitId": "e0406981"
        },
        "content": ""
      },
      {
        "lineNumber": 43,
        "author": {
          "gitId": "e0406981"
        },
        "content": ""
      },
      {
        "lineNumber": 44,
        "author": {
          "gitId": "e0406981"
        },
        "content": ""
      },
      {
        "lineNumber": 45,
        "author": {
          "gitId": "e0406981"
        },
        "content": ""
      }
    ],
    "authorContributionMap": {
      "e0406981": 40,
      "-": 5
    }
  },
  {
    "path": "src/main/java/DukeException.java",
    "fileType": "java",
    "lines": [
      {
        "lineNumber": 1,
        "author": {
          "gitId": "e0406981"
        },
        "content": "public class DukeException extends Exception {"
      },
      {
        "lineNumber": 2,
        "author": {
          "gitId": "e0406981"
        },
        "content": "    public DukeException(String message){"
      },
      {
        "lineNumber": 3,
        "author": {
          "gitId": "e0406981"
        },
        "content": "        super(message);"
      },
      {
        "lineNumber": 4,
        "author": {
          "gitId": "e0406981"
        },
        "content": "    }"
      },
      {
        "lineNumber": 5,
        "author": {
          "gitId": "e0406981"
        },
        "content": "}"
      }
    ],
    "authorContributionMap": {
      "e0406981": 5
    }
  },
  {
    "path": "src/main/java/FileClass.java",
    "fileType": "java",
    "lines": [
      {
        "lineNumber": 1,
        "author": {
          "gitId": "e0406981"
        },
        "content": "import java.io.File;"
      },
      {
        "lineNumber": 2,
        "author": {
          "gitId": "e0406981"
        },
        "content": ""
      },
      {
        "lineNumber": 3,
        "author": {
          "gitId": "e0406981"
        },
        "content": "public class FileClass {"
      },
      {
        "lineNumber": 4,
        "author": {
          "gitId": "e0406981"
        },
        "content": ""
      },
      {
        "lineNumber": 5,
        "author": {
          "gitId": "e0406981"
        },
        "content": "}"
      }
    ],
    "authorContributionMap": {
      "e0406981": 5
    }
  },
  {
    "path": "src/main/java/Parser.java",
    "fileType": "java",
    "lines": [
      {
        "lineNumber": 1,
        "author": {
          "gitId": "e0406981"
        },
        "content": "import java.io.IOException;"
      },
      {
        "lineNumber": 2,
        "author": {
          "gitId": "e0406981"
        },
        "content": ""
      },
      {
        "lineNumber": 3,
        "author": {
          "gitId": "e0406981"
        },
        "content": "public class Parser {"
      },
      {
        "lineNumber": 4,
        "author": {
          "gitId": "e0406981"
        },
        "content": ""
      },
      {
        "lineNumber": 5,
        "author": {
          "gitId": "e0406981"
        },
        "content": "    private static final int EVENT_END_INDEX \u003d 5;"
      },
      {
        "lineNumber": 6,
        "author": {
          "gitId": "e0406981"
        },
        "content": "    private static final int DEADLINE_END_INDEX \u003d 8;"
      },
      {
        "lineNumber": 7,
        "author": {
          "gitId": "e0406981"
        },
        "content": "    private static final int TODO_END_INDEX \u003d 4;"
      },
      {
        "lineNumber": 8,
        "author": {
          "gitId": "e0406981"
        },
        "content": "    private static final int DONE_END_INDEX \u003d 4;"
      },
      {
        "lineNumber": 9,
        "author": {
          "gitId": "e0406981"
        },
        "content": "    private static final int DELETE_END_INDEX \u003d 6;"
      },
      {
        "lineNumber": 10,
        "author": {
          "gitId": "e0406981"
        },
        "content": ""
      },
      {
        "lineNumber": 11,
        "author": {
          "gitId": "e0406981"
        },
        "content": "    public void checkType(String command, TaskManager tasks, Storage storage) throws DukeException, IOException {"
      },
      {
        "lineNumber": 12,
        "author": {
          "gitId": "e0406981"
        },
        "content": ""
      },
      {
        "lineNumber": 13,
        "author": {
          "gitId": "e0406981"
        },
        "content": "        String type;"
      },
      {
        "lineNumber": 14,
        "author": {
          "gitId": "e0406981"
        },
        "content": "        String name;"
      },
      {
        "lineNumber": 15,
        "author": {
          "gitId": "e0406981"
        },
        "content": "        String date;"
      },
      {
        "lineNumber": 16,
        "author": {
          "gitId": "e0406981"
        },
        "content": ""
      },
      {
        "lineNumber": 17,
        "author": {
          "gitId": "e0406981"
        },
        "content": "        if (command.startsWith(\"deadline\")) {"
      },
      {
        "lineNumber": 18,
        "author": {
          "gitId": "e0406981"
        },
        "content": "            type \u003d \"deadline\";"
      },
      {
        "lineNumber": 19,
        "author": {
          "gitId": "e0406981"
        },
        "content": "            if (command.equals(\"deadline\")||command.equals(\"deadline \")) {"
      },
      {
        "lineNumber": 20,
        "author": {
          "gitId": "e0406981"
        },
        "content": "                throw new DukeException(\"Deadline is empty!\");"
      },
      {
        "lineNumber": 21,
        "author": {
          "gitId": "e0406981"
        },
        "content": "            }"
      },
      {
        "lineNumber": 22,
        "author": {
          "gitId": "e0406981"
        },
        "content": "            if(command.indexOf(\" \")!\u003d DEADLINE_END_INDEX){"
      },
      {
        "lineNumber": 23,
        "author": {
          "gitId": "e0406981"
        },
        "content": "                throw new DukeException(\"You might need to leave a space between the command and description\");"
      },
      {
        "lineNumber": 24,
        "author": {
          "gitId": "e0406981"
        },
        "content": "            }"
      },
      {
        "lineNumber": 25,
        "author": {
          "gitId": "e0406981"
        },
        "content": "            if (!command.contains(\"/\")) {//if there is no \u0027/by\u0027"
      },
      {
        "lineNumber": 26,
        "author": {
          "gitId": "e0406981"
        },
        "content": "                throw new DukeException(\"Deadline has no date!\");"
      },
      {
        "lineNumber": 27,
        "author": {
          "gitId": "e0406981"
        },
        "content": "            }"
      },
      {
        "lineNumber": 28,
        "author": {
          "gitId": "e0406981"
        },
        "content": "            name \u003d parseNameFromInput(command);"
      },
      {
        "lineNumber": 29,
        "author": {
          "gitId": "e0406981"
        },
        "content": "            date \u003d parseDateFromInput(command);"
      },
      {
        "lineNumber": 30,
        "author": {
          "gitId": "e0406981"
        },
        "content": "            if (name.isBlank() || name.isEmpty()) {"
      },
      {
        "lineNumber": 31,
        "author": {
          "gitId": "e0406981"
        },
        "content": "                throw new DukeException(\"Deadline has no description!\");"
      },
      {
        "lineNumber": 32,
        "author": {
          "gitId": "e0406981"
        },
        "content": "            }"
      },
      {
        "lineNumber": 33,
        "author": {
          "gitId": "e0406981"
        },
        "content": "            tasks.addTask(name, date, type);"
      },
      {
        "lineNumber": 34,
        "author": {
          "gitId": "e0406981"
        },
        "content": "        } else if (command.startsWith(\"event\")) {"
      },
      {
        "lineNumber": 35,
        "author": {
          "gitId": "e0406981"
        },
        "content": "            type \u003d \"event\";"
      },
      {
        "lineNumber": 36,
        "author": {
          "gitId": "e0406981"
        },
        "content": ""
      },
      {
        "lineNumber": 37,
        "author": {
          "gitId": "e0406981"
        },
        "content": "            if (command.equals(\"event\") || command.equals(\"event \")) {"
      },
      {
        "lineNumber": 38,
        "author": {
          "gitId": "e0406981"
        },
        "content": "                throw new DukeException(\"Event is empty!\");"
      },
      {
        "lineNumber": 39,
        "author": {
          "gitId": "e0406981"
        },
        "content": "            }"
      },
      {
        "lineNumber": 40,
        "author": {
          "gitId": "e0406981"
        },
        "content": "            if(command.indexOf(\" \")!\u003d EVENT_END_INDEX){"
      },
      {
        "lineNumber": 41,
        "author": {
          "gitId": "e0406981"
        },
        "content": "                throw new DukeException(\"You might need to leave a space between the command and description\");"
      },
      {
        "lineNumber": 42,
        "author": {
          "gitId": "e0406981"
        },
        "content": "            }"
      },
      {
        "lineNumber": 43,
        "author": {
          "gitId": "e0406981"
        },
        "content": "            if (!command.contains(\"/\")) {"
      },
      {
        "lineNumber": 44,
        "author": {
          "gitId": "e0406981"
        },
        "content": "                throw new DukeException(\"Event has no date! Please enter date after a \u0027/\u0027 \");"
      },
      {
        "lineNumber": 45,
        "author": {
          "gitId": "e0406981"
        },
        "content": "            }"
      },
      {
        "lineNumber": 46,
        "author": {
          "gitId": "e0406981"
        },
        "content": "            name \u003d parseNameFromInput(command);"
      },
      {
        "lineNumber": 47,
        "author": {
          "gitId": "e0406981"
        },
        "content": "            date \u003d parseDateFromInput(command);"
      },
      {
        "lineNumber": 48,
        "author": {
          "gitId": "e0406981"
        },
        "content": "            if (name.isBlank() || name.isEmpty()) {"
      },
      {
        "lineNumber": 49,
        "author": {
          "gitId": "e0406981"
        },
        "content": "                throw new DukeException(\"Event has no description!\");"
      },
      {
        "lineNumber": 50,
        "author": {
          "gitId": "e0406981"
        },
        "content": "            }"
      },
      {
        "lineNumber": 51,
        "author": {
          "gitId": "e0406981"
        },
        "content": "            tasks.addTask(name, date, type);"
      },
      {
        "lineNumber": 52,
        "author": {
          "gitId": "e0406981"
        },
        "content": "        } else if (command.startsWith(\"todo\")) {"
      },
      {
        "lineNumber": 53,
        "author": {
          "gitId": "e0406981"
        },
        "content": "            type \u003d \"todo\";"
      },
      {
        "lineNumber": 54,
        "author": {
          "gitId": "e0406981"
        },
        "content": ""
      },
      {
        "lineNumber": 55,
        "author": {
          "gitId": "e0406981"
        },
        "content": "            if (command.equals(\"todo\")||command.equals(\"todo \")) {"
      },
      {
        "lineNumber": 56,
        "author": {
          "gitId": "e0406981"
        },
        "content": "                throw new DukeException(\"Todo is empty!\");"
      },
      {
        "lineNumber": 57,
        "author": {
          "gitId": "e0406981"
        },
        "content": "            }"
      },
      {
        "lineNumber": 58,
        "author": {
          "gitId": "e0406981"
        },
        "content": "            if(command.indexOf(\" \")!\u003d TODO_END_INDEX){"
      },
      {
        "lineNumber": 59,
        "author": {
          "gitId": "e0406981"
        },
        "content": "                throw new DukeException(\"You might need to leave a space between the command and description\");"
      },
      {
        "lineNumber": 60,
        "author": {
          "gitId": "e0406981"
        },
        "content": "            }"
      },
      {
        "lineNumber": 61,
        "author": {
          "gitId": "e0406981"
        },
        "content": "            name \u003d parseNameFromInput(command);"
      },
      {
        "lineNumber": 62,
        "author": {
          "gitId": "e0406981"
        },
        "content": "            if(name.isBlank()||name.isEmpty()){"
      },
      {
        "lineNumber": 63,
        "author": {
          "gitId": "e0406981"
        },
        "content": "                throw new DukeException(\"Todo is empty!\");"
      },
      {
        "lineNumber": 64,
        "author": {
          "gitId": "e0406981"
        },
        "content": "            }"
      },
      {
        "lineNumber": 65,
        "author": {
          "gitId": "e0406981"
        },
        "content": "            date \u003d parseDateFromInput(command);"
      },
      {
        "lineNumber": 66,
        "author": {
          "gitId": "e0406981"
        },
        "content": "            tasks.addTask(name, date, type);"
      },
      {
        "lineNumber": 67,
        "author": {
          "gitId": "e0406981"
        },
        "content": "        } else if (command.startsWith(\"done\")) {"
      },
      {
        "lineNumber": 68,
        "author": {
          "gitId": "e0406981"
        },
        "content": "            if(command.indexOf(\" \")!\u003d DONE_END_INDEX){"
      },
      {
        "lineNumber": 69,
        "author": {
          "gitId": "e0406981"
        },
        "content": "                throw new DukeException(\"You might need to leave a space between the command and description\");"
      },
      {
        "lineNumber": 70,
        "author": {
          "gitId": "e0406981"
        },
        "content": "            }"
      },
      {
        "lineNumber": 71,
        "author": {
          "gitId": "e0406981"
        },
        "content": "            if (isNumeric(command.substring(command.indexOf(\" \") + 1)))"
      },
      {
        "lineNumber": 72,
        "author": {
          "gitId": "e0406981"
        },
        "content": "                tasks.setDone(parseNumeral(command));"
      },
      {
        "lineNumber": 73,
        "author": {
          "gitId": "e0406981"
        },
        "content": "        } else if (command.equals(\"list\")) {"
      },
      {
        "lineNumber": 74,
        "author": {
          "gitId": "e0406981"
        },
        "content": "            tasks.printTasks();"
      },
      {
        "lineNumber": 75,
        "author": {
          "gitId": "e0406981"
        },
        "content": "        } else if (command.equals(\"bye\")) {"
      },
      {
        "lineNumber": 76,
        "author": {
          "gitId": "e0406981"
        },
        "content": "            tasks.printBye();"
      },
      {
        "lineNumber": 77,
        "author": {
          "gitId": "e0406981"
        },
        "content": "        } else if (command.equals(\"save\")) {"
      },
      {
        "lineNumber": 78,
        "author": {
          "gitId": "e0406981"
        },
        "content": "            storage.saveFile(tasks.getList());"
      },
      {
        "lineNumber": 79,
        "author": {
          "gitId": "e0406981"
        },
        "content": "        } else if (command.equals(\"help\")) {"
      },
      {
        "lineNumber": 80,
        "author": {
          "gitId": "e0406981"
        },
        "content": "            tasks.printHelp();"
      },
      {
        "lineNumber": 81,
        "author": {
          "gitId": "e0406981"
        },
        "content": "        } else if (command.startsWith(\"delete\")) {"
      },
      {
        "lineNumber": 82,
        "author": {
          "gitId": "e0406981"
        },
        "content": "            if(command.indexOf(\" \")!\u003d DELETE_END_INDEX){"
      },
      {
        "lineNumber": 83,
        "author": {
          "gitId": "e0406981"
        },
        "content": "                throw new DukeException(\"You might need to leave a space between the command and description\");"
      },
      {
        "lineNumber": 84,
        "author": {
          "gitId": "e0406981"
        },
        "content": "            }"
      },
      {
        "lineNumber": 85,
        "author": {
          "gitId": "e0406981"
        },
        "content": "            if (isNumeric(command.substring(command.indexOf(\" \") + 1)))"
      },
      {
        "lineNumber": 86,
        "author": {
          "gitId": "e0406981"
        },
        "content": "                tasks.deleteTask(parseNumeral(command));"
      },
      {
        "lineNumber": 87,
        "author": {
          "gitId": "e0406981"
        },
        "content": "        } else {"
      },
      {
        "lineNumber": 88,
        "author": {
          "gitId": "e0406981"
        },
        "content": "            throw new DukeException(\"I do not understand, please enter a valid command! \" +"
      },
      {
        "lineNumber": 89,
        "author": {
          "gitId": "e0406981"
        },
        "content": "                    \"Enter \u0027help\u0027 for a list of commands!\");"
      },
      {
        "lineNumber": 90,
        "author": {
          "gitId": "e0406981"
        },
        "content": "        }"
      },
      {
        "lineNumber": 91,
        "author": {
          "gitId": "e0406981"
        },
        "content": ""
      },
      {
        "lineNumber": 92,
        "author": {
          "gitId": "e0406981"
        },
        "content": "    }"
      },
      {
        "lineNumber": 93,
        "author": {
          "gitId": "e0406981"
        },
        "content": ""
      },
      {
        "lineNumber": 94,
        "author": {
          "gitId": "e0406981"
        },
        "content": "    //parses the name of the task for commands that create tasks"
      },
      {
        "lineNumber": 95,
        "author": {
          "gitId": "e0406981"
        },
        "content": "    public String parseNameFromInput(String command) {"
      },
      {
        "lineNumber": 96,
        "author": {
          "gitId": "e0406981"
        },
        "content": "        if (command.startsWith(\"todo\")) {"
      },
      {
        "lineNumber": 97,
        "author": {
          "gitId": "e0406981"
        },
        "content": "            return command.substring(command.indexOf(\" \") + 1);"
      },
      {
        "lineNumber": 98,
        "author": {
          "gitId": "e0406981"
        },
        "content": "        } else {"
      },
      {
        "lineNumber": 99,
        "author": {
          "gitId": "e0406981"
        },
        "content": "            return command.substring(command.indexOf(\u0027 \u0027) + 1, command.indexOf(\u0027/\u0027));"
      },
      {
        "lineNumber": 100,
        "author": {
          "gitId": "e0406981"
        },
        "content": "        }"
      },
      {
        "lineNumber": 101,
        "author": {
          "gitId": "e0406981"
        },
        "content": "    }"
      },
      {
        "lineNumber": 102,
        "author": {
          "gitId": "e0406981"
        },
        "content": ""
      },
      {
        "lineNumber": 103,
        "author": {
          "gitId": "e0406981"
        },
        "content": "    public String parseDateFromInput(String command) {"
      },
      {
        "lineNumber": 104,
        "author": {
          "gitId": "e0406981"
        },
        "content": "        if (command.contains(\"/\")) {"
      },
      {
        "lineNumber": 105,
        "author": {
          "gitId": "e0406981"
        },
        "content": "            return command.substring(command.indexOf(\u0027/\u0027));"
      },
      {
        "lineNumber": 106,
        "author": {
          "gitId": "e0406981"
        },
        "content": "        } else {"
      },
      {
        "lineNumber": 107,
        "author": {
          "gitId": "e0406981"
        },
        "content": "            return \"\";"
      },
      {
        "lineNumber": 108,
        "author": {
          "gitId": "e0406981"
        },
        "content": "        }"
      },
      {
        "lineNumber": 109,
        "author": {
          "gitId": "e0406981"
        },
        "content": "    }"
      },
      {
        "lineNumber": 110,
        "author": {
          "gitId": "e0406981"
        },
        "content": ""
      },
      {
        "lineNumber": 111,
        "author": {
          "gitId": "e0406981"
        },
        "content": "    public String parseNameFromSave(String line) {"
      },
      {
        "lineNumber": 112,
        "author": {
          "gitId": "e0406981"
        },
        "content": "        int nameEnd \u003d 0;"
      },
      {
        "lineNumber": 113,
        "author": {
          "gitId": "e0406981"
        },
        "content": "        int nameStart \u003d line.indexOf(\"]\", line.indexOf(\"]\") + 1) + 1;"
      },
      {
        "lineNumber": 114,
        "author": {
          "gitId": "e0406981"
        },
        "content": "        String type \u003d parseTypeFromSave(line);"
      },
      {
        "lineNumber": 115,
        "author": {
          "gitId": "e0406981"
        },
        "content": "        if (line.contains(\"/\")) {"
      },
      {
        "lineNumber": 116,
        "author": {
          "gitId": "e0406981"
        },
        "content": "            nameEnd \u003d line.indexOf(\"/\");"
      },
      {
        "lineNumber": 117,
        "author": {
          "gitId": "e0406981"
        },
        "content": "        }"
      },
      {
        "lineNumber": 118,
        "author": {
          "gitId": "e0406981"
        },
        "content": "        if (type.equals(\"[T]\")) {"
      },
      {
        "lineNumber": 119,
        "author": {
          "gitId": "e0406981"
        },
        "content": "            return line.substring(nameStart);"
      },
      {
        "lineNumber": 120,
        "author": {
          "gitId": "e0406981"
        },
        "content": "        } else {"
      },
      {
        "lineNumber": 121,
        "author": {
          "gitId": "e0406981"
        },
        "content": "            return line.substring(nameStart, nameEnd);"
      },
      {
        "lineNumber": 122,
        "author": {
          "gitId": "e0406981"
        },
        "content": "        }"
      },
      {
        "lineNumber": 123,
        "author": {
          "gitId": "e0406981"
        },
        "content": "    }"
      },
      {
        "lineNumber": 124,
        "author": {
          "gitId": "e0406981"
        },
        "content": ""
      },
      {
        "lineNumber": 125,
        "author": {
          "gitId": "e0406981"
        },
        "content": "    public String parseTypeFromSave(String line) {"
      },
      {
        "lineNumber": 126,
        "author": {
          "gitId": "e0406981"
        },
        "content": "        return line.substring(line.indexOf(\"[\"), line.indexOf(\"]\") + 1);"
      },
      {
        "lineNumber": 127,
        "author": {
          "gitId": "e0406981"
        },
        "content": "    }"
      },
      {
        "lineNumber": 128,
        "author": {
          "gitId": "e0406981"
        },
        "content": ""
      },
      {
        "lineNumber": 129,
        "author": {
          "gitId": "e0406981"
        },
        "content": "    public String parseDateFromSave(String line) {"
      },
      {
        "lineNumber": 130,
        "author": {
          "gitId": "e0406981"
        },
        "content": "        if (line.contains(\"/\")) {"
      },
      {
        "lineNumber": 131,
        "author": {
          "gitId": "e0406981"
        },
        "content": "            return line.substring(line.indexOf(\"/\"));"
      },
      {
        "lineNumber": 132,
        "author": {
          "gitId": "e0406981"
        },
        "content": "        } else {"
      },
      {
        "lineNumber": 133,
        "author": {
          "gitId": "e0406981"
        },
        "content": "            return \"\";"
      },
      {
        "lineNumber": 134,
        "author": {
          "gitId": "e0406981"
        },
        "content": "        }"
      },
      {
        "lineNumber": 135,
        "author": {
          "gitId": "e0406981"
        },
        "content": "    }"
      },
      {
        "lineNumber": 136,
        "author": {
          "gitId": "e0406981"
        },
        "content": ""
      },
      {
        "lineNumber": 137,
        "author": {
          "gitId": "e0406981"
        },
        "content": "    public boolean parseDoneFromSave(String line) {"
      },
      {
        "lineNumber": 138,
        "author": {
          "gitId": "e0406981"
        },
        "content": "        return line.contains(\"[✓]\");"
      },
      {
        "lineNumber": 139,
        "author": {
          "gitId": "e0406981"
        },
        "content": "    }"
      },
      {
        "lineNumber": 140,
        "author": {
          "gitId": "e0406981"
        },
        "content": ""
      },
      {
        "lineNumber": 141,
        "author": {
          "gitId": "e0406981"
        },
        "content": "    public int parseNumeral(String command) {"
      },
      {
        "lineNumber": 142,
        "author": {
          "gitId": "e0406981"
        },
        "content": "        return Integer.parseInt(command.substring(command.indexOf(\" \") + 1))-1;"
      },
      {
        "lineNumber": 143,
        "author": {
          "gitId": "e0406981"
        },
        "content": "    }"
      },
      {
        "lineNumber": 144,
        "author": {
          "gitId": "e0406981"
        },
        "content": ""
      },
      {
        "lineNumber": 145,
        "author": {
          "gitId": "e0406981"
        },
        "content": "    public static boolean isNumeric(String command) throws DukeException {"
      },
      {
        "lineNumber": 146,
        "author": {
          "gitId": "e0406981"
        },
        "content": "        if (command \u003d\u003d null) {"
      },
      {
        "lineNumber": 147,
        "author": {
          "gitId": "e0406981"
        },
        "content": "            return false;"
      },
      {
        "lineNumber": 148,
        "author": {
          "gitId": "e0406981"
        },
        "content": "        }"
      },
      {
        "lineNumber": 149,
        "author": {
          "gitId": "e0406981"
        },
        "content": "        try {"
      },
      {
        "lineNumber": 150,
        "author": {
          "gitId": "e0406981"
        },
        "content": "            Double.parseDouble(command);"
      },
      {
        "lineNumber": 151,
        "author": {
          "gitId": "e0406981"
        },
        "content": "        } catch (NumberFormatException nfe) {"
      },
      {
        "lineNumber": 152,
        "author": {
          "gitId": "e0406981"
        },
        "content": "            throw new DukeException(\"Please enter a valid number after the command\");"
      },
      {
        "lineNumber": 153,
        "author": {
          "gitId": "e0406981"
        },
        "content": "        }"
      },
      {
        "lineNumber": 154,
        "author": {
          "gitId": "e0406981"
        },
        "content": "        return true;"
      },
      {
        "lineNumber": 155,
        "author": {
          "gitId": "e0406981"
        },
        "content": "    }"
      },
      {
        "lineNumber": 156,
        "author": {
          "gitId": "e0406981"
        },
        "content": "}"
      }
    ],
    "authorContributionMap": {
      "e0406981": 156
    }
  },
  {
    "path": "src/main/java/Storage.java",
    "fileType": "java",
    "lines": [
      {
        "lineNumber": 1,
        "author": {
          "gitId": "e0406981"
        },
        "content": "import java.io.BufferedReader;"
      },
      {
        "lineNumber": 2,
        "author": {
          "gitId": "e0406981"
        },
        "content": "import java.io.FileReader;"
      },
      {
        "lineNumber": 3,
        "author": {
          "gitId": "e0406981"
        },
        "content": "import java.io.FileWriter;"
      },
      {
        "lineNumber": 4,
        "author": {
          "gitId": "e0406981"
        },
        "content": "import java.io.IOException;"
      },
      {
        "lineNumber": 5,
        "author": {
          "gitId": "e0406981"
        },
        "content": "import java.util.ArrayList;"
      },
      {
        "lineNumber": 6,
        "author": {
          "gitId": "e0406981"
        },
        "content": ""
      },
      {
        "lineNumber": 7,
        "author": {
          "gitId": "e0406981"
        },
        "content": "public class Storage {"
      },
      {
        "lineNumber": 8,
        "author": {
          "gitId": "e0406981"
        },
        "content": ""
      },
      {
        "lineNumber": 9,
        "author": {
          "gitId": "e0406981"
        },
        "content": "    private final Parser parser;"
      },
      {
        "lineNumber": 10,
        "author": {
          "gitId": "e0406981"
        },
        "content": ""
      },
      {
        "lineNumber": 11,
        "author": {
          "gitId": "e0406981"
        },
        "content": "    public Storage(Parser parser) {"
      },
      {
        "lineNumber": 12,
        "author": {
          "gitId": "e0406981"
        },
        "content": "        this.parser \u003d parser;"
      },
      {
        "lineNumber": 13,
        "author": {
          "gitId": "e0406981"
        },
        "content": "    }"
      },
      {
        "lineNumber": 14,
        "author": {
          "gitId": "e0406981"
        },
        "content": ""
      },
      {
        "lineNumber": 15,
        "author": {
          "gitId": "e0406981"
        },
        "content": "    public void saveFile(ArrayList\u003ctask\u003e tasks) throws IOException {"
      },
      {
        "lineNumber": 16,
        "author": {
          "gitId": "e0406981"
        },
        "content": "        String filePath \u003d \"data/saveData.txt\";"
      },
      {
        "lineNumber": 17,
        "author": {
          "gitId": "e0406981"
        },
        "content": "        FileWriter fw \u003d new FileWriter(filePath);"
      },
      {
        "lineNumber": 18,
        "author": {
          "gitId": "e0406981"
        },
        "content": "        for (int i \u003d 0; i \u003c tasks.size(); i++) {"
      },
      {
        "lineNumber": 19,
        "author": {
          "gitId": "e0406981"
        },
        "content": "            fw.write(i + 1 + tasks.get(i).getTaskType()"
      },
      {
        "lineNumber": 20,
        "author": {
          "gitId": "e0406981"
        },
        "content": "                    + tasks.get(i).getIsDone() + tasks.get(i).getName() + tasks.get(i).date() +"
      },
      {
        "lineNumber": 21,
        "author": {
          "gitId": "e0406981"
        },
        "content": "                    System.lineSeparator());"
      },
      {
        "lineNumber": 22,
        "author": {
          "gitId": "e0406981"
        },
        "content": "        }"
      },
      {
        "lineNumber": 23,
        "author": {
          "gitId": "e0406981"
        },
        "content": "        fw.close();"
      },
      {
        "lineNumber": 24,
        "author": {
          "gitId": "e0406981"
        },
        "content": "        System.out.println(\"File has been saved!\");"
      },
      {
        "lineNumber": 25,
        "author": {
          "gitId": "e0406981"
        },
        "content": "    }"
      },
      {
        "lineNumber": 26,
        "author": {
          "gitId": "e0406981"
        },
        "content": ""
      },
      {
        "lineNumber": 27,
        "author": {
          "gitId": "e0406981"
        },
        "content": "    public ArrayList\u003ctask\u003e readFile() {"
      },
      {
        "lineNumber": 28,
        "author": {
          "gitId": "e0406981"
        },
        "content": ""
      },
      {
        "lineNumber": 29,
        "author": {
          "gitId": "e0406981"
        },
        "content": "        ArrayList\u003ctask\u003e tasks \u003d new ArrayList\u003c\u003e();"
      },
      {
        "lineNumber": 30,
        "author": {
          "gitId": "e0406981"
        },
        "content": "        String filePath \u003d \"data/saveData.txt\";"
      },
      {
        "lineNumber": 31,
        "author": {
          "gitId": "e0406981"
        },
        "content": ""
      },
      {
        "lineNumber": 32,
        "author": {
          "gitId": "e0406981"
        },
        "content": "        try {"
      },
      {
        "lineNumber": 33,
        "author": {
          "gitId": "e0406981"
        },
        "content": "            BufferedReader in \u003d new BufferedReader(new FileReader(filePath));"
      },
      {
        "lineNumber": 34,
        "author": {
          "gitId": "e0406981"
        },
        "content": "            String line;"
      },
      {
        "lineNumber": 35,
        "author": {
          "gitId": "e0406981"
        },
        "content": ""
      },
      {
        "lineNumber": 36,
        "author": {
          "gitId": "e0406981"
        },
        "content": "            while ((line \u003d in.readLine()) !\u003d null) {"
      },
      {
        "lineNumber": 37,
        "author": {
          "gitId": "e0406981"
        },
        "content": "                task newTask \u003d loadTask(line);"
      },
      {
        "lineNumber": 38,
        "author": {
          "gitId": "e0406981"
        },
        "content": "                tasks.add(newTask);"
      },
      {
        "lineNumber": 39,
        "author": {
          "gitId": "e0406981"
        },
        "content": ""
      },
      {
        "lineNumber": 40,
        "author": {
          "gitId": "e0406981"
        },
        "content": "            }"
      },
      {
        "lineNumber": 41,
        "author": {
          "gitId": "e0406981"
        },
        "content": "        } catch (IOException e) {"
      },
      {
        "lineNumber": 42,
        "author": {
          "gitId": "e0406981"
        },
        "content": "            e.printStackTrace();"
      },
      {
        "lineNumber": 43,
        "author": {
          "gitId": "e0406981"
        },
        "content": "        }"
      },
      {
        "lineNumber": 44,
        "author": {
          "gitId": "e0406981"
        },
        "content": ""
      },
      {
        "lineNumber": 45,
        "author": {
          "gitId": "e0406981"
        },
        "content": "        return tasks;"
      },
      {
        "lineNumber": 46,
        "author": {
          "gitId": "e0406981"
        },
        "content": ""
      },
      {
        "lineNumber": 47,
        "author": {
          "gitId": "e0406981"
        },
        "content": "    }"
      },
      {
        "lineNumber": 48,
        "author": {
          "gitId": "e0406981"
        },
        "content": ""
      },
      {
        "lineNumber": 49,
        "author": {
          "gitId": "e0406981"
        },
        "content": "    public task loadTask(String line) {"
      },
      {
        "lineNumber": 50,
        "author": {
          "gitId": "e0406981"
        },
        "content": "        task NewTask;"
      },
      {
        "lineNumber": 51,
        "author": {
          "gitId": "e0406981"
        },
        "content": "        String name \u003d parser.parseNameFromSave(line);"
      },
      {
        "lineNumber": 52,
        "author": {
          "gitId": "e0406981"
        },
        "content": "        String date \u003d parser.parseDateFromSave(line);"
      },
      {
        "lineNumber": 53,
        "author": {
          "gitId": "e0406981"
        },
        "content": "        boolean isDone \u003d parser.parseDoneFromSave(line);"
      },
      {
        "lineNumber": 54,
        "author": {
          "gitId": "e0406981"
        },
        "content": "        String type \u003d parser.parseTypeFromSave(line);"
      },
      {
        "lineNumber": 55,
        "author": {
          "gitId": "e0406981"
        },
        "content": ""
      },
      {
        "lineNumber": 56,
        "author": {
          "gitId": "e0406981"
        },
        "content": "        if (type.equals(\"[E]\")) {"
      },
      {
        "lineNumber": 57,
        "author": {
          "gitId": "e0406981"
        },
        "content": "            NewTask \u003d new event(name, isDone, date);"
      },
      {
        "lineNumber": 58,
        "author": {
          "gitId": "e0406981"
        },
        "content": "        } else if (type.equals(\"[D]\")) {"
      },
      {
        "lineNumber": 59,
        "author": {
          "gitId": "e0406981"
        },
        "content": "            NewTask \u003d new deadline(name, isDone, date);"
      },
      {
        "lineNumber": 60,
        "author": {
          "gitId": "e0406981"
        },
        "content": "        } else {"
      },
      {
        "lineNumber": 61,
        "author": {
          "gitId": "e0406981"
        },
        "content": "            NewTask \u003d new todo(name, isDone);"
      },
      {
        "lineNumber": 62,
        "author": {
          "gitId": "e0406981"
        },
        "content": "        }"
      },
      {
        "lineNumber": 63,
        "author": {
          "gitId": "e0406981"
        },
        "content": "        return NewTask;"
      },
      {
        "lineNumber": 64,
        "author": {
          "gitId": "e0406981"
        },
        "content": "    }"
      },
      {
        "lineNumber": 65,
        "author": {
          "gitId": "e0406981"
        },
        "content": ""
      },
      {
        "lineNumber": 66,
        "author": {
          "gitId": "e0406981"
        },
        "content": "}"
      }
    ],
    "authorContributionMap": {
      "e0406981": 66
    }
  },
  {
    "path": "src/main/java/TaskManager.java",
    "fileType": "java",
    "lines": [
      {
        "lineNumber": 1,
        "author": {
          "gitId": "e0406981"
        },
        "content": "import java.util.ArrayList;"
      },
      {
        "lineNumber": 2,
        "author": {
          "gitId": "e0406981"
        },
        "content": ""
      },
      {
        "lineNumber": 3,
        "author": {
          "gitId": "e0406981"
        },
        "content": "public class TaskManager {"
      },
      {
        "lineNumber": 4,
        "author": {
          "gitId": "e0406981"
        },
        "content": ""
      },
      {
        "lineNumber": 5,
        "author": {
          "gitId": "e0406981"
        },
        "content": "    private final ArrayList\u003ctask\u003e tasks;"
      },
      {
        "lineNumber": 6,
        "author": {
          "gitId": "e0406981"
        },
        "content": ""
      },
      {
        "lineNumber": 7,
        "author": {
          "gitId": "e0406981"
        },
        "content": "    public TaskManager(ArrayList\u003ctask\u003e saveFile) {"
      },
      {
        "lineNumber": 8,
        "author": {
          "gitId": "e0406981"
        },
        "content": "        tasks \u003d saveFile;"
      },
      {
        "lineNumber": 9,
        "author": {
          "gitId": "e0406981"
        },
        "content": "    }"
      },
      {
        "lineNumber": 10,
        "author": {
          "gitId": "e0406981"
        },
        "content": ""
      },
      {
        "lineNumber": 11,
        "author": {
          "gitId": "e0406981"
        },
        "content": "    public void printTasks() {"
      },
      {
        "lineNumber": 12,
        "author": {
          "gitId": "e0406981"
        },
        "content": "        if (tasks.size() \u003d\u003d 0) {"
      },
      {
        "lineNumber": 13,
        "author": {
          "gitId": "e0406981"
        },
        "content": "            System.out.println(\"List is empty!\");"
      },
      {
        "lineNumber": 14,
        "author": {
          "gitId": "e0406981"
        },
        "content": "        } else {"
      },
      {
        "lineNumber": 15,
        "author": {
          "gitId": "e0406981"
        },
        "content": "            for (int i \u003d 0; i \u003c tasks.toArray().length; i++) {"
      },
      {
        "lineNumber": 16,
        "author": {
          "gitId": "e0406981"
        },
        "content": "                System.out.println( String.valueOf(i+1) + tasks.get(i));"
      },
      {
        "lineNumber": 17,
        "author": {
          "gitId": "e0406981"
        },
        "content": "            }"
      },
      {
        "lineNumber": 18,
        "author": {
          "gitId": "e0406981"
        },
        "content": "        }"
      },
      {
        "lineNumber": 19,
        "author": {
          "gitId": "e0406981"
        },
        "content": "    }"
      },
      {
        "lineNumber": 20,
        "author": {
          "gitId": "e0406981"
        },
        "content": ""
      },
      {
        "lineNumber": 21,
        "author": {
          "gitId": "e0406981"
        },
        "content": "    public void printHelp() {"
      },
      {
        "lineNumber": 22,
        "author": {
          "gitId": "e0406981"
        },
        "content": "        System.out.println(\"inputs are \\n\" +"
      },
      {
        "lineNumber": 23,
        "author": {
          "gitId": "e0406981"
        },
        "content": "                \"list : shows current tasks\\n\" +"
      },
      {
        "lineNumber": 24,
        "author": {
          "gitId": "e0406981"
        },
        "content": "                \"bye : exits the program\\n\" +"
      },
      {
        "lineNumber": 25,
        "author": {
          "gitId": "e0406981"
        },
        "content": "                \"done number : e.g done 2, sets the task at the number to done \\n\" +"
      },
      {
        "lineNumber": 26,
        "author": {
          "gitId": "e0406981"
        },
        "content": "                \"event name/date : e.g event Birthday /tomorrow \\n\" +"
      },
      {
        "lineNumber": 27,
        "author": {
          "gitId": "e0406981"
        },
        "content": "                \"todo name : e.g todo Homework\\n\" +"
      },
      {
        "lineNumber": 28,
        "author": {
          "gitId": "e0406981"
        },
        "content": "                \"deadline name/date : e.g deadline Project /next Sunday\\n\" +"
      },
      {
        "lineNumber": 29,
        "author": {
          "gitId": "e0406981"
        },
        "content": "                \"delete number : e.g delete 2, deletes a task\\n\" +"
      },
      {
        "lineNumber": 30,
        "author": {
          "gitId": "e0406981"
        },
        "content": "                \"save number : e.g save 2, saves the current list\");"
      },
      {
        "lineNumber": 31,
        "author": {
          "gitId": "e0406981"
        },
        "content": "    }"
      },
      {
        "lineNumber": 32,
        "author": {
          "gitId": "e0406981"
        },
        "content": ""
      },
      {
        "lineNumber": 33,
        "author": {
          "gitId": "e0406981"
        },
        "content": "    public void printBye() {"
      },
      {
        "lineNumber": 34,
        "author": {
          "gitId": "e0406981"
        },
        "content": "        System.out.println(\"See you again :)\");"
      },
      {
        "lineNumber": 35,
        "author": {
          "gitId": "e0406981"
        },
        "content": "    }"
      },
      {
        "lineNumber": 36,
        "author": {
          "gitId": "e0406981"
        },
        "content": ""
      },
      {
        "lineNumber": 37,
        "author": {
          "gitId": "e0406981"
        },
        "content": "    public void setDone(int taskNum) {"
      },
      {
        "lineNumber": 38,
        "author": {
          "gitId": "e0406981"
        },
        "content": ""
      },
      {
        "lineNumber": 39,
        "author": {
          "gitId": "e0406981"
        },
        "content": "        if (taskNum \u003e tasks.size() - 1 || taskNum \u003c 0) {//if invalid number"
      },
      {
        "lineNumber": 40,
        "author": {
          "gitId": "e0406981"
        },
        "content": "            System.out.println(\"Invalid done input, number is out of range ):\");"
      },
      {
        "lineNumber": 41,
        "author": {
          "gitId": "e0406981"
        },
        "content": "        }else if(tasks.get(taskNum).getIsDone().equals(\"[✓]\")){"
      },
      {
        "lineNumber": 42,
        "author": {
          "gitId": "e0406981"
        },
        "content": "            System.out.println((\"Task is already set to done!\"));"
      },
      {
        "lineNumber": 43,
        "author": {
          "gitId": "e0406981"
        },
        "content": "        }else{"
      },
      {
        "lineNumber": 44,
        "author": {
          "gitId": "e0406981"
        },
        "content": "            tasks.get(taskNum).setDone(true);"
      },
      {
        "lineNumber": 45,
        "author": {
          "gitId": "e0406981"
        },
        "content": "            System.out.println(\"Nice, the following task has been marked as done :)\" + \"\\n\" +"
      },
      {
        "lineNumber": 46,
        "author": {
          "gitId": "e0406981"
        },
        "content": "                    tasks.get(taskNum));"
      },
      {
        "lineNumber": 47,
        "author": {
          "gitId": "e0406981"
        },
        "content": "        }"
      },
      {
        "lineNumber": 48,
        "author": {
          "gitId": "e0406981"
        },
        "content": "    }"
      },
      {
        "lineNumber": 49,
        "author": {
          "gitId": "e0406981"
        },
        "content": ""
      },
      {
        "lineNumber": 50,
        "author": {
          "gitId": "e0406981"
        },
        "content": "    public void deleteTask(int taskNum) {"
      },
      {
        "lineNumber": 51,
        "author": {
          "gitId": "e0406981"
        },
        "content": "        if (taskNum \u003e tasks.size() - 1 || taskNum \u003c 0) {//if invalid number"
      },
      {
        "lineNumber": 52,
        "author": {
          "gitId": "e0406981"
        },
        "content": "            System.out.println(\"Invalid delete input, number is out of range ):\");"
      },
      {
        "lineNumber": 53,
        "author": {
          "gitId": "e0406981"
        },
        "content": "        } else {"
      },
      {
        "lineNumber": 54,
        "author": {
          "gitId": "e0406981"
        },
        "content": "            tasks.remove(taskNum);"
      },
      {
        "lineNumber": 55,
        "author": {
          "gitId": "e0406981"
        },
        "content": "            System.out.println(\"Task number \" + (taskNum+1) + \" has been deleted!\");"
      },
      {
        "lineNumber": 56,
        "author": {
          "gitId": "e0406981"
        },
        "content": "        }"
      },
      {
        "lineNumber": 57,
        "author": {
          "gitId": "e0406981"
        },
        "content": "    }"
      },
      {
        "lineNumber": 58,
        "author": {
          "gitId": "e0406981"
        },
        "content": "    public void addTask(String name, String date, String type) {"
      },
      {
        "lineNumber": 59,
        "author": {
          "gitId": "e0406981"
        },
        "content": "        task NewTask;"
      },
      {
        "lineNumber": 60,
        "author": {
          "gitId": "e0406981"
        },
        "content": "        if (type.equals(\"event\")) {"
      },
      {
        "lineNumber": 61,
        "author": {
          "gitId": "e0406981"
        },
        "content": "            NewTask \u003d new event(name, false, date);"
      },
      {
        "lineNumber": 62,
        "author": {
          "gitId": "e0406981"
        },
        "content": "        } else if (type.equals(\"deadline\")) {"
      },
      {
        "lineNumber": 63,
        "author": {
          "gitId": "e0406981"
        },
        "content": "            NewTask \u003d new deadline(name, false, date);"
      },
      {
        "lineNumber": 64,
        "author": {
          "gitId": "e0406981"
        },
        "content": "        } else {"
      },
      {
        "lineNumber": 65,
        "author": {
          "gitId": "e0406981"
        },
        "content": "            NewTask \u003d new todo(name, false);"
      },
      {
        "lineNumber": 66,
        "author": {
          "gitId": "e0406981"
        },
        "content": "        }"
      },
      {
        "lineNumber": 67,
        "author": {
          "gitId": "e0406981"
        },
        "content": "        System.out.println(\"Got it, I\u0027ve added the task:\" + \"\\n\" +"
      },
      {
        "lineNumber": 68,
        "author": {
          "gitId": "e0406981"
        },
        "content": "                NewTask + \"\\n\" +"
      },
      {
        "lineNumber": 69,
        "author": {
          "gitId": "e0406981"
        },
        "content": "                (tasks.size()+1) + \" tasks are in the list\");"
      },
      {
        "lineNumber": 70,
        "author": {
          "gitId": "e0406981"
        },
        "content": ""
      },
      {
        "lineNumber": 71,
        "author": {
          "gitId": "e0406981"
        },
        "content": "        tasks.add(NewTask);"
      },
      {
        "lineNumber": 72,
        "author": {
          "gitId": "e0406981"
        },
        "content": "    }"
      },
      {
        "lineNumber": 73,
        "author": {
          "gitId": "e0406981"
        },
        "content": ""
      },
      {
        "lineNumber": 74,
        "author": {
          "gitId": "e0406981"
        },
        "content": "    public ArrayList\u003ctask\u003e getList(){"
      },
      {
        "lineNumber": 75,
        "author": {
          "gitId": "e0406981"
        },
        "content": "        return tasks;"
      },
      {
        "lineNumber": 76,
        "author": {
          "gitId": "e0406981"
        },
        "content": "    }"
      },
      {
        "lineNumber": 77,
        "author": {
          "gitId": "e0406981"
        },
        "content": ""
      },
      {
        "lineNumber": 78,
        "author": {
          "gitId": "e0406981"
        },
        "content": "}"
      }
    ],
    "authorContributionMap": {
      "e0406981": 78
    }
  },
  {
    "path": "src/main/java/Ui.java",
    "fileType": "java",
    "lines": [
      {
        "lineNumber": 1,
        "author": {
          "gitId": "e0406981"
        },
        "content": "import java.io.InputStream;"
      },
      {
        "lineNumber": 2,
        "author": {
          "gitId": "e0406981"
        },
        "content": "import java.util.Scanner;"
      },
      {
        "lineNumber": 3,
        "author": {
          "gitId": "e0406981"
        },
        "content": ""
      },
      {
        "lineNumber": 4,
        "author": {
          "gitId": "e0406981"
        },
        "content": "public class Ui {"
      },
      {
        "lineNumber": 5,
        "author": {
          "gitId": "e0406981"
        },
        "content": ""
      },
      {
        "lineNumber": 6,
        "author": {
          "gitId": "e0406981"
        },
        "content": "    private final Scanner in;"
      },
      {
        "lineNumber": 7,
        "author": {
          "gitId": "e0406981"
        },
        "content": ""
      },
      {
        "lineNumber": 8,
        "author": {
          "gitId": "e0406981"
        },
        "content": "    public Ui(){"
      },
      {
        "lineNumber": 9,
        "author": {
          "gitId": "e0406981"
        },
        "content": "        this(System.in);"
      },
      {
        "lineNumber": 10,
        "author": {
          "gitId": "e0406981"
        },
        "content": "    }"
      },
      {
        "lineNumber": 11,
        "author": {
          "gitId": "e0406981"
        },
        "content": ""
      },
      {
        "lineNumber": 12,
        "author": {
          "gitId": "e0406981"
        },
        "content": "    public Ui(InputStream in){"
      },
      {
        "lineNumber": 13,
        "author": {
          "gitId": "e0406981"
        },
        "content": "        this.in \u003d new Scanner(in);"
      },
      {
        "lineNumber": 14,
        "author": {
          "gitId": "e0406981"
        },
        "content": "    }"
      },
      {
        "lineNumber": 15,
        "author": {
          "gitId": "e0406981"
        },
        "content": ""
      },
      {
        "lineNumber": 16,
        "author": {
          "gitId": "e0406981"
        },
        "content": "    public void showWelcome(){"
      },
      {
        "lineNumber": 17,
        "author": {
          "gitId": "e0406981"
        },
        "content": "        String logo \u003d \" ____        _        \\n\""
      },
      {
        "lineNumber": 18,
        "author": {
          "gitId": "e0406981"
        },
        "content": "                + \"|  _ \\\\ _   _| | _____ \\n\""
      },
      {
        "lineNumber": 19,
        "author": {
          "gitId": "e0406981"
        },
        "content": "                + \"| | | | | | | |/ / _ \\\\\\n\""
      },
      {
        "lineNumber": 20,
        "author": {
          "gitId": "e0406981"
        },
        "content": "                + \"| |_| | |_| |   \u003c  __/\\n\""
      },
      {
        "lineNumber": 21,
        "author": {
          "gitId": "e0406981"
        },
        "content": "                + \"|____/ \\\\__,_|_|\\\\_\\\\___|\\n\";"
      },
      {
        "lineNumber": 22,
        "author": {
          "gitId": "e0406981"
        },
        "content": "        System.out.println(\"Hello from\\n\" + logo);"
      },
      {
        "lineNumber": 23,
        "author": {
          "gitId": "e0406981"
        },
        "content": "        System.out.println(\"Hello, what can I do for you?\");"
      },
      {
        "lineNumber": 24,
        "author": {
          "gitId": "e0406981"
        },
        "content": "    }"
      },
      {
        "lineNumber": 25,
        "author": {
          "gitId": "e0406981"
        },
        "content": ""
      },
      {
        "lineNumber": 26,
        "author": {
          "gitId": "e0406981"
        },
        "content": "    public String readInput(){"
      },
      {
        "lineNumber": 27,
        "author": {
          "gitId": "e0406981"
        },
        "content": "        return in.nextLine();"
      },
      {
        "lineNumber": 28,
        "author": {
          "gitId": "e0406981"
        },
        "content": "    }"
      },
      {
        "lineNumber": 29,
        "author": {
          "gitId": "e0406981"
        },
        "content": ""
      },
      {
        "lineNumber": 30,
        "author": {
          "gitId": "e0406981"
        },
        "content": "    public void showLine(){"
      },
      {
        "lineNumber": 31,
        "author": {
          "gitId": "e0406981"
        },
        "content": "        System.out.println(\"-----------------------------------------------------\");"
      },
      {
        "lineNumber": 32,
        "author": {
          "gitId": "e0406981"
        },
        "content": "    }"
      },
      {
        "lineNumber": 33,
        "author": {
          "gitId": "e0406981"
        },
        "content": "}"
      }
    ],
    "authorContributionMap": {
      "e0406981": 33
    }
  },
  {
    "path": "src/main/java/deadline.java",
    "fileType": "java",
    "lines": [
      {
        "lineNumber": 1,
        "author": {
          "gitId": "e0406981"
        },
        "content": "public class deadline extends task {"
      },
      {
        "lineNumber": 2,
        "author": {
          "gitId": "e0406981"
        },
        "content": ""
      },
      {
        "lineNumber": 3,
        "author": {
          "gitId": "e0406981"
        },
        "content": "    protected String date;"
      },
      {
        "lineNumber": 4,
        "author": {
          "gitId": "e0406981"
        },
        "content": ""
      },
      {
        "lineNumber": 5,
        "author": {
          "gitId": "e0406981"
        },
        "content": "    public deadline(String name ,boolean isDone, String date) {"
      },
      {
        "lineNumber": 6,
        "author": {
          "gitId": "e0406981"
        },
        "content": "        super(name, isDone);"
      },
      {
        "lineNumber": 7,
        "author": {
          "gitId": "e0406981"
        },
        "content": "        this.date \u003d date;"
      },
      {
        "lineNumber": 8,
        "author": {
          "gitId": "e0406981"
        },
        "content": "    }"
      },
      {
        "lineNumber": 9,
        "author": {
          "gitId": "e0406981"
        },
        "content": "    @Override"
      },
      {
        "lineNumber": 10,
        "author": {
          "gitId": "e0406981"
        },
        "content": "    public String getTaskType(){"
      },
      {
        "lineNumber": 11,
        "author": {
          "gitId": "e0406981"
        },
        "content": "        return \"[D]\";"
      },
      {
        "lineNumber": 12,
        "author": {
          "gitId": "e0406981"
        },
        "content": "    }"
      },
      {
        "lineNumber": 13,
        "author": {
          "gitId": "e0406981"
        },
        "content": "    @Override"
      },
      {
        "lineNumber": 14,
        "author": {
          "gitId": "e0406981"
        },
        "content": "    public String date() {"
      },
      {
        "lineNumber": 15,
        "author": {
          "gitId": "e0406981"
        },
        "content": "        return date;"
      },
      {
        "lineNumber": 16,
        "author": {
          "gitId": "e0406981"
        },
        "content": "    }"
      },
      {
        "lineNumber": 17,
        "author": {
          "gitId": "e0406981"
        },
        "content": ""
      },
      {
        "lineNumber": 18,
        "author": {
          "gitId": "e0406981"
        },
        "content": "    @Override"
      },
      {
        "lineNumber": 19,
        "author": {
          "gitId": "e0406981"
        },
        "content": "    public String getName() {"
      },
      {
        "lineNumber": 20,
        "author": {
          "gitId": "e0406981"
        },
        "content": "        return name;"
      },
      {
        "lineNumber": 21,
        "author": {
          "gitId": "e0406981"
        },
        "content": "    }"
      },
      {
        "lineNumber": 22,
        "author": {
          "gitId": "e0406981"
        },
        "content": ""
      },
      {
        "lineNumber": 23,
        "author": {
          "gitId": "e0406981"
        },
        "content": "    @Override"
      },
      {
        "lineNumber": 24,
        "author": {
          "gitId": "e0406981"
        },
        "content": "    public String toString() {"
      },
      {
        "lineNumber": 25,
        "author": {
          "gitId": "e0406981"
        },
        "content": "        return  getTaskType() + getIsDone() + \" \" + getName() + \" \" + date;"
      },
      {
        "lineNumber": 26,
        "author": {
          "gitId": "e0406981"
        },
        "content": "    }"
      },
      {
        "lineNumber": 27,
        "author": {
          "gitId": "e0406981"
        },
        "content": "}"
      }
    ],
    "authorContributionMap": {
      "e0406981": 27
    }
  },
  {
    "path": "src/main/java/event.java",
    "fileType": "java",
    "lines": [
      {
        "lineNumber": 1,
        "author": {
          "gitId": "e0406981"
        },
        "content": "public class event extends task {"
      },
      {
        "lineNumber": 2,
        "author": {
          "gitId": "e0406981"
        },
        "content": ""
      },
      {
        "lineNumber": 3,
        "author": {
          "gitId": "e0406981"
        },
        "content": "    private final String date;"
      },
      {
        "lineNumber": 4,
        "author": {
          "gitId": "e0406981"
        },
        "content": ""
      },
      {
        "lineNumber": 5,
        "author": {
          "gitId": "e0406981"
        },
        "content": "    public event(String name, boolean isDone, String date){"
      },
      {
        "lineNumber": 6,
        "author": {
          "gitId": "e0406981"
        },
        "content": "        super(name, isDone);"
      },
      {
        "lineNumber": 7,
        "author": {
          "gitId": "e0406981"
        },
        "content": "        this.date \u003d date;"
      },
      {
        "lineNumber": 8,
        "author": {
          "gitId": "e0406981"
        },
        "content": "    }"
      },
      {
        "lineNumber": 9,
        "author": {
          "gitId": "e0406981"
        },
        "content": "    @Override"
      },
      {
        "lineNumber": 10,
        "author": {
          "gitId": "e0406981"
        },
        "content": "    public String getTaskType(){"
      },
      {
        "lineNumber": 11,
        "author": {
          "gitId": "e0406981"
        },
        "content": "        return \"[E]\";"
      },
      {
        "lineNumber": 12,
        "author": {
          "gitId": "e0406981"
        },
        "content": "    }"
      },
      {
        "lineNumber": 13,
        "author": {
          "gitId": "e0406981"
        },
        "content": "    @Override"
      },
      {
        "lineNumber": 14,
        "author": {
          "gitId": "e0406981"
        },
        "content": "    public String date(){"
      },
      {
        "lineNumber": 15,
        "author": {
          "gitId": "e0406981"
        },
        "content": "        return date;"
      },
      {
        "lineNumber": 16,
        "author": {
          "gitId": "e0406981"
        },
        "content": "    }"
      },
      {
        "lineNumber": 17,
        "author": {
          "gitId": "e0406981"
        },
        "content": "    @Override"
      },
      {
        "lineNumber": 18,
        "author": {
          "gitId": "e0406981"
        },
        "content": "    public String getName(){"
      },
      {
        "lineNumber": 19,
        "author": {
          "gitId": "e0406981"
        },
        "content": "        return name;"
      },
      {
        "lineNumber": 20,
        "author": {
          "gitId": "e0406981"
        },
        "content": "    }"
      },
      {
        "lineNumber": 21,
        "author": {
          "gitId": "e0406981"
        },
        "content": ""
      },
      {
        "lineNumber": 22,
        "author": {
          "gitId": "e0406981"
        },
        "content": "    @Override"
      },
      {
        "lineNumber": 23,
        "author": {
          "gitId": "e0406981"
        },
        "content": "    public String toString() {"
      },
      {
        "lineNumber": 24,
        "author": {
          "gitId": "e0406981"
        },
        "content": "        return  getTaskType() + getIsDone() + \" \" + getName() + \" \" + date;"
      },
      {
        "lineNumber": 25,
        "author": {
          "gitId": "e0406981"
        },
        "content": "    }"
      },
      {
        "lineNumber": 26,
        "author": {
          "gitId": "e0406981"
        },
        "content": "}"
      },
      {
        "lineNumber": 27,
        "author": {
          "gitId": "e0406981"
        },
        "content": ""
      }
    ],
    "authorContributionMap": {
      "e0406981": 27
    }
  },
  {
    "path": "src/main/java/task.java",
    "fileType": "java",
    "lines": [
      {
        "lineNumber": 1,
        "author": {
          "gitId": "e0406981"
        },
        "content": "public class task {"
      },
      {
        "lineNumber": 2,
        "author": {
          "gitId": "e0406981"
        },
        "content": "    protected String name;"
      },
      {
        "lineNumber": 3,
        "author": {
          "gitId": "e0406981"
        },
        "content": "    private boolean isDone;"
      },
      {
        "lineNumber": 4,
        "author": {
          "gitId": "e0406981"
        },
        "content": ""
      },
      {
        "lineNumber": 5,
        "author": {
          "gitId": "e0406981"
        },
        "content": "    public task(String name, boolean isDone) {"
      },
      {
        "lineNumber": 6,
        "author": {
          "gitId": "e0406981"
        },
        "content": "        setName(name);"
      },
      {
        "lineNumber": 7,
        "author": {
          "gitId": "e0406981"
        },
        "content": "        setDone(isDone);"
      },
      {
        "lineNumber": 8,
        "author": {
          "gitId": "e0406981"
        },
        "content": "    }"
      },
      {
        "lineNumber": 9,
        "author": {
          "gitId": "e0406981"
        },
        "content": ""
      },
      {
        "lineNumber": 10,
        "author": {
          "gitId": "e0406981"
        },
        "content": "    public void setName(String name) {"
      },
      {
        "lineNumber": 11,
        "author": {
          "gitId": "e0406981"
        },
        "content": "        this.name \u003d name;"
      },
      {
        "lineNumber": 12,
        "author": {
          "gitId": "e0406981"
        },
        "content": "    }"
      },
      {
        "lineNumber": 13,
        "author": {
          "gitId": "e0406981"
        },
        "content": ""
      },
      {
        "lineNumber": 14,
        "author": {
          "gitId": "e0406981"
        },
        "content": "    public void setDone(boolean isDone) {"
      },
      {
        "lineNumber": 15,
        "author": {
          "gitId": "e0406981"
        },
        "content": "        this.isDone \u003d isDone;"
      },
      {
        "lineNumber": 16,
        "author": {
          "gitId": "e0406981"
        },
        "content": "    }"
      },
      {
        "lineNumber": 17,
        "author": {
          "gitId": "e0406981"
        },
        "content": ""
      },
      {
        "lineNumber": 18,
        "author": {
          "gitId": "e0406981"
        },
        "content": "    public String getName() {"
      },
      {
        "lineNumber": 19,
        "author": {
          "gitId": "e0406981"
        },
        "content": "        return name;"
      },
      {
        "lineNumber": 20,
        "author": {
          "gitId": "e0406981"
        },
        "content": "    }"
      },
      {
        "lineNumber": 21,
        "author": {
          "gitId": "e0406981"
        },
        "content": ""
      },
      {
        "lineNumber": 22,
        "author": {
          "gitId": "e0406981"
        },
        "content": "    public String getIsDone() {"
      },
      {
        "lineNumber": 23,
        "author": {
          "gitId": "e0406981"
        },
        "content": "        if (isDone) {"
      },
      {
        "lineNumber": 24,
        "author": {
          "gitId": "e0406981"
        },
        "content": "            return \"[✓]\";"
      },
      {
        "lineNumber": 25,
        "author": {
          "gitId": "e0406981"
        },
        "content": "        } else {"
      },
      {
        "lineNumber": 26,
        "author": {
          "gitId": "e0406981"
        },
        "content": "            return \"[✗]\";"
      },
      {
        "lineNumber": 27,
        "author": {
          "gitId": "e0406981"
        },
        "content": "        }"
      },
      {
        "lineNumber": 28,
        "author": {
          "gitId": "e0406981"
        },
        "content": "    }"
      },
      {
        "lineNumber": 29,
        "author": {
          "gitId": "e0406981"
        },
        "content": ""
      },
      {
        "lineNumber": 30,
        "author": {
          "gitId": "e0406981"
        },
        "content": "    public String getTaskType(){"
      },
      {
        "lineNumber": 31,
        "author": {
          "gitId": "e0406981"
        },
        "content": "        return \"\";"
      },
      {
        "lineNumber": 32,
        "author": {
          "gitId": "e0406981"
        },
        "content": "    }"
      },
      {
        "lineNumber": 33,
        "author": {
          "gitId": "e0406981"
        },
        "content": ""
      },
      {
        "lineNumber": 34,
        "author": {
          "gitId": "e0406981"
        },
        "content": "    public String date() {"
      },
      {
        "lineNumber": 35,
        "author": {
          "gitId": "e0406981"
        },
        "content": "        return \"\";"
      },
      {
        "lineNumber": 36,
        "author": {
          "gitId": "e0406981"
        },
        "content": "    }"
      },
      {
        "lineNumber": 37,
        "author": {
          "gitId": "e0406981"
        },
        "content": ""
      },
      {
        "lineNumber": 38,
        "author": {
          "gitId": "e0406981"
        },
        "content": "    @Override"
      },
      {
        "lineNumber": 39,
        "author": {
          "gitId": "e0406981"
        },
        "content": "    public String toString() {"
      },
      {
        "lineNumber": 40,
        "author": {
          "gitId": "e0406981"
        },
        "content": "        return isDone + name;"
      },
      {
        "lineNumber": 41,
        "author": {
          "gitId": "e0406981"
        },
        "content": "    }"
      },
      {
        "lineNumber": 42,
        "author": {
          "gitId": "e0406981"
        },
        "content": "}"
      }
    ],
    "authorContributionMap": {
      "e0406981": 42
    }
  },
  {
    "path": "src/main/java/todo.java",
    "fileType": "java",
    "lines": [
      {
        "lineNumber": 1,
        "author": {
          "gitId": "e0406981"
        },
        "content": "public class todo extends task {"
      },
      {
        "lineNumber": 2,
        "author": {
          "gitId": "e0406981"
        },
        "content": ""
      },
      {
        "lineNumber": 3,
        "author": {
          "gitId": "e0406981"
        },
        "content": "    public todo(String name, boolean isDone) {"
      },
      {
        "lineNumber": 4,
        "author": {
          "gitId": "e0406981"
        },
        "content": "        super(name, isDone);"
      },
      {
        "lineNumber": 5,
        "author": {
          "gitId": "e0406981"
        },
        "content": "    }"
      },
      {
        "lineNumber": 6,
        "author": {
          "gitId": "e0406981"
        },
        "content": ""
      },
      {
        "lineNumber": 7,
        "author": {
          "gitId": "e0406981"
        },
        "content": "    @Override"
      },
      {
        "lineNumber": 8,
        "author": {
          "gitId": "e0406981"
        },
        "content": "    public String getName() {"
      },
      {
        "lineNumber": 9,
        "author": {
          "gitId": "e0406981"
        },
        "content": "        return name;"
      },
      {
        "lineNumber": 10,
        "author": {
          "gitId": "e0406981"
        },
        "content": "    }"
      },
      {
        "lineNumber": 11,
        "author": {
          "gitId": "e0406981"
        },
        "content": "    @Override"
      },
      {
        "lineNumber": 12,
        "author": {
          "gitId": "e0406981"
        },
        "content": "    public String getTaskType(){"
      },
      {
        "lineNumber": 13,
        "author": {
          "gitId": "e0406981"
        },
        "content": "        return \"[T]\";"
      },
      {
        "lineNumber": 14,
        "author": {
          "gitId": "e0406981"
        },
        "content": "    }"
      },
      {
        "lineNumber": 15,
        "author": {
          "gitId": "e0406981"
        },
        "content": ""
      },
      {
        "lineNumber": 16,
        "author": {
          "gitId": "e0406981"
        },
        "content": "    @Override"
      },
      {
        "lineNumber": 17,
        "author": {
          "gitId": "e0406981"
        },
        "content": "    public String toString() {"
      },
      {
        "lineNumber": 18,
        "author": {
          "gitId": "e0406981"
        },
        "content": "        return  getTaskType() + getIsDone() + \" \" + getName();"
      },
      {
        "lineNumber": 19,
        "author": {
          "gitId": "e0406981"
        },
        "content": "    }"
      },
      {
        "lineNumber": 20,
        "author": {
          "gitId": "e0406981"
        },
        "content": "}"
      }
    ],
    "authorContributionMap": {
      "e0406981": 20
    }
  }
]
