{
  "authorDailyContributionsMap": {
    "e0406981": [
      {
        "date": "2020-08-28",
        "commitResults": [
          {
            "hash": "b640afbbc3008bf0f3f9ee5520bb84d17d0ff1a8",
            "messageTitle": "added hi bye",
            "messageBody": "",
            "tags": [
              "Level-0"
            ],
            "fileTypesAndContributionMap": {
              "java": {
                "insertions": 17,
                "deletions": 0
              }
            }
          },
          {
            "hash": "5027593075b4f254846c86abd38f136887651a7d",
            "messageTitle": "greet echo exit",
            "messageBody": "",
            "fileTypesAndContributionMap": {
              "java": {
                "insertions": 2,
                "deletions": 2
              }
            }
          },
          {
            "hash": "c53a02c6f064e9bd3ab545f28780ed45b37d08d9",
            "messageTitle": "bugs",
            "messageBody": "",
            "fileTypesAndContributionMap": {
              "java": {
                "insertions": 1,
                "deletions": 1
              }
            }
          },
          {
            "hash": "493bc91b5cd00b3db8a5fd4fa5291f79e1b45518",
            "messageTitle": "tried to change to OOP",
            "messageBody": "",
            "fileTypesAndContributionMap": {
              "java": {
                "insertions": 16,
                "deletions": 2
              }
            }
          }
        ]
      },
      {
        "date": "2020-08-29",
        "commitResults": [
          {
            "hash": "1c661d9071cd96f85b32acada5d86cce7416c63b",
            "messageTitle": "added task class",
            "messageBody": "",
            "fileTypesAndContributionMap": {
              "java": {
                "insertions": 34,
                "deletions": 1
              }
            }
          },
          {
            "hash": "136bdfbb0747175b72788761436042f5de3c7b84",
            "messageTitle": "commented a bit",
            "messageBody": "",
            "tags": [
              "Level-1"
            ],
            "fileTypesAndContributionMap": {
              "java": {
                "insertions": 6,
                "deletions": 0
              }
            }
          },
          {
            "hash": "89f89a21081d146a878c3f1881cd44c681317327",
            "messageTitle": "level 2",
            "messageBody": "",
            "tags": [
              "Level-2"
            ],
            "fileTypesAndContributionMap": {
              "java": {
                "insertions": 3,
                "deletions": 0
              }
            }
          },
          {
            "hash": "f9bf6f1a8b54ad144401d87e7a3a8c43b371cb07",
            "messageTitle": "level 3",
            "messageBody": "",
            "tags": [
              "Level-3"
            ],
            "fileTypesAndContributionMap": {
              "java": {
                "insertions": 48,
                "deletions": 5
              }
            }
          }
        ]
      },
      {
        "date": "2020-08-30",
        "commitResults": [
          {
            "hash": "961b3b42c9ae977e83e8c1e8aaeb56eca4f7f6db",
            "messageTitle": "changed a few variable names \u0026 addeda catch for invalid done commands",
            "messageBody": "",
            "tags": [
              "A-CodingStandard"
            ],
            "fileTypesAndContributionMap": {
              "java": {
                "insertions": 30,
                "deletions": 23
              }
            }
          }
        ]
      },
      {
        "date": "2020-09-02",
        "commitResults": [
          {
            "hash": "7fe232448271e5b6a1f1aeca34b7300645802fd4",
            "messageTitle": "level 4, w/o catches for wrong commands",
            "messageBody": "",
            "tags": [
              "Level-4"
            ],
            "fileTypesAndContributionMap": {
              "java": {
                "insertions": 117,
                "deletions": 17
              }
            }
          }
        ]
      },
      {
        "date": "2020-09-09",
        "commitResults": [
          {
            "hash": "d8990c48548d33552b361d062f61116ea2bd06f2",
            "messageTitle": "added a few error handling exceptions",
            "messageBody": "",
            "fileTypesAndContributionMap": {
              "java": {
                "insertions": 140,
                "deletions": 94
              }
            }
          }
        ]
      },
      {
        "date": "2020-09-13",
        "commitResults": [
          {
            "hash": "432cabb7237de6c7f7befb8fd5634ad0547ea28e",
            "messageTitle": "improved coding quality",
            "messageBody": "",
            "tags": [
              "A-CodeQuality"
            ],
            "fileTypesAndContributionMap": {
              "java": {
                "insertions": 61,
                "deletions": 21
              }
            }
          }
        ]
      }
    ]
  },
  "authorFileTypeContributionMap": {
    "e0406981": {
      "java": 308,
      "md": 0,
      "sh": 0,
      "bat": 0,
      "gradle": 0,
      "txt": 0
    }
  },
  "authorContributionVariance": {
    "e0406981": 2583.251
  },
  "authorDisplayNameMap": {
    "e0406981": "CS2113T-W12-1 CHEA..OTHY"
  }
}
