{
  "repoSenseVersion": "765a70ee75",
  "reportGeneratedTime": "Sun Sep 13 17:20:15 2020 UTC+08:00",
  "reportGenerationTime": " 1 minute(s) 10.74 second(s)",
  "repos": [
    {
      "location": {
        "location": "https://github.com/mxksowie/ip.git",
        "repoName": "ip",
        "organization": "mxksowie"
      },
      "branch": "master",
      "displayName": "mxksowie/ip[master]",
      "outputFolderName": "mxksowie_ip_master"
    },
    {
      "location": {
        "location": "https://github.com/snowbanana12345/ip.git",
        "repoName": "ip",
        "organization": "snowbanana12345"
      },
      "branch": "master",
      "displayName": "snowbanana12345/ip[master]",
      "outputFolderName": "snowbanana12345_ip_master"
    },
    {
      "location": {
        "location": "https://github.com/GuoAi/ip.git",
        "repoName": "ip",
        "organization": "GuoAi"
      },
      "branch": "master",
      "displayName": "GuoAi/ip[master]",
      "outputFolderName": "GuoAi_ip_master"
    },
    {
      "location": {
        "location": "https://github.com/acyang97/ip.git",
        "repoName": "ip",
        "organization": "acyang97"
      },
      "branch": "master",
      "displayName": "acyang97/ip[master]",
      "outputFolderName": "acyang97_ip_master"
    },
    {
      "location": {
        "location": "https://github.com/teachyourselfcoding/ip.git",
        "repoName": "ip",
        "organization": "teachyourselfcoding"
      },
      "branch": "master",
      "displayName": "teachyourselfcoding/ip[master]",
      "outputFolderName": "teachyourselfcoding_ip_master"
    },
    {
      "location": {
        "location": "https://github.com/MuhammadHoze/ip.git",
        "repoName": "ip",
        "organization": "MuhammadHoze"
      },
      "branch": "master",
      "displayName": "MuhammadHoze/ip[master]",
      "outputFolderName": "MuhammadHoze_ip_master"
    },
    {
      "location": {
        "location": "https://github.com/alwaysnacy/ip.git",
        "repoName": "ip",
        "organization": "alwaysnacy"
      },
      "branch": "master",
      "displayName": "alwaysnacy/ip[master]",
      "outputFolderName": "alwaysnacy_ip_master"
    },
    {
      "location": {
        "location": "https://github.com/yeapcl/ip.git",
        "repoName": "ip",
        "organization": "yeapcl"
      },
      "branch": "master",
      "displayName": "yeapcl/ip[master]",
      "outputFolderName": "yeapcl_ip_master"
    },
    {
      "location": {
        "location": "https://github.com/yh-ng/ip.git",
        "repoName": "ip",
        "organization": "yh-ng"
      },
      "branch": "master",
      "displayName": "yh-ng/ip[master]",
      "outputFolderName": "yh-ng_ip_master"
    },
    {
      "location": {
        "location": "https://github.com/tikimonarch/ip.git",
        "repoName": "ip",
        "organization": "tikimonarch"
      },
      "branch": "master",
      "displayName": "tikimonarch/ip[master]",
      "outputFolderName": "tikimonarch_ip_master"
    },
    {
      "location": {
        "location": "https://github.com/HengFuYuen/ip.git",
        "repoName": "ip",
        "organization": "HengFuYuen"
      },
      "branch": "master",
      "displayName": "HengFuYuen/ip[master]",
      "outputFolderName": "HengFuYuen_ip_master"
    },
    {
      "location": {
        "location": "https://github.com/sunxiuqi-stacked/ip.git",
        "repoName": "ip",
        "organization": "sunxiuqi-stacked"
      },
      "branch": "master",
      "displayName": "sunxiuqi-stacked/ip[master]",
      "outputFolderName": "sunxiuqi-stacked_ip_master"
    },
    {
      "location": {
        "location": "https://github.com/bqxy/ip.git",
        "repoName": "ip",
        "organization": "bqxy"
      },
      "branch": "master",
      "displayName": "bqxy/ip[master]",
      "outputFolderName": "bqxy_ip_master"
    },
    {
      "location": {
        "location": "https://github.com/Cao-Zeyu/ip.git",
        "repoName": "ip",
        "organization": "Cao-Zeyu"
      },
      "branch": "master",
      "displayName": "Cao-Zeyu/ip[master]",
      "outputFolderName": "Cao-Zeyu_ip_master"
    },
    {
      "location": {
        "location": "https://github.com/yuqiaoluolong/ip.git",
        "repoName": "ip",
        "organization": "yuqiaoluolong"
      },
      "branch": "master",
      "displayName": "yuqiaoluolong/ip[master]",
      "outputFolderName": "yuqiaoluolong_ip_master"
    },
    {
      "location": {
        "location": "https://github.com/R-Ramana/ip.git",
        "repoName": "ip",
        "organization": "R-Ramana"
      },
      "branch": "master",
      "displayName": "R-Ramana/ip[master]",
      "outputFolderName": "R-Ramana_ip_master"
    },
    {
      "location": {
        "location": "https://github.com/LiewWS/ip.git",
        "repoName": "ip",
        "organization": "LiewWS"
      },
      "branch": "master",
      "displayName": "LiewWS/ip[master]",
      "outputFolderName": "LiewWS_ip_master"
    },
    {
      "location": {
        "location": "https://github.com/kaiwen98/ip.git",
        "repoName": "ip",
        "organization": "kaiwen98"
      },
      "branch": "master",
      "displayName": "kaiwen98/ip[master]",
      "outputFolderName": "kaiwen98_ip_master"
    },
    {
      "location": {
        "location": "https://github.com/dixoncwc/ip.git",
        "repoName": "ip",
        "organization": "dixoncwc"
      },
      "branch": "master",
      "displayName": "dixoncwc/ip[master]",
      "outputFolderName": "dixoncwc_ip_master"
    },
    {
      "location": {
        "location": "https://github.com/scjx123/ip.git",
        "repoName": "ip",
        "organization": "scjx123"
      },
      "branch": "master",
      "displayName": "scjx123/ip[master]",
      "outputFolderName": "scjx123_ip_master"
    },
    {
      "location": {
        "location": "https://github.com/zongxian-ctrl/ip.git",
        "repoName": "ip",
        "organization": "zongxian-ctrl"
      },
      "branch": "master",
      "displayName": "zongxian-ctrl/ip[master]",
      "outputFolderName": "zongxian-ctrl_ip_master"
    },
    {
      "location": {
        "location": "https://github.com/weisiong24/ip.git",
        "repoName": "ip",
        "organization": "weisiong24"
      },
      "branch": "master",
      "displayName": "weisiong24/ip[master]",
      "outputFolderName": "weisiong24_ip_master"
    },
    {
      "location": {
        "location": "https://github.com/Nazryl/ip.git",
        "repoName": "ip",
        "organization": "Nazryl"
      },
      "branch": "master",
      "displayName": "Nazryl/ip[master]",
      "outputFolderName": "Nazryl_ip_master"
    },
    {
      "location": {
        "location": "https://github.com/Chongjx/ip.git",
        "repoName": "ip",
        "organization": "Chongjx"
      },
      "branch": "master",
      "displayName": "Chongjx/ip[master]",
      "outputFolderName": "Chongjx_ip_master"
    },
    {
      "location": {
        "location": "https://github.com/haroic1997/ip.git",
        "repoName": "ip",
        "organization": "haroic1997"
      },
      "branch": "master",
      "displayName": "haroic1997/ip[master]",
      "outputFolderName": "haroic1997_ip_master"
    },
    {
      "location": {
        "location": "https://github.com/leonlowzd/ip.git",
        "repoName": "ip",
        "organization": "leonlowzd"
      },
      "branch": "master",
      "displayName": "leonlowzd/ip[master]",
      "outputFolderName": "leonlowzd_ip_master"
    },
    {
      "location": {
        "location": "https://github.com/johanesrafael/ip.git",
        "repoName": "ip",
        "organization": "johanesrafael"
      },
      "branch": "master",
      "displayName": "johanesrafael/ip[master]",
      "outputFolderName": "johanesrafael_ip_master"
    },
    {
      "location": {
        "location": "https://github.com/chuhann/ip.git",
        "repoName": "ip",
        "organization": "chuhann"
      },
      "branch": "master",
      "displayName": "chuhann/ip[master]",
      "outputFolderName": "chuhann_ip_master"
    },
    {
      "location": {
        "location": "https://github.com/TanLeeWei/ip.git",
        "repoName": "ip",
        "organization": "TanLeeWei"
      },
      "branch": "master",
      "displayName": "TanLeeWei/ip[master]",
      "outputFolderName": "TanLeeWei_ip_master"
    },
    {
      "location": {
        "location": "https://github.com/kaijiel24/ip.git",
        "repoName": "ip",
        "organization": "kaijiel24"
      },
      "branch": "master",
      "displayName": "kaijiel24/ip[master]",
      "outputFolderName": "kaijiel24_ip_master"
    },
    {
      "location": {
        "location": "https://github.com/iamchenjiajun/ip.git",
        "repoName": "ip",
        "organization": "iamchenjiajun"
      },
      "branch": "master",
      "displayName": "iamchenjiajun/ip[master]",
      "outputFolderName": "iamchenjiajun_ip_master"
    },
    {
      "location": {
        "location": "https://github.com/Artemis-Hunt/ip.git",
        "repoName": "ip",
        "organization": "Artemis-Hunt"
      },
      "branch": "master",
      "displayName": "Artemis-Hunt/ip[master]",
      "outputFolderName": "Artemis-Hunt_ip_master"
    },
    {
      "location": {
        "location": "https://github.com/Ang-Cheng-Jun/ip.git",
        "repoName": "ip",
        "organization": "Ang-Cheng-Jun"
      },
      "branch": "master",
      "displayName": "Ang-Cheng-Jun/ip[master]",
      "outputFolderName": "Ang-Cheng-Jun_ip_master"
    },
    {
      "location": {
        "location": "https://github.com/manuelmanuntag96/ip.git",
        "repoName": "ip",
        "organization": "manuelmanuntag96"
      },
      "branch": "master",
      "displayName": "manuelmanuntag96/ip[master]",
      "outputFolderName": "manuelmanuntag96_ip_master"
    },
    {
      "location": {
        "location": "https://github.com/fanceso/ip.git",
        "repoName": "ip",
        "organization": "fanceso"
      },
      "branch": "master",
      "displayName": "fanceso/ip[master]",
      "outputFolderName": "fanceso_ip_master"
    },
    {
      "location": {
        "location": "https://github.com/tammykoh/ip.git",
        "repoName": "ip",
        "organization": "tammykoh"
      },
      "branch": "master",
      "displayName": "tammykoh/ip[master]",
      "outputFolderName": "tammykoh_ip_master"
    },
    {
      "location": {
        "location": "https://github.com/adinata15/ip.git",
        "repoName": "ip",
        "organization": "adinata15"
      },
      "branch": "master",
      "displayName": "adinata15/ip[master]",
      "outputFolderName": "adinata15_ip_master"
    },
    {
      "location": {
        "location": "https://github.com/TomLBZ/ip.git",
        "repoName": "ip",
        "organization": "TomLBZ"
      },
      "branch": "master",
      "displayName": "TomLBZ/ip[master]",
      "outputFolderName": "TomLBZ_ip_master"
    },
    {
      "location": {
        "location": "https://github.com/zhixiangteoh/ip.git",
        "repoName": "ip",
        "organization": "zhixiangteoh"
      },
      "branch": "master",
      "displayName": "zhixiangteoh/ip[master]",
      "outputFolderName": "zhixiangteoh_ip_master"
    },
    {
      "location": {
        "location": "https://github.com/prachi2023/ip.git",
        "repoName": "ip",
        "organization": "prachi2023"
      },
      "branch": "master",
      "displayName": "prachi2023/ip[master]",
      "outputFolderName": "prachi2023_ip_master"
    },
    {
      "location": {
        "location": "https://github.com/Feudalord/ip.git",
        "repoName": "ip",
        "organization": "Feudalord"
      },
      "branch": "master",
      "displayName": "Feudalord/ip[master]",
      "outputFolderName": "Feudalord_ip_master"
    },
    {
      "location": {
        "location": "https://github.com/t170815518/ip.git",
        "repoName": "ip",
        "organization": "t170815518"
      },
      "branch": "master",
      "displayName": "t170815518/ip[master]",
      "outputFolderName": "t170815518_ip_master"
    },
    {
      "location": {
        "location": "https://github.com/wly99/ip.git",
        "repoName": "ip",
        "organization": "wly99"
      },
      "branch": "master",
      "displayName": "wly99/ip[master]",
      "outputFolderName": "wly99_ip_master"
    },
    {
      "location": {
        "location": "https://github.com/brandonywl/ip.git",
        "repoName": "ip",
        "organization": "brandonywl"
      },
      "branch": "master",
      "displayName": "brandonywl/ip[master]",
      "outputFolderName": "brandonywl_ip_master"
    },
    {
      "location": {
        "location": "https://github.com/trolommonm/ip.git",
        "repoName": "ip",
        "organization": "trolommonm"
      },
      "branch": "master",
      "displayName": "trolommonm/ip[master]",
      "outputFolderName": "trolommonm_ip_master"
    },
    {
      "location": {
        "location": "https://github.com/wangwaynesg/ip.git",
        "repoName": "ip",
        "organization": "wangwaynesg"
      },
      "branch": "master",
      "displayName": "wangwaynesg/ip[master]",
      "outputFolderName": "wangwaynesg_ip_master"
    },
    {
      "location": {
        "location": "https://github.com/TanJunHong/ip.git",
        "repoName": "ip",
        "organization": "TanJunHong"
      },
      "branch": "master",
      "displayName": "TanJunHong/ip[master]",
      "outputFolderName": "TanJunHong_ip_master"
    },
    {
      "location": {
        "location": "https://github.com/AnnanWangDaniel/ip.git",
        "repoName": "ip",
        "organization": "AnnanWangDaniel"
      },
      "branch": "master",
      "displayName": "AnnanWangDaniel/ip[master]",
      "outputFolderName": "AnnanWangDaniel_ip_master"
    },
    {
      "location": {
        "location": "https://github.com/WYing333/ip.git",
        "repoName": "ip",
        "organization": "WYing333"
      },
      "branch": "master",
      "displayName": "WYing333/ip[master]",
      "outputFolderName": "WYing333_ip_master"
    },
    {
      "location": {
        "location": "https://github.com/shaojingle/ip.git",
        "repoName": "ip",
        "organization": "shaojingle"
      },
      "branch": "master",
      "displayName": "shaojingle/ip[master]",
      "outputFolderName": "shaojingle_ip_master"
    },
    {
      "location": {
        "location": "https://github.com/GoldenCorgi/ip.git",
        "repoName": "ip",
        "organization": "GoldenCorgi"
      },
      "branch": "master",
      "displayName": "GoldenCorgi/ip[master]",
      "outputFolderName": "GoldenCorgi_ip_master"
    },
    {
      "location": {
        "location": "https://github.com/yokemin/ip.git",
        "repoName": "ip",
        "organization": "yokemin"
      },
      "branch": "master",
      "displayName": "yokemin/ip[master]",
      "outputFolderName": "yokemin_ip_master"
    },
    {
      "location": {
        "location": "https://github.com/Louis-Feng/ip.git",
        "repoName": "ip",
        "organization": "Louis-Feng"
      },
      "branch": "master",
      "displayName": "Louis-Feng/ip[master]",
      "outputFolderName": "Louis-Feng_ip_master"
    },
    {
      "location": {
        "location": "https://github.com/xX-Conan-Xx/ip.git",
        "repoName": "ip",
        "organization": "xX-Conan-Xx"
      },
      "branch": "master",
      "displayName": "xX-Conan-Xx/ip[master]",
      "outputFolderName": "xX-Conan-Xx_ip_master"
    },
    {
      "location": {
        "location": "https://github.com/kiathwe97/ip.git",
        "repoName": "ip",
        "organization": "kiathwe97"
      },
      "branch": "master",
      "displayName": "kiathwe97/ip[master]",
      "outputFolderName": "kiathwe97_ip_master"
    },
    {
      "location": {
        "location": "https://github.com/yellow-fellow/ip.git",
        "repoName": "ip",
        "organization": "yellow-fellow"
      },
      "branch": "master",
      "displayName": "yellow-fellow/ip[master]",
      "outputFolderName": "yellow-fellow_ip_master"
    },
    {
      "location": {
        "location": "https://github.com/randynyl/ip.git",
        "repoName": "ip",
        "organization": "randynyl"
      },
      "branch": "master",
      "displayName": "randynyl/ip[master]",
      "outputFolderName": "randynyl_ip_master"
    },
    {
      "location": {
        "location": "https://github.com/JunxianAng/ip.git",
        "repoName": "ip",
        "organization": "JunxianAng"
      },
      "branch": "master",
      "displayName": "JunxianAng/ip[master]",
      "outputFolderName": "JunxianAng_ip_master"
    },
    {
      "location": {
        "location": "https://github.com/ychong032/ip.git",
        "repoName": "ip",
        "organization": "ychong032"
      },
      "branch": "master",
      "displayName": "ychong032/ip[master]",
      "outputFolderName": "ychong032_ip_master"
    },
    {
      "location": {
        "location": "https://github.com/wangqinNick/ip.git",
        "repoName": "ip",
        "organization": "wangqinNick"
      },
      "branch": "master",
      "displayName": "wangqinNick/ip[master]",
      "outputFolderName": "wangqinNick_ip_master"
    },
    {
      "location": {
        "location": "https://github.com/kstonekuan/ip.git",
        "repoName": "ip",
        "organization": "kstonekuan"
      },
      "branch": "master",
      "displayName": "kstonekuan/ip[master]",
      "outputFolderName": "kstonekuan_ip_master"
    },
    {
      "location": {
        "location": "https://github.com/hughjazzman/ip.git",
        "repoName": "ip",
        "organization": "hughjazzman"
      },
      "branch": "master",
      "displayName": "hughjazzman/ip[master]",
      "outputFolderName": "hughjazzman_ip_master"
    },
    {
      "location": {
        "location": "https://github.com/k-walter/ip.git",
        "repoName": "ip",
        "organization": "k-walter"
      },
      "branch": "master",
      "displayName": "k-walter/ip[master]",
      "outputFolderName": "k-walter_ip_master"
    },
    {
      "location": {
        "location": "https://github.com/kerct/ip.git",
        "repoName": "ip",
        "organization": "kerct"
      },
      "branch": "master",
      "displayName": "kerct/ip[master]",
      "outputFolderName": "kerct_ip_master"
    },
    {
      "location": {
        "location": "https://github.com/daniellimws/ip.git",
        "repoName": "ip",
        "organization": "daniellimws"
      },
      "branch": "master",
      "displayName": "daniellimws/ip[master]",
      "outputFolderName": "daniellimws_ip_master"
    },
    {
      "location": {
        "location": "https://github.com/dmbclub/ip.git",
        "repoName": "ip",
        "organization": "dmbclub"
      },
      "branch": "master",
      "displayName": "dmbclub/ip[master]",
      "outputFolderName": "dmbclub_ip_master"
    },
    {
      "location": {
        "location": "https://github.com/zsk612/ip.git",
        "repoName": "ip",
        "organization": "zsk612"
      },
      "branch": "master",
      "displayName": "zsk612/ip[master]",
      "outputFolderName": "zsk612_ip_master"
    },
    {
      "location": {
        "location": "https://github.com/skyaxe97/ip.git",
        "repoName": "ip",
        "organization": "skyaxe97"
      },
      "branch": "master",
      "displayName": "skyaxe97/ip[master]",
      "outputFolderName": "skyaxe97_ip_master"
    },
    {
      "location": {
        "location": "https://github.com/jazhten/ip.git",
        "repoName": "ip",
        "organization": "jazhten"
      },
      "branch": "master",
      "displayName": "jazhten/ip[master]",
      "outputFolderName": "jazhten_ip_master"
    },
    {
      "location": {
        "location": "https://github.com/michaeldinata/ip.git",
        "repoName": "ip",
        "organization": "michaeldinata"
      },
      "branch": "master",
      "displayName": "michaeldinata/ip[master]",
      "outputFolderName": "michaeldinata_ip_master"
    },
    {
      "location": {
        "location": "https://github.com/untitle4/ip.git",
        "repoName": "ip",
        "organization": "untitle4"
      },
      "branch": "master",
      "displayName": "untitle4/ip[master]",
      "outputFolderName": "untitle4_ip_master"
    },
    {
      "location": {
        "location": "https://github.com/judowha/ip.git",
        "repoName": "ip",
        "organization": "judowha"
      },
      "branch": "master",
      "displayName": "judowha/ip[master]",
      "outputFolderName": "judowha_ip_master"
    },
    {
      "location": {
        "location": "https://github.com/JiawenLyu/ip.git",
        "repoName": "ip",
        "organization": "JiawenLyu"
      },
      "branch": "master",
      "displayName": "JiawenLyu/ip[master]",
      "outputFolderName": "JiawenLyu_ip_master"
    },
    {
      "location": {
        "location": "https://github.com/zhangcaicai123/ip.git",
        "repoName": "ip",
        "organization": "zhangcaicai123"
      },
      "branch": "master",
      "displayName": "zhangcaicai123/ip[master]",
      "outputFolderName": "zhangcaicai123_ip_master"
    },
    {
      "location": {
        "location": "https://github.com/WangZixin67/ip.git",
        "repoName": "ip",
        "organization": "WangZixin67"
      },
      "branch": "master",
      "displayName": "WangZixin67/ip[master]",
      "outputFolderName": "WangZixin67_ip_master"
    },
    {
      "location": {
        "location": "https://github.com/JinYixuan-Au/ip.git",
        "repoName": "ip",
        "organization": "JinYixuan-Au"
      },
      "branch": "master",
      "displayName": "JinYixuan-Au/ip[master]",
      "outputFolderName": "JinYixuan-Au_ip_master"
    },
    {
      "location": {
        "location": "https://github.com/Zhu-Ze-Yu/ip.git",
        "repoName": "ip",
        "organization": "Zhu-Ze-Yu"
      },
      "branch": "master",
      "displayName": "Zhu-Ze-Yu/ip[master]",
      "outputFolderName": "Zhu-Ze-Yu_ip_master"
    },
    {
      "location": {
        "location": "https://github.com/ZhongNingmou/ip.git",
        "repoName": "ip",
        "organization": "ZhongNingmou"
      },
      "branch": "master",
      "displayName": "ZhongNingmou/ip[master]",
      "outputFolderName": "ZhongNingmou_ip_master"
    },
    {
      "location": {
        "location": "https://github.com/Zhangyilin0203/ip.git",
        "repoName": "ip",
        "organization": "Zhangyilin0203"
      },
      "branch": "master",
      "displayName": "Zhangyilin0203/ip[master]",
      "outputFolderName": "Zhangyilin0203_ip_master"
    },
    {
      "location": {
        "location": "https://github.com/riazaham/ip.git",
        "repoName": "ip",
        "organization": "riazaham"
      },
      "branch": "master",
      "displayName": "riazaham/ip[master]",
      "outputFolderName": "riazaham_ip_master"
    },
    {
      "location": {
        "location": "https://github.com/Kafcis/ip.git",
        "repoName": "ip",
        "organization": "Kafcis"
      },
      "branch": "master",
      "displayName": "Kafcis/ip[master]",
      "outputFolderName": "Kafcis_ip_master"
    },
    {
      "location": {
        "location": "https://github.com/Colin386/ip.git",
        "repoName": "ip",
        "organization": "Colin386"
      },
      "branch": "master",
      "displayName": "Colin386/ip[master]",
      "outputFolderName": "Colin386_ip_master"
    },
    {
      "location": {
        "location": "https://github.com/QX-CHEN/ip.git",
        "repoName": "ip",
        "organization": "QX-CHEN"
      },
      "branch": "master",
      "displayName": "QX-CHEN/ip[master]",
      "outputFolderName": "QX-CHEN_ip_master"
    },
    {
      "location": {
        "location": "https://github.com/dorianfong98/ip.git",
        "repoName": "ip",
        "organization": "dorianfong98"
      },
      "branch": "master",
      "displayName": "dorianfong98/ip[master]",
      "outputFolderName": "dorianfong98_ip_master"
    },
    {
      "location": {
        "location": "https://github.com/thatseant/ip.git",
        "repoName": "ip",
        "organization": "thatseant"
      },
      "branch": "master",
      "displayName": "thatseant/ip[master]",
      "outputFolderName": "thatseant_ip_master"
    },
    {
      "location": {
        "location": "https://github.com/1-Karthigeyan-1/ip.git",
        "repoName": "ip",
        "organization": "1-Karthigeyan-1"
      },
      "branch": "master",
      "displayName": "1-Karthigeyan-1/ip[master]",
      "outputFolderName": "1-Karthigeyan-1_ip_master"
    },
    {
      "location": {
        "location": "https://github.com/luziyi9898/ip.git",
        "repoName": "ip",
        "organization": "luziyi9898"
      },
      "branch": "master",
      "displayName": "luziyi9898/ip[master]",
      "outputFolderName": "luziyi9898_ip_master"
    },
    {
      "location": {
        "location": "https://github.com/PraveenElango/ip.git",
        "repoName": "ip",
        "organization": "PraveenElango"
      },
      "branch": "master",
      "displayName": "PraveenElango/ip[master]",
      "outputFolderName": "PraveenElango_ip_master"
    },
    {
      "location": {
        "location": "https://github.com/homingjun/ip.git",
        "repoName": "ip",
        "organization": "homingjun"
      },
      "branch": "master",
      "displayName": "homingjun/ip[master]",
      "outputFolderName": "homingjun_ip_master"
    },
    {
      "location": {
        "location": "https://github.com/theopin/ip.git",
        "repoName": "ip",
        "organization": "theopin"
      },
      "branch": "master",
      "displayName": "theopin/ip[master]",
      "outputFolderName": "theopin_ip_master"
    },
    {
      "location": {
        "location": "https://github.com/Khenus/ip.git",
        "repoName": "ip",
        "organization": "Khenus"
      },
      "branch": "master",
      "displayName": "Khenus/ip[master]",
      "outputFolderName": "Khenus_ip_master"
    },
    {
      "location": {
        "location": "https://github.com/AndreWongZH/ip.git",
        "repoName": "ip",
        "organization": "AndreWongZH"
      },
      "branch": "master",
      "displayName": "AndreWongZH/ip[master]",
      "outputFolderName": "AndreWongZH_ip_master"
    },
    {
      "location": {
        "location": "https://github.com/dojh111/ip.git",
        "repoName": "ip",
        "organization": "dojh111"
      },
      "branch": "master",
      "displayName": "dojh111/ip[master]",
      "outputFolderName": "dojh111_ip_master"
    },
    {
      "location": {
        "location": "https://github.com/harryleecp/ip.git",
        "repoName": "ip",
        "organization": "harryleecp"
      },
      "branch": "master",
      "displayName": "harryleecp/ip[master]",
      "outputFolderName": "harryleecp_ip_master"
    },
    {
      "location": {
        "location": "https://github.com/brandontoh/ip.git",
        "repoName": "ip",
        "organization": "brandontoh"
      },
      "branch": "master",
      "displayName": "brandontoh/ip[master]",
      "outputFolderName": "brandontoh_ip_master"
    },
    {
      "location": {
        "location": "https://github.com/slightlyharp/ip.git",
        "repoName": "ip",
        "organization": "slightlyharp"
      },
      "branch": "master",
      "displayName": "slightlyharp/ip[master]",
      "outputFolderName": "slightlyharp_ip_master"
    },
    {
      "location": {
        "location": "https://github.com/madbeez/ip.git",
        "repoName": "ip",
        "organization": "madbeez"
      },
      "branch": "master",
      "displayName": "madbeez/ip[master]",
      "outputFolderName": "madbeez_ip_master"
    },
    {
      "location": {
        "location": "https://github.com/josephhhhhhhhh/ip.git",
        "repoName": "ip",
        "organization": "josephhhhhhhhh"
      },
      "branch": "master",
      "displayName": "josephhhhhhhhh/ip[master]",
      "outputFolderName": "josephhhhhhhhh_ip_master"
    },
    {
      "location": {
        "location": "https://github.com/EdmundEXE/ip.git",
        "repoName": "ip",
        "organization": "EdmundEXE"
      },
      "branch": "master",
      "displayName": "EdmundEXE/ip[master]",
      "outputFolderName": "EdmundEXE_ip_master"
    },
    {
      "location": {
        "location": "https://github.com/mrwsy1/ip.git",
        "repoName": "ip",
        "organization": "mrwsy1"
      },
      "branch": "master",
      "displayName": "mrwsy1/ip[master]",
      "outputFolderName": "mrwsy1_ip_master"
    },
    {
      "location": {
        "location": "https://github.com/BenardoTang/ip.git",
        "repoName": "ip",
        "organization": "BenardoTang"
      },
      "branch": "master",
      "displayName": "BenardoTang/ip[master]",
      "outputFolderName": "BenardoTang_ip_master"
    },
    {
      "location": {
        "location": "https://github.com/Bryanbeh1998/ip.git",
        "repoName": "ip",
        "organization": "Bryanbeh1998"
      },
      "branch": "master",
      "displayName": "Bryanbeh1998/ip[master]",
      "outputFolderName": "Bryanbeh1998_ip_master"
    },
    {
      "location": {
        "location": "https://github.com/yujinyang1998/ip.git",
        "repoName": "ip",
        "organization": "yujinyang1998"
      },
      "branch": "master",
      "displayName": "yujinyang1998/ip[master]",
      "outputFolderName": "yujinyang1998_ip_master"
    },
    {
      "location": {
        "location": "https://github.com/chewyang/ip.git",
        "repoName": "ip",
        "organization": "chewyang"
      },
      "branch": "master",
      "displayName": "chewyang/ip[master]",
      "outputFolderName": "chewyang_ip_master"
    },
    {
      "location": {
        "location": "https://github.com/Darticune/ip.git",
        "repoName": "ip",
        "organization": "Darticune"
      },
      "branch": "master",
      "displayName": "Darticune/ip[master]",
      "outputFolderName": "Darticune_ip_master"
    },
    {
      "location": {
        "location": "https://github.com/yAOwzers/ip.git",
        "repoName": "ip",
        "organization": "yAOwzers"
      },
      "branch": "master",
      "displayName": "yAOwzers/ip[master]",
      "outputFolderName": "yAOwzers_ip_master"
    },
    {
      "location": {
        "location": "https://github.com/KennethEer/ip.git",
        "repoName": "ip",
        "organization": "KennethEer"
      },
      "branch": "master",
      "displayName": "KennethEer/ip[master]",
      "outputFolderName": "KennethEer_ip_master"
    },
    {
      "location": {
        "location": "https://github.com/Aseanseen/ip.git",
        "repoName": "ip",
        "organization": "Aseanseen"
      },
      "branch": "master",
      "displayName": "Aseanseen/ip[master]",
      "outputFolderName": "Aseanseen_ip_master"
    },
    {
      "location": {
        "location": "https://github.com/durianpancakes/ip.git",
        "repoName": "ip",
        "organization": "durianpancakes"
      },
      "branch": "master",
      "displayName": "durianpancakes/ip[master]",
      "outputFolderName": "durianpancakes_ip_master"
    },
    {
      "location": {
        "location": "https://github.com/sixletters/ip.git",
        "repoName": "ip",
        "organization": "sixletters"
      },
      "branch": "master",
      "displayName": "sixletters/ip[master]",
      "outputFolderName": "sixletters_ip_master"
    },
    {
      "location": {
        "location": "https://github.com/CFZeon/ip.git",
        "repoName": "ip",
        "organization": "CFZeon"
      },
      "branch": "master",
      "displayName": "CFZeon/ip[master]",
      "outputFolderName": "CFZeon_ip_master"
    },
    {
      "location": {
        "location": "https://github.com/ShawnTanzc/ip.git",
        "repoName": "ip",
        "organization": "ShawnTanzc"
      },
      "branch": "master",
      "displayName": "ShawnTanzc/ip[master]",
      "outputFolderName": "ShawnTanzc_ip_master"
    },
    {
      "location": {
        "location": "https://github.com/Zhi-You/ip.git",
        "repoName": "ip",
        "organization": "Zhi-You"
      },
      "branch": "master",
      "displayName": "Zhi-You/ip[master]",
      "outputFolderName": "Zhi-You_ip_master"
    },
    {
      "location": {
        "location": "https://github.com/TYS0n1/ip.git",
        "repoName": "ip",
        "organization": "TYS0n1"
      },
      "branch": "master",
      "displayName": "TYS0n1/ip[master]",
      "outputFolderName": "TYS0n1_ip_master"
    },
    {
      "location": {
        "location": "https://github.com/e0406981/ip.git",
        "repoName": "ip",
        "organization": "e0406981"
      },
      "branch": "master",
      "displayName": "e0406981/ip[master]",
      "outputFolderName": "e0406981_ip_master"
    },
    {
      "location": {
        "location": "https://github.com/daniellimzj/ip.git",
        "repoName": "ip",
        "organization": "daniellimzj"
      },
      "branch": "master",
      "displayName": "daniellimzj/ip[master]",
      "outputFolderName": "daniellimzj_ip_master"
    },
    {
      "location": {
        "location": "https://github.com/tengkianen/ip.git",
        "repoName": "ip",
        "organization": "tengkianen"
      },
      "branch": "master",
      "displayName": "tengkianen/ip[master]",
      "outputFolderName": "tengkianen_ip_master"
    },
    {
      "location": {
        "location": "https://github.com/thngyuxuan/ip.git",
        "repoName": "ip",
        "organization": "thngyuxuan"
      },
      "branch": "master",
      "displayName": "thngyuxuan/ip[master]",
      "outputFolderName": "thngyuxuan_ip_master"
    },
    {
      "location": {
        "location": "https://github.com/f0fz/ip.git",
        "repoName": "ip",
        "organization": "f0fz"
      },
      "branch": "master",
      "displayName": "f0fz/ip[master]",
      "outputFolderName": "f0fz_ip_master"
    },
    {
      "location": {
        "location": "https://github.com/keke101/ip.git",
        "repoName": "ip",
        "organization": "keke101"
      },
      "branch": "master",
      "displayName": "keke101/ip[master]",
      "outputFolderName": "keke101_ip_master"
    },
    {
      "location": {
        "location": "https://github.com/ChanJianHao/ip.git",
        "repoName": "ip",
        "organization": "ChanJianHao"
      },
      "branch": "master",
      "displayName": "ChanJianHao/ip[master]",
      "outputFolderName": "ChanJianHao_ip_master"
    },
    {
      "location": {
        "location": "https://github.com/OngDeZhi/ip.git",
        "repoName": "ip",
        "organization": "OngDeZhi"
      },
      "branch": "master",
      "displayName": "OngDeZhi/ip[master]",
      "outputFolderName": "OngDeZhi_ip_master"
    },
    {
      "location": {
        "location": "https://github.com/yuen-sihao/ip.git",
        "repoName": "ip",
        "organization": "yuen-sihao"
      },
      "branch": "master",
      "displayName": "yuen-sihao/ip[master]",
      "outputFolderName": "yuen-sihao_ip_master"
    },
    {
      "location": {
        "location": "https://github.com/nat-ho/ip.git",
        "repoName": "ip",
        "organization": "nat-ho"
      },
      "branch": "master",
      "displayName": "nat-ho/ip[master]",
      "outputFolderName": "nat-ho_ip_master"
    },
    {
      "location": {
        "location": "https://github.com/JohnNub/ip.git",
        "repoName": "ip",
        "organization": "JohnNub"
      },
      "branch": "master",
      "displayName": "JohnNub/ip[master]",
      "outputFolderName": "JohnNub_ip_master"
    },
    {
      "location": {
        "location": "https://github.com/chocomango/ip.git",
        "repoName": "ip",
        "organization": "chocomango"
      },
      "branch": "master",
      "displayName": "chocomango/ip[master]",
      "outputFolderName": "chocomango_ip_master"
    },
    {
      "location": {
        "location": "https://github.com/n3wsoldier/ip.git",
        "repoName": "ip",
        "organization": "n3wsoldier"
      },
      "branch": "master",
      "displayName": "n3wsoldier/ip[master]",
      "outputFolderName": "n3wsoldier_ip_master"
    },
    {
      "location": {
        "location": "https://github.com/oasisbeatle/ip.git",
        "repoName": "ip",
        "organization": "oasisbeatle"
      },
      "branch": "master",
      "displayName": "oasisbeatle/ip[master]",
      "outputFolderName": "oasisbeatle_ip_master"
    },
    {
      "location": {
        "location": "https://github.com/wish2023/ip.git",
        "repoName": "ip",
        "organization": "wish2023"
      },
      "branch": "master",
      "displayName": "wish2023/ip[master]",
      "outputFolderName": "wish2023_ip_master"
    },
    {
      "location": {
        "location": "https://github.com/mhchan163/ip.git",
        "repoName": "ip",
        "organization": "mhchan163"
      },
      "branch": "master",
      "displayName": "mhchan163/ip[master]",
      "outputFolderName": "mhchan163_ip_master"
    },
    {
      "location": {
        "location": "https://github.com/EthanWong2212/ip.git",
        "repoName": "ip",
        "organization": "EthanWong2212"
      },
      "branch": "master",
      "displayName": "EthanWong2212/ip[master]",
      "outputFolderName": "EthanWong2212_ip_master"
    },
    {
      "location": {
        "location": "https://github.com/rashien3/ip.git",
        "repoName": "ip",
        "organization": "rashien3"
      },
      "branch": "master",
      "displayName": "rashien3/ip[master]",
      "outputFolderName": "rashien3_ip_master"
    },
    {
      "location": {
        "location": "https://github.com/longngng/ip.git",
        "repoName": "ip",
        "organization": "longngng"
      },
      "branch": "master",
      "displayName": "longngng/ip[master]",
      "outputFolderName": "longngng_ip_master"
    },
    {
      "location": {
        "location": "https://github.com/Promethees/ip.git",
        "repoName": "ip",
        "organization": "Promethees"
      },
      "branch": "master",
      "displayName": "Promethees/ip[master]",
      "outputFolderName": "Promethees_ip_master"
    },
    {
      "location": {
        "location": "https://github.com/felixhalim/ip.git",
        "repoName": "ip",
        "organization": "felixhalim"
      },
      "branch": "master",
      "displayName": "felixhalim/ip[master]",
      "outputFolderName": "felixhalim_ip_master"
    },
    {
      "location": {
        "location": "https://github.com/samuelchristopher/ip.git",
        "repoName": "ip",
        "organization": "samuelchristopher"
      },
      "branch": "master",
      "displayName": "samuelchristopher/ip[master]",
      "outputFolderName": "samuelchristopher_ip_master"
    },
    {
      "location": {
        "location": "https://github.com/hungvo0603/ip.git",
        "repoName": "ip",
        "organization": "hungvo0603"
      },
      "branch": "master",
      "displayName": "hungvo0603/ip[master]",
      "outputFolderName": "hungvo0603_ip_master"
    },
    {
      "location": {
        "location": "https://github.com/fchensan/ip.git",
        "repoName": "ip",
        "organization": "fchensan"
      },
      "branch": "master",
      "displayName": "fchensan/ip[master]",
      "outputFolderName": "fchensan_ip_master"
    },
    {
      "location": {
        "location": "https://github.com/sugandha929/ip.git",
        "repoName": "ip",
        "organization": "sugandha929"
      },
      "branch": "master",
      "displayName": "sugandha929/ip[master]",
      "outputFolderName": "sugandha929_ip_master"
    },
    {
      "location": {
        "location": "https://github.com/domaxi/ip.git",
        "repoName": "ip",
        "organization": "domaxi"
      },
      "branch": "master",
      "displayName": "domaxi/ip[master]",
      "outputFolderName": "domaxi_ip_master"
    },
    {
      "location": {
        "location": "https://github.com/jusufnathanael/ip.git",
        "repoName": "ip",
        "organization": "jusufnathanael"
      },
      "branch": "master",
      "displayName": "jusufnathanael/ip[master]",
      "outputFolderName": "jusufnathanael_ip_master"
    },
    {
      "location": {
        "location": "https://github.com/adhy-p/ip.git",
        "repoName": "ip",
        "organization": "adhy-p"
      },
      "branch": "master",
      "displayName": "adhy-p/ip[master]",
      "outputFolderName": "adhy-p_ip_master"
    },
    {
      "location": {
        "location": "https://github.com/ivanderjmw/ip.git",
        "repoName": "ip",
        "organization": "ivanderjmw"
      },
      "branch": "master",
      "displayName": "ivanderjmw/ip[master]",
      "outputFolderName": "ivanderjmw_ip_master"
    },
    {
      "location": {
        "location": "https://github.com/CookieHoodie/ip.git",
        "repoName": "ip",
        "organization": "CookieHoodie"
      },
      "branch": "master",
      "displayName": "CookieHoodie/ip[master]",
      "outputFolderName": "CookieHoodie_ip_master"
    },
    {
      "location": {
        "location": "https://github.com/gua-guargia/ip.git",
        "repoName": "ip",
        "organization": "gua-guargia"
      },
      "branch": "master",
      "displayName": "gua-guargia/ip[master]",
      "outputFolderName": "gua-guargia_ip_master"
    },
    {
      "location": {
        "location": "https://github.com/farice9/ip.git",
        "repoName": "ip",
        "organization": "farice9"
      },
      "branch": "master",
      "displayName": "farice9/ip[master]",
      "outputFolderName": "farice9_ip_master"
    },
    {
      "location": {
        "location": "https://github.com/neilbaner/ip.git",
        "repoName": "ip",
        "organization": "neilbaner"
      },
      "branch": "master",
      "displayName": "neilbaner/ip[master]",
      "outputFolderName": "neilbaner_ip_master"
    },
    {
      "location": {
        "location": "https://github.com/abnermtj/ip.git",
        "repoName": "ip",
        "organization": "abnermtj"
      },
      "branch": "master",
      "displayName": "abnermtj/ip[master]",
      "outputFolderName": "abnermtj_ip_master"
    },
    {
      "location": {
        "location": "https://github.com/lhydl/ip.git",
        "repoName": "ip",
        "organization": "lhydl"
      },
      "branch": "master",
      "displayName": "lhydl/ip[master]",
      "outputFolderName": "lhydl_ip_master"
    },
    {
      "location": {
        "location": "https://github.com/EyoWeiChin/ip.git",
        "repoName": "ip",
        "organization": "EyoWeiChin"
      },
      "branch": "master",
      "displayName": "EyoWeiChin/ip[master]",
      "outputFolderName": "EyoWeiChin_ip_master"
    },
    {
      "location": {
        "location": "https://github.com/xuche123/ip.git",
        "repoName": "ip",
        "organization": "xuche123"
      },
      "branch": "master",
      "displayName": "xuche123/ip[master]",
      "outputFolderName": "xuche123_ip_master"
    },
    {
      "location": {
        "location": "https://github.com/gohsonghan98/ip.git",
        "repoName": "ip",
        "organization": "gohsonghan98"
      },
      "branch": "master",
      "displayName": "gohsonghan98/ip[master]",
      "outputFolderName": "gohsonghan98_ip_master"
    },
    {
      "location": {
        "location": "https://github.com/syncode98/ip.git",
        "repoName": "ip",
        "organization": "syncode98"
      },
      "branch": "master",
      "displayName": "syncode98/ip[master]",
      "outputFolderName": "syncode98_ip_master"
    },
    {
      "location": {
        "location": "https://github.com/jerichochua/ip.git",
        "repoName": "ip",
        "organization": "jerichochua"
      },
      "branch": "master",
      "displayName": "jerichochua/ip[master]",
      "outputFolderName": "jerichochua_ip_master"
    },
    {
      "location": {
        "location": "https://github.com/marcursor/ip.git",
        "repoName": "ip",
        "organization": "marcursor"
      },
      "branch": "master",
      "displayName": "marcursor/ip[master]",
      "outputFolderName": "marcursor_ip_master"
    },
    {
      "location": {
        "location": "https://github.com/xingrong123/ip.git",
        "repoName": "ip",
        "organization": "xingrong123"
      },
      "branch": "master",
      "displayName": "xingrong123/ip[master]",
      "outputFolderName": "xingrong123_ip_master"
    },
    {
      "location": {
        "location": "https://github.com/Reinbowl/ip.git",
        "repoName": "ip",
        "organization": "Reinbowl"
      },
      "branch": "master",
      "displayName": "Reinbowl/ip[master]",
      "outputFolderName": "Reinbowl_ip_master"
    },
    {
      "location": {
        "location": "https://github.com/tobiasceg/ip.git",
        "repoName": "ip",
        "organization": "tobiasceg"
      },
      "branch": "master",
      "displayName": "tobiasceg/ip[master]",
      "outputFolderName": "tobiasceg_ip_master"
    },
    {
      "location": {
        "location": "https://github.com/JuZihao/ip.git",
        "repoName": "ip",
        "organization": "JuZihao"
      },
      "branch": "master",
      "displayName": "JuZihao/ip[master]",
      "outputFolderName": "JuZihao_ip_master"
    },
    {
      "location": {
        "location": "https://github.com/jerroldlam/ip.git",
        "repoName": "ip",
        "organization": "jerroldlam"
      },
      "branch": "master",
      "displayName": "jerroldlam/ip[master]",
      "outputFolderName": "jerroldlam_ip_master"
    },
    {
      "location": {
        "location": "https://github.com/alstontham/ip.git",
        "repoName": "ip",
        "organization": "alstontham"
      },
      "branch": "master",
      "displayName": "alstontham/ip[master]",
      "outputFolderName": "alstontham_ip_master"
    },
    {
      "location": {
        "location": "https://github.com/dozenmatter/ip.git",
        "repoName": "ip",
        "organization": "dozenmatter"
      },
      "branch": "master",
      "displayName": "dozenmatter/ip[master]",
      "outputFolderName": "dozenmatter_ip_master"
    },
    {
      "location": {
        "location": "https://github.com/ninggggx99/ip.git",
        "repoName": "ip",
        "organization": "ninggggx99"
      },
      "branch": "master",
      "displayName": "ninggggx99/ip[master]",
      "outputFolderName": "ninggggx99_ip_master"
    },
    {
      "location": {
        "location": "https://github.com/0xZ3RO/ip.git",
        "repoName": "ip",
        "organization": "0xZ3RO"
      },
      "branch": "master",
      "displayName": "0xZ3RO/ip[master]",
      "outputFolderName": "0xZ3RO_ip_master"
    },
    {
      "location": {
        "location": "https://github.com/neojiaern/ip.git",
        "repoName": "ip",
        "organization": "neojiaern"
      },
      "branch": "master",
      "displayName": "neojiaern/ip[master]",
      "outputFolderName": "neojiaern_ip_master"
    },
    {
      "location": {
        "location": "https://github.com/Jane-Ng/ip.git",
        "repoName": "ip",
        "organization": "Jane-Ng"
      },
      "branch": "master",
      "displayName": "Jane-Ng/ip[master]",
      "outputFolderName": "Jane-Ng_ip_master"
    },
    {
      "location": {
        "location": "https://github.com/Jingming517/ip.git",
        "repoName": "ip",
        "organization": "Jingming517"
      },
      "branch": "master",
      "displayName": "Jingming517/ip[master]",
      "outputFolderName": "Jingming517_ip_master"
    },
    {
      "location": {
        "location": "https://github.com/johan9se/ip.git",
        "repoName": "ip",
        "organization": "johan9se"
      },
      "branch": "master",
      "displayName": "johan9se/ip[master]",
      "outputFolderName": "johan9se_ip_master"
    },
    {
      "location": {
        "location": "https://github.com/killingbear999/ip.git",
        "repoName": "ip",
        "organization": "killingbear999"
      },
      "branch": "master",
      "displayName": "killingbear999/ip[master]",
      "outputFolderName": "killingbear999_ip_master"
    },
    {
      "location": {
        "location": "https://github.com/Lee-Juntong/ip.git",
        "repoName": "ip",
        "organization": "Lee-Juntong"
      },
      "branch": "master",
      "displayName": "Lee-Juntong/ip[master]",
      "outputFolderName": "Lee-Juntong_ip_master"
    },
    {
      "location": {
        "location": "https://github.com/anqi20/ip.git",
        "repoName": "ip",
        "organization": "anqi20"
      },
      "branch": "master",
      "displayName": "anqi20/ip[master]",
      "outputFolderName": "anqi20_ip_master"
    },
    {
      "location": {
        "location": "https://github.com/matthewgani/ip.git",
        "repoName": "ip",
        "organization": "matthewgani"
      },
      "branch": "master",
      "displayName": "matthewgani/ip[master]",
      "outputFolderName": "matthewgani_ip_master"
    },
    {
      "location": {
        "location": "https://github.com/chloesyy/ip.git",
        "repoName": "ip",
        "organization": "chloesyy"
      },
      "branch": "master",
      "displayName": "chloesyy/ip[master]",
      "outputFolderName": "chloesyy_ip_master"
    },
    {
      "location": {
        "location": "https://github.com/amanda-chua/ip.git",
        "repoName": "ip",
        "organization": "amanda-chua"
      },
      "branch": "master",
      "displayName": "amanda-chua/ip[master]",
      "outputFolderName": "amanda-chua_ip_master"
    },
    {
      "location": {
        "location": "https://github.com/Lusi711/ip.git",
        "repoName": "ip",
        "organization": "Lusi711"
      },
      "branch": "master",
      "displayName": "Lusi711/ip[master]",
      "outputFolderName": "Lusi711_ip_master"
    },
    {
      "location": {
        "location": "https://github.com/weishuangtan/ip.git",
        "repoName": "ip",
        "organization": "weishuangtan"
      },
      "branch": "master",
      "displayName": "weishuangtan/ip[master]",
      "outputFolderName": "weishuangtan_ip_master"
    },
    {
      "location": {
        "location": "https://github.com/AmeliaTYR/ip.git",
        "repoName": "ip",
        "organization": "AmeliaTYR"
      },
      "branch": "master",
      "displayName": "AmeliaTYR/ip[master]",
      "outputFolderName": "AmeliaTYR_ip_master"
    },
    {
      "location": {
        "location": "https://github.com/lunzard/ip.git",
        "repoName": "ip",
        "organization": "lunzard"
      },
      "branch": "master",
      "displayName": "lunzard/ip[master]",
      "outputFolderName": "lunzard_ip_master"
    },
    {
      "location": {
        "location": "https://github.com/yeyutong811/ip.git",
        "repoName": "ip",
        "organization": "yeyutong811"
      },
      "branch": "master",
      "displayName": "yeyutong811/ip[master]",
      "outputFolderName": "yeyutong811_ip_master"
    },
    {
      "location": {
        "location": "https://github.com/amalinasani/ip.git",
        "repoName": "ip",
        "organization": "amalinasani"
      },
      "branch": "master",
      "displayName": "amalinasani/ip[master]",
      "outputFolderName": "amalinasani_ip_master"
    },
    {
      "location": {
        "location": "https://github.com/Lezn0/ip.git",
        "repoName": "ip",
        "organization": "Lezn0"
      },
      "branch": "master",
      "displayName": "Lezn0/ip[master]",
      "outputFolderName": "Lezn0_ip_master"
    },
    {
      "location": {
        "location": "https://github.com/xieyaoyue/ip.git",
        "repoName": "ip",
        "organization": "xieyaoyue"
      },
      "branch": "master",
      "displayName": "xieyaoyue/ip[master]",
      "outputFolderName": "xieyaoyue_ip_master"
    },
    {
      "location": {
        "location": "https://github.com/vanessa-kang/ip.git",
        "repoName": "ip",
        "organization": "vanessa-kang"
      },
      "branch": "master",
      "displayName": "vanessa-kang/ip[master]",
      "outputFolderName": "vanessa-kang_ip_master"
    },
    {
      "location": {
        "location": "https://github.com/Varsha3006/ip.git",
        "repoName": "ip",
        "organization": "Varsha3006"
      },
      "branch": "master",
      "displayName": "Varsha3006/ip[master]",
      "outputFolderName": "Varsha3006_ip_master"
    },
    {
      "location": {
        "location": "https://github.com/elizabethcwt/ip.git",
        "repoName": "ip",
        "organization": "elizabethcwt"
      },
      "branch": "master",
      "displayName": "elizabethcwt/ip[master]",
      "outputFolderName": "elizabethcwt_ip_master"
    },
    {
      "location": {
        "location": "https://github.com/chuckiex3/ip.git",
        "repoName": "ip",
        "organization": "chuckiex3"
      },
      "branch": "master",
      "displayName": "chuckiex3/ip[master]",
      "outputFolderName": "chuckiex3_ip_master"
    },
    {
      "location": {
        "location": "https://github.com/AliciaHo/ip.git",
        "repoName": "ip",
        "organization": "AliciaHo"
      },
      "branch": "master",
      "displayName": "AliciaHo/ip[master]",
      "outputFolderName": "AliciaHo_ip_master"
    },
    {
      "location": {
        "location": "https://github.com/jlifah/ip.git",
        "repoName": "ip",
        "organization": "jlifah"
      },
      "branch": "master",
      "displayName": "jlifah/ip[master]",
      "outputFolderName": "jlifah_ip_master"
    },
    {
      "location": {
        "location": "https://github.com/jessicazhang617/ip.git",
        "repoName": "ip",
        "organization": "jessicazhang617"
      },
      "branch": "master",
      "displayName": "jessicazhang617/ip[master]",
      "outputFolderName": "jessicazhang617_ip_master"
    },
    {
      "location": {
        "location": "https://github.com/pinfang/ip.git",
        "repoName": "ip",
        "organization": "pinfang"
      },
      "branch": "master",
      "displayName": "pinfang/ip[master]",
      "outputFolderName": "pinfang_ip_master"
    },
    {
      "location": {
        "location": "https://github.com/hui444/ip.git",
        "repoName": "ip",
        "organization": "hui444"
      },
      "branch": "master",
      "displayName": "hui444/ip[master]",
      "outputFolderName": "hui444_ip_master"
    },
    {
      "location": {
        "location": "https://github.com/jiaaaqi/ip.git",
        "repoName": "ip",
        "organization": "jiaaaqi"
      },
      "branch": "master",
      "displayName": "jiaaaqi/ip[master]",
      "outputFolderName": "jiaaaqi_ip_master"
    },
    {
      "location": {
        "location": "https://github.com/e0425705/ip.git",
        "repoName": "ip",
        "organization": "e0425705"
      },
      "branch": "master",
      "displayName": "e0425705/ip[master]",
      "outputFolderName": "e0425705_ip_master"
    },
    {
      "location": {
        "location": "https://github.com/samuellleow/ip.git",
        "repoName": "ip",
        "organization": "samuellleow"
      },
      "branch": "master",
      "displayName": "samuellleow/ip[master]",
      "outputFolderName": "samuellleow_ip_master"
    },
    {
      "location": {
        "location": "https://github.com/hailqueenflo/ip.git",
        "repoName": "ip",
        "organization": "hailqueenflo"
      },
      "branch": "master",
      "displayName": "hailqueenflo/ip[master]",
      "outputFolderName": "hailqueenflo_ip_master"
    },
    {
      "location": {
        "location": "https://github.com/LIU-YiFeng-1/ip.git",
        "repoName": "ip",
        "organization": "LIU-YiFeng-1"
      },
      "branch": "master",
      "displayName": "LIU-YiFeng-1/ip[master]",
      "outputFolderName": "LIU-YiFeng-1_ip_master"
    },
    {
      "location": {
        "location": "https://github.com/max-wunan/ip.git",
        "repoName": "ip",
        "organization": "max-wunan"
      },
      "branch": "master",
      "displayName": "max-wunan/ip[master]",
      "outputFolderName": "max-wunan_ip_master"
    },
    {
      "location": {
        "location": "https://github.com/jialerk/ip.git",
        "repoName": "ip",
        "organization": "jialerk"
      },
      "branch": "master",
      "displayName": "jialerk/ip[master]",
      "outputFolderName": "jialerk_ip_master"
    },
    {
      "location": {
        "location": "https://github.com/shikai-zhou/ip.git",
        "repoName": "ip",
        "organization": "shikai-zhou"
      },
      "branch": "master",
      "displayName": "shikai-zhou/ip[master]",
      "outputFolderName": "shikai-zhou_ip_master"
    },
    {
      "location": {
        "location": "https://github.com/e0426051/ip.git",
        "repoName": "ip",
        "organization": "e0426051"
      },
      "branch": "master",
      "displayName": "e0426051/ip[master]",
      "outputFolderName": "e0426051_ip_master"
    },
    {
      "location": {
        "location": "https://github.com/joelngyx/ip.git",
        "repoName": "ip",
        "organization": "joelngyx"
      },
      "branch": "master",
      "displayName": "joelngyx/ip[master]",
      "outputFolderName": "joelngyx_ip_master"
    },
    {
      "location": {
        "location": "https://github.com/limgl1998/ip.git",
        "repoName": "ip",
        "organization": "limgl1998"
      },
      "branch": "master",
      "displayName": "limgl1998/ip[master]",
      "outputFolderName": "limgl1998_ip_master"
    },
    {
      "location": {
        "location": "https://github.com/czlin98/ip.git",
        "repoName": "ip",
        "organization": "czlin98"
      },
      "branch": "master",
      "displayName": "czlin98/ip[master]",
      "outputFolderName": "czlin98_ip_master"
    },
    {
      "location": {
        "location": "https://github.com/imhm/ip.git",
        "repoName": "ip",
        "organization": "imhm"
      },
      "branch": "master",
      "displayName": "imhm/ip[master]",
      "outputFolderName": "imhm_ip_master"
    },
    {
      "location": {
        "location": "https://github.com/Speedweener/ip.git",
        "repoName": "ip",
        "organization": "Speedweener"
      },
      "branch": "master",
      "displayName": "Speedweener/ip[master]",
      "outputFolderName": "Speedweener_ip_master"
    },
    {
      "location": {
        "location": "https://github.com/lingsihui/ip.git",
        "repoName": "ip",
        "organization": "lingsihui"
      },
      "branch": "master",
      "displayName": "lingsihui/ip[master]",
      "outputFolderName": "lingsihui_ip_master"
    },
    {
      "location": {
        "location": "https://github.com/tienkhoa16/ip.git",
        "repoName": "ip",
        "organization": "tienkhoa16"
      },
      "branch": "master",
      "displayName": "tienkhoa16/ip[master]",
      "outputFolderName": "tienkhoa16_ip_master"
    },
    {
      "location": {
        "location": "https://github.com/wamikamalik/ip.git",
        "repoName": "ip",
        "organization": "wamikamalik"
      },
      "branch": "master",
      "displayName": "wamikamalik/ip[master]",
      "outputFolderName": "wamikamalik_ip_master"
    },
    {
      "location": {
        "location": "https://github.com/arindamshivatrip/ip.git",
        "repoName": "ip",
        "organization": "arindamshivatrip"
      },
      "branch": "master",
      "displayName": "arindamshivatrip/ip[master]",
      "outputFolderName": "arindamshivatrip_ip_master"
    },
    {
      "location": {
        "location": "https://github.com/gmit22/ip.git",
        "repoName": "ip",
        "organization": "gmit22"
      },
      "branch": "master",
      "displayName": "gmit22/ip[master]",
      "outputFolderName": "gmit22_ip_master"
    },
    {
      "location": {
        "location": "https://github.com/shreytheshreyas/ip.git",
        "repoName": "ip",
        "organization": "shreytheshreyas"
      },
      "branch": "master",
      "displayName": "shreytheshreyas/ip[master]",
      "outputFolderName": "shreytheshreyas_ip_master"
    },
    {
      "location": {
        "location": "https://github.com/DesmondKJL/ip.git",
        "repoName": "ip",
        "organization": "DesmondKJL"
      },
      "branch": "master",
      "displayName": "DesmondKJL/ip[master]",
      "outputFolderName": "DesmondKJL_ip_master"
    },
    {
      "location": {
        "location": "https://github.com/poonchuanan/ip.git",
        "repoName": "ip",
        "organization": "poonchuanan"
      },
      "branch": "master",
      "displayName": "poonchuanan/ip[master]",
      "outputFolderName": "poonchuanan_ip_master"
    },
    {
      "location": {
        "location": "https://github.com/sevenseasofbri/ip.git",
        "repoName": "ip",
        "organization": "sevenseasofbri"
      },
      "branch": "master",
      "displayName": "sevenseasofbri/ip[master]",
      "outputFolderName": "sevenseasofbri_ip_master"
    },
    {
      "location": {
        "location": "https://github.com/Johnson-Yee/ip.git",
        "repoName": "ip",
        "organization": "Johnson-Yee"
      },
      "branch": "master",
      "displayName": "Johnson-Yee/ip[master]",
      "outputFolderName": "Johnson-Yee_ip_master"
    },
    {
      "location": {
        "location": "https://github.com/Wu-Haitao/ip.git",
        "repoName": "ip",
        "organization": "Wu-Haitao"
      },
      "branch": "master",
      "displayName": "Wu-Haitao/ip[master]",
      "outputFolderName": "Wu-Haitao_ip_master"
    },
    {
      "location": {
        "location": "https://github.com/gy716/ip.git",
        "repoName": "ip",
        "organization": "gy716"
      },
      "branch": "master",
      "displayName": "gy716/ip[master]",
      "outputFolderName": "gy716_ip_master"
    },
    {
      "location": {
        "location": "https://github.com/wgzesg/ip.git",
        "repoName": "ip",
        "organization": "wgzesg"
      },
      "branch": "master",
      "displayName": "wgzesg/ip[master]",
      "outputFolderName": "wgzesg_ip_master"
    }
  ],
  "errorList": [],
  "sinceDate": "2020-08-14",
  "untilDate": "2020-09-13",
  "isSinceDateProvided": true,
  "isUntilDateProvided": false
}
