[
  {
    "path": "src/main/java/duke/Duke.java",
    "fileType": "java",
    "lines": [
      {
        "lineNumber": 1,
        "author": {
          "gitId": "hui444"
        },
        "content": "package duke;"
      },
      {
        "lineNumber": 2,
        "author": {
          "gitId": "hui444"
        },
        "content": ""
      },
      {
        "lineNumber": 3,
        "author": {
          "gitId": "hui444"
        },
        "content": "import duke.exceptions.DukeException;"
      },
      {
        "lineNumber": 4,
        "author": {
          "gitId": "hui444"
        },
        "content": "import duke.tasks.Deadline;"
      },
      {
        "lineNumber": 5,
        "author": {
          "gitId": "hui444"
        },
        "content": "import duke.tasks.Event;"
      },
      {
        "lineNumber": 6,
        "author": {
          "gitId": "hui444"
        },
        "content": "import duke.tasks.Task;"
      },
      {
        "lineNumber": 7,
        "author": {
          "gitId": "hui444"
        },
        "content": "import duke.tasks.ToDo;"
      },
      {
        "lineNumber": 8,
        "author": {
          "gitId": "hui444"
        },
        "content": ""
      },
      {
        "lineNumber": 9,
        "author": {
          "gitId": "hui444"
        },
        "content": "import java.util.Scanner;"
      },
      {
        "lineNumber": 10,
        "author": {
          "gitId": "hui444"
        },
        "content": ""
      },
      {
        "lineNumber": 11,
        "author": {
          "gitId": "hui444"
        },
        "content": "public class Duke {"
      },
      {
        "lineNumber": 12,
        "author": {
          "gitId": "hui444"
        },
        "content": "    private static final String COMMAND_LIST \u003d \"list\";"
      },
      {
        "lineNumber": 13,
        "author": {
          "gitId": "hui444"
        },
        "content": "    private static final String COMMAND_TODO \u003d \"todo\";"
      },
      {
        "lineNumber": 14,
        "author": {
          "gitId": "hui444"
        },
        "content": "    private static final String COMMAND_DEADLINE \u003d \"deadline\";"
      },
      {
        "lineNumber": 15,
        "author": {
          "gitId": "hui444"
        },
        "content": "    private static final String COMMAND_EVENT \u003d \"event\";"
      },
      {
        "lineNumber": 16,
        "author": {
          "gitId": "hui444"
        },
        "content": "    private static final String COMMAND_DONE \u003d \"done\";"
      },
      {
        "lineNumber": 17,
        "author": {
          "gitId": "hui444"
        },
        "content": "    private static final String COMMAND_BYE \u003d \"bye\";"
      },
      {
        "lineNumber": 18,
        "author": {
          "gitId": "hui444"
        },
        "content": ""
      },
      {
        "lineNumber": 19,
        "author": {
          "gitId": "hui444"
        },
        "content": "    private static final int MAX_TASKS \u003d 100;"
      },
      {
        "lineNumber": 20,
        "author": {
          "gitId": "hui444"
        },
        "content": ""
      },
      {
        "lineNumber": 21,
        "author": {
          "gitId": "hui444"
        },
        "content": "    private static final String MESSAGE_GREET_SIGN \u003d \"____________________________________________________________\\n\""
      },
      {
        "lineNumber": 22,
        "author": {
          "gitId": "hui444"
        },
        "content": "            + \"Hello! I\u0027m Duke\\n\""
      },
      {
        "lineNumber": 23,
        "author": {
          "gitId": "hui444"
        },
        "content": "            + \"What can I do for you?\\n\""
      },
      {
        "lineNumber": 24,
        "author": {
          "gitId": "hui444"
        },
        "content": "            + \"____________________________________________________________\\n\";"
      },
      {
        "lineNumber": 25,
        "author": {
          "gitId": "hui444"
        },
        "content": "    private static final String MESSAGE_BYE_SIGN \u003d \"____________________________________________________________\\n\""
      },
      {
        "lineNumber": 26,
        "author": {
          "gitId": "hui444"
        },
        "content": "            + \"Bye. Hope to see you again soon!\\n\""
      },
      {
        "lineNumber": 27,
        "author": {
          "gitId": "hui444"
        },
        "content": "            + \"____________________________________________________________\\n\";"
      },
      {
        "lineNumber": 28,
        "author": {
          "gitId": "hui444"
        },
        "content": "    private static final String HORIZONTAL_LINE \u003d \"____________________________________________________________\";"
      },
      {
        "lineNumber": 29,
        "author": {
          "gitId": "hui444"
        },
        "content": ""
      },
      {
        "lineNumber": 30,
        "author": {
          "gitId": "hui444"
        },
        "content": "    public static void printLine() {"
      },
      {
        "lineNumber": 31,
        "author": {
          "gitId": "hui444"
        },
        "content": "        System.out.println(HORIZONTAL_LINE);"
      },
      {
        "lineNumber": 32,
        "author": {
          "gitId": "hui444"
        },
        "content": "    }"
      },
      {
        "lineNumber": 33,
        "author": {
          "gitId": "hui444"
        },
        "content": ""
      },
      {
        "lineNumber": 34,
        "author": {
          "gitId": "hui444"
        },
        "content": "    public static String printEmptyError(String errTask) {"
      },
      {
        "lineNumber": 35,
        "author": {
          "gitId": "hui444"
        },
        "content": "        return \"☹ OOPS!!! The description of a \" + errTask + \" cannot be empty.\";"
      },
      {
        "lineNumber": 36,
        "author": {
          "gitId": "hui444"
        },
        "content": "    }"
      },
      {
        "lineNumber": 37,
        "author": {
          "gitId": "hui444"
        },
        "content": ""
      },
      {
        "lineNumber": 38,
        "author": {
          "gitId": "hui444"
        },
        "content": "    public static void printError(String errorMessage) {"
      },
      {
        "lineNumber": 39,
        "author": {
          "gitId": "hui444"
        },
        "content": "        printLine();"
      },
      {
        "lineNumber": 40,
        "author": {
          "gitId": "hui444"
        },
        "content": "        System.out.println(errorMessage);"
      },
      {
        "lineNumber": 41,
        "author": {
          "gitId": "hui444"
        },
        "content": "        printLine();"
      },
      {
        "lineNumber": 42,
        "author": {
          "gitId": "hui444"
        },
        "content": "    }"
      },
      {
        "lineNumber": 43,
        "author": {
          "gitId": "hui444"
        },
        "content": ""
      },
      {
        "lineNumber": 44,
        "author": {
          "gitId": "hui444"
        },
        "content": "    private static Task[] taskList \u003d new Task[MAX_TASKS];"
      },
      {
        "lineNumber": 45,
        "author": {
          "gitId": "hui444"
        },
        "content": "    private static int taskListNum \u003d 0;"
      },
      {
        "lineNumber": 46,
        "author": {
          "gitId": "hui444"
        },
        "content": ""
      },
      {
        "lineNumber": 47,
        "author": {
          "gitId": "hui444"
        },
        "content": "    public static void printList() {"
      },
      {
        "lineNumber": 48,
        "author": {
          "gitId": "hui444"
        },
        "content": "        if (taskListNum \u003d\u003d 0) {"
      },
      {
        "lineNumber": 49,
        "author": {
          "gitId": "hui444"
        },
        "content": "            printError(\"List is empty.\");"
      },
      {
        "lineNumber": 50,
        "author": {
          "gitId": "hui444"
        },
        "content": "            return;"
      },
      {
        "lineNumber": 51,
        "author": {
          "gitId": "hui444"
        },
        "content": "        }"
      },
      {
        "lineNumber": 52,
        "author": {
          "gitId": "hui444"
        },
        "content": "        printLine();"
      },
      {
        "lineNumber": 53,
        "author": {
          "gitId": "hui444"
        },
        "content": "        System.out.println(\"Here are the tasks in your list:\");"
      },
      {
        "lineNumber": 54,
        "author": {
          "gitId": "hui444"
        },
        "content": "        for (int i \u003d 0; i \u003c taskListNum; i++) {"
      },
      {
        "lineNumber": 55,
        "author": {
          "gitId": "hui444"
        },
        "content": "            System.out.println((i+1) + \". \" + taskList[i].toString());"
      },
      {
        "lineNumber": 56,
        "author": {
          "gitId": "hui444"
        },
        "content": "        }"
      },
      {
        "lineNumber": 57,
        "author": {
          "gitId": "hui444"
        },
        "content": "        printLine();"
      },
      {
        "lineNumber": 58,
        "author": {
          "gitId": "hui444"
        },
        "content": "    }"
      },
      {
        "lineNumber": 59,
        "author": {
          "gitId": "hui444"
        },
        "content": ""
      },
      {
        "lineNumber": 60,
        "author": {
          "gitId": "hui444"
        },
        "content": "    public static void addTask(Task task) {"
      },
      {
        "lineNumber": 61,
        "author": {
          "gitId": "hui444"
        },
        "content": "        taskList[taskListNum] \u003d task;"
      },
      {
        "lineNumber": 62,
        "author": {
          "gitId": "hui444"
        },
        "content": "        taskListNum++;"
      },
      {
        "lineNumber": 63,
        "author": {
          "gitId": "hui444"
        },
        "content": "    }"
      },
      {
        "lineNumber": 64,
        "author": {
          "gitId": "hui444"
        },
        "content": ""
      },
      {
        "lineNumber": 65,
        "author": {
          "gitId": "hui444"
        },
        "content": "    public static void addTodo(String task) {"
      },
      {
        "lineNumber": 66,
        "author": {
          "gitId": "hui444"
        },
        "content": "        try {"
      },
      {
        "lineNumber": 67,
        "author": {
          "gitId": "hui444"
        },
        "content": "            if(task \u003d\u003d null) {"
      },
      {
        "lineNumber": 68,
        "author": {
          "gitId": "hui444"
        },
        "content": "                throw new DukeException(printEmptyError(COMMAND_TODO));"
      },
      {
        "lineNumber": 69,
        "author": {
          "gitId": "hui444"
        },
        "content": "            }"
      },
      {
        "lineNumber": 70,
        "author": {
          "gitId": "hui444"
        },
        "content": "            Task todo \u003d new ToDo(task);"
      },
      {
        "lineNumber": 71,
        "author": {
          "gitId": "hui444"
        },
        "content": "            addTask(todo);"
      },
      {
        "lineNumber": 72,
        "author": {
          "gitId": "hui444"
        },
        "content": "            echoTask(todo);"
      },
      {
        "lineNumber": 73,
        "author": {
          "gitId": "hui444"
        },
        "content": "        } catch (StringIndexOutOfBoundsException e) {"
      },
      {
        "lineNumber": 74,
        "author": {
          "gitId": "hui444"
        },
        "content": "            printError(\"Input error!\");"
      },
      {
        "lineNumber": 75,
        "author": {
          "gitId": "hui444"
        },
        "content": "        } catch (DukeException e) {"
      },
      {
        "lineNumber": 76,
        "author": {
          "gitId": "hui444"
        },
        "content": "            printLine();"
      },
      {
        "lineNumber": 77,
        "author": {
          "gitId": "hui444"
        },
        "content": "            System.out.println(e);"
      },
      {
        "lineNumber": 78,
        "author": {
          "gitId": "hui444"
        },
        "content": "            printLine();"
      },
      {
        "lineNumber": 79,
        "author": {
          "gitId": "hui444"
        },
        "content": "        }"
      },
      {
        "lineNumber": 80,
        "author": {
          "gitId": "hui444"
        },
        "content": ""
      },
      {
        "lineNumber": 81,
        "author": {
          "gitId": "hui444"
        },
        "content": "    }"
      },
      {
        "lineNumber": 82,
        "author": {
          "gitId": "hui444"
        },
        "content": ""
      },
      {
        "lineNumber": 83,
        "author": {
          "gitId": "hui444"
        },
        "content": "    public static void addDeadline(String task) {"
      },
      {
        "lineNumber": 84,
        "author": {
          "gitId": "hui444"
        },
        "content": "        try {"
      },
      {
        "lineNumber": 85,
        "author": {
          "gitId": "hui444"
        },
        "content": "            if(task \u003d\u003d null) {"
      },
      {
        "lineNumber": 86,
        "author": {
          "gitId": "hui444"
        },
        "content": "                throw new DukeException(printEmptyError(COMMAND_DEADLINE));"
      },
      {
        "lineNumber": 87,
        "author": {
          "gitId": "hui444"
        },
        "content": "            }"
      },
      {
        "lineNumber": 88,
        "author": {
          "gitId": "hui444"
        },
        "content": "            if(!task.contains(\"/by\")) {"
      },
      {
        "lineNumber": 89,
        "author": {
          "gitId": "hui444"
        },
        "content": "                throw new DukeException(\"Please input a date for the deadline!\");"
      },
      {
        "lineNumber": 90,
        "author": {
          "gitId": "hui444"
        },
        "content": "            }"
      },
      {
        "lineNumber": 91,
        "author": {
          "gitId": "hui444"
        },
        "content": "            String description \u003d task.substring(0, task.indexOf(\"/by\"));"
      },
      {
        "lineNumber": 92,
        "author": {
          "gitId": "hui444"
        },
        "content": "            String by \u003d task.substring(task.indexOf(\"/by\") + 3);"
      },
      {
        "lineNumber": 93,
        "author": {
          "gitId": "hui444"
        },
        "content": ""
      },
      {
        "lineNumber": 94,
        "author": {
          "gitId": "hui444"
        },
        "content": "            Task deadline \u003d new Deadline(description, by);"
      },
      {
        "lineNumber": 95,
        "author": {
          "gitId": "hui444"
        },
        "content": "            addTask(deadline);"
      },
      {
        "lineNumber": 96,
        "author": {
          "gitId": "hui444"
        },
        "content": "            echoTask(deadline);"
      },
      {
        "lineNumber": 97,
        "author": {
          "gitId": "hui444"
        },
        "content": "        } catch (StringIndexOutOfBoundsException e) {"
      },
      {
        "lineNumber": 98,
        "author": {
          "gitId": "hui444"
        },
        "content": "            printError(\"Input error!\");"
      },
      {
        "lineNumber": 99,
        "author": {
          "gitId": "hui444"
        },
        "content": "        } catch (DukeException e) {"
      },
      {
        "lineNumber": 100,
        "author": {
          "gitId": "hui444"
        },
        "content": "            printLine();"
      },
      {
        "lineNumber": 101,
        "author": {
          "gitId": "hui444"
        },
        "content": "            System.out.println(e);"
      },
      {
        "lineNumber": 102,
        "author": {
          "gitId": "hui444"
        },
        "content": "            printLine();"
      },
      {
        "lineNumber": 103,
        "author": {
          "gitId": "hui444"
        },
        "content": "        }"
      },
      {
        "lineNumber": 104,
        "author": {
          "gitId": "hui444"
        },
        "content": "    }"
      },
      {
        "lineNumber": 105,
        "author": {
          "gitId": "hui444"
        },
        "content": ""
      },
      {
        "lineNumber": 106,
        "author": {
          "gitId": "hui444"
        },
        "content": "    public static void addEvent(String task) {"
      },
      {
        "lineNumber": 107,
        "author": {
          "gitId": "hui444"
        },
        "content": "        try {"
      },
      {
        "lineNumber": 108,
        "author": {
          "gitId": "hui444"
        },
        "content": "            if (task \u003d\u003d null) {"
      },
      {
        "lineNumber": 109,
        "author": {
          "gitId": "hui444"
        },
        "content": "                throw new DukeException(printEmptyError(COMMAND_EVENT));"
      },
      {
        "lineNumber": 110,
        "author": {
          "gitId": "hui444"
        },
        "content": "            }"
      },
      {
        "lineNumber": 111,
        "author": {
          "gitId": "hui444"
        },
        "content": "            if(!task.contains(\"/at\")) {"
      },
      {
        "lineNumber": 112,
        "author": {
          "gitId": "hui444"
        },
        "content": "                throw new DukeException(\"Please input a date for this event!\");"
      },
      {
        "lineNumber": 113,
        "author": {
          "gitId": "hui444"
        },
        "content": "            }"
      },
      {
        "lineNumber": 114,
        "author": {
          "gitId": "hui444"
        },
        "content": "            String description \u003d task.substring(0, task.indexOf(\"/at\"));"
      },
      {
        "lineNumber": 115,
        "author": {
          "gitId": "hui444"
        },
        "content": "            String at \u003d task.substring(task.indexOf(\"/at\") + 3);"
      },
      {
        "lineNumber": 116,
        "author": {
          "gitId": "hui444"
        },
        "content": ""
      },
      {
        "lineNumber": 117,
        "author": {
          "gitId": "hui444"
        },
        "content": "            Task event \u003d new Event(description, at);"
      },
      {
        "lineNumber": 118,
        "author": {
          "gitId": "hui444"
        },
        "content": "            addTask(event);"
      },
      {
        "lineNumber": 119,
        "author": {
          "gitId": "hui444"
        },
        "content": "            echoTask(event);"
      },
      {
        "lineNumber": 120,
        "author": {
          "gitId": "hui444"
        },
        "content": "        } catch (StringIndexOutOfBoundsException e) {"
      },
      {
        "lineNumber": 121,
        "author": {
          "gitId": "hui444"
        },
        "content": "            printError(\"Input error!\");"
      },
      {
        "lineNumber": 122,
        "author": {
          "gitId": "hui444"
        },
        "content": "        } catch (DukeException e) {"
      },
      {
        "lineNumber": 123,
        "author": {
          "gitId": "hui444"
        },
        "content": "            printLine();"
      },
      {
        "lineNumber": 124,
        "author": {
          "gitId": "hui444"
        },
        "content": "            System.out.println(e);"
      },
      {
        "lineNumber": 125,
        "author": {
          "gitId": "hui444"
        },
        "content": "            printLine();"
      },
      {
        "lineNumber": 126,
        "author": {
          "gitId": "hui444"
        },
        "content": "        }"
      },
      {
        "lineNumber": 127,
        "author": {
          "gitId": "hui444"
        },
        "content": "    }"
      },
      {
        "lineNumber": 128,
        "author": {
          "gitId": "hui444"
        },
        "content": ""
      },
      {
        "lineNumber": 129,
        "author": {
          "gitId": "hui444"
        },
        "content": "    public static void echoTask(Task task) {"
      },
      {
        "lineNumber": 130,
        "author": {
          "gitId": "hui444"
        },
        "content": "        printLine();"
      },
      {
        "lineNumber": 131,
        "author": {
          "gitId": "hui444"
        },
        "content": "        System.out.println(\"Got it. I\u0027ve added this task:\");"
      },
      {
        "lineNumber": 132,
        "author": {
          "gitId": "hui444"
        },
        "content": "        System.out.println(\"  \" + task.toString());"
      },
      {
        "lineNumber": 133,
        "author": {
          "gitId": "hui444"
        },
        "content": "        String wordTask \u003d (taskListNum \u003e 1) ? \" tasks\" : \" task\";"
      },
      {
        "lineNumber": 134,
        "author": {
          "gitId": "hui444"
        },
        "content": "        System.out.println(\"Now you have \" + taskListNum + wordTask + \" in the list.\");"
      },
      {
        "lineNumber": 135,
        "author": {
          "gitId": "hui444"
        },
        "content": "        printLine();"
      },
      {
        "lineNumber": 136,
        "author": {
          "gitId": "hui444"
        },
        "content": "    }"
      },
      {
        "lineNumber": 137,
        "author": {
          "gitId": "hui444"
        },
        "content": ""
      },
      {
        "lineNumber": 138,
        "author": {
          "gitId": "hui444"
        },
        "content": "    public static void markAsDone(String inputNum) {"
      },
      {
        "lineNumber": 139,
        "author": {
          "gitId": "hui444"
        },
        "content": "        try {"
      },
      {
        "lineNumber": 140,
        "author": {
          "gitId": "hui444"
        },
        "content": "            if (inputNum \u003d\u003d null) {"
      },
      {
        "lineNumber": 141,
        "author": {
          "gitId": "hui444"
        },
        "content": "                throw new DukeException(\"☹ OOPS!!! Please input a number to mark task as done.\");"
      },
      {
        "lineNumber": 142,
        "author": {
          "gitId": "hui444"
        },
        "content": "            }"
      },
      {
        "lineNumber": 143,
        "author": {
          "gitId": "hui444"
        },
        "content": "            int index \u003d Integer.parseInt(inputNum) - 1;"
      },
      {
        "lineNumber": 144,
        "author": {
          "gitId": "hui444"
        },
        "content": "            if (index \u003c 0 || index \u003e\u003d taskListNum) {"
      },
      {
        "lineNumber": 145,
        "author": {
          "gitId": "hui444"
        },
        "content": "                throw new DukeException(\"Invalid task number.\");"
      },
      {
        "lineNumber": 146,
        "author": {
          "gitId": "hui444"
        },
        "content": "            }"
      },
      {
        "lineNumber": 147,
        "author": {
          "gitId": "hui444"
        },
        "content": "            if(taskList[index].getStatusIcon().equals(\"[\" + \"\\u2713\" + \"]\")) {"
      },
      {
        "lineNumber": 148,
        "author": {
          "gitId": "hui444"
        },
        "content": "                throw new DukeException(\"This task is already marked as done!\");"
      },
      {
        "lineNumber": 149,
        "author": {
          "gitId": "hui444"
        },
        "content": "            }"
      },
      {
        "lineNumber": 150,
        "author": {
          "gitId": "hui444"
        },
        "content": "            taskList[index].markAsDone();"
      },
      {
        "lineNumber": 151,
        "author": {
          "gitId": "hui444"
        },
        "content": "            printDone(taskList[index]);"
      },
      {
        "lineNumber": 152,
        "author": {
          "gitId": "hui444"
        },
        "content": "        } catch (NumberFormatException e) {"
      },
      {
        "lineNumber": 153,
        "author": {
          "gitId": "hui444"
        },
        "content": "            printError(\"Invalid task number.\");"
      },
      {
        "lineNumber": 154,
        "author": {
          "gitId": "hui444"
        },
        "content": "        } catch (DukeException e) {"
      },
      {
        "lineNumber": 155,
        "author": {
          "gitId": "hui444"
        },
        "content": "            printLine();"
      },
      {
        "lineNumber": 156,
        "author": {
          "gitId": "hui444"
        },
        "content": "            System.out.println(e);"
      },
      {
        "lineNumber": 157,
        "author": {
          "gitId": "hui444"
        },
        "content": "            printLine();"
      },
      {
        "lineNumber": 158,
        "author": {
          "gitId": "hui444"
        },
        "content": "        }"
      },
      {
        "lineNumber": 159,
        "author": {
          "gitId": "hui444"
        },
        "content": "    }"
      },
      {
        "lineNumber": 160,
        "author": {
          "gitId": "hui444"
        },
        "content": ""
      },
      {
        "lineNumber": 161,
        "author": {
          "gitId": "hui444"
        },
        "content": "    public static void printDone(Task doneItem) {"
      },
      {
        "lineNumber": 162,
        "author": {
          "gitId": "hui444"
        },
        "content": "        printLine();"
      },
      {
        "lineNumber": 163,
        "author": {
          "gitId": "hui444"
        },
        "content": "        System.out.println(\"Nice! I\u0027ve marked this task as done: \\n\""
      },
      {
        "lineNumber": 164,
        "author": {
          "gitId": "hui444"
        },
        "content": "                + doneItem.getStatusIcon()  + \" \""
      },
      {
        "lineNumber": 165,
        "author": {
          "gitId": "hui444"
        },
        "content": "                + doneItem.description);"
      },
      {
        "lineNumber": 166,
        "author": {
          "gitId": "hui444"
        },
        "content": "        printLine();"
      },
      {
        "lineNumber": 167,
        "author": {
          "gitId": "hui444"
        },
        "content": "    }"
      },
      {
        "lineNumber": 168,
        "author": {
          "gitId": "hui444"
        },
        "content": ""
      },
      {
        "lineNumber": 169,
        "author": {
          "gitId": "hui444"
        },
        "content": "    public static String[] splitCommandAndTask(String args) {"
      },
      {
        "lineNumber": 170,
        "author": {
          "gitId": "hui444"
        },
        "content": "        final String[] line \u003d args.trim().split(\" \",2);"
      },
      {
        "lineNumber": 171,
        "author": {
          "gitId": "hui444"
        },
        "content": "        if (line.length \u003d\u003d 2) {"
      },
      {
        "lineNumber": 172,
        "author": {
          "gitId": "hui444"
        },
        "content": "            return line;"
      },
      {
        "lineNumber": 173,
        "author": {
          "gitId": "hui444"
        },
        "content": "        }"
      },
      {
        "lineNumber": 174,
        "author": {
          "gitId": "hui444"
        },
        "content": "        else {"
      },
      {
        "lineNumber": 175,
        "author": {
          "gitId": "hui444"
        },
        "content": "            return new String[] {line[0], null};"
      },
      {
        "lineNumber": 176,
        "author": {
          "gitId": "hui444"
        },
        "content": "        }"
      },
      {
        "lineNumber": 177,
        "author": {
          "gitId": "hui444"
        },
        "content": "    }"
      },
      {
        "lineNumber": 178,
        "author": {
          "gitId": "hui444"
        },
        "content": ""
      },
      {
        "lineNumber": 179,
        "author": {
          "gitId": "hui444"
        },
        "content": "    public static void handleTasks() {"
      },
      {
        "lineNumber": 180,
        "author": {
          "gitId": "hui444"
        },
        "content": "        String line;"
      },
      {
        "lineNumber": 181,
        "author": {
          "gitId": "hui444"
        },
        "content": "        Scanner in \u003d new Scanner(System.in);"
      },
      {
        "lineNumber": 182,
        "author": {
          "gitId": "hui444"
        },
        "content": "        line \u003d in.nextLine();"
      },
      {
        "lineNumber": 183,
        "author": {
          "gitId": "hui444"
        },
        "content": ""
      },
      {
        "lineNumber": 184,
        "author": {
          "gitId": "hui444"
        },
        "content": "        while (!line.equals(COMMAND_BYE)) {"
      },
      {
        "lineNumber": 185,
        "author": {
          "gitId": "hui444"
        },
        "content": "            //split task n line"
      },
      {
        "lineNumber": 186,
        "author": {
          "gitId": "hui444"
        },
        "content": "            String[] taskLine \u003d splitCommandAndTask(line);"
      },
      {
        "lineNumber": 187,
        "author": {
          "gitId": "hui444"
        },
        "content": "            String command \u003d taskLine[0];"
      },
      {
        "lineNumber": 188,
        "author": {
          "gitId": "hui444"
        },
        "content": "            String task \u003d taskLine[1];"
      },
      {
        "lineNumber": 189,
        "author": {
          "gitId": "hui444"
        },
        "content": ""
      },
      {
        "lineNumber": 190,
        "author": {
          "gitId": "hui444"
        },
        "content": "            try {"
      },
      {
        "lineNumber": 191,
        "author": {
          "gitId": "hui444"
        },
        "content": "                switch (command) {"
      },
      {
        "lineNumber": 192,
        "author": {
          "gitId": "hui444"
        },
        "content": "                case COMMAND_LIST:"
      },
      {
        "lineNumber": 193,
        "author": {
          "gitId": "hui444"
        },
        "content": "                    //display list"
      },
      {
        "lineNumber": 194,
        "author": {
          "gitId": "hui444"
        },
        "content": "                    printList();"
      },
      {
        "lineNumber": 195,
        "author": {
          "gitId": "hui444"
        },
        "content": "                    break;"
      },
      {
        "lineNumber": 196,
        "author": {
          "gitId": "hui444"
        },
        "content": "                case COMMAND_DONE:"
      },
      {
        "lineNumber": 197,
        "author": {
          "gitId": "hui444"
        },
        "content": "                    //mark task as done"
      },
      {
        "lineNumber": 198,
        "author": {
          "gitId": "hui444"
        },
        "content": "                    markAsDone(task);"
      },
      {
        "lineNumber": 199,
        "author": {
          "gitId": "hui444"
        },
        "content": "                    break;"
      },
      {
        "lineNumber": 200,
        "author": {
          "gitId": "hui444"
        },
        "content": "                case COMMAND_TODO:"
      },
      {
        "lineNumber": 201,
        "author": {
          "gitId": "hui444"
        },
        "content": "                    addTodo(task);"
      },
      {
        "lineNumber": 202,
        "author": {
          "gitId": "hui444"
        },
        "content": "                    break;"
      },
      {
        "lineNumber": 203,
        "author": {
          "gitId": "hui444"
        },
        "content": "                case COMMAND_DEADLINE:"
      },
      {
        "lineNumber": 204,
        "author": {
          "gitId": "hui444"
        },
        "content": "                        addDeadline(task);"
      },
      {
        "lineNumber": 205,
        "author": {
          "gitId": "hui444"
        },
        "content": "                        break;"
      },
      {
        "lineNumber": 206,
        "author": {
          "gitId": "hui444"
        },
        "content": "                case COMMAND_EVENT:"
      },
      {
        "lineNumber": 207,
        "author": {
          "gitId": "hui444"
        },
        "content": "                        addEvent(task);"
      },
      {
        "lineNumber": 208,
        "author": {
          "gitId": "hui444"
        },
        "content": "                        break;"
      },
      {
        "lineNumber": 209,
        "author": {
          "gitId": "hui444"
        },
        "content": "                default:"
      },
      {
        "lineNumber": 210,
        "author": {
          "gitId": "hui444"
        },
        "content": "                    throw new DukeException(\"☹ OOPS!!! I\u0027m sorry, but I don\u0027t know what that means :-(\");"
      },
      {
        "lineNumber": 211,
        "author": {
          "gitId": "hui444"
        },
        "content": "                }"
      },
      {
        "lineNumber": 212,
        "author": {
          "gitId": "hui444"
        },
        "content": "            } catch (NumberFormatException e) {"
      },
      {
        "lineNumber": 213,
        "author": {
          "gitId": "hui444"
        },
        "content": "                printError(\"Invalid input!\");"
      },
      {
        "lineNumber": 214,
        "author": {
          "gitId": "hui444"
        },
        "content": "            } catch (IndexOutOfBoundsException e) {"
      },
      {
        "lineNumber": 215,
        "author": {
          "gitId": "hui444"
        },
        "content": "                System.out.println(\"Number is out of range!\");"
      },
      {
        "lineNumber": 216,
        "author": {
          "gitId": "hui444"
        },
        "content": "            } catch (DukeException e) {"
      },
      {
        "lineNumber": 217,
        "author": {
          "gitId": "hui444"
        },
        "content": "                printLine();"
      },
      {
        "lineNumber": 218,
        "author": {
          "gitId": "hui444"
        },
        "content": "                System.out.println(e);"
      },
      {
        "lineNumber": 219,
        "author": {
          "gitId": "hui444"
        },
        "content": "                printLine();"
      },
      {
        "lineNumber": 220,
        "author": {
          "gitId": "hui444"
        },
        "content": "            }"
      },
      {
        "lineNumber": 221,
        "author": {
          "gitId": "hui444"
        },
        "content": ""
      },
      {
        "lineNumber": 222,
        "author": {
          "gitId": "hui444"
        },
        "content": "            in \u003d new Scanner(System.in);"
      },
      {
        "lineNumber": 223,
        "author": {
          "gitId": "hui444"
        },
        "content": "            line \u003d in.nextLine();"
      },
      {
        "lineNumber": 224,
        "author": {
          "gitId": "hui444"
        },
        "content": "            }"
      },
      {
        "lineNumber": 225,
        "author": {
          "gitId": "hui444"
        },
        "content": "        }"
      },
      {
        "lineNumber": 226,
        "author": {
          "gitId": "hui444"
        },
        "content": ""
      },
      {
        "lineNumber": 227,
        "author": {
          "gitId": "hui444"
        },
        "content": "    public static void main(String[] args) {"
      },
      {
        "lineNumber": 228,
        "author": {
          "gitId": "hui444"
        },
        "content": "        System.out.println(MESSAGE_GREET_SIGN);"
      },
      {
        "lineNumber": 229,
        "author": {
          "gitId": "hui444"
        },
        "content": "        handleTasks();"
      },
      {
        "lineNumber": 230,
        "author": {
          "gitId": "hui444"
        },
        "content": "        System.out.println(MESSAGE_BYE_SIGN);"
      },
      {
        "lineNumber": 231,
        "author": {
          "gitId": "hui444"
        },
        "content": "    }"
      },
      {
        "lineNumber": 232,
        "author": {
          "gitId": "hui444"
        },
        "content": "}"
      }
    ],
    "authorContributionMap": {
      "hui444": 232
    }
  },
  {
    "path": "src/main/java/duke/exceptions/DukeException.java",
    "fileType": "java",
    "lines": [
      {
        "lineNumber": 1,
        "author": {
          "gitId": "hui444"
        },
        "content": "package duke.exceptions;"
      },
      {
        "lineNumber": 2,
        "author": {
          "gitId": "hui444"
        },
        "content": ""
      },
      {
        "lineNumber": 3,
        "author": {
          "gitId": "hui444"
        },
        "content": "public class DukeException extends Exception {"
      },
      {
        "lineNumber": 4,
        "author": {
          "gitId": "hui444"
        },
        "content": ""
      },
      {
        "lineNumber": 5,
        "author": {
          "gitId": "hui444"
        },
        "content": "\tpublic DukeException(String command) {"
      },
      {
        "lineNumber": 6,
        "author": {
          "gitId": "hui444"
        },
        "content": "\t\tsuper(command);"
      },
      {
        "lineNumber": 7,
        "author": {
          "gitId": "hui444"
        },
        "content": "\t}"
      },
      {
        "lineNumber": 8,
        "author": {
          "gitId": "hui444"
        },
        "content": "}"
      }
    ],
    "authorContributionMap": {
      "hui444": 8
    }
  },
  {
    "path": "src/main/java/duke/tasks/Deadline.java",
    "fileType": "java",
    "lines": [
      {
        "lineNumber": 1,
        "author": {
          "gitId": "hui444"
        },
        "content": "package duke.tasks;"
      },
      {
        "lineNumber": 2,
        "author": {
          "gitId": "hui444"
        },
        "content": ""
      },
      {
        "lineNumber": 3,
        "author": {
          "gitId": "hui444"
        },
        "content": "public class Deadline extends Task{"
      },
      {
        "lineNumber": 4,
        "author": {
          "gitId": "hui444"
        },
        "content": ""
      },
      {
        "lineNumber": 5,
        "author": {
          "gitId": "hui444"
        },
        "content": "\tprotected String deadlineDate;"
      },
      {
        "lineNumber": 6,
        "author": {
          "gitId": "hui444"
        },
        "content": ""
      },
      {
        "lineNumber": 7,
        "author": {
          "gitId": "hui444"
        },
        "content": "\tpublic Deadline(String description, String deadlineDate) {"
      },
      {
        "lineNumber": 8,
        "author": {
          "gitId": "hui444"
        },
        "content": "\t    super(description);"
      },
      {
        "lineNumber": 9,
        "author": {
          "gitId": "hui444"
        },
        "content": "\t    this.deadlineDate \u003d deadlineDate;"
      },
      {
        "lineNumber": 10,
        "author": {
          "gitId": "hui444"
        },
        "content": "\t}"
      },
      {
        "lineNumber": 11,
        "author": {
          "gitId": "hui444"
        },
        "content": ""
      },
      {
        "lineNumber": 12,
        "author": {
          "gitId": "hui444"
        },
        "content": "\t@Override"
      },
      {
        "lineNumber": 13,
        "author": {
          "gitId": "hui444"
        },
        "content": "\tpublic String toString() {"
      },
      {
        "lineNumber": 14,
        "author": {
          "gitId": "hui444"
        },
        "content": "\t    return \"[D]\" + super.toString() + \"(by:\" + deadlineDate + \")\";"
      },
      {
        "lineNumber": 15,
        "author": {
          "gitId": "hui444"
        },
        "content": "\t}"
      },
      {
        "lineNumber": 16,
        "author": {
          "gitId": "hui444"
        },
        "content": "}"
      }
    ],
    "authorContributionMap": {
      "hui444": 16
    }
  },
  {
    "path": "src/main/java/duke/tasks/Event.java",
    "fileType": "java",
    "lines": [
      {
        "lineNumber": 1,
        "author": {
          "gitId": "hui444"
        },
        "content": "package duke.tasks;"
      },
      {
        "lineNumber": 2,
        "author": {
          "gitId": "hui444"
        },
        "content": ""
      },
      {
        "lineNumber": 3,
        "author": {
          "gitId": "hui444"
        },
        "content": "public class Event extends Task {"
      },
      {
        "lineNumber": 4,
        "author": {
          "gitId": "hui444"
        },
        "content": "\tprotected String eventDate;"
      },
      {
        "lineNumber": 5,
        "author": {
          "gitId": "hui444"
        },
        "content": ""
      },
      {
        "lineNumber": 6,
        "author": {
          "gitId": "hui444"
        },
        "content": "\tpublic Event(String description, String eventDate) {"
      },
      {
        "lineNumber": 7,
        "author": {
          "gitId": "hui444"
        },
        "content": "\t    super(description);"
      },
      {
        "lineNumber": 8,
        "author": {
          "gitId": "hui444"
        },
        "content": "\t    this.eventDate \u003d eventDate;"
      },
      {
        "lineNumber": 9,
        "author": {
          "gitId": "hui444"
        },
        "content": "\t}"
      },
      {
        "lineNumber": 10,
        "author": {
          "gitId": "hui444"
        },
        "content": ""
      },
      {
        "lineNumber": 11,
        "author": {
          "gitId": "hui444"
        },
        "content": "\t@Override"
      },
      {
        "lineNumber": 12,
        "author": {
          "gitId": "hui444"
        },
        "content": "\tpublic String toString() {"
      },
      {
        "lineNumber": 13,
        "author": {
          "gitId": "hui444"
        },
        "content": "\t    return \"[E]\" + super.toString() + \"(at:\" + eventDate + \")\";"
      },
      {
        "lineNumber": 14,
        "author": {
          "gitId": "hui444"
        },
        "content": "\t}"
      },
      {
        "lineNumber": 15,
        "author": {
          "gitId": "hui444"
        },
        "content": "}"
      }
    ],
    "authorContributionMap": {
      "hui444": 15
    }
  },
  {
    "path": "src/main/java/duke/tasks/Task.java",
    "fileType": "java",
    "lines": [
      {
        "lineNumber": 1,
        "author": {
          "gitId": "hui444"
        },
        "content": "package duke.tasks;"
      },
      {
        "lineNumber": 2,
        "author": {
          "gitId": "hui444"
        },
        "content": ""
      },
      {
        "lineNumber": 3,
        "author": {
          "gitId": "hui444"
        },
        "content": "public class Task {"
      },
      {
        "lineNumber": 4,
        "author": {
          "gitId": "hui444"
        },
        "content": "\tpublic String description;"
      },
      {
        "lineNumber": 5,
        "author": {
          "gitId": "hui444"
        },
        "content": "\tprotected Boolean isDone;"
      },
      {
        "lineNumber": 6,
        "author": {
          "gitId": "hui444"
        },
        "content": ""
      },
      {
        "lineNumber": 7,
        "author": {
          "gitId": "hui444"
        },
        "content": "\tpublic Task(String description) {"
      },
      {
        "lineNumber": 8,
        "author": {
          "gitId": "hui444"
        },
        "content": "\t    this.description \u003d description;"
      },
      {
        "lineNumber": 9,
        "author": {
          "gitId": "hui444"
        },
        "content": "\t    this.isDone \u003d false;"
      },
      {
        "lineNumber": 10,
        "author": {
          "gitId": "hui444"
        },
        "content": "\t}"
      },
      {
        "lineNumber": 11,
        "author": {
          "gitId": "hui444"
        },
        "content": ""
      },
      {
        "lineNumber": 12,
        "author": {
          "gitId": "hui444"
        },
        "content": "\tpublic String getStatusIcon() {"
      },
      {
        "lineNumber": 13,
        "author": {
          "gitId": "hui444"
        },
        "content": "\t\t//returns [tick] or [X] symbols"
      },
      {
        "lineNumber": 14,
        "author": {
          "gitId": "hui444"
        },
        "content": "\t    return (isDone ? \"[\" + \"\\u2713\" + \"]\" : \"[\" + \"\\u2718\" + \"]\");"
      },
      {
        "lineNumber": 15,
        "author": {
          "gitId": "hui444"
        },
        "content": "\t}"
      },
      {
        "lineNumber": 16,
        "author": {
          "gitId": "hui444"
        },
        "content": ""
      },
      {
        "lineNumber": 17,
        "author": {
          "gitId": "hui444"
        },
        "content": "\tpublic void markAsDone() {"
      },
      {
        "lineNumber": 18,
        "author": {
          "gitId": "hui444"
        },
        "content": "\t    this.isDone \u003d true;"
      },
      {
        "lineNumber": 19,
        "author": {
          "gitId": "hui444"
        },
        "content": "\t}"
      },
      {
        "lineNumber": 20,
        "author": {
          "gitId": "hui444"
        },
        "content": ""
      },
      {
        "lineNumber": 21,
        "author": {
          "gitId": "hui444"
        },
        "content": "\t@Override"
      },
      {
        "lineNumber": 22,
        "author": {
          "gitId": "hui444"
        },
        "content": "\tpublic String toString() {"
      },
      {
        "lineNumber": 23,
        "author": {
          "gitId": "hui444"
        },
        "content": "\t    return getStatusIcon() + \" \" + this.description;"
      },
      {
        "lineNumber": 24,
        "author": {
          "gitId": "hui444"
        },
        "content": "\t}"
      },
      {
        "lineNumber": 25,
        "author": {
          "gitId": "hui444"
        },
        "content": "}"
      }
    ],
    "authorContributionMap": {
      "hui444": 25
    }
  },
  {
    "path": "src/main/java/duke/tasks/ToDo.java",
    "fileType": "java",
    "lines": [
      {
        "lineNumber": 1,
        "author": {
          "gitId": "hui444"
        },
        "content": "package duke.tasks;"
      },
      {
        "lineNumber": 2,
        "author": {
          "gitId": "hui444"
        },
        "content": ""
      },
      {
        "lineNumber": 3,
        "author": {
          "gitId": "hui444"
        },
        "content": "public class ToDo extends Task {"
      },
      {
        "lineNumber": 4,
        "author": {
          "gitId": "hui444"
        },
        "content": ""
      },
      {
        "lineNumber": 5,
        "author": {
          "gitId": "hui444"
        },
        "content": "\tpublic ToDo(String description) {"
      },
      {
        "lineNumber": 6,
        "author": {
          "gitId": "hui444"
        },
        "content": "\t  super(description);"
      },
      {
        "lineNumber": 7,
        "author": {
          "gitId": "hui444"
        },
        "content": "\t}"
      },
      {
        "lineNumber": 8,
        "author": {
          "gitId": "hui444"
        },
        "content": ""
      },
      {
        "lineNumber": 9,
        "author": {
          "gitId": "hui444"
        },
        "content": "\t@Override"
      },
      {
        "lineNumber": 10,
        "author": {
          "gitId": "hui444"
        },
        "content": "\tpublic String toString() {"
      },
      {
        "lineNumber": 11,
        "author": {
          "gitId": "hui444"
        },
        "content": "\t    return \"[T]\" + super.toString();"
      },
      {
        "lineNumber": 12,
        "author": {
          "gitId": "hui444"
        },
        "content": "\t}"
      },
      {
        "lineNumber": 13,
        "author": {
          "gitId": "hui444"
        },
        "content": "}"
      }
    ],
    "authorContributionMap": {
      "hui444": 13
    }
  }
]
