{
  "authorDailyContributionsMap": {
    "gy716": [
      {
        "date": "2020-08-16",
        "commitResults": [
          {
            "hash": "b95667d1dcc5726bce115f4b8a61abe05ca167e3",
            "messageTitle": "level 0",
            "messageBody": "",
            "tags": [
              "level-0"
            ],
            "fileTypesAndContributionMap": {
              "java": {
                "insertions": 6,
                "deletions": 0
              }
            }
          }
        ]
      },
      {
        "date": "2020-08-18",
        "commitResults": [
          {
            "hash": "4629b84692faa4d6d658288ae0b6204bc73ca755",
            "messageTitle": "level 1",
            "messageBody": "",
            "fileTypesAndContributionMap": {
              "java": {
                "insertions": 18,
                "deletions": 12
              }
            }
          }
        ]
      },
      {
        "date": "2020-08-21",
        "commitResults": [
          {
            "hash": "5f0ef834da04367241c7c1cabb8e6d1e99cf5cd5",
            "messageTitle": "level-1",
            "messageBody": "",
            "tags": [
              "level-1"
            ],
            "fileTypesAndContributionMap": {
              "java": {
                "insertions": 8,
                "deletions": 6
              }
            }
          }
        ]
      },
      {
        "date": "2020-08-24",
        "commitResults": [
          {
            "hash": "f03a0cf77e6dd4cef84feedd234f252b1657d8b4",
            "messageTitle": "level-2",
            "messageBody": "",
            "tags": [
              "level-2"
            ],
            "fileTypesAndContributionMap": {
              "java": {
                "insertions": 54,
                "deletions": 7
              }
            }
          }
        ]
      },
      {
        "date": "2020-08-25",
        "commitResults": [
          {
            "hash": "79e4710b169fa5a86e83ab0425ac618a1ac5d795",
            "messageTitle": "level 3",
            "messageBody": "",
            "tags": [
              "level-3"
            ],
            "fileTypesAndContributionMap": {
              "java": {
                "insertions": 16,
                "deletions": 3
              }
            }
          }
        ]
      },
      {
        "date": "2020-08-29",
        "commitResults": [
          {
            "hash": "8b21f0298120e8fc09e905870db3c2678b43eae0",
            "messageTitle": "level 4",
            "messageBody": "",
            "fileTypesAndContributionMap": {
              "java": {
                "insertions": 86,
                "deletions": 20
              }
            }
          }
        ]
      },
      {
        "date": "2020-08-30",
        "commitResults": [
          {
            "hash": "2f3f6c38223e0b3b2a6b52dbd10f10323f6061c3",
            "messageTitle": "coding standard",
            "messageBody": "",
            "fileTypesAndContributionMap": {
              "java": {
                "insertions": 3,
                "deletions": 2
              }
            }
          },
          {
            "hash": "d7a0323b40fcc526e5658b8273682011861bb1f9",
            "messageTitle": "final level 4",
            "messageBody": "",
            "fileTypesAndContributionMap": {
              "java": {
                "insertions": 6,
                "deletions": 6
              },
              "bat": {
                "insertions": 2,
                "deletions": 2
              },
              "md": {
                "insertions": 2,
                "deletions": 2
              }
            }
          },
          {
            "hash": "2b6a3c182cbfecab51de1c19a11c9d88990f2c39",
            "messageTitle": "level 4",
            "messageBody": "",
            "fileTypesAndContributionMap": {
              "java": {
                "insertions": 2,
                "deletions": 2
              }
            }
          },
          {
            "hash": "bacf7d85de64927547f6c5feebfa077cb48ce83a",
            "messageTitle": "no change level 4",
            "messageBody": "",
            "tags": [
              "level-4"
            ],
            "fileTypesAndContributionMap": {
              "java": {
                "insertions": 2,
                "deletions": 2
              }
            }
          }
        ]
      },
      {
        "date": "2020-09-03",
        "commitResults": [
          {
            "hash": "498bb8f2669540d8677089d6e4f86a215e9edb12",
            "messageTitle": "coding quality 01",
            "messageBody": "",
            "tags": [
              "A-CodingStandard"
            ],
            "fileTypesAndContributionMap": {
              "java": {
                "insertions": 43,
                "deletions": 27
              }
            }
          },
          {
            "hash": "2ba8efbf1e8491c466d2cdd447d6d18945ee760b",
            "messageTitle": "coding quality 02",
            "messageBody": "",
            "fileTypesAndContributionMap": {
              "java": {
                "insertions": 0,
                "deletions": 18
              }
            }
          },
          {
            "hash": "3edd76e2efce9e0a3192529569d17fe1719bc3e0",
            "messageTitle": "coding quality 03",
            "messageBody": "",
            "tags": [
              "A-CodeQuality"
            ],
            "fileTypesAndContributionMap": {
              "java": {
                "insertions": 5,
                "deletions": 1
              }
            }
          }
        ]
      },
      {
        "date": "2020-09-07",
        "commitResults": [
          {
            "hash": "24ee9248c13added97b32a5ba19add85475a9896",
            "messageTitle": "level-5",
            "messageBody": "",
            "tags": [
              "level-5"
            ],
            "fileTypesAndContributionMap": {
              "java": {
                "insertions": 123,
                "deletions": 28
              }
            }
          }
        ]
      },
      {
        "date": "2020-09-16",
        "commitResults": [
          {
            "hash": "0fa22cac79806df55c53786d1b0fc6427bbe7a85",
            "messageTitle": "level-6 v1",
            "messageBody": "",
            "fileTypesAndContributionMap": {
              "java": {
                "insertions": 76,
                "deletions": 45
              }
            }
          }
        ]
      },
      {
        "date": "2020-09-28",
        "commitResults": [
          {
            "hash": "a193118be5b5707ba044a6cf78e92369d0505b8d",
            "messageTitle": "level-7 v1",
            "messageBody": "",
            "fileTypesAndContributionMap": {
              "txt": {
                "insertions": 7,
                "deletions": 0
              },
              "java": {
                "insertions": 73,
                "deletions": 3
              }
            }
          }
        ]
      },
      {
        "date": "2020-09-29",
        "commitResults": [
          {
            "hash": "25ff941601a7ea4e6a6991bab382425718d69cb4",
            "messageTitle": "level-7 v2",
            "messageBody": "",
            "tags": [
              "level-7"
            ],
            "fileTypesAndContributionMap": {
              "txt": {
                "insertions": 1,
                "deletions": 7
              },
              "java": {
                "insertions": 64,
                "deletions": 33
              }
            }
          },
          {
            "hash": "058cab413ea920d1692f7629dacebafb6d4d2d8e",
            "messageTitle": "A-MoreOOP",
            "messageBody": "",
            "tags": [
              "A-MoreOOP"
            ],
            "fileTypesAndContributionMap": {
              "txt": {
                "insertions": 0,
                "deletions": 1
              },
              "java": {
                "insertions": 504,
                "deletions": 370
              }
            }
          },
          {
            "hash": "cd6ef1a288d72655707f695def066c576ce85f0f",
            "messageTitle": "level-8",
            "messageBody": "",
            "fileTypesAndContributionMap": {
              "txt": {
                "insertions": 1,
                "deletions": 0
              },
              "java": {
                "insertions": 91,
                "deletions": 61
              }
            }
          },
          {
            "hash": "fc9e497c21f5e45ad47cfcb91a987a01769934ca",
            "messageTitle": "level-8-final",
            "messageBody": "",
            "tags": [
              "level-8"
            ],
            "fileTypesAndContributionMap": {
              "txt": {
                "insertions": 0,
                "deletions": 1
              },
              "java": {
                "insertions": 15,
                "deletions": 15
              }
            }
          },
          {
            "hash": "1cc6ab4505d300f76f5e97c141da2afcb551967a",
            "messageTitle": "level-9 v1",
            "messageBody": "",
            "fileTypesAndContributionMap": {
              "txt": {
                "insertions": 0,
                "deletions": 1
              },
              "java": {
                "insertions": 34,
                "deletions": 1
              }
            }
          },
          {
            "hash": "bd9273568d277f4296b616339e62dfdfc18d3fce",
            "messageTitle": "level-A-JavaDoc v1",
            "messageBody": "",
            "fileTypesAndContributionMap": {
              "java": {
                "insertions": 95,
                "deletions": 5
              }
            }
          },
          {
            "hash": "9eb08cb70f184aa8525d3e80b2ded4338e3f419e",
            "messageTitle": "level-A-JavaDoc v2",
            "messageBody": "",
            "tags": [
              "level-A-JavaDoc"
            ],
            "fileTypesAndContributionMap": {
              "java": {
                "insertions": 7,
                "deletions": 5
              }
            }
          }
        ]
      }
    ]
  },
  "authorFileTypeContributionMap": {
    "gy716": {
      "java": 666,
      "md": 2,
      "sh": 0,
      "bat": 2,
      "gradle": 0,
      "txt": 0
    }
  },
  "authorContributionVariance": {
    "gy716": 36263.22
  },
  "authorDisplayNameMap": {
    "gy716": "CS2113T-F11-2 YU G..GENG"
  }
}
