{
  "authorDailyContributionsMap": {
    "mrwsy1": [
      {
        "date": "2020-08-20",
        "commitResults": [
          {
            "hash": "7f2209a7481fa1b9fcf94003b6abe5adb44d5d54",
            "messageTitle": "increment level 0 (greet)",
            "messageBody": "",
            "tags": [
              "Level-0"
            ],
            "fileTypesAndContributionMap": {
              "java": {
                "insertions": 3,
                "deletions": 0
              }
            }
          }
        ]
      },
      {
        "date": "2020-08-26",
        "commitResults": [
          {
            "hash": "01ac4ba17048847994d114bc022e7edaf5028400",
            "messageTitle": "Add level1 echo, exit",
            "messageBody": "",
            "tags": [
              "Level-1"
            ],
            "fileTypesAndContributionMap": {
              "java": {
                "insertions": 17,
                "deletions": 1
              }
            }
          },
          {
            "hash": "d1f7cb0576d660ea03575970cf535b47eff88116",
            "messageTitle": "Add level2 list",
            "messageBody": "",
            "tags": [
              "Level-2"
            ],
            "fileTypesAndContributionMap": {
              "java": {
                "insertions": 20,
                "deletions": 4
              }
            }
          }
        ]
      },
      {
        "date": "2020-08-27",
        "commitResults": [
          {
            "hash": "ae950093380c0a301858a80a8d22cfb1adae6759",
            "messageTitle": "Add level3 mark feature",
            "messageBody": "",
            "tags": [
              "Level-3"
            ],
            "fileTypesAndContributionMap": {
              "java": {
                "insertions": 70,
                "deletions": 22
              }
            }
          },
          {
            "hash": "d695d32181bfa97b41e9ddd040118880f955f854",
            "messageTitle": "Update Duke.java and Task.java format",
            "messageBody": "",
            "tags": [
              "A-CodingStandard"
            ],
            "fileTypesAndContributionMap": {
              "java": {
                "insertions": 13,
                "deletions": 14
              }
            }
          }
        ]
      },
      {
        "date": "2020-09-03",
        "commitResults": [
          {
            "hash": "70fd7db0232cb802660d2296df4c68f099ee903f",
            "messageTitle": "Add todo, deadline, event function",
            "messageBody": "",
            "tags": [
              "Level-4"
            ],
            "fileTypesAndContributionMap": {
              "java": {
                "insertions": 87,
                "deletions": 19
              }
            }
          }
        ]
      },
      {
        "date": "2020-09-04",
        "commitResults": [
          {
            "hash": "af75e03c0f0a12f3f6b24ded0af9e6ac78507a60",
            "messageTitle": "Add test",
            "messageBody": "",
            "fileTypesAndContributionMap": {
              "txt": {
                "insertions": 10,
                "deletions": 0
              },
              "bat": {
                "insertions": 2,
                "deletions": 2
              },
              "sh": {
                "insertions": 2,
                "deletions": 2
              }
            }
          },
          {
            "hash": "84a739646d84673d31b2fc49be9ea8c439aa51bf",
            "messageTitle": "Refactor and improve code quality",
            "messageBody": "",
            "tags": [
              "A-CodeQuality"
            ],
            "fileTypesAndContributionMap": {
              "java": {
                "insertions": 76,
                "deletions": 48
              }
            }
          }
        ]
      },
      {
        "date": "2020-09-06",
        "commitResults": [
          {
            "hash": "4cfe5b9add82b6df4051f8a619c4e5d651276276",
            "messageTitle": "Add automated text UI testing",
            "messageBody": "",
            "tags": [
              "A-TextUiTesting"
            ],
            "fileTypesAndContributionMap": {
              "java": {
                "insertions": 2,
                "deletions": 2
              },
              "bat": {
                "insertions": 4,
                "deletions": 4
              }
            }
          }
        ]
      },
      {
        "date": "2020-09-08",
        "commitResults": [
          {
            "hash": "7153557d99598fc7c3b13db046a6c57bc53cc0c4",
            "messageTitle": "Add simple exception handling to basic features",
            "messageBody": "",
            "tags": [
              "Level-5",
              "A-Exceptions"
            ],
            "fileTypesAndContributionMap": {
              "txt": {
                "insertions": 7,
                "deletions": 2
              },
              "java": {
                "insertions": 61,
                "deletions": 39
              }
            }
          },
          {
            "hash": "a265d171476a9e697127ceac043985fb17997287",
            "messageTitle": "Add duke package",
            "messageBody": "",
            "tags": [
              "A-Packages"
            ],
            "fileTypesAndContributionMap": {
              "java": {
                "insertions": 12,
                "deletions": 2
              },
              "bat": {
                "insertions": 1,
                "deletions": 1
              }
            }
          }
        ]
      },
      {
        "date": "2020-09-16",
        "commitResults": [
          {
            "hash": "14a1e7790c0c5702c2ea7e91ee859b81e90fb00d",
            "messageTitle": "Add delete feature lv6",
            "messageBody": "",
            "fileTypesAndContributionMap": {
              "java": {
                "insertions": 83,
                "deletions": 43
              }
            }
          }
        ]
      },
      {
        "date": "2020-09-17",
        "commitResults": [
          {
            "hash": "3e80f7df554f442f10d8214ba8630c76accb31bf",
            "messageTitle": "Add file save feature lv7",
            "messageBody": "",
            "fileTypesAndContributionMap": {
              "txt": {
                "insertions": 5,
                "deletions": 0
              },
              "java": {
                "insertions": 115,
                "deletions": 23
              }
            }
          },
          {
            "hash": "72f98b22dc0c06d7de582ad3cf9728e00dc4bfc1",
            "messageTitle": "Fix formatting issues",
            "messageBody": "",
            "fileTypesAndContributionMap": {
              "java": {
                "insertions": 5,
                "deletions": 6
              }
            }
          }
        ]
      },
      {
        "date": "2020-09-27",
        "commitResults": [
          {
            "hash": "8a6fba7ccb977e21fb203c9d332d5341ecda68e1",
            "messageTitle": "Add more oop",
            "messageBody": "",
            "tags": [
              "A-MoreOOP"
            ],
            "fileTypesAndContributionMap": {
              "txt": {
                "insertions": 2,
                "deletions": 2
              },
              "java": {
                "insertions": 337,
                "deletions": 242
              }
            }
          }
        ]
      },
      {
        "date": "2020-09-28",
        "commitResults": [
          {
            "hash": "4982337dfdf8d7f25bb98303b43a84589ec923c5",
            "messageTitle": "Add find feature lv9",
            "messageBody": "",
            "fileTypesAndContributionMap": {
              "txt": {
                "insertions": 13,
                "deletions": 12
              },
              "java": {
                "insertions": 25,
                "deletions": 0
              },
              "bat": {
                "insertions": 2,
                "deletions": 2
              }
            }
          },
          {
            "hash": "5394301d48c0933e2b25b21c546ba4ad1b100f61",
            "messageTitle": "Add javadoc",
            "messageBody": "",
            "fileTypesAndContributionMap": {
              "java": {
                "insertions": 74,
                "deletions": 12
              }
            }
          },
          {
            "hash": "1c4a08c9ff6e8ec6c16d7187e8ee5cf188ae4f12",
            "messageTitle": "Fix javadocs formatting after merge",
            "messageBody": "",
            "tags": [
              "A-JavaDoc"
            ],
            "fileTypesAndContributionMap": {
              "java": {
                "insertions": 17,
                "deletions": 3
              }
            }
          },
          {
            "hash": "a246521a1ce3ee5b71838d1c2931710ff3a01fee",
            "messageTitle": "Fix upper lower case error",
            "messageBody": "",
            "fileTypesAndContributionMap": {
              "java": {
                "insertions": 1,
                "deletions": 1
              }
            }
          }
        ]
      },
      {
        "date": "2020-09-29",
        "commitResults": [
          {
            "hash": "5b1ea58fe0269b296ef23cda1175f42d7678f7f7",
            "messageTitle": "Update README",
            "messageBody": "",
            "fileTypesAndContributionMap": {
              "md": {
                "insertions": 137,
                "deletions": 9
              }
            }
          },
          {
            "hash": "5b0517b1bc3f98bf5b25255675afe8df62321f03",
            "messageTitle": "update test",
            "messageBody": "",
            "fileTypesAndContributionMap": {
              "txt": {
                "insertions": 1,
                "deletions": 0
              }
            }
          },
          {
            "hash": "7810cafd30d15f02d11c1d0d9a66c32bcd6fb271",
            "messageTitle": "Update README",
            "messageBody": "",
            "tags": [
              "A-UserGuide"
            ],
            "fileTypesAndContributionMap": {
              "md": {
                "insertions": 16,
                "deletions": 16
              }
            }
          }
        ]
      }
    ]
  },
  "authorFileTypeContributionMap": {
    "mrwsy1": {
      "java": 542,
      "md": 137,
      "sh": 2,
      "bat": 3,
      "gradle": 0,
      "txt": 22
    }
  },
  "authorContributionVariance": {
    "mrwsy1": 9265.657
  },
  "authorDisplayNameMap": {
    "mrwsy1": "CS2113T-F14-3 WANG..HUYI"
  }
}
