{
  "authorDailyContributionsMap": {
    "Jane-Ng": [
      {
        "date": "2020-08-17",
        "commitResults": [
          {
            "hash": "4e85f905f69d2486c6ffc01d2d5cd84842c902f2",
            "messageTitle": "Add Level-0: Greet",
            "messageBody": "",
            "tags": [
              "Level-0"
            ],
            "fileTypesAndContributionMap": {
              "java": {
                "insertions": 10,
                "deletions": 6
              }
            }
          }
        ]
      },
      {
        "date": "2020-08-25",
        "commitResults": [
          {
            "hash": "45fc0142fc392da6b79af5a0d96534a454682cbd",
            "messageTitle": "Add Level-1: Greet, Echo, Exit",
            "messageBody": "",
            "tags": [
              "Level-1"
            ],
            "fileTypesAndContributionMap": {
              "java": {
                "insertions": 23,
                "deletions": 4
              }
            }
          },
          {
            "hash": "6a34e14e6a160afeb893ac0a17d86daf8ee18617",
            "messageTitle": "Add Level-2: Add, List",
            "messageBody": "",
            "tags": [
              "Level-2"
            ],
            "fileTypesAndContributionMap": {
              "java": {
                "insertions": 12,
                "deletions": 1
              }
            }
          },
          {
            "hash": "1b31025e197467916f510ca0369f2af149f472a2",
            "messageTitle": "Add Task class",
            "messageBody": "",
            "tags": [
              "A-Classes"
            ],
            "fileTypesAndContributionMap": {
              "java": {
                "insertions": 21,
                "deletions": 0
              }
            }
          },
          {
            "hash": "5909e016867893cc2da76ac3145af6fcc6235440",
            "messageTitle": "Add the ability to mark tasks as done",
            "messageBody": "",
            "tags": [
              "Level-3"
            ],
            "fileTypesAndContributionMap": {
              "java": {
                "insertions": 28,
                "deletions": 15
              }
            }
          },
          {
            "hash": "791bb56c03bbe7fbc8c01a788c8a4ca702b0d027",
            "messageTitle": "Modify the code to comply with coding standard",
            "messageBody": "",
            "tags": [
              "A-CodingStandard"
            ],
            "fileTypesAndContributionMap": {
              "java": {
                "insertions": 31,
                "deletions": 2
              }
            }
          }
        ]
      },
      {
        "date": "2020-09-03",
        "commitResults": [
          {
            "hash": "ae419e9837b422b1f7ac6d288529be09525c4d02",
            "messageTitle": "Add toString() method in Task class",
            "messageBody": "",
            "fileTypesAndContributionMap": {
              "java": {
                "insertions": 5,
                "deletions": 0
              }
            }
          },
          {
            "hash": "dd500219a7cb56316087df898b12155001a5d10d",
            "messageTitle": "Add Todo, Deadline and Event class",
            "messageBody": "",
            "tags": [
              "A-Inheritance"
            ],
            "fileTypesAndContributionMap": {
              "java": {
                "insertions": 55,
                "deletions": 0
              }
            }
          },
          {
            "hash": "74999c8b044c2618f076ac4983f36758b11b2787",
            "messageTitle": "Add support for tracking three types of tasks: ToDos, Deadlines and Events",
            "messageBody": "",
            "fileTypesAndContributionMap": {
              "java": {
                "insertions": 219,
                "deletions": 28
              }
            }
          },
          {
            "hash": "14396cdc25fcac7ad676bff5401e93b235c21785",
            "messageTitle": "Revert \"Add support for tracking three types of tasks: ToDos, Deadlines and Events\"",
            "messageBody": "This reverts commit 74999c8b044c2618f076ac4983f36758b11b2787.\n",
            "fileTypesAndContributionMap": {
              "java": {
                "insertions": 28,
                "deletions": 219
              }
            }
          },
          {
            "hash": "366027865157745935c4dd9e9bfeaa313a484d5a",
            "messageTitle": "Add support for tracking three types of tasks: ToDos, Deadlines and Events",
            "messageBody": "",
            "tags": [
              "Level-4"
            ],
            "fileTypesAndContributionMap": {
              "java": {
                "insertions": 218,
                "deletions": 27
              }
            }
          },
          {
            "hash": "cdaca5e9981acec2da725625a2d35828f743f217",
            "messageTitle": "Add Automated Text UI Testing",
            "messageBody": "",
            "tags": [
              "A-TextUiTesting"
            ],
            "fileTypesAndContributionMap": {
              "txt": {
                "insertions": 16,
                "deletions": 0
              },
              "bat": {
                "insertions": 2,
                "deletions": 2
              }
            }
          },
          {
            "hash": "6a2e68584397bf66af863532c39b56f061eee8b6",
            "messageTitle": "Improved the code quality",
            "messageBody": "",
            "tags": [
              "A-CodeQuality"
            ],
            "fileTypesAndContributionMap": {
              "java": {
                "insertions": 106,
                "deletions": 66
              }
            }
          }
        ]
      },
      {
        "date": "2020-09-10",
        "commitResults": [
          {
            "hash": "23e5345eb94552c803b8fca5cd17d802cd030a5b",
            "messageTitle": "Add DukeException class",
            "messageBody": "",
            "tags": [
              "A-Exceptions"
            ],
            "fileTypesAndContributionMap": {
              "java": {
                "insertions": 2,
                "deletions": 0
              }
            }
          },
          {
            "hash": "1b02491c6e2ecca094044c967499aa658e9d224e",
            "messageTitle": "Add error handling",
            "messageBody": "",
            "tags": [
              "Level-5"
            ],
            "fileTypesAndContributionMap": {
              "java": {
                "insertions": 311,
                "deletions": 176
              }
            }
          },
          {
            "hash": "09dfb08ac9605b7b12de4eb18f8d7447b680a646",
            "messageTitle": "Organise classes into packages",
            "messageBody": "",
            "tags": [
              "A-Packages"
            ],
            "fileTypesAndContributionMap": {
              "java": {
                "insertions": 20,
                "deletions": 2
              }
            }
          },
          {
            "hash": "e1a8667ce57f295aee8ad3cd5f938ae047146c41",
            "messageTitle": "Updated Automated Text UI Testing",
            "messageBody": "",
            "fileTypesAndContributionMap": {
              "bat": {
                "insertions": 2,
                "deletions": 2
              }
            }
          }
        ]
      }
    ]
  },
  "authorFileTypeContributionMap": {
    "Jane-Ng": {
      "java": 551,
      "md": 0,
      "sh": 0,
      "bat": 2,
      "gradle": 0,
      "txt": 16
    }
  },
  "authorContributionVariance": {
    "Jane-Ng": 41715.543
  },
  "authorDisplayNameMap": {
    "Jane-Ng": "CS2113T-F11-3 NG S..JANE"
  }
}
