{
  "authorDailyContributionsMap": {
    "wamikamalik": [
      {
        "date": "2020-08-18",
        "commitResults": [
          {
            "hash": "17f5028f7d68f13a73ed815c312ce98cc2fb6202",
            "messageTitle": "Add level 0",
            "messageBody": "Greets the user and exits.\n",
            "tags": [
              "Level-0"
            ],
            "fileTypesAndContributionMap": {
              "java": {
                "insertions": 19,
                "deletions": 1
              }
            }
          }
        ]
      },
      {
        "date": "2020-08-24",
        "commitResults": [
          {
            "hash": "092b0dc30489a58d874aefe4c8d687ffce0d28ad",
            "messageTitle": "Add Level-1",
            "messageBody": "Echo and exit\n",
            "tags": [
              "Level-1"
            ],
            "fileTypesAndContributionMap": {
              "java": {
                "insertions": 19,
                "deletions": 8
              }
            }
          },
          {
            "hash": "ba1a01ea1635dd031a6ca33c1b1052e261c06dbd",
            "messageTitle": "Add tasks handler",
            "messageBody": "Takes in tasks and lists them.\n",
            "tags": [
              "Level-2"
            ],
            "fileTypesAndContributionMap": {
              "java": {
                "insertions": 55,
                "deletions": 4
              }
            }
          }
        ]
      },
      {
        "date": "2020-08-25",
        "commitResults": [
          {
            "hash": "51273cd1fdf0c88572abe8a907019f876d942ada",
            "messageTitle": "Add mark as done",
            "messageBody": "Marks the task with a tick marker if done.\n",
            "tags": [
              "Level-3"
            ],
            "fileTypesAndContributionMap": {
              "java": {
                "insertions": 51,
                "deletions": 3
              }
            }
          },
          {
            "hash": "fe49e43b6431e7e993eb0bf01553fa09dee6d710",
            "messageTitle": "Update Coding Standard",
            "messageBody": "Updated the code to adhere to the coding standard.\n",
            "tags": [
              "A-CodingStandard"
            ],
            "fileTypesAndContributionMap": {
              "java": {
                "insertions": 76,
                "deletions": 27
              }
            }
          }
        ]
      },
      {
        "date": "2020-08-28",
        "commitResults": [
          {
            "hash": "89f42ae5e28e7c0b7561b42c03e5392788e0af99",
            "messageTitle": "Refactor code",
            "messageBody": "made the code a bit more readable.\n",
            "fileTypesAndContributionMap": {
              "java": {
                "insertions": 78,
                "deletions": 78
              }
            }
          }
        ]
      },
      {
        "date": "2020-08-30",
        "commitResults": [
          {
            "hash": "035a3a17b4abbfcc37223951859b671b1ab8dd57",
            "messageTitle": "Improve code readability.",
            "messageBody": "refactored the code to make it easier to read.\n",
            "fileTypesAndContributionMap": {
              "java": {
                "insertions": 70,
                "deletions": 23
              }
            }
          },
          {
            "hash": "688e57d0dd03897d912bd2862ef89be28cbbe881",
            "messageTitle": "Add task types",
            "messageBody": "Updated the code to take in tasks as specific types like event, todo, deadline.\n",
            "tags": [
              "Level-4"
            ],
            "fileTypesAndContributionMap": {
              "java": {
                "insertions": 113,
                "deletions": 18
              }
            }
          }
        ]
      },
      {
        "date": "2020-09-01",
        "commitResults": [
          {
            "hash": "b750f11919573fca36b25f26a90e8339c95cb3d4",
            "messageTitle": "Add automated text UI testing",
            "messageBody": "",
            "tags": [
              "A-TextUiTesting"
            ],
            "fileTypesAndContributionMap": {
              "txt": {
                "insertions": 14,
                "deletions": 0
              },
              "java": {
                "insertions": 5,
                "deletions": 5
              },
              "bat": {
                "insertions": 2,
                "deletions": 2
              }
            }
          }
        ]
      },
      {
        "date": "2020-09-02",
        "commitResults": [
          {
            "hash": "917f466ded4a2fd69afce622dcec10c5fac476ad",
            "messageTitle": "Improve code quality",
            "messageBody": "",
            "tags": [
              "A-CodeQuality"
            ],
            "fileTypesAndContributionMap": {
              "java": {
                "insertions": 49,
                "deletions": 27
              }
            }
          }
        ]
      },
      {
        "date": "2020-09-08",
        "commitResults": [
          {
            "hash": "37c8eb49a25698782b25ed566e59387bafbe0786",
            "messageTitle": "Add DukeException",
            "messageBody": "basic error handling for empty task description, missing identifier and unidetified command.\n",
            "tags": [
              "A-Exceptions"
            ],
            "fileTypesAndContributionMap": {
              "java": {
                "insertions": 94,
                "deletions": 53
              }
            }
          }
        ]
      },
      {
        "date": "2020-09-09",
        "commitResults": [
          {
            "hash": "76c15de49d25abdde9ca7bcd9fbd97e820927cbd",
            "messageTitle": "Add NOT_A_NUMBER exception",
            "messageBody": "",
            "fileTypesAndContributionMap": {
              "java": {
                "insertions": 13,
                "deletions": 31
              }
            }
          },
          {
            "hash": "e0d7b4be4fbd7e46bc79dd0f17d6a469687805a7",
            "messageTitle": "Update error handling for add tasks",
            "messageBody": "",
            "fileTypesAndContributionMap": {
              "java": {
                "insertions": 44,
                "deletions": 36
              }
            }
          },
          {
            "hash": "a01e5a088f97c41e13b2d983b978dfdb825f7001",
            "messageTitle": "Update output test files",
            "messageBody": "",
            "fileTypesAndContributionMap": {
              "txt": {
                "insertions": 13,
                "deletions": 2
              },
              "java": {
                "insertions": 4,
                "deletions": 8
              }
            }
          },
          {
            "hash": "b18961c31ce2e4bcd263a635678c5ef342224a3b",
            "messageTitle": "Add package duke",
            "messageBody": "",
            "fileTypesAndContributionMap": {
              "java": {
                "insertions": 27,
                "deletions": 2
              },
              "bat": {
                "insertions": 1,
                "deletions": 1
              }
            }
          },
          {
            "hash": "3e6d934be68879eaa05327732ca7f23ae90122cd",
            "messageTitle": "Add multiple packages for duke",
            "messageBody": "packages added include command, task and exception.\n",
            "fileTypesAndContributionMap": {
              "java": {
                "insertions": 20,
                "deletions": 17
              },
              "bat": {
                "insertions": 1,
                "deletions": 1
              }
            }
          }
        ]
      },
      {
        "date": "2020-09-14",
        "commitResults": [
          {
            "hash": "2368f706d56286fb3657c77c9cab4022d0a6e39e",
            "messageTitle": "Implement ArrayList\u003c\u003e to store tasks",
            "messageBody": "",
            "tags": [
              "A-Collections"
            ],
            "fileTypesAndContributionMap": {
              "java": {
                "insertions": 23,
                "deletions": 26
              }
            }
          }
        ]
      },
      {
        "date": "2020-09-15",
        "commitResults": [
          {
            "hash": "9105e8389d85a82959d1a9ba69e7c1e8d85f8b15",
            "messageTitle": "Add delete feature",
            "messageBody": "",
            "fileTypesAndContributionMap": {
              "java": {
                "insertions": 49,
                "deletions": 8
              }
            }
          },
          {
            "hash": "22816346333ff008fbf1ae63d67131147bdb8a1e",
            "messageTitle": "Update text UI testing",
            "messageBody": "",
            "fileTypesAndContributionMap": {
              "txt": {
                "insertions": 4,
                "deletions": 1
              }
            }
          },
          {
            "hash": "b58ba036813e88acd4254fc55c4613bd27a81130",
            "messageTitle": "Refactor code",
            "messageBody": "",
            "fileTypesAndContributionMap": {
              "java": {
                "insertions": 38,
                "deletions": 39
              }
            }
          },
          {
            "hash": "69b6a153825638ce11e71f330f30023f3b1f8342",
            "messageTitle": "add file manger to save tasks",
            "messageBody": "",
            "fileTypesAndContributionMap": {
              "txt": {
                "insertions": 4,
                "deletions": 0
              },
              "java": {
                "insertions": 134,
                "deletions": 2
              }
            }
          },
          {
            "hash": "5d1ccc43a6ab7813f7f9da71a0ed6ccce0544d97",
            "messageTitle": "Reoragnise packages",
            "messageBody": "",
            "fileTypesAndContributionMap": {
              "java": {
                "insertions": 3,
                "deletions": 0
              }
            }
          }
        ]
      }
    ]
  },
  "authorFileTypeContributionMap": {
    "wamikamalik": {
      "java": 573,
      "md": 0,
      "sh": 0,
      "bat": 2,
      "gradle": 0,
      "txt": 32
    }
  },
  "authorContributionVariance": {
    "wamikamalik": 6137.3
  },
  "authorDisplayNameMap": {
    "wamikamalik": "CS2113T-F14-3 WAMI..ALIK"
  }
}
