{
  "authorDailyContributionsMap": {
    "gua-guargia": [
      {
        "date": "2020-08-20",
        "commitResults": [
          {
            "hash": "51d4f5b12923f2a0921864e505f8e52aa432bbf9",
            "messageTitle": "add Level-0 greet",
            "messageBody": "",
            "tags": [
              "level-0"
            ],
            "fileTypesAndContributionMap": {
              "java": {
                "insertions": 10,
                "deletions": 0
              }
            }
          }
        ]
      },
      {
        "date": "2020-08-27",
        "commitResults": [
          {
            "hash": "7f029472f548aa29d47d63ee11e4fc87328620df",
            "messageTitle": "Add Level-1 Greet, Echo, Exit",
            "messageBody": "",
            "fileTypesAndContributionMap": {
              "java": {
                "insertions": 33,
                "deletions": 0
              }
            }
          },
          {
            "hash": "693b3a62dc241706b72cb2f795970dcfa712347e",
            "messageTitle": "Add Level-2 Add, List",
            "messageBody": "",
            "tags": [
              "level-2"
            ],
            "fileTypesAndContributionMap": {
              "java": {
                "insertions": 59,
                "deletions": 7
              }
            }
          },
          {
            "hash": "58cde3b5b1c2319d4cbf106f55c8f5ef84dd94ff",
            "messageTitle": "Add Level-3 Mark as done",
            "messageBody": "",
            "tags": [
              "Level-3"
            ],
            "fileTypesAndContributionMap": {
              "java": {
                "insertions": 36,
                "deletions": 5
              }
            }
          },
          {
            "hash": "9a05f65bb1a597942f7a06b6792bf5c35dae2430",
            "messageTitle": "Update A-CodingStandard",
            "messageBody": "",
            "tags": [
              "A-CodingStandard"
            ],
            "fileTypesAndContributionMap": {
              "java": {
                "insertions": 10,
                "deletions": 9
              }
            }
          }
        ]
      },
      {
        "date": "2020-09-03",
        "commitResults": [
          {
            "hash": "e3dca40a334743dd5f05c820a1ca07d1bb539e49",
            "messageTitle": "add Level-4 Todos, Events, Deadlines",
            "messageBody": "",
            "tags": [
              "Level-4"
            ],
            "fileTypesAndContributionMap": {
              "java": {
                "insertions": 212,
                "deletions": 73
              }
            }
          },
          {
            "hash": "d2c27259c451ebfcd8626370cf973d3901b35ccc",
            "messageTitle": "Add A-TextUiTesting",
            "messageBody": "",
            "tags": [
              "A-TextUiTesting"
            ],
            "fileTypesAndContributionMap": {
              "txt": {
                "insertions": 9,
                "deletions": 0
              },
              "bat": {
                "insertions": 1,
                "deletions": 1
              },
              "sh": {
                "insertions": 1,
                "deletions": 1
              }
            }
          },
          {
            "hash": "ee7751d8abd37e16a90f53c71b4d9c7493661b43",
            "messageTitle": "Update A-CodeQuality",
            "messageBody": "",
            "tags": [
              "A-CodeQuality"
            ],
            "fileTypesAndContributionMap": {
              "java": {
                "insertions": 28,
                "deletions": 22
              }
            }
          }
        ]
      },
      {
        "date": "2020-09-10",
        "commitResults": [
          {
            "hash": "716f1d31b263bde4853a230f39058953dfe7247b",
            "messageTitle": "Add Level-5 Handle Errors: descriptions, empty list",
            "messageBody": "",
            "fileTypesAndContributionMap": {
              "java": {
                "insertions": 59,
                "deletions": 18
              }
            }
          },
          {
            "hash": "e231a5a044b3b0c4fe8fad67e71ea7ead6b6453c",
            "messageTitle": "Add Level-5 Handle Errors: event, todo, deadline",
            "messageBody": "",
            "fileTypesAndContributionMap": {
              "java": {
                "insertions": 35,
                "deletions": 23
              }
            }
          },
          {
            "hash": "f58b11f19a225e7f7361707b954c87f6ee542075",
            "messageTitle": "Add Level-5 Handle Errors: finish debug",
            "messageBody": "",
            "fileTypesAndContributionMap": {
              "java": {
                "insertions": 56,
                "deletions": 16
              }
            }
          },
          {
            "hash": "dc3c92bcfdda4365f9fc5ba80684842a244d3d84",
            "messageTitle": "text-u-test: added new input test",
            "messageBody": "",
            "fileTypesAndContributionMap": {
              "txt": {
                "insertions": 1,
                "deletions": 0
              }
            }
          },
          {
            "hash": "c204968ede9d7b556722a26c510eab64d68b2af5",
            "messageTitle": "text-u-test.txt: add new input test",
            "messageBody": "",
            "fileTypesAndContributionMap": {
              "txt": {
                "insertions": 4,
                "deletions": 0
              }
            }
          },
          {
            "hash": "6a4f385f93d6bdb322cb3b1d4dfdc43045ae4822",
            "messageTitle": "Duke.java: add comments",
            "messageBody": "",
            "fileTypesAndContributionMap": {
              "java": {
                "insertions": 1,
                "deletions": 1
              }
            }
          },
          {
            "hash": "b4d82ddd5f3f89d474d958e16146a6a904accb8c",
            "messageTitle": "Add A-Packages: divide classes into packages",
            "messageBody": "",
            "fileTypesAndContributionMap": {
              "java": {
                "insertions": 27,
                "deletions": 0
              }
            }
          }
        ]
      },
      {
        "date": "2020-09-17",
        "commitResults": [
          {
            "hash": "fbf1765de1666095cf8b306f0554ef7d272b664f",
            "messageTitle": "Add Level 6 Delete and A-Collections",
            "messageBody": "",
            "fileTypesAndContributionMap": {
              "java": {
                "insertions": 55,
                "deletions": 12
              }
            }
          },
          {
            "hash": "8294982dbbfd2513edc53a9011eb21097d46645d",
            "messageTitle": "Add Level 7 Save",
            "messageBody": "",
            "fileTypesAndContributionMap": {
              "java": {
                "insertions": 152,
                "deletions": 7
              }
            }
          },
          {
            "hash": "6d526083c1e1df85331a10b3cde7132251586669",
            "messageTitle": "Add delete removed tasks from duke.txt",
            "messageBody": "",
            "fileTypesAndContributionMap": {
              "java": {
                "insertions": 5,
                "deletions": 0
              }
            }
          },
          {
            "hash": "b8ca4a9f7cc70d8eca91eed27546fa0248b8ff01",
            "messageTitle": "Resolve error in creating new file in jar",
            "messageBody": "",
            "tags": [
              "A-Jar"
            ],
            "fileTypesAndContributionMap": {
              "java": {
                "insertions": 11,
                "deletions": 4
              }
            }
          }
        ]
      },
      {
        "date": "2020-09-29",
        "commitResults": [
          {
            "hash": "1ac23cd3e923d1a9e373be4e901c36f539fc9963",
            "messageTitle": "Add A-MoreOOP",
            "messageBody": "",
            "fileTypesAndContributionMap": {
              "java": {
                "insertions": 602,
                "deletions": 32
              }
            }
          },
          {
            "hash": "2accc1245859ecf15354a8d590da8f5bcb69545f",
            "messageTitle": "Add A-MoreOOP",
            "messageBody": "",
            "tags": [
              "A-MoreOOP"
            ],
            "fileTypesAndContributionMap": {
              "java": {
                "insertions": 0,
                "deletions": 241
              }
            }
          },
          {
            "hash": "9f38a01cf3d96c0377af16131aa294a0dd5c6c32",
            "messageTitle": "Add Level-9 Find",
            "messageBody": "",
            "fileTypesAndContributionMap": {
              "java": {
                "insertions": 85,
                "deletions": 9
              }
            }
          }
        ]
      }
    ]
  },
  "authorFileTypeContributionMap": {
    "gua-guargia": {
      "java": 999,
      "md": 0,
      "sh": 1,
      "bat": 1,
      "gradle": 0,
      "txt": 14
    }
  },
  "authorContributionVariance": {
    "gua-guargia": 23855.727
  },
  "authorDisplayNameMap": {
    "gua-guargia": "CS2113T-F11-3 ZHAN..IAYI"
  }
}
