[
  {
    "path": "src/main/java/duke/Duke.java",
    "fileType": "java",
    "lines": [
      {
        "lineNumber": 1,
        "author": {
          "gitId": "nat-ho"
        },
        "content": "package duke;"
      },
      {
        "lineNumber": 2,
        "author": {
          "gitId": "nat-ho"
        },
        "content": ""
      },
      {
        "lineNumber": 3,
        "author": {
          "gitId": "nat-ho"
        },
        "content": "import duke.exception.DukeException;"
      },
      {
        "lineNumber": 4,
        "author": {
          "gitId": "nat-ho"
        },
        "content": "import duke.task.Deadline;"
      },
      {
        "lineNumber": 5,
        "author": {
          "gitId": "nat-ho"
        },
        "content": "import duke.task.Event;"
      },
      {
        "lineNumber": 6,
        "author": {
          "gitId": "nat-ho"
        },
        "content": "import duke.task.Task;"
      },
      {
        "lineNumber": 7,
        "author": {
          "gitId": "nat-ho"
        },
        "content": "import duke.task.ToDo;"
      },
      {
        "lineNumber": 8,
        "author": {
          "gitId": "nat-ho"
        },
        "content": ""
      },
      {
        "lineNumber": 9,
        "author": {
          "gitId": "nat-ho"
        },
        "content": "import java.util.Scanner;"
      },
      {
        "lineNumber": 10,
        "author": {
          "gitId": "nat-ho"
        },
        "content": ""
      },
      {
        "lineNumber": 11,
        "author": {
          "gitId": "-"
        },
        "content": "public class Duke {"
      },
      {
        "lineNumber": 12,
        "author": {
          "gitId": "nat-ho"
        },
        "content": "    public static void printLines() {"
      },
      {
        "lineNumber": 13,
        "author": {
          "gitId": "nat-ho"
        },
        "content": "        System.out.println(\"_________________________________________________________________________\");"
      },
      {
        "lineNumber": 14,
        "author": {
          "gitId": "nat-ho"
        },
        "content": "    }"
      },
      {
        "lineNumber": 15,
        "author": {
          "gitId": "nat-ho"
        },
        "content": ""
      },
      {
        "lineNumber": 16,
        "author": {
          "gitId": "nat-ho"
        },
        "content": "    public static void printLinesWithText(String response) {"
      },
      {
        "lineNumber": 17,
        "author": {
          "gitId": "nat-ho"
        },
        "content": "        //Prints horizontal lines in between response"
      },
      {
        "lineNumber": 18,
        "author": {
          "gitId": "nat-ho"
        },
        "content": "        printLines();"
      },
      {
        "lineNumber": 19,
        "author": {
          "gitId": "nat-ho"
        },
        "content": "        System.out.println(response);"
      },
      {
        "lineNumber": 20,
        "author": {
          "gitId": "nat-ho"
        },
        "content": "        printLines();"
      },
      {
        "lineNumber": 21,
        "author": {
          "gitId": "nat-ho"
        },
        "content": "        System.out.print(System.lineSeparator());"
      },
      {
        "lineNumber": 22,
        "author": {
          "gitId": "nat-ho"
        },
        "content": "    }"
      },
      {
        "lineNumber": 23,
        "author": {
          "gitId": "nat-ho"
        },
        "content": ""
      },
      {
        "lineNumber": 24,
        "author": {
          "gitId": "nat-ho"
        },
        "content": "    private static void printWelcomeMessage() {"
      },
      {
        "lineNumber": 25,
        "author": {
          "gitId": "nat-ho"
        },
        "content": "        String logo \u003d \"  _  _     ___    _____   _____    ___\\n\""
      },
      {
        "lineNumber": 26,
        "author": {
          "gitId": "nat-ho"
        },
        "content": "                + \" | \\\\| |   /   \\\\  |_   _| |_   _|  / _ \\\\\\n\""
      },
      {
        "lineNumber": 27,
        "author": {
          "gitId": "nat-ho"
        },
        "content": "                + \" | .` |   | - |    | |     | |   | (_) |\\n\""
      },
      {
        "lineNumber": 28,
        "author": {
          "gitId": "nat-ho"
        },
        "content": "                + \" |_|\\\\_|   |_|_|   _|_|_   _|_|_   \\\\___/\\n\""
      },
      {
        "lineNumber": 29,
        "author": {
          "gitId": "nat-ho"
        },
        "content": "                + \"_|\\\"\\\"\\\"\\\"\\\"|_|\\\"\\\"\\\"\\\"\\\"|_|\\\"\\\"\\\"\\\"\\\"|_|\\\"\\\"\\\"\\\"\\\"|_|\\\"\\\"\\\"\\\"\\\"|\\n\""
      },
      {
        "lineNumber": 30,
        "author": {
          "gitId": "nat-ho"
        },
        "content": "                + \"\\\"`-0-0-\u0027\\\"`-0-0-\u0027\\\"`-0-0-\u0027\\\"`-0-0-\u0027\\\"`-0-0-\u0027\\n\";"
      },
      {
        "lineNumber": 31,
        "author": {
          "gitId": "nat-ho"
        },
        "content": "        System.out.println(logo);"
      },
      {
        "lineNumber": 32,
        "author": {
          "gitId": "nat-ho"
        },
        "content": "        printLinesWithText(\"Top of the mornin\u0027 to ya! Name\u0027s Natto\" + System.lineSeparator()"
      },
      {
        "lineNumber": 33,
        "author": {
          "gitId": "nat-ho"
        },
        "content": "                + \"Need a pint, two, or somethin\u0027 else?\");"
      },
      {
        "lineNumber": 34,
        "author": {
          "gitId": "nat-ho"
        },
        "content": "    }"
      },
      {
        "lineNumber": 35,
        "author": {
          "gitId": "nat-ho"
        },
        "content": ""
      },
      {
        "lineNumber": 36,
        "author": {
          "gitId": "nat-ho"
        },
        "content": "    private static void printGoodbyeMessage() {"
      },
      {
        "lineNumber": 37,
        "author": {
          "gitId": "nat-ho"
        },
        "content": "        //Prints goodbye string after breaking out of loop"
      },
      {
        "lineNumber": 38,
        "author": {
          "gitId": "nat-ho"
        },
        "content": "        printLinesWithText(\"What, so everyone\u0027s supposed to sleep every night now?\" + System.lineSeparator()"
      },
      {
        "lineNumber": 39,
        "author": {
          "gitId": "nat-ho"
        },
        "content": "                + \"You realize that nighttime makes up half of all time?\");"
      },
      {
        "lineNumber": 40,
        "author": {
          "gitId": "nat-ho"
        },
        "content": "    }"
      },
      {
        "lineNumber": 41,
        "author": {
          "gitId": "nat-ho"
        },
        "content": ""
      },
      {
        "lineNumber": 42,
        "author": {
          "gitId": "nat-ho"
        },
        "content": "    private static void printAddTaskSuccess(Task task) {"
      },
      {
        "lineNumber": 43,
        "author": {
          "gitId": "nat-ho"
        },
        "content": "        printLinesWithText(\"Added that one to the list: \" + task);"
      },
      {
        "lineNumber": 44,
        "author": {
          "gitId": "nat-ho"
        },
        "content": "    }"
      },
      {
        "lineNumber": 45,
        "author": {
          "gitId": "nat-ho"
        },
        "content": ""
      },
      {
        "lineNumber": 46,
        "author": {
          "gitId": "nat-ho"
        },
        "content": "    private static String printTodoFormat() {"
      },
      {
        "lineNumber": 47,
        "author": {
          "gitId": "nat-ho"
        },
        "content": "        return \"todo \u003ctodo information\u003e\";"
      },
      {
        "lineNumber": 48,
        "author": {
          "gitId": "nat-ho"
        },
        "content": "    }"
      },
      {
        "lineNumber": 49,
        "author": {
          "gitId": "nat-ho"
        },
        "content": ""
      },
      {
        "lineNumber": 50,
        "author": {
          "gitId": "nat-ho"
        },
        "content": "    private static String printDeadlineFormat() {"
      },
      {
        "lineNumber": 51,
        "author": {
          "gitId": "nat-ho"
        },
        "content": "        return \"deadline \u003cdeadline name\u003e /by \u003cdeadline information\u003e\";"
      },
      {
        "lineNumber": 52,
        "author": {
          "gitId": "nat-ho"
        },
        "content": "    }"
      },
      {
        "lineNumber": 53,
        "author": {
          "gitId": "nat-ho"
        },
        "content": ""
      },
      {
        "lineNumber": 54,
        "author": {
          "gitId": "nat-ho"
        },
        "content": "    private static String printEventFormat() {"
      },
      {
        "lineNumber": 55,
        "author": {
          "gitId": "nat-ho"
        },
        "content": "        return \"event \u003cevent name\u003e /at \u003cevent information\u003e\";"
      },
      {
        "lineNumber": 56,
        "author": {
          "gitId": "nat-ho"
        },
        "content": "    }"
      },
      {
        "lineNumber": 57,
        "author": {
          "gitId": "nat-ho"
        },
        "content": ""
      },
      {
        "lineNumber": 58,
        "author": {
          "gitId": "nat-ho"
        },
        "content": "    private static String printAllTaskFormat() {"
      },
      {
        "lineNumber": 59,
        "author": {
          "gitId": "nat-ho"
        },
        "content": "        return printTodoFormat() + System.lineSeparator() + printDeadlineFormat() + System.lineSeparator() +"
      },
      {
        "lineNumber": 60,
        "author": {
          "gitId": "nat-ho"
        },
        "content": "                printEventFormat();"
      },
      {
        "lineNumber": 61,
        "author": {
          "gitId": "nat-ho"
        },
        "content": "    }"
      },
      {
        "lineNumber": 62,
        "author": {
          "gitId": "nat-ho"
        },
        "content": ""
      },
      {
        "lineNumber": 63,
        "author": {
          "gitId": "nat-ho"
        },
        "content": "    private static void listTasks(Task[] tasks) {"
      },
      {
        "lineNumber": 64,
        "author": {
          "gitId": "nat-ho"
        },
        "content": "        if (Task.getTaskCount() \u003d\u003d 0) {"
      },
      {
        "lineNumber": 65,
        "author": {
          "gitId": "nat-ho"
        },
        "content": "            //Checks if tasks is empty"
      },
      {
        "lineNumber": 66,
        "author": {
          "gitId": "nat-ho"
        },
        "content": "            printLinesWithText(\"Got nothing for you, stop asking me\");"
      },
      {
        "lineNumber": 67,
        "author": {
          "gitId": "nat-ho"
        },
        "content": "        } else {"
      },
      {
        "lineNumber": 68,
        "author": {
          "gitId": "nat-ho"
        },
        "content": "            //Prints all tasks"
      },
      {
        "lineNumber": 69,
        "author": {
          "gitId": "nat-ho"
        },
        "content": "            printLines();"
      },
      {
        "lineNumber": 70,
        "author": {
          "gitId": "nat-ho"
        },
        "content": "            for (int i \u003d 0; i \u003c Task.getTaskCount(); i++) {"
      },
      {
        "lineNumber": 71,
        "author": {
          "gitId": "nat-ho"
        },
        "content": "                System.out.println(i+1 + \". \" + tasks[i].toString());"
      },
      {
        "lineNumber": 72,
        "author": {
          "gitId": "nat-ho"
        },
        "content": "            }"
      },
      {
        "lineNumber": 73,
        "author": {
          "gitId": "nat-ho"
        },
        "content": "            printLines();"
      },
      {
        "lineNumber": 74,
        "author": {
          "gitId": "nat-ho"
        },
        "content": "            System.out.print(System.lineSeparator());"
      },
      {
        "lineNumber": 75,
        "author": {
          "gitId": "nat-ho"
        },
        "content": "        }"
      },
      {
        "lineNumber": 76,
        "author": {
          "gitId": "nat-ho"
        },
        "content": "    }"
      },
      {
        "lineNumber": 77,
        "author": {
          "gitId": "nat-ho"
        },
        "content": ""
      },
      {
        "lineNumber": 78,
        "author": {
          "gitId": "nat-ho"
        },
        "content": "    private static void addTask(Task[] tasks, String userCommand) {"
      },
      {
        "lineNumber": 79,
        "author": {
          "gitId": "nat-ho"
        },
        "content": "        String[] userInputArray \u003d userCommand.split(\" \", 2);"
      },
      {
        "lineNumber": 80,
        "author": {
          "gitId": "nat-ho"
        },
        "content": "        String taskType \u003d userInputArray[0].toLowerCase();"
      },
      {
        "lineNumber": 81,
        "author": {
          "gitId": "nat-ho"
        },
        "content": ""
      },
      {
        "lineNumber": 82,
        "author": {
          "gitId": "nat-ho"
        },
        "content": "        switch(taskType) {"
      },
      {
        "lineNumber": 83,
        "author": {
          "gitId": "nat-ho"
        },
        "content": "        case \"todo\":"
      },
      {
        "lineNumber": 84,
        "author": {
          "gitId": "nat-ho"
        },
        "content": "            addTodo(tasks, userInputArray);"
      },
      {
        "lineNumber": 85,
        "author": {
          "gitId": "nat-ho"
        },
        "content": "            break;"
      },
      {
        "lineNumber": 86,
        "author": {
          "gitId": "nat-ho"
        },
        "content": "        case \"deadline\":"
      },
      {
        "lineNumber": 87,
        "author": {
          "gitId": "nat-ho"
        },
        "content": "            addDeadline(tasks, userInputArray);"
      },
      {
        "lineNumber": 88,
        "author": {
          "gitId": "nat-ho"
        },
        "content": "            break;"
      },
      {
        "lineNumber": 89,
        "author": {
          "gitId": "nat-ho"
        },
        "content": "        case \"event\":"
      },
      {
        "lineNumber": 90,
        "author": {
          "gitId": "nat-ho"
        },
        "content": "            addEvent(tasks, userInputArray);"
      },
      {
        "lineNumber": 91,
        "author": {
          "gitId": "nat-ho"
        },
        "content": "            break;"
      },
      {
        "lineNumber": 92,
        "author": {
          "gitId": "nat-ho"
        },
        "content": "        default:"
      },
      {
        "lineNumber": 93,
        "author": {
          "gitId": "nat-ho"
        },
        "content": "            if (userCommand.equals(\"\")) {"
      },
      {
        "lineNumber": 94,
        "author": {
          "gitId": "nat-ho"
        },
        "content": "                //Empty line"
      },
      {
        "lineNumber": 95,
        "author": {
          "gitId": "nat-ho"
        },
        "content": "                printLinesWithText(\"Doing nothing is hard, you never know when you\u0027re done\");"
      },
      {
        "lineNumber": 96,
        "author": {
          "gitId": "nat-ho"
        },
        "content": "            } else {"
      },
      {
        "lineNumber": 97,
        "author": {
          "gitId": "nat-ho"
        },
        "content": "                //Unrecognised command"
      },
      {
        "lineNumber": 98,
        "author": {
          "gitId": "nat-ho"
        },
        "content": "                printLinesWithText(\"If only I could add \\\"Read instruction manual\\\". Regardless, here it is: \""
      },
      {
        "lineNumber": 99,
        "author": {
          "gitId": "nat-ho"
        },
        "content": "                        + System.lineSeparator() +  printAllTaskFormat());"
      },
      {
        "lineNumber": 100,
        "author": {
          "gitId": "nat-ho"
        },
        "content": "            }"
      },
      {
        "lineNumber": 101,
        "author": {
          "gitId": "nat-ho"
        },
        "content": "            break;"
      },
      {
        "lineNumber": 102,
        "author": {
          "gitId": "nat-ho"
        },
        "content": "        }"
      },
      {
        "lineNumber": 103,
        "author": {
          "gitId": "nat-ho"
        },
        "content": "    }"
      },
      {
        "lineNumber": 104,
        "author": {
          "gitId": "nat-ho"
        },
        "content": ""
      },
      {
        "lineNumber": 105,
        "author": {
          "gitId": "nat-ho"
        },
        "content": "    private static void addTodo(Task[] tasks, String[] userInputArray) {"
      },
      {
        "lineNumber": 106,
        "author": {
          "gitId": "nat-ho"
        },
        "content": "        try {"
      },
      {
        "lineNumber": 107,
        "author": {
          "gitId": "nat-ho"
        },
        "content": "            Task task \u003d new ToDo(userInputArray[1]);"
      },
      {
        "lineNumber": 108,
        "author": {
          "gitId": "nat-ho"
        },
        "content": "            tasks[Task.getTaskCount()-1] \u003d task;"
      },
      {
        "lineNumber": 109,
        "author": {
          "gitId": "nat-ho"
        },
        "content": "            printAddTaskSuccess(task);"
      },
      {
        "lineNumber": 110,
        "author": {
          "gitId": "nat-ho"
        },
        "content": "        } catch (IndexOutOfBoundsException e) {"
      },
      {
        "lineNumber": 111,
        "author": {
          "gitId": "nat-ho"
        },
        "content": "            //User enters todo without task description"
      },
      {
        "lineNumber": 112,
        "author": {
          "gitId": "nat-ho"
        },
        "content": "            printLinesWithText(\"How about giving that task a name?\" + System.lineSeparator() +"
      },
      {
        "lineNumber": 113,
        "author": {
          "gitId": "nat-ho"
        },
        "content": "                    printTodoFormat());"
      },
      {
        "lineNumber": 114,
        "author": {
          "gitId": "nat-ho"
        },
        "content": "        }"
      },
      {
        "lineNumber": 115,
        "author": {
          "gitId": "nat-ho"
        },
        "content": "    }"
      },
      {
        "lineNumber": 116,
        "author": {
          "gitId": "nat-ho"
        },
        "content": ""
      },
      {
        "lineNumber": 117,
        "author": {
          "gitId": "nat-ho"
        },
        "content": "    private static void addDeadline(Task[] tasks, String[] userInputArray) {"
      },
      {
        "lineNumber": 118,
        "author": {
          "gitId": "nat-ho"
        },
        "content": "        try {"
      },
      {
        "lineNumber": 119,
        "author": {
          "gitId": "nat-ho"
        },
        "content": "            String[] deadlineInput \u003d userInputArray[1].split(\" /by \");"
      },
      {
        "lineNumber": 120,
        "author": {
          "gitId": "nat-ho"
        },
        "content": "            Task task \u003d new Deadline(deadlineInput[0], deadlineInput[1]);"
      },
      {
        "lineNumber": 121,
        "author": {
          "gitId": "nat-ho"
        },
        "content": "            tasks[Task.getTaskCount()-1] \u003d task;"
      },
      {
        "lineNumber": 122,
        "author": {
          "gitId": "nat-ho"
        },
        "content": "            printAddTaskSuccess(task);"
      },
      {
        "lineNumber": 123,
        "author": {
          "gitId": "nat-ho"
        },
        "content": "        } catch (IndexOutOfBoundsException e) {"
      },
      {
        "lineNumber": 124,
        "author": {
          "gitId": "nat-ho"
        },
        "content": "            printLinesWithText(\"Unless you get me another pint, I only recognize:\" + System.lineSeparator() +"
      },
      {
        "lineNumber": 125,
        "author": {
          "gitId": "nat-ho"
        },
        "content": "                    printDeadlineFormat());"
      },
      {
        "lineNumber": 126,
        "author": {
          "gitId": "nat-ho"
        },
        "content": "        }"
      },
      {
        "lineNumber": 127,
        "author": {
          "gitId": "nat-ho"
        },
        "content": "    }"
      },
      {
        "lineNumber": 128,
        "author": {
          "gitId": "nat-ho"
        },
        "content": ""
      },
      {
        "lineNumber": 129,
        "author": {
          "gitId": "nat-ho"
        },
        "content": "    private static void addEvent(Task[] tasks, String[] userInputArray) {"
      },
      {
        "lineNumber": 130,
        "author": {
          "gitId": "nat-ho"
        },
        "content": "        try {"
      },
      {
        "lineNumber": 131,
        "author": {
          "gitId": "nat-ho"
        },
        "content": "            String[] eventInput \u003d userInputArray[1].split(\" /at \");"
      },
      {
        "lineNumber": 132,
        "author": {
          "gitId": "nat-ho"
        },
        "content": "            Task task \u003d new Event(eventInput[0], eventInput[1]);"
      },
      {
        "lineNumber": 133,
        "author": {
          "gitId": "nat-ho"
        },
        "content": "            tasks[Task.getTaskCount()-1] \u003d task;"
      },
      {
        "lineNumber": 134,
        "author": {
          "gitId": "nat-ho"
        },
        "content": "            printAddTaskSuccess(task);"
      },
      {
        "lineNumber": 135,
        "author": {
          "gitId": "nat-ho"
        },
        "content": "        } catch (IndexOutOfBoundsException e) {"
      },
      {
        "lineNumber": 136,
        "author": {
          "gitId": "nat-ho"
        },
        "content": "            printLinesWithText(\"Unless you download more ram, it\u0027s:\" + System.lineSeparator() +"
      },
      {
        "lineNumber": 137,
        "author": {
          "gitId": "nat-ho"
        },
        "content": "                    printEventFormat());"
      },
      {
        "lineNumber": 138,
        "author": {
          "gitId": "nat-ho"
        },
        "content": ""
      },
      {
        "lineNumber": 139,
        "author": {
          "gitId": "nat-ho"
        },
        "content": "        }"
      },
      {
        "lineNumber": 140,
        "author": {
          "gitId": "nat-ho"
        },
        "content": "    }"
      },
      {
        "lineNumber": 141,
        "author": {
          "gitId": "nat-ho"
        },
        "content": ""
      },
      {
        "lineNumber": 142,
        "author": {
          "gitId": "nat-ho"
        },
        "content": "    private static void completeTask(Task[] tasks, String userCommand) {"
      },
      {
        "lineNumber": 143,
        "author": {
          "gitId": "nat-ho"
        },
        "content": "        String[] userInputArray \u003d userCommand.split(\" \");"
      },
      {
        "lineNumber": 144,
        "author": {
          "gitId": "nat-ho"
        },
        "content": "        try {"
      },
      {
        "lineNumber": 145,
        "author": {
          "gitId": "nat-ho"
        },
        "content": "            if (userInputArray.length !\u003d  2) {"
      },
      {
        "lineNumber": 146,
        "author": {
          "gitId": "nat-ho"
        },
        "content": "                //User enter wrong format"
      },
      {
        "lineNumber": 147,
        "author": {
          "gitId": "nat-ho"
        },
        "content": "                throw new DukeException(\"How about you take it one at a time. Try: \\\"done \u003ctask number\u003e\\\"\");"
      },
      {
        "lineNumber": 148,
        "author": {
          "gitId": "nat-ho"
        },
        "content": "            }"
      },
      {
        "lineNumber": 149,
        "author": {
          "gitId": "nat-ho"
        },
        "content": "            int taskNumber \u003d Integer.parseInt(userInputArray[1])-1;"
      },
      {
        "lineNumber": 150,
        "author": {
          "gitId": "nat-ho"
        },
        "content": "            tasks[taskNumber].setDone();"
      },
      {
        "lineNumber": 151,
        "author": {
          "gitId": "nat-ho"
        },
        "content": "            printLinesWithText(\"Well aren\u0027t you Mr Productive! Checked it off for you:\""
      },
      {
        "lineNumber": 152,
        "author": {
          "gitId": "nat-ho"
        },
        "content": "                    + System.lineSeparator() + tasks[taskNumber].toString());"
      },
      {
        "lineNumber": 153,
        "author": {
          "gitId": "nat-ho"
        },
        "content": "        } catch (NumberFormatException e) {"
      },
      {
        "lineNumber": 154,
        "author": {
          "gitId": "nat-ho"
        },
        "content": "            //User enters string after done"
      },
      {
        "lineNumber": 155,
        "author": {
          "gitId": "nat-ho"
        },
        "content": "            printLinesWithText(\"I\u0027d prefer if you gave me a number\");"
      },
      {
        "lineNumber": 156,
        "author": {
          "gitId": "nat-ho"
        },
        "content": "        } catch (NullPointerException e) {"
      },
      {
        "lineNumber": 157,
        "author": {
          "gitId": "nat-ho"
        },
        "content": "            //User enters non-existing task"
      },
      {
        "lineNumber": 158,
        "author": {
          "gitId": "nat-ho"
        },
        "content": "            printLinesWithText(\"How about you tell me a task that actually exists?\");"
      },
      {
        "lineNumber": 159,
        "author": {
          "gitId": "nat-ho"
        },
        "content": "        } catch (IndexOutOfBoundsException e) {"
      },
      {
        "lineNumber": 160,
        "author": {
          "gitId": "nat-ho"
        },
        "content": "            //User enters number beyond 100 task limit"
      },
      {
        "lineNumber": 161,
        "author": {
          "gitId": "nat-ho"
        },
        "content": "            printLinesWithText(\"Being delusional is thinking you could ever have more than a hundred tasks\");"
      },
      {
        "lineNumber": 162,
        "author": {
          "gitId": "nat-ho"
        },
        "content": "        } catch (DukeException e) {"
      },
      {
        "lineNumber": 163,
        "author": {
          "gitId": "nat-ho"
        },
        "content": "            printLinesWithText(e.getMessage());"
      },
      {
        "lineNumber": 164,
        "author": {
          "gitId": "nat-ho"
        },
        "content": "        }"
      },
      {
        "lineNumber": 165,
        "author": {
          "gitId": "nat-ho"
        },
        "content": "    }"
      },
      {
        "lineNumber": 166,
        "author": {
          "gitId": "nat-ho"
        },
        "content": ""
      },
      {
        "lineNumber": 167,
        "author": {
          "gitId": "nat-ho"
        },
        "content": "    public static void main(String[] args) {"
      },
      {
        "lineNumber": 168,
        "author": {
          "gitId": "nat-ho"
        },
        "content": "        printWelcomeMessage();"
      },
      {
        "lineNumber": 169,
        "author": {
          "gitId": "nat-ho"
        },
        "content": ""
      },
      {
        "lineNumber": 170,
        "author": {
          "gitId": "nat-ho"
        },
        "content": "        Task[] tasks \u003d new Task[100];"
      },
      {
        "lineNumber": 171,
        "author": {
          "gitId": "nat-ho"
        },
        "content": "        Scanner in \u003d new Scanner(System.in);"
      },
      {
        "lineNumber": 172,
        "author": {
          "gitId": "nat-ho"
        },
        "content": "        String userCommand \u003d in.nextLine();"
      },
      {
        "lineNumber": 173,
        "author": {
          "gitId": "nat-ho"
        },
        "content": ""
      },
      {
        "lineNumber": 174,
        "author": {
          "gitId": "nat-ho"
        },
        "content": "        while (!userCommand.equals(\"bye\")) {"
      },
      {
        "lineNumber": 175,
        "author": {
          "gitId": "nat-ho"
        },
        "content": "            if (userCommand.toLowerCase().equals(\"list\")) {"
      },
      {
        "lineNumber": 176,
        "author": {
          "gitId": "nat-ho"
        },
        "content": "                listTasks(tasks);"
      },
      {
        "lineNumber": 177,
        "author": {
          "gitId": "nat-ho"
        },
        "content": "            } else if (userCommand.toLowerCase().startsWith(\"done\")) {"
      },
      {
        "lineNumber": 178,
        "author": {
          "gitId": "nat-ho"
        },
        "content": "                completeTask(tasks, userCommand);"
      },
      {
        "lineNumber": 179,
        "author": {
          "gitId": "nat-ho"
        },
        "content": "            } else {"
      },
      {
        "lineNumber": 180,
        "author": {
          "gitId": "nat-ho"
        },
        "content": "                addTask(tasks, userCommand);"
      },
      {
        "lineNumber": 181,
        "author": {
          "gitId": "nat-ho"
        },
        "content": "            }"
      },
      {
        "lineNumber": 182,
        "author": {
          "gitId": "nat-ho"
        },
        "content": "            userCommand \u003d in.nextLine();"
      },
      {
        "lineNumber": 183,
        "author": {
          "gitId": "nat-ho"
        },
        "content": "        }"
      },
      {
        "lineNumber": 184,
        "author": {
          "gitId": "nat-ho"
        },
        "content": "        printGoodbyeMessage();"
      },
      {
        "lineNumber": 185,
        "author": {
          "gitId": "-"
        },
        "content": "    }"
      },
      {
        "lineNumber": 186,
        "author": {
          "gitId": "-"
        },
        "content": "}"
      }
    ],
    "authorContributionMap": {
      "nat-ho": 183,
      "-": 3
    }
  },
  {
    "path": "src/main/java/duke/exception/DukeException.java",
    "fileType": "java",
    "lines": [
      {
        "lineNumber": 1,
        "author": {
          "gitId": "nat-ho"
        },
        "content": "package duke.exception;"
      },
      {
        "lineNumber": 2,
        "author": {
          "gitId": "nat-ho"
        },
        "content": ""
      },
      {
        "lineNumber": 3,
        "author": {
          "gitId": "nat-ho"
        },
        "content": "public class DukeException extends Exception{"
      },
      {
        "lineNumber": 4,
        "author": {
          "gitId": "nat-ho"
        },
        "content": "    public DukeException(String errorMessage) {"
      },
      {
        "lineNumber": 5,
        "author": {
          "gitId": "nat-ho"
        },
        "content": "        super(errorMessage);"
      },
      {
        "lineNumber": 6,
        "author": {
          "gitId": "nat-ho"
        },
        "content": "    }"
      },
      {
        "lineNumber": 7,
        "author": {
          "gitId": "nat-ho"
        },
        "content": ""
      },
      {
        "lineNumber": 8,
        "author": {
          "gitId": "nat-ho"
        },
        "content": "    public  DukeException() {"
      },
      {
        "lineNumber": 9,
        "author": {
          "gitId": "nat-ho"
        },
        "content": ""
      },
      {
        "lineNumber": 10,
        "author": {
          "gitId": "nat-ho"
        },
        "content": "    }"
      },
      {
        "lineNumber": 11,
        "author": {
          "gitId": "nat-ho"
        },
        "content": "}"
      }
    ],
    "authorContributionMap": {
      "nat-ho": 11
    }
  },
  {
    "path": "src/main/java/duke/task/Deadline.java",
    "fileType": "java",
    "lines": [
      {
        "lineNumber": 1,
        "author": {
          "gitId": "nat-ho"
        },
        "content": "package duke.task;"
      },
      {
        "lineNumber": 2,
        "author": {
          "gitId": "nat-ho"
        },
        "content": ""
      },
      {
        "lineNumber": 3,
        "author": {
          "gitId": "nat-ho"
        },
        "content": "public class Deadline extends Task{"
      },
      {
        "lineNumber": 4,
        "author": {
          "gitId": "nat-ho"
        },
        "content": "    private String by;"
      },
      {
        "lineNumber": 5,
        "author": {
          "gitId": "nat-ho"
        },
        "content": ""
      },
      {
        "lineNumber": 6,
        "author": {
          "gitId": "nat-ho"
        },
        "content": "    public Deadline(String description, String by) {"
      },
      {
        "lineNumber": 7,
        "author": {
          "gitId": "nat-ho"
        },
        "content": "        super(description);"
      },
      {
        "lineNumber": 8,
        "author": {
          "gitId": "nat-ho"
        },
        "content": "        this.by \u003d by;"
      },
      {
        "lineNumber": 9,
        "author": {
          "gitId": "nat-ho"
        },
        "content": "    }"
      },
      {
        "lineNumber": 10,
        "author": {
          "gitId": "nat-ho"
        },
        "content": ""
      },
      {
        "lineNumber": 11,
        "author": {
          "gitId": "nat-ho"
        },
        "content": "    public String getBy() {"
      },
      {
        "lineNumber": 12,
        "author": {
          "gitId": "nat-ho"
        },
        "content": "        return this.by;"
      },
      {
        "lineNumber": 13,
        "author": {
          "gitId": "nat-ho"
        },
        "content": "    }"
      },
      {
        "lineNumber": 14,
        "author": {
          "gitId": "nat-ho"
        },
        "content": ""
      },
      {
        "lineNumber": 15,
        "author": {
          "gitId": "nat-ho"
        },
        "content": "    @Override"
      },
      {
        "lineNumber": 16,
        "author": {
          "gitId": "nat-ho"
        },
        "content": "    public String toString() {"
      },
      {
        "lineNumber": 17,
        "author": {
          "gitId": "nat-ho"
        },
        "content": "        return \"[D]\" + super.toString() + \" (By: \" + getBy() + \")\";"
      },
      {
        "lineNumber": 18,
        "author": {
          "gitId": "nat-ho"
        },
        "content": "    }"
      },
      {
        "lineNumber": 19,
        "author": {
          "gitId": "nat-ho"
        },
        "content": "}"
      }
    ],
    "authorContributionMap": {
      "nat-ho": 19
    }
  },
  {
    "path": "src/main/java/duke/task/Event.java",
    "fileType": "java",
    "lines": [
      {
        "lineNumber": 1,
        "author": {
          "gitId": "nat-ho"
        },
        "content": "package duke.task;"
      },
      {
        "lineNumber": 2,
        "author": {
          "gitId": "nat-ho"
        },
        "content": ""
      },
      {
        "lineNumber": 3,
        "author": {
          "gitId": "nat-ho"
        },
        "content": "public class Event extends Task{"
      },
      {
        "lineNumber": 4,
        "author": {
          "gitId": "nat-ho"
        },
        "content": "    private String at;"
      },
      {
        "lineNumber": 5,
        "author": {
          "gitId": "nat-ho"
        },
        "content": ""
      },
      {
        "lineNumber": 6,
        "author": {
          "gitId": "nat-ho"
        },
        "content": "    public Event(String description, String at) {"
      },
      {
        "lineNumber": 7,
        "author": {
          "gitId": "nat-ho"
        },
        "content": "        super(description);"
      },
      {
        "lineNumber": 8,
        "author": {
          "gitId": "nat-ho"
        },
        "content": "        this.at \u003d at;"
      },
      {
        "lineNumber": 9,
        "author": {
          "gitId": "nat-ho"
        },
        "content": "    }"
      },
      {
        "lineNumber": 10,
        "author": {
          "gitId": "nat-ho"
        },
        "content": ""
      },
      {
        "lineNumber": 11,
        "author": {
          "gitId": "nat-ho"
        },
        "content": "    public String getAt() {"
      },
      {
        "lineNumber": 12,
        "author": {
          "gitId": "nat-ho"
        },
        "content": "        return this.at;"
      },
      {
        "lineNumber": 13,
        "author": {
          "gitId": "nat-ho"
        },
        "content": "    }"
      },
      {
        "lineNumber": 14,
        "author": {
          "gitId": "nat-ho"
        },
        "content": ""
      },
      {
        "lineNumber": 15,
        "author": {
          "gitId": "nat-ho"
        },
        "content": "    @Override"
      },
      {
        "lineNumber": 16,
        "author": {
          "gitId": "nat-ho"
        },
        "content": "    public String toString() {"
      },
      {
        "lineNumber": 17,
        "author": {
          "gitId": "nat-ho"
        },
        "content": "        return \"[E]\" + super.toString() + \" (At: \" + getAt() + \")\";"
      },
      {
        "lineNumber": 18,
        "author": {
          "gitId": "nat-ho"
        },
        "content": "    }"
      },
      {
        "lineNumber": 19,
        "author": {
          "gitId": "nat-ho"
        },
        "content": "}"
      }
    ],
    "authorContributionMap": {
      "nat-ho": 19
    }
  },
  {
    "path": "src/main/java/duke/task/Task.java",
    "fileType": "java",
    "lines": [
      {
        "lineNumber": 1,
        "author": {
          "gitId": "nat-ho"
        },
        "content": "package duke.task;"
      },
      {
        "lineNumber": 2,
        "author": {
          "gitId": "nat-ho"
        },
        "content": ""
      },
      {
        "lineNumber": 3,
        "author": {
          "gitId": "nat-ho"
        },
        "content": "public class Task {"
      },
      {
        "lineNumber": 4,
        "author": {
          "gitId": "nat-ho"
        },
        "content": "    private static int taskCount \u003d 0;"
      },
      {
        "lineNumber": 5,
        "author": {
          "gitId": "nat-ho"
        },
        "content": ""
      },
      {
        "lineNumber": 6,
        "author": {
          "gitId": "nat-ho"
        },
        "content": "    private String description;"
      },
      {
        "lineNumber": 7,
        "author": {
          "gitId": "nat-ho"
        },
        "content": "    private boolean isDone;"
      },
      {
        "lineNumber": 8,
        "author": {
          "gitId": "nat-ho"
        },
        "content": ""
      },
      {
        "lineNumber": 9,
        "author": {
          "gitId": "nat-ho"
        },
        "content": "    public Task(String description) {"
      },
      {
        "lineNumber": 10,
        "author": {
          "gitId": "nat-ho"
        },
        "content": "        this.description \u003d description;"
      },
      {
        "lineNumber": 11,
        "author": {
          "gitId": "nat-ho"
        },
        "content": "        isDone \u003d false;"
      },
      {
        "lineNumber": 12,
        "author": {
          "gitId": "nat-ho"
        },
        "content": "        taskCount++;"
      },
      {
        "lineNumber": 13,
        "author": {
          "gitId": "nat-ho"
        },
        "content": "    }"
      },
      {
        "lineNumber": 14,
        "author": {
          "gitId": "nat-ho"
        },
        "content": ""
      },
      {
        "lineNumber": 15,
        "author": {
          "gitId": "nat-ho"
        },
        "content": "    public String getStatusIcon() {"
      },
      {
        "lineNumber": 16,
        "author": {
          "gitId": "nat-ho"
        },
        "content": "        //return tick or X symbols"
      },
      {
        "lineNumber": 17,
        "author": {
          "gitId": "nat-ho"
        },
        "content": "        return (isDone ? \"[\\u2713]\" : \"[\\u2718]\");"
      },
      {
        "lineNumber": 18,
        "author": {
          "gitId": "nat-ho"
        },
        "content": "    }"
      },
      {
        "lineNumber": 19,
        "author": {
          "gitId": "nat-ho"
        },
        "content": ""
      },
      {
        "lineNumber": 20,
        "author": {
          "gitId": "nat-ho"
        },
        "content": "    public String getDescription() {"
      },
      {
        "lineNumber": 21,
        "author": {
          "gitId": "nat-ho"
        },
        "content": "        return this.description;"
      },
      {
        "lineNumber": 22,
        "author": {
          "gitId": "nat-ho"
        },
        "content": "    }"
      },
      {
        "lineNumber": 23,
        "author": {
          "gitId": "nat-ho"
        },
        "content": ""
      },
      {
        "lineNumber": 24,
        "author": {
          "gitId": "nat-ho"
        },
        "content": "    public static int getTaskCount() {"
      },
      {
        "lineNumber": 25,
        "author": {
          "gitId": "nat-ho"
        },
        "content": "        return taskCount;"
      },
      {
        "lineNumber": 26,
        "author": {
          "gitId": "nat-ho"
        },
        "content": "    }"
      },
      {
        "lineNumber": 27,
        "author": {
          "gitId": "nat-ho"
        },
        "content": ""
      },
      {
        "lineNumber": 28,
        "author": {
          "gitId": "nat-ho"
        },
        "content": "    public void setDone() {"
      },
      {
        "lineNumber": 29,
        "author": {
          "gitId": "nat-ho"
        },
        "content": "        isDone \u003d true;"
      },
      {
        "lineNumber": 30,
        "author": {
          "gitId": "nat-ho"
        },
        "content": "    }"
      },
      {
        "lineNumber": 31,
        "author": {
          "gitId": "nat-ho"
        },
        "content": ""
      },
      {
        "lineNumber": 32,
        "author": {
          "gitId": "nat-ho"
        },
        "content": "    @Override"
      },
      {
        "lineNumber": 33,
        "author": {
          "gitId": "nat-ho"
        },
        "content": "    public String toString() {"
      },
      {
        "lineNumber": 34,
        "author": {
          "gitId": "nat-ho"
        },
        "content": "        return getStatusIcon() + getDescription();"
      },
      {
        "lineNumber": 35,
        "author": {
          "gitId": "nat-ho"
        },
        "content": "    }"
      },
      {
        "lineNumber": 36,
        "author": {
          "gitId": "nat-ho"
        },
        "content": "}"
      }
    ],
    "authorContributionMap": {
      "nat-ho": 36
    }
  },
  {
    "path": "src/main/java/duke/task/ToDo.java",
    "fileType": "java",
    "lines": [
      {
        "lineNumber": 1,
        "author": {
          "gitId": "nat-ho"
        },
        "content": "package duke.task;"
      },
      {
        "lineNumber": 2,
        "author": {
          "gitId": "nat-ho"
        },
        "content": ""
      },
      {
        "lineNumber": 3,
        "author": {
          "gitId": "nat-ho"
        },
        "content": "public class ToDo extends Task {"
      },
      {
        "lineNumber": 4,
        "author": {
          "gitId": "nat-ho"
        },
        "content": ""
      },
      {
        "lineNumber": 5,
        "author": {
          "gitId": "nat-ho"
        },
        "content": "    public ToDo(String description) {"
      },
      {
        "lineNumber": 6,
        "author": {
          "gitId": "nat-ho"
        },
        "content": "        super(description);"
      },
      {
        "lineNumber": 7,
        "author": {
          "gitId": "nat-ho"
        },
        "content": "    }"
      },
      {
        "lineNumber": 8,
        "author": {
          "gitId": "nat-ho"
        },
        "content": ""
      },
      {
        "lineNumber": 9,
        "author": {
          "gitId": "nat-ho"
        },
        "content": "    @Override"
      },
      {
        "lineNumber": 10,
        "author": {
          "gitId": "nat-ho"
        },
        "content": "    public String toString() {"
      },
      {
        "lineNumber": 11,
        "author": {
          "gitId": "nat-ho"
        },
        "content": "        return \"[T]\" + super.toString();"
      },
      {
        "lineNumber": 12,
        "author": {
          "gitId": "nat-ho"
        },
        "content": "    }"
      },
      {
        "lineNumber": 13,
        "author": {
          "gitId": "nat-ho"
        },
        "content": "}"
      }
    ],
    "authorContributionMap": {
      "nat-ho": 13
    }
  },
  {
    "path": "text-ui-test/input.txt",
    "fileType": "txt",
    "lines": [
      {
        "lineNumber": 1,
        "author": {
          "gitId": "nat-ho"
        },
        "content": "list"
      },
      {
        "lineNumber": 2,
        "author": {
          "gitId": "nat-ho"
        },
        "content": ""
      },
      {
        "lineNumber": 3,
        "author": {
          "gitId": "nat-ho"
        },
        "content": "todo read book"
      },
      {
        "lineNumber": 4,
        "author": {
          "gitId": "nat-ho"
        },
        "content": "deadline return book /by Sunday"
      },
      {
        "lineNumber": 5,
        "author": {
          "gitId": "nat-ho"
        },
        "content": "event project meeting /at Mon 2-4pm"
      },
      {
        "lineNumber": 6,
        "author": {
          "gitId": "nat-ho"
        },
        "content": "list"
      },
      {
        "lineNumber": 7,
        "author": {
          "gitId": "nat-ho"
        },
        "content": "todo"
      },
      {
        "lineNumber": 8,
        "author": {
          "gitId": "nat-ho"
        },
        "content": "deadline"
      },
      {
        "lineNumber": 9,
        "author": {
          "gitId": "nat-ho"
        },
        "content": "deadline nap"
      },
      {
        "lineNumber": 10,
        "author": {
          "gitId": "nat-ho"
        },
        "content": "event"
      },
      {
        "lineNumber": 11,
        "author": {
          "gitId": "nat-ho"
        },
        "content": "event sleep"
      },
      {
        "lineNumber": 12,
        "author": {
          "gitId": "nat-ho"
        },
        "content": "done 2"
      },
      {
        "lineNumber": 13,
        "author": {
          "gitId": "nat-ho"
        },
        "content": "done 3"
      },
      {
        "lineNumber": 14,
        "author": {
          "gitId": "nat-ho"
        },
        "content": "done 1"
      },
      {
        "lineNumber": 15,
        "author": {
          "gitId": "nat-ho"
        },
        "content": "list"
      },
      {
        "lineNumber": 16,
        "author": {
          "gitId": "nat-ho"
        },
        "content": "deadline do homework /by no idea :-p"
      },
      {
        "lineNumber": 17,
        "author": {
          "gitId": "nat-ho"
        },
        "content": "list"
      },
      {
        "lineNumber": 18,
        "author": {
          "gitId": "nat-ho"
        },
        "content": "done"
      },
      {
        "lineNumber": 19,
        "author": {
          "gitId": "nat-ho"
        },
        "content": "done 10"
      },
      {
        "lineNumber": 20,
        "author": {
          "gitId": "nat-ho"
        },
        "content": "done 1000"
      },
      {
        "lineNumber": 21,
        "author": {
          "gitId": "nat-ho"
        },
        "content": "done everything"
      },
      {
        "lineNumber": 22,
        "author": {
          "gitId": "nat-ho"
        },
        "content": "done 4"
      },
      {
        "lineNumber": 23,
        "author": {
          "gitId": "nat-ho"
        },
        "content": "bye"
      }
    ],
    "authorContributionMap": {
      "nat-ho": 23
    }
  },
  {
    "path": "text-ui-test/runtest.bat",
    "fileType": "bat",
    "lines": [
      {
        "lineNumber": 1,
        "author": {
          "gitId": "-"
        },
        "content": "@ECHO OFF"
      },
      {
        "lineNumber": 2,
        "author": {
          "gitId": "-"
        },
        "content": ""
      },
      {
        "lineNumber": 3,
        "author": {
          "gitId": "-"
        },
        "content": "REM create bin directory if it doesn\u0027t exist"
      },
      {
        "lineNumber": 4,
        "author": {
          "gitId": "-"
        },
        "content": "if not exist ..\\bin mkdir ..\\bin"
      },
      {
        "lineNumber": 5,
        "author": {
          "gitId": "-"
        },
        "content": ""
      },
      {
        "lineNumber": 6,
        "author": {
          "gitId": "-"
        },
        "content": "REM delete output from previous run"
      },
      {
        "lineNumber": 7,
        "author": {
          "gitId": "nat-ho"
        },
        "content": "if exist ACTUAL.TXT del ACTUAL.TXT"
      },
      {
        "lineNumber": 8,
        "author": {
          "gitId": "-"
        },
        "content": ""
      },
      {
        "lineNumber": 9,
        "author": {
          "gitId": "-"
        },
        "content": "REM compile the code into the bin folder"
      },
      {
        "lineNumber": 10,
        "author": {
          "gitId": "nat-ho"
        },
        "content": "javac  -cp ..\\src\\main\\java -Xlint:none -d ..\\bin ..\\src\\main\\java\\duke\\*.java ..\\src\\main\\java\\duke\\exception\\*.java ..\\src\\main\\java\\duke\\task\\*.java"
      },
      {
        "lineNumber": 11,
        "author": {
          "gitId": "-"
        },
        "content": "IF ERRORLEVEL 1 ("
      },
      {
        "lineNumber": 12,
        "author": {
          "gitId": "-"
        },
        "content": "    echo ********** BUILD FAILURE **********"
      },
      {
        "lineNumber": 13,
        "author": {
          "gitId": "-"
        },
        "content": "    exit /b 1"
      },
      {
        "lineNumber": 14,
        "author": {
          "gitId": "-"
        },
        "content": ")"
      },
      {
        "lineNumber": 15,
        "author": {
          "gitId": "-"
        },
        "content": "REM no error here, errorlevel \u003d\u003d 0"
      },
      {
        "lineNumber": 16,
        "author": {
          "gitId": "-"
        },
        "content": ""
      },
      {
        "lineNumber": 17,
        "author": {
          "gitId": "-"
        },
        "content": "REM run the program, feed commands from input.txt file and redirect the output to the ACTUAL.TXT"
      },
      {
        "lineNumber": 18,
        "author": {
          "gitId": "nat-ho"
        },
        "content": "java -Dfile.encoding\u003dUTF-8 -classpath ..\\bin Duke \u003c input.txt \u003e ACTUAL.TXT"
      },
      {
        "lineNumber": 19,
        "author": {
          "gitId": "-"
        },
        "content": ""
      },
      {
        "lineNumber": 20,
        "author": {
          "gitId": "-"
        },
        "content": "REM compare the output to the expected output"
      },
      {
        "lineNumber": 21,
        "author": {
          "gitId": "-"
        },
        "content": "FC ACTUAL.TXT EXPECTED.TXT"
      }
    ],
    "authorContributionMap": {
      "nat-ho": 3,
      "-": 18
    }
  }
]
