{
  "authorDailyContributionsMap": {
    "nat-ho": [
      {
        "date": "2020-08-24",
        "commitResults": [
          {
            "hash": "e8bcac8f68b54cf9be2de45e2fe91904c81a8faf",
            "messageTitle": "Change Duke logo to Natto",
            "messageBody": "",
            "fileTypesAndContributionMap": {
              "java": {
                "insertions": 6,
                "deletions": 5
              }
            }
          },
          {
            "hash": "2f61154780ce256144dc1ab5c0499ba7507dce7e",
            "messageTitle": "Add user greeting",
            "messageBody": "Implement an initial skeletal version of the Duke that greets the user and exits\n",
            "tags": [
              "Level-0"
            ],
            "fileTypesAndContributionMap": {
              "java": {
                "insertions": 7,
                "deletions": 1
              }
            }
          },
          {
            "hash": "dad750edaaf64a0c155c6769c142fa7285d0f049",
            "messageTitle": "Add ability to echo commands and exit",
            "messageBody": "* Duke now echo commands entered by user\n* Exits when user types \"bye\"\n",
            "tags": [
              "Level-1"
            ],
            "fileTypesAndContributionMap": {
              "java": {
                "insertions": 27,
                "deletions": 8
              }
            }
          }
        ]
      },
      {
        "date": "2020-08-25",
        "commitResults": [
          {
            "hash": "8891a76152872406237443c1c0f0f56d06cf871e",
            "messageTitle": "Add ability to store and list user entered text",
            "messageBody": "User can now store whatever text entered and display them back when requested.\n",
            "tags": [
              "Level-2"
            ],
            "fileTypesAndContributionMap": {
              "java": {
                "insertions": 23,
                "deletions": 2
              }
            }
          },
          {
            "hash": "83a12b1dd04741b4d4dd276f44aaffe815cb099c",
            "messageTitle": "Update Duke to handle empty line input",
            "messageBody": "",
            "fileTypesAndContributionMap": {
              "java": {
                "insertions": 8,
                "deletions": 3
              }
            }
          },
          {
            "hash": "3b31ded6ae5e2350fccba56807339556efd43e89",
            "messageTitle": "Add ability to mark tasks as completed",
            "messageBody": "* Implement Task class\n* Users can now mark tasks as done\n* Add class level member to track total tasks\n",
            "tags": [
              "Level-3",
              "A-Classes"
            ],
            "fileTypesAndContributionMap": {
              "java": {
                "insertions": 46,
                "deletions": 8
              }
            }
          }
        ]
      },
      {
        "date": "2020-08-26",
        "commitResults": [
          {
            "hash": "0cc05f185d72cfafb8b3cc4f705af12fd168f7f1",
            "messageTitle": "Update code to comply with coding standard",
            "messageBody": "",
            "tags": [
              "A-CodingStandard"
            ],
            "fileTypesAndContributionMap": {
              "java": {
                "insertions": 36,
                "deletions": 35
              }
            }
          }
        ]
      },
      {
        "date": "2020-09-01",
        "commitResults": [
          {
            "hash": "b0d4f63ca341f20f87cef9fad3592b2e8c9a21b5",
            "messageTitle": "Add tracking for Todo, Deadline and Event type tasks * Add 3 classes: ToDo, Deadline and Event * Add toString method for Task",
            "messageBody": "",
            "tags": [
              "Level-4"
            ],
            "fileTypesAndContributionMap": {
              "java": {
                "insertions": 77,
                "deletions": 11
              }
            }
          }
        ]
      },
      {
        "date": "2020-09-02",
        "commitResults": [
          {
            "hash": "ce156331991088ba515bda0264ffa6e654aac6f9",
            "messageTitle": "Improve code quality * Remove uneccsary use of \"this\" with fields * Refactor code: Extract methods from main * Applied SLAP principle",
            "messageBody": "",
            "tags": [
              "A-CodeQuality"
            ],
            "fileTypesAndContributionMap": {
              "java": {
                "insertions": 75,
                "deletions": 58
              }
            }
          },
          {
            "hash": "d4f39e44d3936b97aab9963930e9c3b59310e843",
            "messageTitle": "Add automated text ui testing * Modify input.txt and exptected.txt to contain updated commands * Update batch file to allow encoding of UTF-8",
            "messageBody": "",
            "tags": [
              "A-TextUiTesting"
            ],
            "fileTypesAndContributionMap": {
              "txt": {
                "insertions": 14,
                "deletions": 0
              },
              "java": {
                "insertions": 6,
                "deletions": 6
              },
              "bat": {
                "insertions": 3,
                "deletions": 3
              }
            }
          }
        ]
      },
      {
        "date": "2020-09-05",
        "commitResults": [
          {
            "hash": "7bc79a7c7da2fdd7a7af7021d774350ca72705ff",
            "messageTitle": "Add error handling * Able to handle errors for wrong format of \"done\" command * Able to handle errors for wrong format of adding tasks of all types * Able to handle empty input or unkown command",
            "messageBody": "",
            "fileTypesAndContributionMap": {
              "java": {
                "insertions": 105,
                "deletions": 23
              }
            }
          },
          {
            "hash": "145e0fb512f5853ba4a9379f5db8549048d62526",
            "messageTitle": "Update automated text ui testing",
            "messageBody": "",
            "fileTypesAndContributionMap": {
              "txt": {
                "insertions": 9,
                "deletions": 0
              }
            }
          }
        ]
      },
      {
        "date": "2020-09-06",
        "commitResults": [
          {
            "hash": "51605d6cdbad18e5e4ff4545efb103a934d7919b",
            "messageTitle": "Divide classes into packages * Exception class: DukeException * Task class: Task,  Todo, Deadline and event",
            "messageBody": "",
            "fileTypesAndContributionMap": {
              "java": {
                "insertions": 18,
                "deletions": 0
              },
              "bat": {
                "insertions": 1,
                "deletions": 1
              }
            }
          }
        ]
      },
      {
        "date": "2020-09-12",
        "commitResults": [
          {
            "hash": "4e3683dc68ffaeaacf80fd59ad711ab608430745",
            "messageTitle": "Add ability to delete tasks * Change Array to ArrayList * Add method to reduce total task count",
            "messageBody": "",
            "fileTypesAndContributionMap": {
              "java": {
                "insertions": 40,
                "deletions": 18
              },
              "sh": {
                "insertions": 1,
                "deletions": 1
              }
            }
          },
          {
            "hash": "9db561dcc0b6aea64542c8868cd4e7650d998eb1",
            "messageTitle": "Add error handling when deleting tasks",
            "messageBody": "",
            "fileTypesAndContributionMap": {
              "java": {
                "insertions": 19,
                "deletions": 5
              }
            }
          }
        ]
      },
      {
        "date": "2020-09-13",
        "commitResults": [
          {
            "hash": "d4c9dea8ef42de0b429e94d19f7ea1bccaf0befc",
            "messageTitle": "Add ability to save and load tasks from file * Change Task to abstract class to contain getType abstract method for different tasks * Create /data directory and TaskList.txt if does not exist * Write to TaskList.txt whenever new task created or completed * Load data from TaskList during Duke startup",
            "messageBody": "",
            "fileTypesAndContributionMap": {
              "txt": {
                "insertions": 4,
                "deletions": 0
              },
              "java": {
                "insertions": 118,
                "deletions": 4
              }
            }
          }
        ]
      },
      {
        "date": "2020-09-14",
        "commitResults": [
          {
            "hash": "7ab64d1e2d8de2293df40699bdae4d1d0384ee11",
            "messageTitle": "Package app as JAR file and improve code quality * Create jar file for release * Refactor delete method to have better SLAP * Changed filename and directoryname into constants",
            "messageBody": "",
            "tags": [
              "A-Jar"
            ],
            "fileTypesAndContributionMap": {
              "java": {
                "insertions": 11,
                "deletions": 7
              }
            }
          }
        ]
      }
    ]
  },
  "authorFileTypeContributionMap": {
    "nat-ho": {
      "java": 436,
      "md": 0,
      "sh": 1,
      "bat": 3,
      "gradle": 0,
      "txt": 28
    }
  },
  "authorContributionVariance": {
    "nat-ho": 2209.7876
  },
  "authorDisplayNameMap": {
    "nat-ho": "CS2113T-T09-3 HO C..NIEL"
  }
}
