{
  "authorDailyContributionsMap": {
    "f0fz": [
      {
        "date": "2020-08-15",
        "commitResults": [
          {
            "hash": "5a8bf6dd8c86dc8e3f14e993f3944aff1284ed06",
            "messageTitle": "Level-0",
            "messageBody": "",
            "tags": [
              "Level-0"
            ],
            "fileTypesAndContributionMap": {
              "java": {
                "insertions": 6,
                "deletions": 0
              }
            }
          }
        ]
      },
      {
        "date": "2020-08-24",
        "commitResults": [
          {
            "hash": "c39dc18df1d03db4c777af4c86ad789fa74b02a3",
            "messageTitle": "Level-1",
            "messageBody": "",
            "tags": [
              "Level-1"
            ],
            "fileTypesAndContributionMap": {
              "java": {
                "insertions": 44,
                "deletions": 12
              }
            }
          },
          {
            "hash": "80fab4d9c23a2c1762ac5c88becdd73dcb48429f",
            "messageTitle": "Level-2",
            "messageBody": "",
            "tags": [
              "Level-2"
            ],
            "fileTypesAndContributionMap": {
              "java": {
                "insertions": 42,
                "deletions": 7
              }
            }
          },
          {
            "hash": "d65f2cf7732c9788ead2dadb1995f9c35be8034b",
            "messageTitle": "Level-3",
            "messageBody": "",
            "tags": [
              "Level-3"
            ],
            "fileTypesAndContributionMap": {
              "java": {
                "insertions": 78,
                "deletions": 13
              }
            }
          },
          {
            "hash": "a25177caeda551d559c82bcb00b08232921f72aa",
            "messageTitle": "A-CodingStandard",
            "messageBody": "",
            "tags": [
              "A-CodingStandard"
            ],
            "fileTypesAndContributionMap": {
              "java": {
                "insertions": 31,
                "deletions": 25
              }
            }
          }
        ]
      },
      {
        "date": "2020-09-01",
        "commitResults": [
          {
            "hash": "84bb6bd02f96be718e9afb5e2f116bf3373085d4",
            "messageTitle": "Level-4",
            "messageBody": "",
            "tags": [
              "Level-4"
            ],
            "fileTypesAndContributionMap": {
              "java": {
                "insertions": 197,
                "deletions": 57
              }
            }
          },
          {
            "hash": "ae3346ba8b3174ec119337e4d7c74b34373396ba",
            "messageTitle": "A-TextUiTesting Mac",
            "messageBody": "",
            "tags": [
              "A-TextUiTesting"
            ],
            "fileTypesAndContributionMap": {
              "txt": {
                "insertions": 12,
                "deletions": 0
              },
              "sh": {
                "insertions": 11,
                "deletions": 2
              }
            }
          }
        ]
      },
      {
        "date": "2020-09-08",
        "commitResults": [
          {
            "hash": "3ca0d889fb2842fd2f2771637798fd1096233642",
            "messageTitle": "Updated TaskList\u0027s addTask for more informative reply",
            "messageBody": "",
            "fileTypesAndContributionMap": {
              "java": {
                "insertions": 4,
                "deletions": 3
              }
            }
          },
          {
            "hash": "f3a36d83ec0a5c12e301e932e8ca173a487a1fce",
            "messageTitle": "Separated code into packages",
            "messageBody": "",
            "fileTypesAndContributionMap": {
              "sh": {
                "insertions": 3,
                "deletions": 5
              }
            }
          },
          {
            "hash": "daefc555428912093cc729ee8049b0c97f721eda",
            "messageTitle": "Organised code into packages",
            "messageBody": "",
            "fileTypesAndContributionMap": {
              "java": {
                "insertions": 39,
                "deletions": 10
              }
            }
          },
          {
            "hash": "f7b1599104e8bd437188ba4a8f8eac5b63dc6391",
            "messageTitle": "Made UI class for all formatting methods and constants",
            "messageBody": "",
            "fileTypesAndContributionMap": {
              "java": {
                "insertions": 29,
                "deletions": 18
              }
            }
          },
          {
            "hash": "54f0d71371ed578097e224f693648db54571ca8a",
            "messageTitle": "Added exception class, but not in use yet",
            "messageBody": "",
            "tags": [
              "A-Exceptions",
              "A-CodeQuality"
            ],
            "fileTypesAndContributionMap": {
              "java": {
                "insertions": 13,
                "deletions": 0
              }
            }
          }
        ]
      }
    ]
  },
  "authorFileTypeContributionMap": {
    "f0fz": {
      "java": 345,
      "md": 0,
      "sh": 9,
      "bat": 0,
      "gradle": 0,
      "txt": 12
    }
  },
  "authorContributionVariance": {
    "f0fz": 5382.783
  },
  "authorDisplayNameMap": {
    "f0fz": "CS2113T-T09-2 SIM .. YOU"
  }
}
