{
  "authorDailyContributionsMap": {
    "f0fz": [
      {
        "date": "2020-08-15",
        "commitResults": [
          {
            "hash": "5a8bf6dd8c86dc8e3f14e993f3944aff1284ed06",
            "messageTitle": "Level-0",
            "messageBody": "",
            "tags": [
              "Level-0"
            ],
            "fileTypesAndContributionMap": {
              "java": {
                "insertions": 6,
                "deletions": 0
              }
            }
          }
        ]
      },
      {
        "date": "2020-08-24",
        "commitResults": [
          {
            "hash": "c39dc18df1d03db4c777af4c86ad789fa74b02a3",
            "messageTitle": "Level-1",
            "messageBody": "",
            "tags": [
              "Level-1"
            ],
            "fileTypesAndContributionMap": {
              "java": {
                "insertions": 44,
                "deletions": 12
              }
            }
          },
          {
            "hash": "80fab4d9c23a2c1762ac5c88becdd73dcb48429f",
            "messageTitle": "Level-2",
            "messageBody": "",
            "tags": [
              "Level-2"
            ],
            "fileTypesAndContributionMap": {
              "java": {
                "insertions": 42,
                "deletions": 7
              }
            }
          },
          {
            "hash": "d65f2cf7732c9788ead2dadb1995f9c35be8034b",
            "messageTitle": "Level-3",
            "messageBody": "",
            "tags": [
              "Level-3"
            ],
            "fileTypesAndContributionMap": {
              "java": {
                "insertions": 78,
                "deletions": 13
              }
            }
          },
          {
            "hash": "a25177caeda551d559c82bcb00b08232921f72aa",
            "messageTitle": "A-CodingStandard",
            "messageBody": "",
            "tags": [
              "A-CodingStandard"
            ],
            "fileTypesAndContributionMap": {
              "java": {
                "insertions": 31,
                "deletions": 25
              }
            }
          }
        ]
      },
      {
        "date": "2020-09-01",
        "commitResults": [
          {
            "hash": "84bb6bd02f96be718e9afb5e2f116bf3373085d4",
            "messageTitle": "Level-4",
            "messageBody": "",
            "tags": [
              "Level-4"
            ],
            "fileTypesAndContributionMap": {
              "java": {
                "insertions": 197,
                "deletions": 57
              }
            }
          },
          {
            "hash": "ae3346ba8b3174ec119337e4d7c74b34373396ba",
            "messageTitle": "A-TextUiTesting Mac",
            "messageBody": "",
            "tags": [
              "A-TextUiTesting"
            ],
            "fileTypesAndContributionMap": {
              "txt": {
                "insertions": 12,
                "deletions": 0
              },
              "sh": {
                "insertions": 11,
                "deletions": 2
              }
            }
          }
        ]
      }
    ]
  },
  "authorFileTypeContributionMap": {
    "f0fz": {
      "java": 290,
      "md": 0,
      "sh": 11,
      "bat": 0,
      "gradle": 0,
      "txt": 12
    }
  },
  "authorContributionVariance": {
    "f0fz": 6642.299
  },
  "authorDisplayNameMap": {
    "f0fz": "CS2113T-T09-2 SIM .. YOU"
  }
}
