{
  "authorDailyContributionsMap": {
    "riazaham": [
      {
        "date": "2020-08-18",
        "commitResults": [
          {
            "hash": "e55f7f50506c97ea273d0e5f279cc3a8993a5287",
            "messageTitle": "level0",
            "messageBody": "",
            "tags": [
              "Level-0"
            ],
            "fileTypesAndContributionMap": {
              "java": {
                "insertions": 14,
                "deletions": 6
              }
            }
          }
        ]
      },
      {
        "date": "2020-08-25",
        "commitResults": [
          {
            "hash": "86a4d0fc6e852e09421f01671fbb7d1a960eed79",
            "messageTitle": "Level-1",
            "messageBody": "",
            "tags": [
              "Level-1"
            ],
            "fileTypesAndContributionMap": {
              "java": {
                "insertions": 16,
                "deletions": 0
              }
            }
          },
          {
            "hash": "81647e9862c35cd121c84c49ff640c3291809da0",
            "messageTitle": "Level-2",
            "messageBody": "",
            "tags": [
              "Level-2"
            ],
            "fileTypesAndContributionMap": {
              "java": {
                "insertions": 21,
                "deletions": 6
              }
            }
          },
          {
            "hash": "ab016af80a52aa988f6d74d1a4a2554cf4b0860b",
            "messageTitle": "Level-3",
            "messageBody": "",
            "tags": [
              "Level-3"
            ],
            "fileTypesAndContributionMap": {
              "java": {
                "insertions": 45,
                "deletions": 5
              }
            }
          },
          {
            "hash": "8e0a3dd8b2ba5e866db31f59309bde818c750da6",
            "messageTitle": "Following Coding Standards",
            "messageBody": "",
            "tags": [
              "A-CodingStandard"
            ],
            "fileTypesAndContributionMap": {
              "java": {
                "insertions": 8,
                "deletions": 3
              }
            }
          }
        ]
      },
      {
        "date": "2020-09-01",
        "commitResults": [
          {
            "hash": "519980b9b168005509fe28b643b9475c32eae683",
            "messageTitle": "Level-4",
            "messageBody": "",
            "tags": [
              "Level-4"
            ],
            "fileTypesAndContributionMap": {
              "java": {
                "insertions": 174,
                "deletions": 28
              }
            }
          },
          {
            "hash": "af7500c8573e75d0ed9a1c449c40b22de5757b1d",
            "messageTitle": "Text UI Testing updated",
            "messageBody": "",
            "tags": [
              "A-TextUiTesting"
            ],
            "fileTypesAndContributionMap": {
              "txt": {
                "insertions": 8,
                "deletions": 0
              },
              "bat": {
                "insertions": 2,
                "deletions": 2
              }
            }
          },
          {
            "hash": "f5ec1a9f4729b481398fbcbf5ed32842b77292d9",
            "messageTitle": "Code Quality Improved (Level-4)",
            "messageBody": "",
            "tags": [
              "A-CodeQuality"
            ],
            "fileTypesAndContributionMap": {
              "java": {
                "insertions": 23,
                "deletions": 11
              }
            }
          }
        ]
      },
      {
        "date": "2020-09-07",
        "commitResults": [
          {
            "hash": "651c827e5428e7181b40fb7eba55e967cf640077",
            "messageTitle": "Added error-handling functions",
            "messageBody": "",
            "fileTypesAndContributionMap": {
              "java": {
                "insertions": 95,
                "deletions": 38
              },
              "bat": {
                "insertions": 1,
                "deletions": 1
              }
            }
          },
          {
            "hash": "d2c57fa63ccedc167ba408a25918135b1a4e6dc9",
            "messageTitle": "Organized the classes into packages",
            "messageBody": "",
            "fileTypesAndContributionMap": {
              "java": {
                "insertions": 21,
                "deletions": 2
              },
              "bat": {
                "insertions": 2,
                "deletions": 2
              }
            }
          }
        ]
      },
      {
        "date": "2020-09-15",
        "commitResults": [
          {
            "hash": "b5bbc922d1f22bef4140296a4061e52d6e9f54b2",
            "messageTitle": "Added delete function",
            "messageBody": "",
            "fileTypesAndContributionMap": {
              "java": {
                "insertions": 24,
                "deletions": 0
              }
            }
          },
          {
            "hash": "d9168ee8f8e0cabbf9d1a16470d721c5fd1635d4",
            "messageTitle": "Implemented Arraylist",
            "messageBody": "",
            "fileTypesAndContributionMap": {
              "java": {
                "insertions": 26,
                "deletions": 36
              }
            }
          },
          {
            "hash": "28a1a07c755394fce652db76852c9ec266fdf813",
            "messageTitle": "Added local save feature",
            "messageBody": "",
            "fileTypesAndContributionMap": {
              "txt": {
                "insertions": 0,
                "deletions": 0
              },
              "java": {
                "insertions": 146,
                "deletions": 18
              }
            }
          }
        ]
      },
      {
        "date": "2020-09-25",
        "commitResults": [
          {
            "hash": "cc01812a85b082e140a7352137118bee43662101",
            "messageTitle": "Major refactoring to include more OOP",
            "messageBody": "",
            "tags": [
              "A-MoreOOP"
            ],
            "fileTypesAndContributionMap": {
              "txt": {
                "insertions": 5,
                "deletions": 0
              },
              "java": {
                "insertions": 353,
                "deletions": 289
              }
            }
          },
          {
            "hash": "1f5b244f3af8c8d58612b4e922209b3c0698b604",
            "messageTitle": "Added find function",
            "messageBody": "",
            "tags": [
              "Level-9"
            ],
            "fileTypesAndContributionMap": {
              "txt": {
                "insertions": 2,
                "deletions": 4
              },
              "java": {
                "insertions": 35,
                "deletions": 7
              }
            }
          },
          {
            "hash": "c8447fc816608ebe1f2c854d0c3230f2b70d9844",
            "messageTitle": "Date formats added",
            "messageBody": "",
            "fileTypesAndContributionMap": {
              "txt": {
                "insertions": 2,
                "deletions": 3
              },
              "java": {
                "insertions": 86,
                "deletions": 27
              }
            }
          }
        ]
      },
      {
        "date": "2020-09-26",
        "commitResults": [
          {
            "hash": "ca4a246fefdac565a09182c7dd687267ad1d58cd",
            "messageTitle": "Added JavaDoc Comments",
            "messageBody": "",
            "fileTypesAndContributionMap": {
              "txt": {
                "insertions": 4,
                "deletions": 0
              },
              "java": {
                "insertions": 246,
                "deletions": 7
              }
            }
          },
          {
            "hash": "2e3f608d7b1b2209f1b769122a0e66f0539a5205",
            "messageTitle": "Resolved merge conflicts",
            "messageBody": "",
            "fileTypesAndContributionMap": {
              "java": {
                "insertions": 0,
                "deletions": 25
              }
            }
          },
          {
            "hash": "0770b3c8bd8e7282a48bf2a3a1cede9151b3bb3d",
            "messageTitle": "Resolved conflicts v2",
            "messageBody": "",
            "fileTypesAndContributionMap": {
              "txt": {
                "insertions": 1,
                "deletions": 2
              },
              "java": {
                "insertions": 0,
                "deletions": 8
              }
            }
          },
          {
            "hash": "54048f820e7ec05f784555346f57338ee2fc2296",
            "messageTitle": "Updated readme",
            "messageBody": "",
            "fileTypesAndContributionMap": {
              "md": {
                "insertions": 84,
                "deletions": 9
              }
            }
          },
          {
            "hash": "c0c14c5a244a0feffa20b6cc65b32cc25b2e9177",
            "messageTitle": "Update README.md",
            "messageBody": "",
            "fileTypesAndContributionMap": {
              "md": {
                "insertions": 2,
                "deletions": 1
              }
            }
          },
          {
            "hash": "5b238184499ee1a7896a3e2c2f59aa355efbb0e3",
            "messageTitle": "Update README.md",
            "messageBody": "",
            "fileTypesAndContributionMap": {
              "md": {
                "insertions": 1,
                "deletions": 0
              }
            }
          }
        ]
      }
    ]
  },
  "authorFileTypeContributionMap": {
    "riazaham": {
      "java": 765,
      "md": 86,
      "sh": 0,
      "bat": 2,
      "gradle": 0,
      "txt": 9
    }
  },
  "authorContributionVariance": {
    "riazaham": 20109.133
  },
  "authorDisplayNameMap": {
    "riazaham": "CS2113T-T09-1 RIAZ..AMED"
  }
}
