{
  "authorDailyContributionsMap": {
    "lhydl": [
      {
        "date": "2020-08-16",
        "commitResults": [
          {
            "hash": "832ebc93e53fa03a26a53622ca9e6c6652ff2caa",
            "messageTitle": "Implement an initial skeletal version of the Duke that simply greets the user and exits.",
            "messageBody": "",
            "tags": [
              "Level-0"
            ],
            "fileTypesAndContributionMap": {
              "java": {
                "insertions": 3,
                "deletions": 0
              }
            }
          }
        ]
      },
      {
        "date": "2020-08-23",
        "commitResults": [
          {
            "hash": "ec6b951d909e9ded159ba7f20479714fdc91e5bc",
            "messageTitle": "Implement greet, echo and exit.",
            "messageBody": "",
            "tags": [
              "Level-1"
            ],
            "fileTypesAndContributionMap": {
              "java": {
                "insertions": 12,
                "deletions": 0
              }
            }
          },
          {
            "hash": "da47361111f3cb80cecfcf0a0bba85b98bb39956",
            "messageTitle": "Implement add and list",
            "messageBody": "",
            "tags": [
              "Level-2"
            ],
            "fileTypesAndContributionMap": {
              "java": {
                "insertions": 23,
                "deletions": 5
              }
            }
          },
          {
            "hash": "18fc2baebdb77e198363748b0602b982734573c4",
            "messageTitle": "Implement mark as done",
            "messageBody": "",
            "tags": [
              "Level-3",
              "A-CodingStandard"
            ],
            "fileTypesAndContributionMap": {
              "java": {
                "insertions": 38,
                "deletions": 9
              }
            }
          }
        ]
      },
      {
        "date": "2020-08-29",
        "commitResults": [
          {
            "hash": "2eeb90f9b837006372f8b300d40b2e449da231ee",
            "messageTitle": "Implemented ToDos, Events, Deadlines Implemented exception handling for mark as done",
            "messageBody": "",
            "tags": [
              "Level-4",
              "A-Inheritance"
            ],
            "fileTypesAndContributionMap": {
              "java": {
                "insertions": 98,
                "deletions": 19
              }
            }
          }
        ]
      },
      {
        "date": "2020-09-02",
        "commitResults": [
          {
            "hash": "a060dff7f990bb9c6a272408f237f0152ee99dc8",
            "messageTitle": "Implemented automated text UI testing, and improve on some code quality",
            "messageBody": "",
            "tags": [
              "A-TextUiTesting",
              "A-CodeQuality"
            ],
            "fileTypesAndContributionMap": {
              "txt": {
                "insertions": 7,
                "deletions": 0
              },
              "java": {
                "insertions": 62,
                "deletions": 39
              },
              "bat": {
                "insertions": 1,
                "deletions": 1
              }
            }
          },
          {
            "hash": "efd0a9f630f4b851a8b7629914bf546886c26650",
            "messageTitle": "Bug fixes",
            "messageBody": "",
            "fileTypesAndContributionMap": {
              "java": {
                "insertions": 1,
                "deletions": 1
              }
            }
          }
        ]
      },
      {
        "date": "2020-09-03",
        "commitResults": [
          {
            "hash": "1663edf64c52ee5b6cb0022dc568845a0c30f98e",
            "messageTitle": "Updated on code quality",
            "messageBody": "",
            "fileTypesAndContributionMap": {
              "java": {
                "insertions": 8,
                "deletions": 16
              }
            }
          }
        ]
      },
      {
        "date": "2020-09-05",
        "commitResults": [
          {
            "hash": "78bcac5d61307d9e6a02999123f79666a08475fb",
            "messageTitle": "Implemented exception handling for deadline and event",
            "messageBody": "",
            "fileTypesAndContributionMap": {
              "java": {
                "insertions": 27,
                "deletions": 19
              }
            }
          },
          {
            "hash": "bba5705660f22f29d394d9e5605f2c502ae83693",
            "messageTitle": "Implemented exception handling for todo, fixed exception handling for event and deadline Improved on code quality",
            "messageBody": "",
            "fileTypesAndContributionMap": {
              "txt": {
                "insertions": 6,
                "deletions": 0
              },
              "java": {
                "insertions": 34,
                "deletions": 16
              }
            }
          }
        ]
      },
      {
        "date": "2020-09-06",
        "commitResults": [
          {
            "hash": "6b4cab03b65de783470fd9bf3d538ebd4e4ebf19",
            "messageTitle": "Bug fixes for printing list when list is empty",
            "messageBody": "",
            "fileTypesAndContributionMap": {
              "java": {
                "insertions": 3,
                "deletions": 3
              }
            }
          },
          {
            "hash": "05298429d1cbd7ecd618b554095dfa50889b926a",
            "messageTitle": "Divided classes into packages",
            "messageBody": "",
            "fileTypesAndContributionMap": {
              "java": {
                "insertions": 11,
                "deletions": 1
              },
              "md": {
                "insertions": 2,
                "deletions": 2
              }
            }
          },
          {
            "hash": "4787607f932ac8ff6c6f77510589e90dee5a4a66",
            "messageTitle": "Updated text ui testing after packaging",
            "messageBody": "",
            "fileTypesAndContributionMap": {
              "java": {
                "insertions": 1,
                "deletions": 1
              },
              "bat": {
                "insertions": 1,
                "deletions": 1
              }
            }
          },
          {
            "hash": "497a3035a548a52d2b168e98b1d541914a9fb306",
            "messageTitle": "Bug fixes and improved on code quality",
            "messageBody": "",
            "fileTypesAndContributionMap": {
              "java": {
                "insertions": 51,
                "deletions": 49
              }
            }
          }
        ]
      },
      {
        "date": "2020-09-09",
        "commitResults": [
          {
            "hash": "bb920773212fcd239a0b93e90b7191016db349ff",
            "messageTitle": "Minor bug fixes and improve on code quality",
            "messageBody": "",
            "fileTypesAndContributionMap": {
              "java": {
                "insertions": 20,
                "deletions": 22
              }
            }
          }
        ]
      },
      {
        "date": "2020-09-10",
        "commitResults": [
          {
            "hash": "6730a16d55d72c725c2379430ce87a7634b50943",
            "messageTitle": "Updated input of automated text ui testing",
            "messageBody": "",
            "fileTypesAndContributionMap": {
              "txt": {
                "insertions": 1,
                "deletions": 0
              },
              "java": {
                "insertions": 0,
                "deletions": 1
              },
              "bat": {
                "insertions": 1,
                "deletions": 1
              }
            }
          },
          {
            "hash": "6c3368b56aa6981a61c978dff82a44592db01789",
            "messageTitle": "Implemented delete",
            "messageBody": "",
            "fileTypesAndContributionMap": {
              "txt": {
                "insertions": 1,
                "deletions": 0
              },
              "java": {
                "insertions": 34,
                "deletions": 0
              }
            }
          }
        ]
      },
      {
        "date": "2020-09-12",
        "commitResults": [
          {
            "hash": "6cbf7b65951051c801800ea0a7671b3ce8cc3240",
            "messageTitle": "Bug fixes in delete",
            "messageBody": "",
            "fileTypesAndContributionMap": {
              "java": {
                "insertions": 11,
                "deletions": 7
              }
            }
          },
          {
            "hash": "f82ec0c6eaaa34e75acebf5da75a2847b3eda990",
            "messageTitle": "Changed the array implementation to ArrayList, and implemented save",
            "messageBody": "",
            "fileTypesAndContributionMap": {
              "txt": {
                "insertions": 12,
                "deletions": 0
              },
              "java": {
                "insertions": 122,
                "deletions": 43
              }
            }
          },
          {
            "hash": "9c1247547576e1ac0c34f156fceaeb18a8940303",
            "messageTitle": "Changed array implementation to ArrayList, and optimised the delete feature",
            "messageBody": "",
            "tags": [
              "A-Collections"
            ],
            "fileTypesAndContributionMap": {
              "java": {
                "insertions": 53,
                "deletions": 64
              }
            }
          },
          {
            "hash": "febf09b56b8050fe464e5afc9dfa9dbbb10ca87e",
            "messageTitle": "Minor code quality updates",
            "messageBody": "",
            "fileTypesAndContributionMap": {
              "txt": {
                "insertions": 4,
                "deletions": 12
              },
              "java": {
                "insertions": 2,
                "deletions": 2
              }
            }
          }
        ]
      },
      {
        "date": "2020-09-13",
        "commitResults": [
          {
            "hash": "b92f41554f664785c53a2a8d362a96ca340a36ac",
            "messageTitle": "Version 1.0",
            "messageBody": "",
            "tags": [
              "A-Jar"
            ],
            "fileTypesAndContributionMap": {
              "txt": {
                "insertions": 0,
                "deletions": 3
              }
            }
          }
        ]
      },
      {
        "date": "2020-09-19",
        "commitResults": [
          {
            "hash": "d6bcb360a9a644818c5a8ca96a7dc8b4ddc2bb3b",
            "messageTitle": "Created parser class Updated automated text ui testing",
            "messageBody": "",
            "fileTypesAndContributionMap": {
              "txt": {
                "insertions": 5,
                "deletions": 0
              },
              "java": {
                "insertions": 44,
                "deletions": 27
              }
            }
          },
          {
            "hash": "11552fc7a943164d212ca1c04ac01ce9825837ec",
            "messageTitle": "Created Ui class",
            "messageBody": "",
            "fileTypesAndContributionMap": {
              "txt": {
                "insertions": 0,
                "deletions": 1
              },
              "java": {
                "insertions": 28,
                "deletions": 18
              }
            }
          },
          {
            "hash": "da11ba80f7be1df9fd35d016c03da06891cf6133",
            "messageTitle": "Created TaskList class",
            "messageBody": "",
            "fileTypesAndContributionMap": {
              "txt": {
                "insertions": 1,
                "deletions": 1
              },
              "java": {
                "insertions": 187,
                "deletions": 182
              }
            }
          },
          {
            "hash": "b7fa5982206d9143e35d06db15619ea09a9c5fd2",
            "messageTitle": "Created Storage class",
            "messageBody": "",
            "tags": [
              "A-MoreOOP"
            ],
            "fileTypesAndContributionMap": {
              "txt": {
                "insertions": 1,
                "deletions": 1
              },
              "java": {
                "insertions": 66,
                "deletions": 62
              }
            }
          },
          {
            "hash": "3f2192b24528bd2ac222f1b92933662d3840db02",
            "messageTitle": "Minor bug fixes",
            "messageBody": "",
            "fileTypesAndContributionMap": {
              "java": {
                "insertions": 7,
                "deletions": 3
              }
            }
          },
          {
            "hash": "b362c307b53e4820fc1cf7496b44f7031c666f73",
            "messageTitle": "Changed to switch statrement in Parser class. Commands are now case insensitive.",
            "messageBody": "",
            "fileTypesAndContributionMap": {
              "txt": {
                "insertions": 3,
                "deletions": 1
              },
              "java": {
                "insertions": 38,
                "deletions": 19
              }
            }
          },
          {
            "hash": "2506fdc1dc5f6e18a67789eca951adb3c196865b",
            "messageTitle": "Minor bug fixes and improve in code quality",
            "messageBody": "",
            "fileTypesAndContributionMap": {
              "txt": {
                "insertions": 0,
                "deletions": 3
              },
              "java": {
                "insertions": 59,
                "deletions": 54
              }
            }
          }
        ]
      },
      {
        "date": "2020-09-20",
        "commitResults": [
          {
            "hash": "f4f50a1ea3fc2832e638884adbc3b03a61e4c149",
            "messageTitle": "Update in code quality",
            "messageBody": "",
            "fileTypesAndContributionMap": {
              "txt": {
                "insertions": 2,
                "deletions": 0
              },
              "java": {
                "insertions": 8,
                "deletions": 6
              }
            }
          }
        ]
      }
    ]
  },
  "authorFileTypeContributionMap": {
    "lhydl": {
      "java": 371,
      "md": 2,
      "sh": 0,
      "bat": 2,
      "gradle": 0,
      "txt": 20
    }
  },
  "authorContributionVariance": {
    "lhydl": 19620.195
  },
  "authorDisplayNameMap": {
    "lhydl": "CS2113T-F12-4 LEE ..YUAN"
  }
}
