[
  {
    "path": "docs/duke.txt",
    "fileType": "txt",
    "lines": [
      {
        "lineNumber": 1,
        "author": {
          "gitId": "anqi20"
        },
        "content": "[T][✓] read book"
      },
      {
        "lineNumber": 2,
        "author": {
          "gitId": "anqi20"
        },
        "content": "[D][✘] return book (by: June 6th)"
      },
      {
        "lineNumber": 3,
        "author": {
          "gitId": "anqi20"
        },
        "content": "[E][✘] project meeting (at: Aug 6th 2-4pm)"
      },
      {
        "lineNumber": 4,
        "author": {
          "gitId": "anqi20"
        },
        "content": "[T][✓] join sports club"
      }
    ],
    "authorContributionMap": {
      "anqi20": 4
    }
  },
  {
    "path": "src/main/java/Deadline.java",
    "fileType": "java",
    "lines": [
      {
        "lineNumber": 1,
        "author": {
          "gitId": "anqi20"
        },
        "content": "public class Deadline extends Task {"
      },
      {
        "lineNumber": 2,
        "author": {
          "gitId": "anqi20"
        },
        "content": "    protected String by;"
      },
      {
        "lineNumber": 3,
        "author": {
          "gitId": "anqi20"
        },
        "content": ""
      },
      {
        "lineNumber": 4,
        "author": {
          "gitId": "anqi20"
        },
        "content": "    public Deadline(String description, String by) {"
      },
      {
        "lineNumber": 5,
        "author": {
          "gitId": "anqi20"
        },
        "content": "        super(description);"
      },
      {
        "lineNumber": 6,
        "author": {
          "gitId": "anqi20"
        },
        "content": "        this.by \u003d by;"
      },
      {
        "lineNumber": 7,
        "author": {
          "gitId": "anqi20"
        },
        "content": "    }"
      },
      {
        "lineNumber": 8,
        "author": {
          "gitId": "anqi20"
        },
        "content": ""
      },
      {
        "lineNumber": 9,
        "author": {
          "gitId": "anqi20"
        },
        "content": "    @Override"
      },
      {
        "lineNumber": 10,
        "author": {
          "gitId": "anqi20"
        },
        "content": "    public String toString() {"
      },
      {
        "lineNumber": 11,
        "author": {
          "gitId": "anqi20"
        },
        "content": "        return \"[D]\" + super.toString() + \" (by: \" + by + \")\";"
      },
      {
        "lineNumber": 12,
        "author": {
          "gitId": "anqi20"
        },
        "content": "    }"
      },
      {
        "lineNumber": 13,
        "author": {
          "gitId": "anqi20"
        },
        "content": "}"
      }
    ],
    "authorContributionMap": {
      "anqi20": 13
    }
  },
  {
    "path": "src/main/java/Duke.java",
    "fileType": "java",
    "lines": [
      {
        "lineNumber": 1,
        "author": {
          "gitId": "anqi20"
        },
        "content": "import java.util.Scanner;"
      },
      {
        "lineNumber": 2,
        "author": {
          "gitId": "anqi20"
        },
        "content": "import java.util.ArrayList;"
      },
      {
        "lineNumber": 3,
        "author": {
          "gitId": "anqi20"
        },
        "content": ""
      },
      {
        "lineNumber": 4,
        "author": {
          "gitId": "anqi20"
        },
        "content": "import java.io.File;"
      },
      {
        "lineNumber": 5,
        "author": {
          "gitId": "anqi20"
        },
        "content": "import java.io.FileWriter;"
      },
      {
        "lineNumber": 6,
        "author": {
          "gitId": "anqi20"
        },
        "content": "import java.io.IOException;"
      },
      {
        "lineNumber": 7,
        "author": {
          "gitId": "anqi20"
        },
        "content": "import java.nio.file.Files;"
      },
      {
        "lineNumber": 8,
        "author": {
          "gitId": "anqi20"
        },
        "content": "import java.nio.file.Paths;"
      },
      {
        "lineNumber": 9,
        "author": {
          "gitId": "anqi20"
        },
        "content": "import java.nio.file.Path;"
      },
      {
        "lineNumber": 10,
        "author": {
          "gitId": "anqi20"
        },
        "content": "import java.nio.file.FileAlreadyExistsException;"
      },
      {
        "lineNumber": 11,
        "author": {
          "gitId": "anqi20"
        },
        "content": ""
      },
      {
        "lineNumber": 12,
        "author": {
          "gitId": "-"
        },
        "content": "public class Duke {"
      },
      {
        "lineNumber": 13,
        "author": {
          "gitId": "anqi20"
        },
        "content": "    public static ArrayList\u003cTask\u003e entireList \u003d new ArrayList\u003c\u003e();"
      },
      {
        "lineNumber": 14,
        "author": {
          "gitId": "anqi20"
        },
        "content": "    public static int counterList \u003d 0;"
      },
      {
        "lineNumber": 15,
        "author": {
          "gitId": "anqi20"
        },
        "content": "    public static boolean isExit \u003d false;"
      },
      {
        "lineNumber": 16,
        "author": {
          "gitId": "anqi20"
        },
        "content": "    public static String filePath \u003d \"docs/duke.txt\";"
      },
      {
        "lineNumber": 17,
        "author": {
          "gitId": "anqi20"
        },
        "content": "    public static String directoryPath \u003d \"docs\";"
      },
      {
        "lineNumber": 18,
        "author": {
          "gitId": "anqi20"
        },
        "content": ""
      },
      {
        "lineNumber": 19,
        "author": {
          "gitId": "anqi20"
        },
        "content": "    //Constants"
      },
      {
        "lineNumber": 20,
        "author": {
          "gitId": "anqi20"
        },
        "content": "    static final int LENGTH_OF_BY \u003d 3; // or LENGTH_OF_AT"
      },
      {
        "lineNumber": 21,
        "author": {
          "gitId": "anqi20"
        },
        "content": "    static final int LENGTH_OF_DONE \u003d 4;"
      },
      {
        "lineNumber": 22,
        "author": {
          "gitId": "anqi20"
        },
        "content": "    static final int LENGTH_OF_DELETE \u003d 6;"
      },
      {
        "lineNumber": 23,
        "author": {
          "gitId": "anqi20"
        },
        "content": "    static final int LENGTH_OF_TODO \u003d 4;"
      },
      {
        "lineNumber": 24,
        "author": {
          "gitId": "anqi20"
        },
        "content": "    static final int LENGTH_OF_EVENT \u003d 5;"
      },
      {
        "lineNumber": 25,
        "author": {
          "gitId": "anqi20"
        },
        "content": "    static final int LENGTH_OF_DEADLINE \u003d 8;"
      },
      {
        "lineNumber": 26,
        "author": {
          "gitId": "anqi20"
        },
        "content": "    static final int LENGTH_OF_INPUT_FORMAT \u003d 6; //[✘][✓]"
      },
      {
        "lineNumber": 27,
        "author": {
          "gitId": "anqi20"
        },
        "content": "    static final int LENGTH_OF_INPUT_DONE_STATUS \u003d 4;"
      },
      {
        "lineNumber": 28,
        "author": {
          "gitId": "anqi20"
        },
        "content": "    static final int TICK_HTML_CODE \u003d 10003;"
      },
      {
        "lineNumber": 29,
        "author": {
          "gitId": "anqi20"
        },
        "content": ""
      },
      {
        "lineNumber": 30,
        "author": {
          "gitId": "anqi20"
        },
        "content": "    public static void fileReading (String filePath) throws IOException {"
      },
      {
        "lineNumber": 31,
        "author": {
          "gitId": "anqi20"
        },
        "content": "        try {"
      },
      {
        "lineNumber": 32,
        "author": {
          "gitId": "anqi20"
        },
        "content": "            Files.createDirectories(Paths.get(directoryPath));"
      },
      {
        "lineNumber": 33,
        "author": {
          "gitId": "anqi20"
        },
        "content": "            Files.createFile(Path.of(filePath));"
      },
      {
        "lineNumber": 34,
        "author": {
          "gitId": "anqi20"
        },
        "content": ""
      },
      {
        "lineNumber": 35,
        "author": {
          "gitId": "anqi20"
        },
        "content": "        } catch (FileAlreadyExistsException e) {"
      },
      {
        "lineNumber": 36,
        "author": {
          "gitId": "anqi20"
        },
        "content": "            //Ignore"
      },
      {
        "lineNumber": 37,
        "author": {
          "gitId": "anqi20"
        },
        "content": "        }"
      },
      {
        "lineNumber": 38,
        "author": {
          "gitId": "anqi20"
        },
        "content": ""
      },
      {
        "lineNumber": 39,
        "author": {
          "gitId": "anqi20"
        },
        "content": ""
      },
      {
        "lineNumber": 40,
        "author": {
          "gitId": "anqi20"
        },
        "content": "        File f \u003d new File(filePath);"
      },
      {
        "lineNumber": 41,
        "author": {
          "gitId": "anqi20"
        },
        "content": "        Scanner s \u003d new Scanner (f);"
      },
      {
        "lineNumber": 42,
        "author": {
          "gitId": "anqi20"
        },
        "content": ""
      },
      {
        "lineNumber": 43,
        "author": {
          "gitId": "anqi20"
        },
        "content": "        while(s.hasNext()) {"
      },
      {
        "lineNumber": 44,
        "author": {
          "gitId": "anqi20"
        },
        "content": "            String line \u003d s.nextLine();"
      },
      {
        "lineNumber": 45,
        "author": {
          "gitId": "anqi20"
        },
        "content": "            Integer taskDone \u003d line.codePointAt(LENGTH_OF_INPUT_DONE_STATUS);"
      },
      {
        "lineNumber": 46,
        "author": {
          "gitId": "anqi20"
        },
        "content": ""
      },
      {
        "lineNumber": 47,
        "author": {
          "gitId": "anqi20"
        },
        "content": "            if(line.startsWith(\"[T]\")) {"
      },
      {
        "lineNumber": 48,
        "author": {
          "gitId": "anqi20"
        },
        "content": ""
      },
      {
        "lineNumber": 49,
        "author": {
          "gitId": "anqi20"
        },
        "content": "                String userCommandName \u003d line.substring(LENGTH_OF_INPUT_FORMAT +1).trim();"
      },
      {
        "lineNumber": 50,
        "author": {
          "gitId": "anqi20"
        },
        "content": "                ToDos t \u003d new ToDos(userCommandName);"
      },
      {
        "lineNumber": 51,
        "author": {
          "gitId": "anqi20"
        },
        "content": "                entireList.add(counterList, t);"
      },
      {
        "lineNumber": 52,
        "author": {
          "gitId": "anqi20"
        },
        "content": ""
      },
      {
        "lineNumber": 53,
        "author": {
          "gitId": "anqi20"
        },
        "content": "            } else if (line.startsWith(\"[E]\")) {"
      },
      {
        "lineNumber": 54,
        "author": {
          "gitId": "anqi20"
        },
        "content": ""
      },
      {
        "lineNumber": 55,
        "author": {
          "gitId": "anqi20"
        },
        "content": "                int dividerPosition \u003d line.indexOf(\"(at:\");"
      },
      {
        "lineNumber": 56,
        "author": {
          "gitId": "anqi20"
        },
        "content": "                String userCommandName \u003d line.substring(LENGTH_OF_INPUT_FORMAT +1, dividerPosition).trim();"
      },
      {
        "lineNumber": 57,
        "author": {
          "gitId": "anqi20"
        },
        "content": "                String userCommandBy \u003d line.substring(dividerPosition + LENGTH_OF_BY +1, line.length()-1).trim();"
      },
      {
        "lineNumber": 58,
        "author": {
          "gitId": "anqi20"
        },
        "content": "                Events e \u003d new Events(userCommandName, userCommandBy);"
      },
      {
        "lineNumber": 59,
        "author": {
          "gitId": "anqi20"
        },
        "content": "                entireList.add(counterList, e);"
      },
      {
        "lineNumber": 60,
        "author": {
          "gitId": "anqi20"
        },
        "content": ""
      },
      {
        "lineNumber": 61,
        "author": {
          "gitId": "anqi20"
        },
        "content": "            } else if(line.startsWith(\"[D]\")) {"
      },
      {
        "lineNumber": 62,
        "author": {
          "gitId": "anqi20"
        },
        "content": ""
      },
      {
        "lineNumber": 63,
        "author": {
          "gitId": "anqi20"
        },
        "content": "                int dividerPosition \u003d line.indexOf(\"(by:\");"
      },
      {
        "lineNumber": 64,
        "author": {
          "gitId": "anqi20"
        },
        "content": "                String userCommandName \u003d line.substring(LENGTH_OF_INPUT_FORMAT +1, dividerPosition).trim();"
      },
      {
        "lineNumber": 65,
        "author": {
          "gitId": "anqi20"
        },
        "content": "                String userCommandBy \u003d line.substring(dividerPosition + LENGTH_OF_BY +1, line.length()-1).trim();"
      },
      {
        "lineNumber": 66,
        "author": {
          "gitId": "anqi20"
        },
        "content": "                Deadline d \u003d new Deadline(userCommandName, userCommandBy);"
      },
      {
        "lineNumber": 67,
        "author": {
          "gitId": "anqi20"
        },
        "content": "                entireList.add(counterList, d);"
      },
      {
        "lineNumber": 68,
        "author": {
          "gitId": "anqi20"
        },
        "content": ""
      },
      {
        "lineNumber": 69,
        "author": {
          "gitId": "anqi20"
        },
        "content": "            } else {"
      },
      {
        "lineNumber": 70,
        "author": {
          "gitId": "anqi20"
        },
        "content": "                //Invalid task found"
      },
      {
        "lineNumber": 71,
        "author": {
          "gitId": "anqi20"
        },
        "content": "                Replies.printReadFileInvalid();"
      },
      {
        "lineNumber": 72,
        "author": {
          "gitId": "anqi20"
        },
        "content": "            }"
      },
      {
        "lineNumber": 73,
        "author": {
          "gitId": "anqi20"
        },
        "content": "            if (taskDone.equals(TICK_HTML_CODE)) {"
      },
      {
        "lineNumber": 74,
        "author": {
          "gitId": "anqi20"
        },
        "content": "                entireList.get(counterList).markAsDone();"
      },
      {
        "lineNumber": 75,
        "author": {
          "gitId": "anqi20"
        },
        "content": "            }"
      },
      {
        "lineNumber": 76,
        "author": {
          "gitId": "anqi20"
        },
        "content": "            counterList++;"
      },
      {
        "lineNumber": 77,
        "author": {
          "gitId": "anqi20"
        },
        "content": "        }"
      },
      {
        "lineNumber": 78,
        "author": {
          "gitId": "anqi20"
        },
        "content": "    }"
      },
      {
        "lineNumber": 79,
        "author": {
          "gitId": "anqi20"
        },
        "content": ""
      },
      {
        "lineNumber": 80,
        "author": {
          "gitId": "anqi20"
        },
        "content": "    public static void readFile() {"
      },
      {
        "lineNumber": 81,
        "author": {
          "gitId": "anqi20"
        },
        "content": "        try {"
      },
      {
        "lineNumber": 82,
        "author": {
          "gitId": "anqi20"
        },
        "content": "            fileReading(filePath);"
      },
      {
        "lineNumber": 83,
        "author": {
          "gitId": "anqi20"
        },
        "content": ""
      },
      {
        "lineNumber": 84,
        "author": {
          "gitId": "anqi20"
        },
        "content": "        } catch (IOException e) {"
      },
      {
        "lineNumber": 85,
        "author": {
          "gitId": "anqi20"
        },
        "content": "            Replies.printReadFileError(); //Input file has an error"
      },
      {
        "lineNumber": 86,
        "author": {
          "gitId": "anqi20"
        },
        "content": "        }"
      },
      {
        "lineNumber": 87,
        "author": {
          "gitId": "anqi20"
        },
        "content": "    }"
      },
      {
        "lineNumber": 88,
        "author": {
          "gitId": "anqi20"
        },
        "content": ""
      },
      {
        "lineNumber": 89,
        "author": {
          "gitId": "anqi20"
        },
        "content": "    public static void writeFile(String filePath) throws IOException {"
      },
      {
        "lineNumber": 90,
        "author": {
          "gitId": "anqi20"
        },
        "content": "        FileWriter fw \u003d new FileWriter(filePath);"
      },
      {
        "lineNumber": 91,
        "author": {
          "gitId": "anqi20"
        },
        "content": "        for(Task item : entireList){"
      },
      {
        "lineNumber": 92,
        "author": {
          "gitId": "anqi20"
        },
        "content": "            if(item !\u003d null) {"
      },
      {
        "lineNumber": 93,
        "author": {
          "gitId": "anqi20"
        },
        "content": "                fw.write(item.toString() + System.lineSeparator());"
      },
      {
        "lineNumber": 94,
        "author": {
          "gitId": "anqi20"
        },
        "content": "            }"
      },
      {
        "lineNumber": 95,
        "author": {
          "gitId": "anqi20"
        },
        "content": "        }"
      },
      {
        "lineNumber": 96,
        "author": {
          "gitId": "anqi20"
        },
        "content": "        fw.close();"
      },
      {
        "lineNumber": 97,
        "author": {
          "gitId": "anqi20"
        },
        "content": "    }"
      },
      {
        "lineNumber": 98,
        "author": {
          "gitId": "anqi20"
        },
        "content": ""
      },
      {
        "lineNumber": 99,
        "author": {
          "gitId": "anqi20"
        },
        "content": "    public static ToDos getToDos(String userCommand) {"
      },
      {
        "lineNumber": 100,
        "author": {
          "gitId": "anqi20"
        },
        "content": ""
      },
      {
        "lineNumber": 101,
        "author": {
          "gitId": "anqi20"
        },
        "content": "        String userCommandName \u003d userCommand.substring(LENGTH_OF_TODO +1).trim();"
      },
      {
        "lineNumber": 102,
        "author": {
          "gitId": "anqi20"
        },
        "content": ""
      },
      {
        "lineNumber": 103,
        "author": {
          "gitId": "anqi20"
        },
        "content": "        return new ToDos(userCommandName);"
      },
      {
        "lineNumber": 104,
        "author": {
          "gitId": "anqi20"
        },
        "content": "    }"
      },
      {
        "lineNumber": 105,
        "author": {
          "gitId": "anqi20"
        },
        "content": ""
      },
      {
        "lineNumber": 106,
        "author": {
          "gitId": "anqi20"
        },
        "content": "    public static Events getEvents(String userCommand) {"
      },
      {
        "lineNumber": 107,
        "author": {
          "gitId": "anqi20"
        },
        "content": ""
      },
      {
        "lineNumber": 108,
        "author": {
          "gitId": "anqi20"
        },
        "content": "        int dividerPosition \u003d userCommand.indexOf(\"/at\");"
      },
      {
        "lineNumber": 109,
        "author": {
          "gitId": "anqi20"
        },
        "content": "        String userCommandName \u003d userCommand.substring(LENGTH_OF_EVENT +1, dividerPosition).trim();"
      },
      {
        "lineNumber": 110,
        "author": {
          "gitId": "anqi20"
        },
        "content": "        String userCommandBy \u003d userCommand.substring(dividerPosition + LENGTH_OF_BY +1).trim();"
      },
      {
        "lineNumber": 111,
        "author": {
          "gitId": "anqi20"
        },
        "content": ""
      },
      {
        "lineNumber": 112,
        "author": {
          "gitId": "anqi20"
        },
        "content": "        return new Events(userCommandName, userCommandBy);"
      },
      {
        "lineNumber": 113,
        "author": {
          "gitId": "anqi20"
        },
        "content": "    }"
      },
      {
        "lineNumber": 114,
        "author": {
          "gitId": "anqi20"
        },
        "content": ""
      },
      {
        "lineNumber": 115,
        "author": {
          "gitId": "anqi20"
        },
        "content": "    public static Deadline getDeadline(String userCommand) {"
      },
      {
        "lineNumber": 116,
        "author": {
          "gitId": "anqi20"
        },
        "content": ""
      },
      {
        "lineNumber": 117,
        "author": {
          "gitId": "anqi20"
        },
        "content": "        int dividerPosition \u003d userCommand.indexOf(\"/by\");"
      },
      {
        "lineNumber": 118,
        "author": {
          "gitId": "anqi20"
        },
        "content": "        String userCommandName \u003d userCommand.substring(LENGTH_OF_DEADLINE + 1, dividerPosition).trim();"
      },
      {
        "lineNumber": 119,
        "author": {
          "gitId": "anqi20"
        },
        "content": "        String userCommandBy \u003d userCommand.substring(dividerPosition + LENGTH_OF_BY + 1).trim();"
      },
      {
        "lineNumber": 120,
        "author": {
          "gitId": "anqi20"
        },
        "content": ""
      },
      {
        "lineNumber": 121,
        "author": {
          "gitId": "anqi20"
        },
        "content": "        return new Deadline(userCommandName, userCommandBy);"
      },
      {
        "lineNumber": 122,
        "author": {
          "gitId": "anqi20"
        },
        "content": "    }"
      },
      {
        "lineNumber": 123,
        "author": {
          "gitId": "anqi20"
        },
        "content": ""
      },
      {
        "lineNumber": 124,
        "author": {
          "gitId": "anqi20"
        },
        "content": "    public static void markAsDone(String userCommand) throws DukeException {"
      },
      {
        "lineNumber": 125,
        "author": {
          "gitId": "anqi20"
        },
        "content": ""
      },
      {
        "lineNumber": 126,
        "author": {
          "gitId": "anqi20"
        },
        "content": "        String taskNumString \u003d userCommand.substring(LENGTH_OF_DONE);"
      },
      {
        "lineNumber": 127,
        "author": {
          "gitId": "anqi20"
        },
        "content": "        int taskNum \u003d Integer.parseInt(taskNumString.trim()) - 1;"
      },
      {
        "lineNumber": 128,
        "author": {
          "gitId": "anqi20"
        },
        "content": ""
      },
      {
        "lineNumber": 129,
        "author": {
          "gitId": "anqi20"
        },
        "content": "        if(entireList.get(taskNum).isDone) {"
      },
      {
        "lineNumber": 130,
        "author": {
          "gitId": "anqi20"
        },
        "content": "            throw new DukeException();"
      },
      {
        "lineNumber": 131,
        "author": {
          "gitId": "anqi20"
        },
        "content": "        }"
      },
      {
        "lineNumber": 132,
        "author": {
          "gitId": "anqi20"
        },
        "content": "        entireList.get(taskNum).markAsDone();"
      },
      {
        "lineNumber": 133,
        "author": {
          "gitId": "anqi20"
        },
        "content": "        Replies.printDoneValid(entireList, taskNum);"
      },
      {
        "lineNumber": 134,
        "author": {
          "gitId": "anqi20"
        },
        "content": "    }"
      },
      {
        "lineNumber": 135,
        "author": {
          "gitId": "anqi20"
        },
        "content": ""
      },
      {
        "lineNumber": 136,
        "author": {
          "gitId": "anqi20"
        },
        "content": "    public static void delete(String userCommand) {"
      },
      {
        "lineNumber": 137,
        "author": {
          "gitId": "anqi20"
        },
        "content": ""
      },
      {
        "lineNumber": 138,
        "author": {
          "gitId": "anqi20"
        },
        "content": "        String taskNumString \u003d userCommand.substring(LENGTH_OF_DELETE);"
      },
      {
        "lineNumber": 139,
        "author": {
          "gitId": "anqi20"
        },
        "content": "        int taskNum \u003d Integer.parseInt(taskNumString.trim()) - 1;"
      },
      {
        "lineNumber": 140,
        "author": {
          "gitId": "anqi20"
        },
        "content": ""
      },
      {
        "lineNumber": 141,
        "author": {
          "gitId": "anqi20"
        },
        "content": "        Task t \u003d entireList.get(taskNum);"
      },
      {
        "lineNumber": 142,
        "author": {
          "gitId": "anqi20"
        },
        "content": "        entireList.remove(taskNum);"
      },
      {
        "lineNumber": 143,
        "author": {
          "gitId": "anqi20"
        },
        "content": "        counterList--;"
      },
      {
        "lineNumber": 144,
        "author": {
          "gitId": "anqi20"
        },
        "content": "        Replies.printDelete(t.toString(), counterList);"
      },
      {
        "lineNumber": 145,
        "author": {
          "gitId": "anqi20"
        },
        "content": "    }"
      },
      {
        "lineNumber": 146,
        "author": {
          "gitId": "anqi20"
        },
        "content": ""
      },
      {
        "lineNumber": 147,
        "author": {
          "gitId": "anqi20"
        },
        "content": "    public static int addTasks(String userCommand) throws DukeException {"
      },
      {
        "lineNumber": 148,
        "author": {
          "gitId": "anqi20"
        },
        "content": ""
      },
      {
        "lineNumber": 149,
        "author": {
          "gitId": "anqi20"
        },
        "content": "        if(userCommand.toLowerCase().startsWith(\"deadline\")) {"
      },
      {
        "lineNumber": 150,
        "author": {
          "gitId": "anqi20"
        },
        "content": ""
      },
      {
        "lineNumber": 151,
        "author": {
          "gitId": "anqi20"
        },
        "content": "            if(!userCommand.contains(\"/by\")) {"
      },
      {
        "lineNumber": 152,
        "author": {
          "gitId": "anqi20"
        },
        "content": "                throw new DukeException();"
      },
      {
        "lineNumber": 153,
        "author": {
          "gitId": "anqi20"
        },
        "content": "            }"
      },
      {
        "lineNumber": 154,
        "author": {
          "gitId": "anqi20"
        },
        "content": "            Deadline d \u003d getDeadline(userCommand);"
      },
      {
        "lineNumber": 155,
        "author": {
          "gitId": "anqi20"
        },
        "content": "            entireList.add(counterList, d);"
      },
      {
        "lineNumber": 156,
        "author": {
          "gitId": "anqi20"
        },
        "content": "            counterList++;"
      },
      {
        "lineNumber": 157,
        "author": {
          "gitId": "anqi20"
        },
        "content": "            Replies.printToAddTask(d.toString(), counterList);"
      },
      {
        "lineNumber": 158,
        "author": {
          "gitId": "anqi20"
        },
        "content": ""
      },
      {
        "lineNumber": 159,
        "author": {
          "gitId": "anqi20"
        },
        "content": "        } else if (userCommand.toLowerCase().startsWith(\"event\")) {"
      },
      {
        "lineNumber": 160,
        "author": {
          "gitId": "anqi20"
        },
        "content": ""
      },
      {
        "lineNumber": 161,
        "author": {
          "gitId": "anqi20"
        },
        "content": "            if(!userCommand.contains(\"/at\")) {"
      },
      {
        "lineNumber": 162,
        "author": {
          "gitId": "anqi20"
        },
        "content": "                throw new DukeException();"
      },
      {
        "lineNumber": 163,
        "author": {
          "gitId": "anqi20"
        },
        "content": "            }"
      },
      {
        "lineNumber": 164,
        "author": {
          "gitId": "anqi20"
        },
        "content": "            Events e \u003d getEvents(userCommand);"
      },
      {
        "lineNumber": 165,
        "author": {
          "gitId": "anqi20"
        },
        "content": "            entireList.add(counterList, e);"
      },
      {
        "lineNumber": 166,
        "author": {
          "gitId": "anqi20"
        },
        "content": "            counterList++;"
      },
      {
        "lineNumber": 167,
        "author": {
          "gitId": "anqi20"
        },
        "content": "            Replies.printToAddTask(e.toString(), counterList);"
      },
      {
        "lineNumber": 168,
        "author": {
          "gitId": "anqi20"
        },
        "content": ""
      },
      {
        "lineNumber": 169,
        "author": {
          "gitId": "anqi20"
        },
        "content": "        } else if (userCommand.toLowerCase().startsWith(\"todo\")) {"
      },
      {
        "lineNumber": 170,
        "author": {
          "gitId": "anqi20"
        },
        "content": ""
      },
      {
        "lineNumber": 171,
        "author": {
          "gitId": "anqi20"
        },
        "content": "            ToDos t \u003d getToDos(userCommand);"
      },
      {
        "lineNumber": 172,
        "author": {
          "gitId": "anqi20"
        },
        "content": "            entireList.add(counterList, t);"
      },
      {
        "lineNumber": 173,
        "author": {
          "gitId": "anqi20"
        },
        "content": "            counterList++;"
      },
      {
        "lineNumber": 174,
        "author": {
          "gitId": "anqi20"
        },
        "content": "            Replies.printToAddTask(t.toString(), counterList);"
      },
      {
        "lineNumber": 175,
        "author": {
          "gitId": "anqi20"
        },
        "content": ""
      },
      {
        "lineNumber": 176,
        "author": {
          "gitId": "anqi20"
        },
        "content": "        }"
      },
      {
        "lineNumber": 177,
        "author": {
          "gitId": "anqi20"
        },
        "content": "        return counterList;"
      },
      {
        "lineNumber": 178,
        "author": {
          "gitId": "anqi20"
        },
        "content": "    }"
      },
      {
        "lineNumber": 179,
        "author": {
          "gitId": "anqi20"
        },
        "content": ""
      },
      {
        "lineNumber": 180,
        "author": {
          "gitId": "anqi20"
        },
        "content": "    public static void loop(String userCommand) {"
      },
      {
        "lineNumber": 181,
        "author": {
          "gitId": "anqi20"
        },
        "content": "        if (userCommand.toLowerCase().equals(\"list\")) {"
      },
      {
        "lineNumber": 182,
        "author": {
          "gitId": "anqi20"
        },
        "content": ""
      },
      {
        "lineNumber": 183,
        "author": {
          "gitId": "anqi20"
        },
        "content": "            if(counterList \u003d\u003d 0) {"
      },
      {
        "lineNumber": 184,
        "author": {
          "gitId": "anqi20"
        },
        "content": "                Replies.printEmptyList();"
      },
      {
        "lineNumber": 185,
        "author": {
          "gitId": "anqi20"
        },
        "content": "            } else {"
      },
      {
        "lineNumber": 186,
        "author": {
          "gitId": "anqi20"
        },
        "content": "                Replies.printList(entireList);"
      },
      {
        "lineNumber": 187,
        "author": {
          "gitId": "anqi20"
        },
        "content": "            }"
      },
      {
        "lineNumber": 188,
        "author": {
          "gitId": "anqi20"
        },
        "content": ""
      },
      {
        "lineNumber": 189,
        "author": {
          "gitId": "anqi20"
        },
        "content": "        } else if (userCommand.toLowerCase().equals(\"blah\")) {"
      },
      {
        "lineNumber": 190,
        "author": {
          "gitId": "anqi20"
        },
        "content": "            Replies.printBlah();"
      },
      {
        "lineNumber": 191,
        "author": {
          "gitId": "anqi20"
        },
        "content": ""
      },
      {
        "lineNumber": 192,
        "author": {
          "gitId": "anqi20"
        },
        "content": "        } else if (userCommand.toLowerCase().equals(\"bye\")) {"
      },
      {
        "lineNumber": 193,
        "author": {
          "gitId": "anqi20"
        },
        "content": "            Replies.printBye();"
      },
      {
        "lineNumber": 194,
        "author": {
          "gitId": "anqi20"
        },
        "content": "            isExit \u003d true;"
      },
      {
        "lineNumber": 195,
        "author": {
          "gitId": "anqi20"
        },
        "content": ""
      },
      {
        "lineNumber": 196,
        "author": {
          "gitId": "anqi20"
        },
        "content": "        } else if (userCommand.toLowerCase().startsWith(\"deadline\") | userCommand.toLowerCase().startsWith(\"event\") |"
      },
      {
        "lineNumber": 197,
        "author": {
          "gitId": "anqi20"
        },
        "content": "                userCommand.toLowerCase().startsWith(\"todo\")) {"
      },
      {
        "lineNumber": 198,
        "author": {
          "gitId": "anqi20"
        },
        "content": ""
      },
      {
        "lineNumber": 199,
        "author": {
          "gitId": "anqi20"
        },
        "content": "            try {"
      },
      {
        "lineNumber": 200,
        "author": {
          "gitId": "anqi20"
        },
        "content": "                counterList \u003d addTasks(userCommand);"
      },
      {
        "lineNumber": 201,
        "author": {
          "gitId": "anqi20"
        },
        "content": ""
      },
      {
        "lineNumber": 202,
        "author": {
          "gitId": "anqi20"
        },
        "content": "            } catch (DukeException | StringIndexOutOfBoundsException e){"
      },
      {
        "lineNumber": 203,
        "author": {
          "gitId": "anqi20"
        },
        "content": "                Replies.printFormattingInvalid(); //Wrong formatting was given"
      },
      {
        "lineNumber": 204,
        "author": {
          "gitId": "anqi20"
        },
        "content": ""
      },
      {
        "lineNumber": 205,
        "author": {
          "gitId": "anqi20"
        },
        "content": "            } catch (NullPointerException e) {"
      },
      {
        "lineNumber": 206,
        "author": {
          "gitId": "anqi20"
        },
        "content": "                Replies.printNotInRange(entireList); //Number task has exceeded the range"
      },
      {
        "lineNumber": 207,
        "author": {
          "gitId": "anqi20"
        },
        "content": "            }"
      },
      {
        "lineNumber": 208,
        "author": {
          "gitId": "anqi20"
        },
        "content": ""
      },
      {
        "lineNumber": 209,
        "author": {
          "gitId": "anqi20"
        },
        "content": "        } else if (userCommand.toLowerCase().startsWith(\"done\")) {"
      },
      {
        "lineNumber": 210,
        "author": {
          "gitId": "anqi20"
        },
        "content": ""
      },
      {
        "lineNumber": 211,
        "author": {
          "gitId": "anqi20"
        },
        "content": "            try {"
      },
      {
        "lineNumber": 212,
        "author": {
          "gitId": "anqi20"
        },
        "content": "                markAsDone(userCommand);"
      },
      {
        "lineNumber": 213,
        "author": {
          "gitId": "anqi20"
        },
        "content": ""
      },
      {
        "lineNumber": 214,
        "author": {
          "gitId": "anqi20"
        },
        "content": "            } catch (DukeException e) {"
      },
      {
        "lineNumber": 215,
        "author": {
          "gitId": "anqi20"
        },
        "content": "                Replies.printDoneDone(entireList); //Task has already been completed"
      },
      {
        "lineNumber": 216,
        "author": {
          "gitId": "anqi20"
        },
        "content": ""
      },
      {
        "lineNumber": 217,
        "author": {
          "gitId": "anqi20"
        },
        "content": "            } catch (NumberFormatException e) {"
      },
      {
        "lineNumber": 218,
        "author": {
          "gitId": "anqi20"
        },
        "content": "                Replies.printFormattingInvalid(); //Number task was not given"
      },
      {
        "lineNumber": 219,
        "author": {
          "gitId": "anqi20"
        },
        "content": ""
      },
      {
        "lineNumber": 220,
        "author": {
          "gitId": "anqi20"
        },
        "content": "            } catch (IndexOutOfBoundsException e) {"
      },
      {
        "lineNumber": 221,
        "author": {
          "gitId": "anqi20"
        },
        "content": "                Replies.printNotInRange(entireList); //Number task has exceeded the range"
      },
      {
        "lineNumber": 222,
        "author": {
          "gitId": "anqi20"
        },
        "content": "            }"
      },
      {
        "lineNumber": 223,
        "author": {
          "gitId": "anqi20"
        },
        "content": ""
      },
      {
        "lineNumber": 224,
        "author": {
          "gitId": "anqi20"
        },
        "content": "        } else if (userCommand.toLowerCase().startsWith(\"delete\")) {"
      },
      {
        "lineNumber": 225,
        "author": {
          "gitId": "anqi20"
        },
        "content": ""
      },
      {
        "lineNumber": 226,
        "author": {
          "gitId": "anqi20"
        },
        "content": "            try {"
      },
      {
        "lineNumber": 227,
        "author": {
          "gitId": "anqi20"
        },
        "content": "                delete(userCommand);"
      },
      {
        "lineNumber": 228,
        "author": {
          "gitId": "anqi20"
        },
        "content": "                counterList \u003d addTasks(userCommand);"
      },
      {
        "lineNumber": 229,
        "author": {
          "gitId": "anqi20"
        },
        "content": ""
      },
      {
        "lineNumber": 230,
        "author": {
          "gitId": "anqi20"
        },
        "content": "            } catch (DukeException | StringIndexOutOfBoundsException e){"
      },
      {
        "lineNumber": 231,
        "author": {
          "gitId": "anqi20"
        },
        "content": "                Replies.printFormattingInvalid(); //Wrong formatting was given"
      },
      {
        "lineNumber": 232,
        "author": {
          "gitId": "anqi20"
        },
        "content": ""
      },
      {
        "lineNumber": 233,
        "author": {
          "gitId": "anqi20"
        },
        "content": "            } catch (NumberFormatException e) {"
      },
      {
        "lineNumber": 234,
        "author": {
          "gitId": "anqi20"
        },
        "content": "                Replies.printFormattingInvalid(); //Number task was not given"
      },
      {
        "lineNumber": 235,
        "author": {
          "gitId": "anqi20"
        },
        "content": ""
      },
      {
        "lineNumber": 236,
        "author": {
          "gitId": "anqi20"
        },
        "content": "            } catch (IndexOutOfBoundsException e) {"
      },
      {
        "lineNumber": 237,
        "author": {
          "gitId": "anqi20"
        },
        "content": "                Replies.printNotInRange(entireList); //Number task has exceeded the range"
      },
      {
        "lineNumber": 238,
        "author": {
          "gitId": "anqi20"
        },
        "content": "            }"
      },
      {
        "lineNumber": 239,
        "author": {
          "gitId": "anqi20"
        },
        "content": ""
      },
      {
        "lineNumber": 240,
        "author": {
          "gitId": "anqi20"
        },
        "content": "        } else if(userCommand.equals(\"help\")) {"
      },
      {
        "lineNumber": 241,
        "author": {
          "gitId": "anqi20"
        },
        "content": "            Replies.printHelp();"
      },
      {
        "lineNumber": 242,
        "author": {
          "gitId": "anqi20"
        },
        "content": ""
      },
      {
        "lineNumber": 243,
        "author": {
          "gitId": "anqi20"
        },
        "content": "        } else {"
      },
      {
        "lineNumber": 244,
        "author": {
          "gitId": "anqi20"
        },
        "content": "            Replies.printHelp();"
      },
      {
        "lineNumber": 245,
        "author": {
          "gitId": "anqi20"
        },
        "content": "        }"
      },
      {
        "lineNumber": 246,
        "author": {
          "gitId": "anqi20"
        },
        "content": ""
      },
      {
        "lineNumber": 247,
        "author": {
          "gitId": "anqi20"
        },
        "content": "        //Updating the file"
      },
      {
        "lineNumber": 248,
        "author": {
          "gitId": "anqi20"
        },
        "content": "        try {"
      },
      {
        "lineNumber": 249,
        "author": {
          "gitId": "anqi20"
        },
        "content": "            writeFile(filePath);"
      },
      {
        "lineNumber": 250,
        "author": {
          "gitId": "anqi20"
        },
        "content": ""
      },
      {
        "lineNumber": 251,
        "author": {
          "gitId": "anqi20"
        },
        "content": "        } catch (IOException e) {"
      },
      {
        "lineNumber": 252,
        "author": {
          "gitId": "anqi20"
        },
        "content": "            Replies.printWriteFileError(); //Error when writing into the file"
      },
      {
        "lineNumber": 253,
        "author": {
          "gitId": "anqi20"
        },
        "content": "        }"
      },
      {
        "lineNumber": 254,
        "author": {
          "gitId": "anqi20"
        },
        "content": "    }"
      },
      {
        "lineNumber": 255,
        "author": {
          "gitId": "anqi20"
        },
        "content": ""
      },
      {
        "lineNumber": 256,
        "author": {
          "gitId": "-"
        },
        "content": "    public static void main(String[] args) {"
      },
      {
        "lineNumber": 257,
        "author": {
          "gitId": "anqi20"
        },
        "content": "        Scanner in \u003d new Scanner(System.in);"
      },
      {
        "lineNumber": 258,
        "author": {
          "gitId": "anqi20"
        },
        "content": "        String userInput;"
      },
      {
        "lineNumber": 259,
        "author": {
          "gitId": "anqi20"
        },
        "content": ""
      },
      {
        "lineNumber": 260,
        "author": {
          "gitId": "anqi20"
        },
        "content": "        //Greetings"
      },
      {
        "lineNumber": 261,
        "author": {
          "gitId": "anqi20"
        },
        "content": "        Replies.printGreetings();"
      },
      {
        "lineNumber": 262,
        "author": {
          "gitId": "anqi20"
        },
        "content": ""
      },
      {
        "lineNumber": 263,
        "author": {
          "gitId": "anqi20"
        },
        "content": "        readFile();"
      },
      {
        "lineNumber": 264,
        "author": {
          "gitId": "anqi20"
        },
        "content": ""
      },
      {
        "lineNumber": 265,
        "author": {
          "gitId": "anqi20"
        },
        "content": "        while(!isExit) {"
      },
      {
        "lineNumber": 266,
        "author": {
          "gitId": "anqi20"
        },
        "content": "            userInput \u003d in.nextLine();"
      },
      {
        "lineNumber": 267,
        "author": {
          "gitId": "anqi20"
        },
        "content": "            String userCommand \u003d userInput.trim();"
      },
      {
        "lineNumber": 268,
        "author": {
          "gitId": "anqi20"
        },
        "content": ""
      },
      {
        "lineNumber": 269,
        "author": {
          "gitId": "anqi20"
        },
        "content": "            loop(userCommand);"
      },
      {
        "lineNumber": 270,
        "author": {
          "gitId": "anqi20"
        },
        "content": ""
      },
      {
        "lineNumber": 271,
        "author": {
          "gitId": "anqi20"
        },
        "content": "        }"
      },
      {
        "lineNumber": 272,
        "author": {
          "gitId": "-"
        },
        "content": "    }"
      },
      {
        "lineNumber": 273,
        "author": {
          "gitId": "-"
        },
        "content": "}"
      }
    ],
    "authorContributionMap": {
      "anqi20": 269,
      "-": 4
    }
  },
  {
    "path": "src/main/java/DukeException.java",
    "fileType": "java",
    "lines": [
      {
        "lineNumber": 1,
        "author": {
          "gitId": "anqi20"
        },
        "content": "public class DukeException extends Exception {"
      },
      {
        "lineNumber": 2,
        "author": {
          "gitId": "anqi20"
        },
        "content": "}"
      }
    ],
    "authorContributionMap": {
      "anqi20": 2
    }
  },
  {
    "path": "src/main/java/Events.java",
    "fileType": "java",
    "lines": [
      {
        "lineNumber": 1,
        "author": {
          "gitId": "anqi20"
        },
        "content": "public class Events extends Task{"
      },
      {
        "lineNumber": 2,
        "author": {
          "gitId": "anqi20"
        },
        "content": "    protected String at;"
      },
      {
        "lineNumber": 3,
        "author": {
          "gitId": "anqi20"
        },
        "content": ""
      },
      {
        "lineNumber": 4,
        "author": {
          "gitId": "anqi20"
        },
        "content": "    public Events (String description, String at) {"
      },
      {
        "lineNumber": 5,
        "author": {
          "gitId": "anqi20"
        },
        "content": "        super(description);"
      },
      {
        "lineNumber": 6,
        "author": {
          "gitId": "anqi20"
        },
        "content": "        this.at \u003d at;"
      },
      {
        "lineNumber": 7,
        "author": {
          "gitId": "anqi20"
        },
        "content": "    }"
      },
      {
        "lineNumber": 8,
        "author": {
          "gitId": "anqi20"
        },
        "content": ""
      },
      {
        "lineNumber": 9,
        "author": {
          "gitId": "anqi20"
        },
        "content": "    @Override"
      },
      {
        "lineNumber": 10,
        "author": {
          "gitId": "anqi20"
        },
        "content": "    public String toString() {"
      },
      {
        "lineNumber": 11,
        "author": {
          "gitId": "anqi20"
        },
        "content": "        return \"[E]\" + super.toString() + \" (at: \" + at + \")\";"
      },
      {
        "lineNumber": 12,
        "author": {
          "gitId": "anqi20"
        },
        "content": "    }"
      },
      {
        "lineNumber": 13,
        "author": {
          "gitId": "anqi20"
        },
        "content": "}"
      }
    ],
    "authorContributionMap": {
      "anqi20": 13
    }
  },
  {
    "path": "src/main/java/Replies.java",
    "fileType": "java",
    "lines": [
      {
        "lineNumber": 1,
        "author": {
          "gitId": "anqi20"
        },
        "content": "import java.util.ArrayList;"
      },
      {
        "lineNumber": 2,
        "author": {
          "gitId": "anqi20"
        },
        "content": ""
      },
      {
        "lineNumber": 3,
        "author": {
          "gitId": "anqi20"
        },
        "content": "public class Replies {"
      },
      {
        "lineNumber": 4,
        "author": {
          "gitId": "anqi20"
        },
        "content": ""
      },
      {
        "lineNumber": 5,
        "author": {
          "gitId": "anqi20"
        },
        "content": "    public static void printDashLine(){"
      },
      {
        "lineNumber": 6,
        "author": {
          "gitId": "anqi20"
        },
        "content": "        System.out.println(\"--------------------------------------------------\");"
      },
      {
        "lineNumber": 7,
        "author": {
          "gitId": "anqi20"
        },
        "content": "    }"
      },
      {
        "lineNumber": 8,
        "author": {
          "gitId": "anqi20"
        },
        "content": ""
      },
      {
        "lineNumber": 9,
        "author": {
          "gitId": "anqi20"
        },
        "content": "    public static void printGreetings() {"
      },
      {
        "lineNumber": 10,
        "author": {
          "gitId": "anqi20"
        },
        "content": "        String LOGO \u003d \" ____        _        \\n\""
      },
      {
        "lineNumber": 11,
        "author": {
          "gitId": "anqi20"
        },
        "content": "                + \"|  _ \\\\ _   _| | _____ \\n\""
      },
      {
        "lineNumber": 12,
        "author": {
          "gitId": "anqi20"
        },
        "content": "                + \"| | | | | | | |/ / _ \\\\\\n\""
      },
      {
        "lineNumber": 13,
        "author": {
          "gitId": "anqi20"
        },
        "content": "                + \"| |_| | |_| |   \u003c  __/\\n\""
      },
      {
        "lineNumber": 14,
        "author": {
          "gitId": "anqi20"
        },
        "content": "                + \"|____/ \\\\__,_|_|\\\\_\\\\___|\\n\";"
      },
      {
        "lineNumber": 15,
        "author": {
          "gitId": "anqi20"
        },
        "content": "        System.out.println(\"Hello from\\n\" + LOGO);"
      },
      {
        "lineNumber": 16,
        "author": {
          "gitId": "anqi20"
        },
        "content": "        printDashLine();"
      },
      {
        "lineNumber": 17,
        "author": {
          "gitId": "anqi20"
        },
        "content": "        System.out.println(\"Hello! I\u0027m Duke\\nWhat can I do for you?\");"
      },
      {
        "lineNumber": 18,
        "author": {
          "gitId": "anqi20"
        },
        "content": "        printDashLine();"
      },
      {
        "lineNumber": 19,
        "author": {
          "gitId": "anqi20"
        },
        "content": "    }"
      },
      {
        "lineNumber": 20,
        "author": {
          "gitId": "anqi20"
        },
        "content": ""
      },
      {
        "lineNumber": 21,
        "author": {
          "gitId": "anqi20"
        },
        "content": "    public static void printBlah() {"
      },
      {
        "lineNumber": 22,
        "author": {
          "gitId": "anqi20"
        },
        "content": "        printDashLine();"
      },
      {
        "lineNumber": 23,
        "author": {
          "gitId": "anqi20"
        },
        "content": "        System.out.println(\"Blah blah blah blah blah\");"
      },
      {
        "lineNumber": 24,
        "author": {
          "gitId": "anqi20"
        },
        "content": "        System.out.println(\"Hahaha, kidding! What were you saying again?\");"
      },
      {
        "lineNumber": 25,
        "author": {
          "gitId": "anqi20"
        },
        "content": "        printDashLine();"
      },
      {
        "lineNumber": 26,
        "author": {
          "gitId": "anqi20"
        },
        "content": "    }"
      },
      {
        "lineNumber": 27,
        "author": {
          "gitId": "anqi20"
        },
        "content": ""
      },
      {
        "lineNumber": 28,
        "author": {
          "gitId": "anqi20"
        },
        "content": "    public static void printBye() {"
      },
      {
        "lineNumber": 29,
        "author": {
          "gitId": "anqi20"
        },
        "content": "        printDashLine();"
      },
      {
        "lineNumber": 30,
        "author": {
          "gitId": "anqi20"
        },
        "content": "        System.out.println(\"Bye bye. Hope you have a nice day and see you soon!\");"
      },
      {
        "lineNumber": 31,
        "author": {
          "gitId": "anqi20"
        },
        "content": "        printDashLine();"
      },
      {
        "lineNumber": 32,
        "author": {
          "gitId": "anqi20"
        },
        "content": "    }"
      },
      {
        "lineNumber": 33,
        "author": {
          "gitId": "anqi20"
        },
        "content": ""
      },
      {
        "lineNumber": 34,
        "author": {
          "gitId": "anqi20"
        },
        "content": "    public static void printEmptyList() {"
      },
      {
        "lineNumber": 35,
        "author": {
          "gitId": "anqi20"
        },
        "content": "        printDashLine();"
      },
      {
        "lineNumber": 36,
        "author": {
          "gitId": "anqi20"
        },
        "content": "        System.out.println(\"There is nothing on your list! Add something to begin! \");"
      },
      {
        "lineNumber": 37,
        "author": {
          "gitId": "anqi20"
        },
        "content": "        printDashLine();"
      },
      {
        "lineNumber": 38,
        "author": {
          "gitId": "anqi20"
        },
        "content": "    }"
      },
      {
        "lineNumber": 39,
        "author": {
          "gitId": "anqi20"
        },
        "content": ""
      },
      {
        "lineNumber": 40,
        "author": {
          "gitId": "anqi20"
        },
        "content": "    public static void printEntireList(ArrayList\u003cTask\u003e list) {"
      },
      {
        "lineNumber": 41,
        "author": {
          "gitId": "anqi20"
        },
        "content": "        int i \u003d 1;"
      },
      {
        "lineNumber": 42,
        "author": {
          "gitId": "anqi20"
        },
        "content": "        for(Task item: list) {"
      },
      {
        "lineNumber": 43,
        "author": {
          "gitId": "anqi20"
        },
        "content": "            if(item !\u003d null) {"
      },
      {
        "lineNumber": 44,
        "author": {
          "gitId": "anqi20"
        },
        "content": "                System.out.println(i + \". \" + item.toString());"
      },
      {
        "lineNumber": 45,
        "author": {
          "gitId": "anqi20"
        },
        "content": "                i++;"
      },
      {
        "lineNumber": 46,
        "author": {
          "gitId": "anqi20"
        },
        "content": "            }"
      },
      {
        "lineNumber": 47,
        "author": {
          "gitId": "anqi20"
        },
        "content": "        }"
      },
      {
        "lineNumber": 48,
        "author": {
          "gitId": "anqi20"
        },
        "content": "    }"
      },
      {
        "lineNumber": 49,
        "author": {
          "gitId": "anqi20"
        },
        "content": ""
      },
      {
        "lineNumber": 50,
        "author": {
          "gitId": "anqi20"
        },
        "content": "    public static void printList (ArrayList\u003cTask\u003e list) {"
      },
      {
        "lineNumber": 51,
        "author": {
          "gitId": "anqi20"
        },
        "content": "        printDashLine();"
      },
      {
        "lineNumber": 52,
        "author": {
          "gitId": "anqi20"
        },
        "content": "        System.out.println(\"Here is your list!\");"
      },
      {
        "lineNumber": 53,
        "author": {
          "gitId": "anqi20"
        },
        "content": "        printEntireList(list);"
      },
      {
        "lineNumber": 54,
        "author": {
          "gitId": "anqi20"
        },
        "content": "        printDashLine();"
      },
      {
        "lineNumber": 55,
        "author": {
          "gitId": "anqi20"
        },
        "content": "    }"
      },
      {
        "lineNumber": 56,
        "author": {
          "gitId": "anqi20"
        },
        "content": ""
      },
      {
        "lineNumber": 57,
        "author": {
          "gitId": "anqi20"
        },
        "content": "    public static void printDoneValid(ArrayList\u003cTask\u003e list, int taskNum) {"
      },
      {
        "lineNumber": 58,
        "author": {
          "gitId": "anqi20"
        },
        "content": "        printDashLine();"
      },
      {
        "lineNumber": 59,
        "author": {
          "gitId": "anqi20"
        },
        "content": "        System.out.println(\"Congratulations! You have completed: \");"
      },
      {
        "lineNumber": 60,
        "author": {
          "gitId": "anqi20"
        },
        "content": "        System.out.println((taskNum + 1) + \". \" + list.get(taskNum).toString());"
      },
      {
        "lineNumber": 61,
        "author": {
          "gitId": "anqi20"
        },
        "content": "        printDashLine();"
      },
      {
        "lineNumber": 62,
        "author": {
          "gitId": "anqi20"
        },
        "content": "    }"
      },
      {
        "lineNumber": 63,
        "author": {
          "gitId": "anqi20"
        },
        "content": ""
      },
      {
        "lineNumber": 64,
        "author": {
          "gitId": "anqi20"
        },
        "content": "    public static void printDoneDone(ArrayList\u003cTask\u003e list) {"
      },
      {
        "lineNumber": 65,
        "author": {
          "gitId": "anqi20"
        },
        "content": "        printDashLine();"
      },
      {
        "lineNumber": 66,
        "author": {
          "gitId": "anqi20"
        },
        "content": "        System.out.println(\"You have already completed this task!\");"
      },
      {
        "lineNumber": 67,
        "author": {
          "gitId": "anqi20"
        },
        "content": "        System.out.println(\"This is the current list that you have: \");"
      },
      {
        "lineNumber": 68,
        "author": {
          "gitId": "anqi20"
        },
        "content": "        printEntireList(list);"
      },
      {
        "lineNumber": 69,
        "author": {
          "gitId": "anqi20"
        },
        "content": "        printDashLine();"
      },
      {
        "lineNumber": 70,
        "author": {
          "gitId": "anqi20"
        },
        "content": "    }"
      },
      {
        "lineNumber": 71,
        "author": {
          "gitId": "anqi20"
        },
        "content": ""
      },
      {
        "lineNumber": 72,
        "author": {
          "gitId": "anqi20"
        },
        "content": "    public static void printDelete(String s, int counterList) {"
      },
      {
        "lineNumber": 73,
        "author": {
          "gitId": "anqi20"
        },
        "content": "        printDashLine();"
      },
      {
        "lineNumber": 74,
        "author": {
          "gitId": "anqi20"
        },
        "content": "        System.out.println(\"Okie! I\u0027ve removed this task: \");"
      },
      {
        "lineNumber": 75,
        "author": {
          "gitId": "anqi20"
        },
        "content": "        System.out.println(s);"
      },
      {
        "lineNumber": 76,
        "author": {
          "gitId": "anqi20"
        },
        "content": "        System.out.print(\"Now you have \" + counterList + \" task\");"
      },
      {
        "lineNumber": 77,
        "author": {
          "gitId": "anqi20"
        },
        "content": "        if(counterList \u003c\u003d 1) {"
      },
      {
        "lineNumber": 78,
        "author": {
          "gitId": "anqi20"
        },
        "content": "            System.out.print(\" \");"
      },
      {
        "lineNumber": 79,
        "author": {
          "gitId": "anqi20"
        },
        "content": "        } else {"
      },
      {
        "lineNumber": 80,
        "author": {
          "gitId": "anqi20"
        },
        "content": "            System.out.print(\"s \");"
      },
      {
        "lineNumber": 81,
        "author": {
          "gitId": "anqi20"
        },
        "content": "        }"
      },
      {
        "lineNumber": 82,
        "author": {
          "gitId": "anqi20"
        },
        "content": "        System.out.println(\"in the list.\");"
      },
      {
        "lineNumber": 83,
        "author": {
          "gitId": "anqi20"
        },
        "content": "        printDashLine();"
      },
      {
        "lineNumber": 84,
        "author": {
          "gitId": "anqi20"
        },
        "content": "    }"
      },
      {
        "lineNumber": 85,
        "author": {
          "gitId": "anqi20"
        },
        "content": ""
      },
      {
        "lineNumber": 86,
        "author": {
          "gitId": "anqi20"
        },
        "content": "    public static void printToAddTask(String s, int counterList) {"
      },
      {
        "lineNumber": 87,
        "author": {
          "gitId": "anqi20"
        },
        "content": "        printDashLine();"
      },
      {
        "lineNumber": 88,
        "author": {
          "gitId": "anqi20"
        },
        "content": "        System.out.println(\"Got it! I\u0027ve added this task: \");"
      },
      {
        "lineNumber": 89,
        "author": {
          "gitId": "anqi20"
        },
        "content": "        System.out.println(s);"
      },
      {
        "lineNumber": 90,
        "author": {
          "gitId": "anqi20"
        },
        "content": "        System.out.print(\"Now you have \" + counterList + \" task\");"
      },
      {
        "lineNumber": 91,
        "author": {
          "gitId": "anqi20"
        },
        "content": "        if (counterList \u003d\u003d 1) {"
      },
      {
        "lineNumber": 92,
        "author": {
          "gitId": "anqi20"
        },
        "content": "            System.out.print(\" \");"
      },
      {
        "lineNumber": 93,
        "author": {
          "gitId": "anqi20"
        },
        "content": "        } else {"
      },
      {
        "lineNumber": 94,
        "author": {
          "gitId": "anqi20"
        },
        "content": "            System.out.print(\"s \");"
      },
      {
        "lineNumber": 95,
        "author": {
          "gitId": "anqi20"
        },
        "content": "        }"
      },
      {
        "lineNumber": 96,
        "author": {
          "gitId": "anqi20"
        },
        "content": "        System.out.println(\"in the list.\");"
      },
      {
        "lineNumber": 97,
        "author": {
          "gitId": "anqi20"
        },
        "content": "        printDashLine();"
      },
      {
        "lineNumber": 98,
        "author": {
          "gitId": "anqi20"
        },
        "content": "    }"
      },
      {
        "lineNumber": 99,
        "author": {
          "gitId": "anqi20"
        },
        "content": ""
      },
      {
        "lineNumber": 100,
        "author": {
          "gitId": "anqi20"
        },
        "content": "    public static void printHelp() {"
      },
      {
        "lineNumber": 101,
        "author": {
          "gitId": "anqi20"
        },
        "content": "        printDashLine();"
      },
      {
        "lineNumber": 102,
        "author": {
          "gitId": "anqi20"
        },
        "content": "        System.out.println(\"You must be confused! \\u2719_\\u2719\");"
      },
      {
        "lineNumber": 103,
        "author": {
          "gitId": "anqi20"
        },
        "content": "        System.out.println(\"Here is the list of commands that I can understand: \");"
      },
      {
        "lineNumber": 104,
        "author": {
          "gitId": "anqi20"
        },
        "content": "        System.out.println(\"1) list\");"
      },
      {
        "lineNumber": 105,
        "author": {
          "gitId": "anqi20"
        },
        "content": "        System.out.println(\"2) blah\");"
      },
      {
        "lineNumber": 106,
        "author": {
          "gitId": "anqi20"
        },
        "content": "        System.out.println(\"3) todo ...\");"
      },
      {
        "lineNumber": 107,
        "author": {
          "gitId": "anqi20"
        },
        "content": "        System.out.println(\"4) event ... /at ...\");"
      },
      {
        "lineNumber": 108,
        "author": {
          "gitId": "anqi20"
        },
        "content": "        System.out.println(\"5) deadline ... /by ...\");"
      },
      {
        "lineNumber": 109,
        "author": {
          "gitId": "anqi20"
        },
        "content": "        System.out.println(\"6) done ...\");"
      },
      {
        "lineNumber": 110,
        "author": {
          "gitId": "anqi20"
        },
        "content": "        System.out.println(\"7) delete ... \");"
      },
      {
        "lineNumber": 111,
        "author": {
          "gitId": "anqi20"
        },
        "content": "        System.out.println(\"8) help\");"
      },
      {
        "lineNumber": 112,
        "author": {
          "gitId": "anqi20"
        },
        "content": "        System.out.println(\"9) bye\");"
      },
      {
        "lineNumber": 113,
        "author": {
          "gitId": "anqi20"
        },
        "content": "        printDashLine();"
      },
      {
        "lineNumber": 114,
        "author": {
          "gitId": "anqi20"
        },
        "content": "    }"
      },
      {
        "lineNumber": 115,
        "author": {
          "gitId": "anqi20"
        },
        "content": ""
      },
      {
        "lineNumber": 116,
        "author": {
          "gitId": "anqi20"
        },
        "content": "    public static void printFormattingInvalid() {"
      },
      {
        "lineNumber": 117,
        "author": {
          "gitId": "anqi20"
        },
        "content": "        printDashLine();"
      },
      {
        "lineNumber": 118,
        "author": {
          "gitId": "anqi20"
        },
        "content": "        System.out.println(\"There\u0027s something wrong with your formatting!\");"
      },
      {
        "lineNumber": 119,
        "author": {
          "gitId": "anqi20"
        },
        "content": "        System.out.println(\"If you are unsure, use \\\"help\\\" to check the formatting. \");"
      },
      {
        "lineNumber": 120,
        "author": {
          "gitId": "anqi20"
        },
        "content": "        printDashLine();"
      },
      {
        "lineNumber": 121,
        "author": {
          "gitId": "anqi20"
        },
        "content": "    }"
      },
      {
        "lineNumber": 122,
        "author": {
          "gitId": "anqi20"
        },
        "content": ""
      },
      {
        "lineNumber": 123,
        "author": {
          "gitId": "anqi20"
        },
        "content": "    public static void printNotInRange(ArrayList\u003cTask\u003e list) {"
      },
      {
        "lineNumber": 124,
        "author": {
          "gitId": "anqi20"
        },
        "content": "        printDashLine();"
      },
      {
        "lineNumber": 125,
        "author": {
          "gitId": "anqi20"
        },
        "content": "        System.out.println(\"Errr... I don\u0027t think you have this item on the list.\");"
      },
      {
        "lineNumber": 126,
        "author": {
          "gitId": "anqi20"
        },
        "content": "        System.out.println(\"This is the current list that you have:\");"
      },
      {
        "lineNumber": 127,
        "author": {
          "gitId": "anqi20"
        },
        "content": "        printEntireList(list);"
      },
      {
        "lineNumber": 128,
        "author": {
          "gitId": "anqi20"
        },
        "content": "        printDashLine();"
      },
      {
        "lineNumber": 129,
        "author": {
          "gitId": "anqi20"
        },
        "content": "    }"
      },
      {
        "lineNumber": 130,
        "author": {
          "gitId": "anqi20"
        },
        "content": ""
      },
      {
        "lineNumber": 131,
        "author": {
          "gitId": "anqi20"
        },
        "content": "    public static void printReadFileError() {"
      },
      {
        "lineNumber": 132,
        "author": {
          "gitId": "anqi20"
        },
        "content": "        printDashLine();"
      },
      {
        "lineNumber": 133,
        "author": {
          "gitId": "anqi20"
        },
        "content": "        System.out.println(\"Oh man! An error has occurred when we try to read the file. \");"
      },
      {
        "lineNumber": 134,
        "author": {
          "gitId": "anqi20"
        },
        "content": "        System.out.println(\"Please check again! \");"
      },
      {
        "lineNumber": 135,
        "author": {
          "gitId": "anqi20"
        },
        "content": "        printDashLine();"
      },
      {
        "lineNumber": 136,
        "author": {
          "gitId": "anqi20"
        },
        "content": "    }"
      },
      {
        "lineNumber": 137,
        "author": {
          "gitId": "anqi20"
        },
        "content": ""
      },
      {
        "lineNumber": 138,
        "author": {
          "gitId": "anqi20"
        },
        "content": "    public static void printReadFileInvalid() {"
      },
      {
        "lineNumber": 139,
        "author": {
          "gitId": "anqi20"
        },
        "content": "        printDashLine();"
      },
      {
        "lineNumber": 140,
        "author": {
          "gitId": "anqi20"
        },
        "content": "        System.out.println(\"Oops! Invalid task was detected!\");"
      },
      {
        "lineNumber": 141,
        "author": {
          "gitId": "anqi20"
        },
        "content": "        printDashLine();"
      },
      {
        "lineNumber": 142,
        "author": {
          "gitId": "anqi20"
        },
        "content": "    }"
      },
      {
        "lineNumber": 143,
        "author": {
          "gitId": "anqi20"
        },
        "content": ""
      },
      {
        "lineNumber": 144,
        "author": {
          "gitId": "anqi20"
        },
        "content": "    public static void printWriteFileError() {"
      },
      {
        "lineNumber": 145,
        "author": {
          "gitId": "anqi20"
        },
        "content": "        printDashLine();"
      },
      {
        "lineNumber": 146,
        "author": {
          "gitId": "anqi20"
        },
        "content": "        System.out.println(\"Oh dear! An error has occurred when we try to write into the file. \");"
      },
      {
        "lineNumber": 147,
        "author": {
          "gitId": "anqi20"
        },
        "content": "        System.out.println(\"Please check again! \");"
      },
      {
        "lineNumber": 148,
        "author": {
          "gitId": "anqi20"
        },
        "content": "        printDashLine();"
      },
      {
        "lineNumber": 149,
        "author": {
          "gitId": "anqi20"
        },
        "content": "    }"
      },
      {
        "lineNumber": 150,
        "author": {
          "gitId": "anqi20"
        },
        "content": "}"
      }
    ],
    "authorContributionMap": {
      "anqi20": 150
    }
  },
  {
    "path": "src/main/java/Task.java",
    "fileType": "java",
    "lines": [
      {
        "lineNumber": 1,
        "author": {
          "gitId": "anqi20"
        },
        "content": "public class Task {"
      },
      {
        "lineNumber": 2,
        "author": {
          "gitId": "anqi20"
        },
        "content": "    protected String description;"
      },
      {
        "lineNumber": 3,
        "author": {
          "gitId": "anqi20"
        },
        "content": "    protected boolean isDone;"
      },
      {
        "lineNumber": 4,
        "author": {
          "gitId": "anqi20"
        },
        "content": ""
      },
      {
        "lineNumber": 5,
        "author": {
          "gitId": "anqi20"
        },
        "content": "    public Task(String description) {"
      },
      {
        "lineNumber": 6,
        "author": {
          "gitId": "anqi20"
        },
        "content": "        this.description \u003d description;"
      },
      {
        "lineNumber": 7,
        "author": {
          "gitId": "anqi20"
        },
        "content": "        this.isDone \u003d false;"
      },
      {
        "lineNumber": 8,
        "author": {
          "gitId": "anqi20"
        },
        "content": "    }"
      },
      {
        "lineNumber": 9,
        "author": {
          "gitId": "anqi20"
        },
        "content": ""
      },
      {
        "lineNumber": 10,
        "author": {
          "gitId": "anqi20"
        },
        "content": "    //returns tick or X symbols"
      },
      {
        "lineNumber": 11,
        "author": {
          "gitId": "anqi20"
        },
        "content": "    public String getStatusIcon() {"
      },
      {
        "lineNumber": 12,
        "author": {
          "gitId": "anqi20"
        },
        "content": "        return(isDone? \"\\u2713\" : \"\\u2718\");"
      },
      {
        "lineNumber": 13,
        "author": {
          "gitId": "anqi20"
        },
        "content": "    }"
      },
      {
        "lineNumber": 14,
        "author": {
          "gitId": "anqi20"
        },
        "content": ""
      },
      {
        "lineNumber": 15,
        "author": {
          "gitId": "anqi20"
        },
        "content": "    public String getDescription(){"
      },
      {
        "lineNumber": 16,
        "author": {
          "gitId": "anqi20"
        },
        "content": "        return description;"
      },
      {
        "lineNumber": 17,
        "author": {
          "gitId": "anqi20"
        },
        "content": "    }"
      },
      {
        "lineNumber": 18,
        "author": {
          "gitId": "anqi20"
        },
        "content": ""
      },
      {
        "lineNumber": 19,
        "author": {
          "gitId": "anqi20"
        },
        "content": "    public void markAsDone(){"
      },
      {
        "lineNumber": 20,
        "author": {
          "gitId": "anqi20"
        },
        "content": "        this.isDone \u003d true;"
      },
      {
        "lineNumber": 21,
        "author": {
          "gitId": "anqi20"
        },
        "content": "    }"
      },
      {
        "lineNumber": 22,
        "author": {
          "gitId": "anqi20"
        },
        "content": ""
      },
      {
        "lineNumber": 23,
        "author": {
          "gitId": "anqi20"
        },
        "content": "    public String toString() {"
      },
      {
        "lineNumber": 24,
        "author": {
          "gitId": "anqi20"
        },
        "content": "        return \"[\" + getStatusIcon() + \"] \" + getDescription();"
      },
      {
        "lineNumber": 25,
        "author": {
          "gitId": "anqi20"
        },
        "content": "    }"
      },
      {
        "lineNumber": 26,
        "author": {
          "gitId": "anqi20"
        },
        "content": "}"
      }
    ],
    "authorContributionMap": {
      "anqi20": 26
    }
  },
  {
    "path": "src/main/java/ToDos.java",
    "fileType": "java",
    "lines": [
      {
        "lineNumber": 1,
        "author": {
          "gitId": "anqi20"
        },
        "content": "public class ToDos extends Task {"
      },
      {
        "lineNumber": 2,
        "author": {
          "gitId": "anqi20"
        },
        "content": ""
      },
      {
        "lineNumber": 3,
        "author": {
          "gitId": "anqi20"
        },
        "content": "    public ToDos (String description) {"
      },
      {
        "lineNumber": 4,
        "author": {
          "gitId": "anqi20"
        },
        "content": "        super(description);"
      },
      {
        "lineNumber": 5,
        "author": {
          "gitId": "anqi20"
        },
        "content": "    }"
      },
      {
        "lineNumber": 6,
        "author": {
          "gitId": "anqi20"
        },
        "content": ""
      },
      {
        "lineNumber": 7,
        "author": {
          "gitId": "anqi20"
        },
        "content": "    @Override"
      },
      {
        "lineNumber": 8,
        "author": {
          "gitId": "anqi20"
        },
        "content": "    public String toString() {"
      },
      {
        "lineNumber": 9,
        "author": {
          "gitId": "anqi20"
        },
        "content": "        return \"[T]\" + super.toString();"
      },
      {
        "lineNumber": 10,
        "author": {
          "gitId": "anqi20"
        },
        "content": "    }"
      },
      {
        "lineNumber": 11,
        "author": {
          "gitId": "anqi20"
        },
        "content": "}"
      }
    ],
    "authorContributionMap": {
      "anqi20": 11
    }
  }
]
