{
  "authorDailyContributionsMap": {
    "EyoWeiChin": [
      {
        "date": "2020-08-16",
        "commitResults": [
          {
            "hash": "5ed09aa670d3b3564a220e5018cc3c131c69c8bd",
            "messageTitle": "Update Duke.java",
            "messageBody": "Add a skeletal version that simply greets the user and exits.\n",
            "tags": [
              "Level-0"
            ],
            "fileTypesAndContributionMap": {
              "java": {
                "insertions": 4,
                "deletions": 1
              }
            }
          }
        ]
      },
      {
        "date": "2020-08-22",
        "commitResults": [
          {
            "hash": "bfff4e396432ce16fba62f34249a380d29240687",
            "messageTitle": "Level 1: Greet, Echo, Exit",
            "messageBody": "",
            "tags": [
              "Level-1"
            ],
            "fileTypesAndContributionMap": {
              "java": {
                "insertions": 25,
                "deletions": 4
              }
            }
          },
          {
            "hash": "e0a18953031c5afe650d945e65d4a4b944e55ec8",
            "messageTitle": "Level 2: Add, List",
            "messageBody": "Add function to store user input and display them in a list when requested\n",
            "tags": [
              "Level-2"
            ],
            "fileTypesAndContributionMap": {
              "java": {
                "insertions": 30,
                "deletions": 7
              }
            }
          },
          {
            "hash": "79fc200ffac5a09eb8267d1325ebc3f1c5c144fe",
            "messageTitle": "Level 3: Mark as Done",
            "messageBody": "Add the ability to mark tasks as done.\n",
            "tags": [
              "Level-3",
              "A-CodingStandard",
              "A-Classes"
            ],
            "fileTypesAndContributionMap": {
              "java": {
                "insertions": 83,
                "deletions": 6
              }
            }
          }
        ]
      },
      {
        "date": "2020-08-23",
        "commitResults": [
          {
            "hash": "20ba1fd139db6db1104685c0c2eab655fe55e202",
            "messageTitle": "Update Duke.java to handle out of bounds user input",
            "messageBody": "Fix a case where user enters \u0027done\u0027 without specifying a task\n",
            "tags": [
              "Level-3-updated"
            ],
            "fileTypesAndContributionMap": {
              "java": {
                "insertions": 9,
                "deletions": 4
              }
            }
          }
        ]
      },
      {
        "date": "2020-08-27",
        "commitResults": [
          {
            "hash": "3873e9415be2328a840a96f09735ecde32933427",
            "messageTitle": "Update Duke.java and Task.java",
            "messageBody": "Minor adjustments made to comply with coding standards\n",
            "tags": [
              "A-CodingStandard-updated"
            ],
            "fileTypesAndContributionMap": {
              "java": {
                "insertions": 4,
                "deletions": 4
              }
            }
          }
        ]
      },
      {
        "date": "2020-08-29",
        "commitResults": [
          {
            "hash": "012b3b8d4ede611f4e8eeccf58a62d832c61a6df",
            "messageTitle": "Level 4 Todos, Events, Deadlines",
            "messageBody": "Add support to track three new types of tasks.\n",
            "tags": [
              "Level-4",
              "A-Inheritance"
            ],
            "fileTypesAndContributionMap": {
              "java": {
                "insertions": 139,
                "deletions": 17
              }
            }
          },
          {
            "hash": "b89926680e0f4edee25f728939e78f83a0754633",
            "messageTitle": "A-TextUiTesting",
            "messageBody": "Add automated testing script\nAdd testcase and expected outcome\n",
            "tags": [
              "A-TextUITesting"
            ],
            "fileTypesAndContributionMap": {
              "txt": {
                "insertions": 16,
                "deletions": 0
              },
              "bat": {
                "insertions": 1,
                "deletions": 1
              }
            }
          },
          {
            "hash": "abf3049b5d46039a39e0dc244efebe9908d964bc",
            "messageTitle": "Refactor Duke.java",
            "messageBody": "Improve code quality with refactoring, and introducing constants\n",
            "fileTypesAndContributionMap": {
              "java": {
                "insertions": 220,
                "deletions": 139
              }
            }
          }
        ]
      },
      {
        "date": "2020-09-01",
        "commitResults": [
          {
            "hash": "84065162ebb1c36f61491a314d5aa876e42d19f1",
            "messageTitle": "Update Duke.java and the testcase",
            "messageBody": "Refactor code by introducing message constants.\nUpdate expected output to reflect the changes in some message\n",
            "tags": [
              "A-CodeQuality"
            ],
            "fileTypesAndContributionMap": {
              "txt": {
                "insertions": 1,
                "deletions": 1
              },
              "java": {
                "insertions": 61,
                "deletions": 43
              }
            }
          }
        ]
      },
      {
        "date": "2020-09-04",
        "commitResults": [
          {
            "hash": "989ff8409fe53529bb27b2ff6367c90515f29622",
            "messageTitle": "Update Duke and the testcase",
            "messageBody": "Update Duke to catch array out of bounds error for input processing\nUpdate testcase to include erroneous cases to trigger the exception\n",
            "fileTypesAndContributionMap": {
              "txt": {
                "insertions": 4,
                "deletions": 0
              },
              "java": {
                "insertions": 15,
                "deletions": 10
              }
            }
          },
          {
            "hash": "7e8e71ef16dc75375b5324abbbf31be2c5a9c04a",
            "messageTitle": "Add DukeException.java",
            "messageBody": "DukeException class for future execeptions specific to Duke\n",
            "fileTypesAndContributionMap": {
              "java": {
                "insertions": 2,
                "deletions": 0
              }
            }
          },
          {
            "hash": "7b52872cfd793533b55a110a8fd4740dd7045a1a",
            "messageTitle": "Add duke and duke.task packages for better organisation",
            "messageBody": "Update runtest.bat accordingly so automated testing still works\n",
            "fileTypesAndContributionMap": {
              "java": {
                "insertions": 21,
                "deletions": 4
              },
              "bat": {
                "insertions": 1,
                "deletions": 1
              },
              "md": {
                "insertions": 1,
                "deletions": 1
              }
            }
          }
        ]
      }
    ]
  },
  "authorFileTypeContributionMap": {
    "EyoWeiChin": {
      "java": 381,
      "md": 0,
      "sh": 0,
      "bat": 1,
      "gradle": 0,
      "txt": 20
    }
  },
  "authorContributionVariance": {
    "EyoWeiChin": 13091.272
  },
  "authorDisplayNameMap": {
    "EyoWeiChin": "CS2113T-F12-2 EYO ..CHIN"
  }
}
