{
  "authorDailyContributionsMap": {
    "EyoWeiChin": [
      {
        "date": "2020-08-16",
        "commitResults": [
          {
            "hash": "5ed09aa670d3b3564a220e5018cc3c131c69c8bd",
            "messageTitle": "Update Duke.java",
            "messageBody": "Add a skeletal version that simply greets the user and exits.\n",
            "tags": [
              "Level-0"
            ],
            "fileTypesAndContributionMap": {
              "java": {
                "insertions": 4,
                "deletions": 1
              }
            }
          }
        ]
      },
      {
        "date": "2020-08-22",
        "commitResults": [
          {
            "hash": "bfff4e396432ce16fba62f34249a380d29240687",
            "messageTitle": "Level 1: Greet, Echo, Exit",
            "messageBody": "",
            "tags": [
              "Level-1"
            ],
            "fileTypesAndContributionMap": {
              "java": {
                "insertions": 25,
                "deletions": 4
              }
            }
          },
          {
            "hash": "e0a18953031c5afe650d945e65d4a4b944e55ec8",
            "messageTitle": "Level 2: Add, List",
            "messageBody": "Add function to store user input and display them in a list when requested\n",
            "tags": [
              "Level-2"
            ],
            "fileTypesAndContributionMap": {
              "java": {
                "insertions": 30,
                "deletions": 7
              }
            }
          },
          {
            "hash": "79fc200ffac5a09eb8267d1325ebc3f1c5c144fe",
            "messageTitle": "Level 3: Mark as Done",
            "messageBody": "Add the ability to mark tasks as done.\n",
            "tags": [
              "Level-3",
              "A-CodingStandard",
              "A-Classes"
            ],
            "fileTypesAndContributionMap": {
              "java": {
                "insertions": 83,
                "deletions": 6
              }
            }
          }
        ]
      },
      {
        "date": "2020-08-23",
        "commitResults": [
          {
            "hash": "20ba1fd139db6db1104685c0c2eab655fe55e202",
            "messageTitle": "Update Duke.java to handle out of bounds user input",
            "messageBody": "Fix a case where user enters \u0027done\u0027 without specifying a task\n",
            "tags": [
              "Level-3-updated"
            ],
            "fileTypesAndContributionMap": {
              "java": {
                "insertions": 9,
                "deletions": 4
              }
            }
          }
        ]
      },
      {
        "date": "2020-08-27",
        "commitResults": [
          {
            "hash": "3873e9415be2328a840a96f09735ecde32933427",
            "messageTitle": "Update Duke.java and Task.java",
            "messageBody": "Minor adjustments made to comply with coding standards\n",
            "tags": [
              "A-CodingStandard-updated"
            ],
            "fileTypesAndContributionMap": {
              "java": {
                "insertions": 4,
                "deletions": 4
              }
            }
          }
        ]
      },
      {
        "date": "2020-08-29",
        "commitResults": [
          {
            "hash": "012b3b8d4ede611f4e8eeccf58a62d832c61a6df",
            "messageTitle": "Level 4 Todos, Events, Deadlines",
            "messageBody": "Add support to track three new types of tasks.\n",
            "tags": [
              "Level-4",
              "A-Inheritance"
            ],
            "fileTypesAndContributionMap": {
              "java": {
                "insertions": 139,
                "deletions": 17
              }
            }
          },
          {
            "hash": "b89926680e0f4edee25f728939e78f83a0754633",
            "messageTitle": "A-TextUiTesting",
            "messageBody": "Add automated testing script\nAdd testcase and expected outcome\n",
            "tags": [
              "A-TextUITesting"
            ],
            "fileTypesAndContributionMap": {
              "txt": {
                "insertions": 16,
                "deletions": 0
              },
              "bat": {
                "insertions": 1,
                "deletions": 1
              }
            }
          },
          {
            "hash": "abf3049b5d46039a39e0dc244efebe9908d964bc",
            "messageTitle": "Refactor Duke.java",
            "messageBody": "Improve code quality with refactoring, and introducing constants\n",
            "fileTypesAndContributionMap": {
              "java": {
                "insertions": 220,
                "deletions": 139
              }
            }
          }
        ]
      },
      {
        "date": "2020-09-01",
        "commitResults": [
          {
            "hash": "84065162ebb1c36f61491a314d5aa876e42d19f1",
            "messageTitle": "Update Duke.java and the testcase",
            "messageBody": "Refactor code by introducing message constants.\nUpdate expected output to reflect the changes in some message\n",
            "tags": [
              "A-CodeQuality"
            ],
            "fileTypesAndContributionMap": {
              "txt": {
                "insertions": 1,
                "deletions": 1
              },
              "java": {
                "insertions": 61,
                "deletions": 43
              }
            }
          }
        ]
      },
      {
        "date": "2020-09-04",
        "commitResults": [
          {
            "hash": "989ff8409fe53529bb27b2ff6367c90515f29622",
            "messageTitle": "Update Duke and the testcase",
            "messageBody": "Update Duke to catch array out of bounds error for input processing\nUpdate testcase to include erroneous cases to trigger the exception\n",
            "fileTypesAndContributionMap": {
              "txt": {
                "insertions": 4,
                "deletions": 0
              },
              "java": {
                "insertions": 15,
                "deletions": 10
              }
            }
          },
          {
            "hash": "7e8e71ef16dc75375b5324abbbf31be2c5a9c04a",
            "messageTitle": "Add DukeException.java",
            "messageBody": "DukeException class for future execeptions specific to Duke\n",
            "fileTypesAndContributionMap": {
              "java": {
                "insertions": 2,
                "deletions": 0
              }
            }
          },
          {
            "hash": "7b52872cfd793533b55a110a8fd4740dd7045a1a",
            "messageTitle": "Add duke and duke.task packages for better organisation",
            "messageBody": "Update runtest.bat accordingly so automated testing still works\n",
            "fileTypesAndContributionMap": {
              "java": {
                "insertions": 21,
                "deletions": 4
              },
              "bat": {
                "insertions": 1,
                "deletions": 1
              },
              "md": {
                "insertions": 1,
                "deletions": 1
              }
            }
          }
        ]
      },
      {
        "date": "2020-09-12",
        "commitResults": [
          {
            "hash": "51fde34a862adad688427b014ba17cde65712619",
            "messageTitle": "Level-6: Delete",
            "messageBody": "Add ability to delete tasks from the task list\n",
            "fileTypesAndContributionMap": {
              "txt": {
                "insertions": 6,
                "deletions": 0
              },
              "java": {
                "insertions": 25,
                "deletions": 2
              },
              "bat": {
                "insertions": 1,
                "deletions": 1
              }
            }
          },
          {
            "hash": "c06074dd6eafc626a98486c2f602abd4aaa1ab53",
            "messageTitle": "Level-7: Save",
            "messageBody": "Add automated saving of tasklist to duke.txt file\nAdd automated loading of tasklist from duke.txt file\n",
            "fileTypesAndContributionMap": {
              "java": {
                "insertions": 97,
                "deletions": 6
              }
            }
          },
          {
            "hash": "5cf951b58ab76ca43150c484deae9d539b00d4e9",
            "messageTitle": "Refactor Duke.java",
            "messageBody": "Improve code quality of the Save and Load feature\n",
            "fileTypesAndContributionMap": {
              "java": {
                "insertions": 95,
                "deletions": 62
              }
            }
          },
          {
            "hash": "e93441d1c64ef06fab4753c078ee0bacd94e8509",
            "messageTitle": "Update Duke.java to save after a task is deleted",
            "messageBody": "",
            "tags": [
              "A-Jar"
            ],
            "fileTypesAndContributionMap": {
              "java": {
                "insertions": 5,
                "deletions": 0
              }
            }
          }
        ]
      },
      {
        "date": "2020-09-18",
        "commitResults": [
          {
            "hash": "7d1bd40816b65baead1300818476ccaa2e43500c",
            "messageTitle": "Update Duke.java to use a non-global ArrayList",
            "messageBody": "",
            "fileTypesAndContributionMap": {
              "java": {
                "insertions": 26,
                "deletions": 31
              }
            }
          },
          {
            "hash": "40e43c1a3a622cce000677f400b76366ee78a70f",
            "messageTitle": "Update DukeException to handle Duke related errors",
            "messageBody": "",
            "fileTypesAndContributionMap": {
              "java": {
                "insertions": 11,
                "deletions": 0
              }
            }
          },
          {
            "hash": "a29a8f5b22de0a3702ce65ffe1fa844f3c7eabe2",
            "messageTitle": "Refactor Duke.Java to utilise more OOP",
            "messageBody": "Refactor all messages to Messages.java class\nRefactor input processing to Parser class\nRefactor save/load to SaveManager class\nRefactor tasks list to TaskList class\nRefactor user interfaces to TextUI class\n",
            "fileTypesAndContributionMap": {
              "java": {
                "insertions": 484,
                "deletions": 388
              }
            }
          },
          {
            "hash": "dc0caf0e153c97c9258c75be404c5ca65b3e7192",
            "messageTitle": "Update SaveManager class to be more readable",
            "messageBody": "",
            "fileTypesAndContributionMap": {
              "java": {
                "insertions": 88,
                "deletions": 62
              }
            }
          },
          {
            "hash": "33179dd2f7f72d8faa5f77868a4a11d71cbec02c",
            "messageTitle": "Remove static utility classes",
            "messageBody": "",
            "fileTypesAndContributionMap": {
              "java": {
                "insertions": 40,
                "deletions": 48
              }
            }
          }
        ]
      },
      {
        "date": "2020-09-19",
        "commitResults": [
          {
            "hash": "28addadafa828df61ece92ecbc623080a061fd6e",
            "messageTitle": "A-MoreOOP: Add Command class and relevant subclasses",
            "messageBody": "Each command now has its own class\n",
            "tags": [
              "A-MoreOOP"
            ],
            "fileTypesAndContributionMap": {
              "java": {
                "insertions": 229,
                "deletions": 126
              }
            }
          },
          {
            "hash": "579968e3922466558a0c62885c0fefe163e0cb16",
            "messageTitle": "Level-8: Dates and Times",
            "messageBody": "Update AddCommand to handle LocalDate\nUpdate Tasks, Deadline and Event class to better handle LocalDate\n",
            "fileTypesAndContributionMap": {
              "java": {
                "insertions": 28,
                "deletions": 10
              }
            }
          },
          {
            "hash": "983cb65c03639dfb3e0a0688c91a05b0e7f96060",
            "messageTitle": "Add command that lists task due on a specific date",
            "messageBody": "",
            "fileTypesAndContributionMap": {
              "java": {
                "insertions": 39,
                "deletions": 1
              }
            }
          },
          {
            "hash": "e565ab6c87695131061ff88e54cc48d1be47b9ff",
            "messageTitle": "Level-9: Find",
            "messageBody": "Add a command that lets user find task with keyword\n",
            "fileTypesAndContributionMap": {
              "java": {
                "insertions": 24,
                "deletions": 1
              }
            }
          }
        ]
      },
      {
        "date": "2020-09-20",
        "commitResults": [
          {
            "hash": "654abd023166251a006d7fccbcaf68b4357c6d57",
            "messageTitle": "A-JavaDoc",
            "messageBody": "Add Java doc comments to non-private classes and non-trivial methods\n",
            "fileTypesAndContributionMap": {
              "java": {
                "insertions": 121,
                "deletions": 18
              }
            }
          },
          {
            "hash": "b1e0aad575edfa2609ab29fdce3d56ac011f715d",
            "messageTitle": "Refactor DoneCommand by extracting method out",
            "messageBody": "Extract canTaskBeCompleted to follow SLAP\n",
            "fileTypesAndContributionMap": {
              "java": {
                "insertions": 27,
                "deletions": 13
              }
            }
          },
          {
            "hash": "f1a24b49a40fa71b44cffcc695056a34b3f99896",
            "messageTitle": "Update SaveManager to improve code quality",
            "messageBody": "Update loadTaskList to not use exceptions as part of code logic\nUpdate loadTaskList to use helper methods to follow SLAP\n",
            "fileTypesAndContributionMap": {
              "java": {
                "insertions": 26,
                "deletions": 7
              }
            }
          },
          {
            "hash": "86b58774dd3dcb264384c3ff94c3d0d6e2a310c6",
            "messageTitle": "A-UserGuide: Add a User Guide",
            "messageBody": "",
            "tags": [
              "A-UserGuide"
            ],
            "fileTypesAndContributionMap": {
              "md": {
                "insertions": 274,
                "deletions": 34
              }
            }
          }
        ]
      }
    ]
  },
  "authorFileTypeContributionMap": {
    "EyoWeiChin": {
      "java": 963,
      "md": 273,
      "sh": 0,
      "bat": 2,
      "gradle": 0,
      "txt": 26
    }
  },
  "authorContributionVariance": {
    "EyoWeiChin": 52320.8
  },
  "authorDisplayNameMap": {
    "EyoWeiChin": "CS2113T-F12-2 EYO ..CHIN"
  }
}
