{
  "authorDailyContributionsMap": {
    "e0425705": [
      {
        "date": "2020-08-17",
        "commitResults": [
          {
            "hash": "24496b10a438b6d53e9266cadeb80e7f76bfb076",
            "messageTitle": "Level0",
            "messageBody": "",
            "fileTypesAndContributionMap": {
              "java": {
                "insertions": 28,
                "deletions": 0
              },
              "md": {
                "insertions": 55,
                "deletions": 0
              }
            }
          }
        ]
      },
      {
        "date": "2020-08-18",
        "commitResults": [
          {
            "hash": "c139330408b7627343080b7cccd74e31ffe493cc",
            "messageTitle": "forked repo",
            "messageBody": "",
            "fileTypesAndContributionMap": {
              "java": {
                "insertions": 0,
                "deletions": 28
              },
              "md": {
                "insertions": 0,
                "deletions": 55
              }
            }
          }
        ]
      },
      {
        "date": "2020-08-20",
        "commitResults": [
          {
            "hash": "db0c492706109d9100e46dd69aac7434755c4c9c",
            "messageTitle": "Level-0. Greet",
            "messageBody": "",
            "tags": [
              "Level-0"
            ],
            "fileTypesAndContributionMap": {
              "java": {
                "insertions": 19,
                "deletions": 0
              }
            }
          },
          {
            "hash": "430003429448e9b14a8cbcbcf901cf67c94873a1",
            "messageTitle": "Added Level-1. Greet, Echo, Exit",
            "messageBody": "",
            "tags": [
              "Level-1"
            ],
            "fileTypesAndContributionMap": {
              "java": {
                "insertions": 25,
                "deletions": 1
              }
            }
          }
        ]
      },
      {
        "date": "2020-08-23",
        "commitResults": [
          {
            "hash": "c4b7c52f3407831ac5a9f98019b5a956280d2fd3",
            "messageTitle": "Level-2. Add, List",
            "messageBody": "",
            "tags": [
              "Level-2"
            ],
            "fileTypesAndContributionMap": {
              "java": {
                "insertions": 52,
                "deletions": 18
              }
            }
          }
        ]
      },
      {
        "date": "2020-08-24",
        "commitResults": [
          {
            "hash": "2928ea36877f6c438aa6b6bd956e916ab9ee9ea0",
            "messageTitle": "Level-3. Mark as Done.",
            "messageBody": "",
            "fileTypesAndContributionMap": {
              "java": {
                "insertions": 57,
                "deletions": 5
              }
            }
          }
        ]
      },
      {
        "date": "2020-08-26",
        "commitResults": [
          {
            "hash": "b6d992faaf7deded69b150e3acfc9304240fdbd6",
            "messageTitle": "add correct indentation",
            "messageBody": "",
            "fileTypesAndContributionMap": {
              "java": {
                "insertions": 3,
                "deletions": 4
              }
            }
          },
          {
            "hash": "3014add8631a4ca1a4e774e104ff23302c0e6f15",
            "messageTitle": "add correct indentation",
            "messageBody": "",
            "fileTypesAndContributionMap": {
              "java": {
                "insertions": 1,
                "deletions": 1
              }
            }
          }
        ]
      },
      {
        "date": "2020-08-27",
        "commitResults": [
          {
            "hash": "09f2da8338f6890f443ff1baf06501df18c6ed85",
            "messageTitle": "correct import",
            "messageBody": "",
            "fileTypesAndContributionMap": {
              "java": {
                "insertions": 1,
                "deletions": 1
              }
            }
          },
          {
            "hash": "c3ac6314052131e36b8c4d6a1cd16d38b0844a1e",
            "messageTitle": "correct import",
            "messageBody": "",
            "fileTypesAndContributionMap": {
              "java": {
                "insertions": 2,
                "deletions": 2
              }
            }
          },
          {
            "hash": "75adc67684036f99091b29b6582adfc096642e82",
            "messageTitle": "rename methods and variables",
            "messageBody": "",
            "fileTypesAndContributionMap": {
              "java": {
                "insertions": 36,
                "deletions": 37
              }
            }
          }
        ]
      },
      {
        "date": "2020-08-29",
        "commitResults": [
          {
            "hash": "28eb5ca5aba3aa8849cb13d5b83180cf892d226a",
            "messageTitle": "A-CodingStandard",
            "messageBody": "",
            "tags": [
              "A-CodingStandard"
            ],
            "fileTypesAndContributionMap": {
              "java": {
                "insertions": 8,
                "deletions": 8
              }
            }
          }
        ]
      },
      {
        "date": "2020-08-30",
        "commitResults": [
          {
            "hash": "41d44481995b85a6c7c3261896bce231fac03b27",
            "messageTitle": "Level-4. ToDos, Events, Deadlines",
            "messageBody": "",
            "fileTypesAndContributionMap": {
              "java": {
                "insertions": 146,
                "deletions": 47
              }
            }
          }
        ]
      },
      {
        "date": "2020-08-31",
        "commitResults": [
          {
            "hash": "40acfff130c6861e909be9adefc9800d6e5d660e",
            "messageTitle": "Level 4. ToDos, Events, Deadlines",
            "messageBody": "",
            "fileTypesAndContributionMap": {
              "java": {
                "insertions": 104,
                "deletions": 186
              }
            }
          },
          {
            "hash": "86d992635ba522d77d1544323fdd048c97054c6a",
            "messageTitle": "A-CodeQuality",
            "messageBody": "",
            "tags": [
              "A-CodeQuality"
            ],
            "fileTypesAndContributionMap": {
              "java": {
                "insertions": 7,
                "deletions": 4
              }
            }
          }
        ]
      },
      {
        "date": "2020-09-01",
        "commitResults": [
          {
            "hash": "6897a586e12bc75eb917dd1413537313ddf38739",
            "messageTitle": "add displayDuke()",
            "messageBody": "",
            "fileTypesAndContributionMap": {
              "java": {
                "insertions": 12,
                "deletions": 1
              }
            }
          }
        ]
      },
      {
        "date": "2020-09-02",
        "commitResults": [
          {
            "hash": "1a47e085a30f859b8ed6fe0b060beba137e88132",
            "messageTitle": "remove package and update byeMessage()",
            "messageBody": "",
            "fileTypesAndContributionMap": {
              "java": {
                "insertions": 7,
                "deletions": 14
              }
            }
          },
          {
            "hash": "5a9efe7bb644263ef393b9fd9ffd61a80b59e211",
            "messageTitle": "A-TextUiTesting",
            "messageBody": "",
            "tags": [
              "A-TextUiTesting"
            ],
            "fileTypesAndContributionMap": {
              "txt": {
                "insertions": 4,
                "deletions": 0
              },
              "bat": {
                "insertions": 2,
                "deletions": 2
              }
            }
          }
        ]
      },
      {
        "date": "2020-09-03",
        "commitResults": [
          {
            "hash": "47e905f74abafb98f39f13eb94d8c03c5910efd7",
            "messageTitle": "update byeMessage() and event output",
            "messageBody": "",
            "tags": [
              "Level-4"
            ],
            "fileTypesAndContributionMap": {
              "java": {
                "insertions": 2,
                "deletions": 2
              }
            }
          }
        ]
      },
      {
        "date": "2020-09-05",
        "commitResults": [
          {
            "hash": "e907baffc35dac275eab6b70eca505c3dbf6a13f",
            "messageTitle": "refactor code",
            "messageBody": "",
            "fileTypesAndContributionMap": {
              "java": {
                "insertions": 40,
                "deletions": 24
              }
            }
          },
          {
            "hash": "54a91f0a91ed3b1b82bbf90a49b8c0a8be15ae63",
            "messageTitle": "add error message",
            "messageBody": "",
            "fileTypesAndContributionMap": {
              "java": {
                "insertions": 5,
                "deletions": 2
              }
            }
          },
          {
            "hash": "31b68e7a929b88cb632b27fe43bf384fdb2b95f2",
            "messageTitle": "add printListIndex method",
            "messageBody": "",
            "fileTypesAndContributionMap": {
              "java": {
                "insertions": 7,
                "deletions": 3
              }
            }
          },
          {
            "hash": "266444a537b5705125ba42b2d74f85d76cd617a2",
            "messageTitle": "add drawLines() in methods",
            "messageBody": "",
            "fileTypesAndContributionMap": {
              "java": {
                "insertions": 8,
                "deletions": 8
              }
            }
          },
          {
            "hash": "f642e43d72d0d4845e2fca8aceb9d0c11c0336e3",
            "messageTitle": "add try-catch for StringIndexOutOfBoundsException",
            "messageBody": "",
            "fileTypesAndContributionMap": {
              "java": {
                "insertions": 65,
                "deletions": 59
              }
            }
          }
        ]
      },
      {
        "date": "2020-09-06",
        "commitResults": [
          {
            "hash": "51abdc9e783a1b6b6b6934c96118d8a0c6a35ec2",
            "messageTitle": "correct indentation",
            "messageBody": "",
            "fileTypesAndContributionMap": {
              "java": {
                "insertions": 9,
                "deletions": 2
              }
            }
          },
          {
            "hash": "579ee7cd76002eddeb5613cdbd87807b4031f83f",
            "messageTitle": "add IndexOutOfBoundsException",
            "messageBody": "",
            "fileTypesAndContributionMap": {
              "java": {
                "insertions": 6,
                "deletions": 0
              }
            }
          },
          {
            "hash": "b982da35a04d4a8af2df0b0abe613d05f2be4016",
            "messageTitle": "put all classes into package duke",
            "messageBody": "",
            "fileTypesAndContributionMap": {
              "java": {
                "insertions": 11,
                "deletions": 1
              },
              "bat": {
                "insertions": 1,
                "deletions": 1
              },
              "md": {
                "insertions": 2,
                "deletions": 2
              }
            }
          },
          {
            "hash": "a0f3fbea0c8e51de7e4ceafc2abd2a2ef34988f9",
            "messageTitle": "put task related classes into package duke.task",
            "messageBody": "",
            "tags": [
              "A-Packages"
            ],
            "fileTypesAndContributionMap": {
              "java": {
                "insertions": 9,
                "deletions": 4
              }
            }
          }
        ]
      },
      {
        "date": "2020-09-07",
        "commitResults": [
          {
            "hash": "ef4d29a222684d4828596f11ff8495d2e07e722f",
            "messageTitle": "correct empty todo input",
            "messageBody": "",
            "tags": [
              "A-Exceptions"
            ],
            "fileTypesAndContributionMap": {
              "java": {
                "insertions": 8,
                "deletions": 17
              }
            }
          }
        ]
      },
      {
        "date": "2020-09-10",
        "commitResults": [
          {
            "hash": "022c732c8b58851f218b8a30ab7cf00db76bd3d0",
            "messageTitle": "refactor methods",
            "messageBody": "",
            "fileTypesAndContributionMap": {
              "java": {
                "insertions": 29,
                "deletions": 13
              }
            }
          },
          {
            "hash": "7c9e2ec766d7dfa7d8210480ebbdeefcdce3810a",
            "messageTitle": "A-Collections",
            "messageBody": "",
            "tags": [
              "A-Collections"
            ],
            "fileTypesAndContributionMap": {
              "java": {
                "insertions": 25,
                "deletions": 31
              }
            }
          },
          {
            "hash": "98d3f4dfec9a9af043f8c44c3d9a835ea03f2bd8",
            "messageTitle": "Level 6. Delete",
            "messageBody": "",
            "fileTypesAndContributionMap": {
              "java": {
                "insertions": 9,
                "deletions": 1
              }
            }
          }
        ]
      },
      {
        "date": "2020-09-12",
        "commitResults": [
          {
            "hash": "4f86e20379ad7e10d10ed2ff362e69c9ec7c236a",
            "messageTitle": "add command for delete in commandAvailable()",
            "messageBody": "",
            "fileTypesAndContributionMap": {
              "java": {
                "insertions": 1,
                "deletions": 0
              }
            }
          },
          {
            "hash": "7e2fd9243db7d2ccb780b2ffca6c71d042645c58",
            "messageTitle": "Revert \"add command for delete in commandAvailable()\"",
            "messageBody": "This reverts commit 4f86e20379ad7e10d10ed2ff362e69c9ec7c236a.\n",
            "fileTypesAndContributionMap": {
              "java": {
                "insertions": 0,
                "deletions": 1
              }
            }
          },
          {
            "hash": "8b2f9edda004cd905c35daed60d5fd077724765b",
            "messageTitle": "add command for delete in commandAvailable()",
            "messageBody": "",
            "fileTypesAndContributionMap": {
              "java": {
                "insertions": 1,
                "deletions": 0
              }
            }
          }
        ]
      },
      {
        "date": "2020-09-13",
        "commitResults": [
          {
            "hash": "7d65e4555685a0fc5f7bc4c95eba5472e16fe625",
            "messageTitle": "add writeToFile()",
            "messageBody": "",
            "fileTypesAndContributionMap": {
              "txt": {
                "insertions": 1,
                "deletions": 0
              },
              "java": {
                "insertions": 160,
                "deletions": 27
              }
            }
          },
          {
            "hash": "3bcb54129d841d1e4cdc1fe1d409aaafd7cae8b5",
            "messageTitle": "Level 7. Save",
            "messageBody": "",
            "fileTypesAndContributionMap": {
              "txt": {
                "insertions": 5,
                "deletions": 1
              },
              "java": {
                "insertions": 46,
                "deletions": 25
              }
            }
          },
          {
            "hash": "a60890abc7526c778e878ace8d1109470941989f",
            "messageTitle": "removed unnecessary class",
            "messageBody": "",
            "fileTypesAndContributionMap": {
              "java": {
                "insertions": 0,
                "deletions": 64
              }
            }
          },
          {
            "hash": "cb66245c1899adaf222253f32f6bcc13438d2b76",
            "messageTitle": "Level-7. Save",
            "messageBody": "",
            "tags": [
              "Level-7",
              "A-Jar"
            ],
            "fileTypesAndContributionMap": {
              "java": {
                "insertions": 82,
                "deletions": 14
              }
            }
          }
        ]
      }
    ]
  },
  "authorFileTypeContributionMap": {
    "e0425705": {
      "java": 312,
      "md": 2,
      "sh": 0,
      "bat": 2,
      "gradle": 0,
      "txt": 9
    }
  },
  "authorContributionVariance": {
    "e0425705": 9599.011
  },
  "authorDisplayNameMap": {
    "e0425705": "CS2113T-T09-4 PUAH.. WEN"
  }
}
