{
  "authorDailyContributionsMap": {
    "xuche123": [
      {
        "date": "2020-08-16",
        "commitResults": [
          {
            "hash": "957b71cdffde31f9a11ff7fae22849c62ba052b6",
            "messageTitle": "add files",
            "messageBody": "",
            "fileTypesAndContributionMap": {
              "java": {
                "insertions": 0,
                "deletions": 1
              }
            }
          },
          {
            "hash": "dee4769c547032ee0b3a42c4974d322ad291d2e3",
            "messageTitle": "add increment 0",
            "messageBody": "",
            "fileTypesAndContributionMap": {
              "java": {
                "insertions": 4,
                "deletions": 0
              }
            }
          }
        ]
      },
      {
        "date": "2020-08-27",
        "commitResults": [
          {
            "hash": "e94aac26f08f28611aa38219893ff714b1c5585f",
            "messageTitle": "add details from level 1",
            "messageBody": "",
            "tags": [
              "Level-1"
            ],
            "fileTypesAndContributionMap": {
              "java": {
                "insertions": 14,
                "deletions": 7
              }
            }
          },
          {
            "hash": "43a861207e5cf9832a8744972c933326100a0936",
            "messageTitle": "Add basic skeleton for List implementation",
            "messageBody": "",
            "tags": [
              "Level-2"
            ],
            "fileTypesAndContributionMap": {
              "java": {
                "insertions": 20,
                "deletions": 1
              }
            }
          },
          {
            "hash": "2ee39792455f32dbf8ae7e1e7403df4da2157934",
            "messageTitle": "Add Task class and code for Level 3",
            "messageBody": "",
            "tags": [
              "Level-3"
            ],
            "fileTypesAndContributionMap": {
              "java": {
                "insertions": 38,
                "deletions": 8
              }
            }
          },
          {
            "hash": "2d434ef304224d5426502c86ae00150bb792a598",
            "messageTitle": "Add additional formatting and code standards check",
            "messageBody": "",
            "tags": [
              "A-CodingStandard"
            ],
            "fileTypesAndContributionMap": {
              "java": {
                "insertions": 15,
                "deletions": 6
              }
            }
          }
        ]
      },
      {
        "date": "2020-09-03",
        "commitResults": [
          {
            "hash": "e830dbcc5f6df174315f2f3112086fc357ea822d",
            "messageTitle": "Add level-4",
            "messageBody": "",
            "tags": [
              "Level-4"
            ],
            "fileTypesAndContributionMap": {
              "java": {
                "insertions": 147,
                "deletions": 51
              }
            }
          },
          {
            "hash": "7084f22f560a4a775d0884e3718ba72ec0a65f09",
            "messageTitle": "Refactor code",
            "messageBody": "",
            "tags": [
              "A-CodeQuality"
            ],
            "fileTypesAndContributionMap": {
              "java": {
                "insertions": 80,
                "deletions": 50
              }
            }
          }
        ]
      },
      {
        "date": "2020-09-04",
        "commitResults": [
          {
            "hash": "d6da6bf6b813b846070bc5565613e6101a4a5467",
            "messageTitle": "Edit code formatting",
            "messageBody": "",
            "tags": [
              "A-CodeQuality1"
            ],
            "fileTypesAndContributionMap": {
              "java": {
                "insertions": 5,
                "deletions": 18
              }
            }
          }
        ]
      },
      {
        "date": "2020-09-09",
        "commitResults": [
          {
            "hash": "a0e9512259a05a51f61aae42029b415b8e12aa65",
            "messageTitle": "Add error handling for Todo, Deadline and Event",
            "messageBody": "",
            "fileTypesAndContributionMap": {
              "java": {
                "insertions": 77,
                "deletions": 47
              }
            }
          },
          {
            "hash": "5343cd554555a4b8ec506fdaf472d3c3205a287b",
            "messageTitle": "Package Todo, Deadline, Task and Event classes into a task package",
            "messageBody": "",
            "fileTypesAndContributionMap": {
              "java": {
                "insertions": 13,
                "deletions": 0
              }
            }
          },
          {
            "hash": "b04a8a6c382e8c8c5fa99776e87ac3c5e09469b2",
            "messageTitle": "Remove extra Exceptions",
            "messageBody": "",
            "tags": [
              "A-Exceptions"
            ],
            "fileTypesAndContributionMap": {
              "java": {
                "insertions": 0,
                "deletions": 4
              }
            }
          }
        ]
      },
      {
        "date": "2020-09-17",
        "commitResults": [
          {
            "hash": "f08b047a9a80c0643c7aa7daacaca2e793047020",
            "messageTitle": "Refactor code",
            "messageBody": "",
            "fileTypesAndContributionMap": {
              "java": {
                "insertions": 4,
                "deletions": 2
              }
            }
          },
          {
            "hash": "e1ba9b9775eac97c1be17426a9909f61270d00ec",
            "messageTitle": "Add new Delete function and remove redundant taskCount variable",
            "messageBody": "",
            "fileTypesAndContributionMap": {
              "java": {
                "insertions": 91,
                "deletions": 77
              }
            }
          },
          {
            "hash": "299710f0cff71c10aff3bb301220c9c5defc9464",
            "messageTitle": "Add FileManager class and repackaged files",
            "messageBody": "",
            "fileTypesAndContributionMap": {
              "java": {
                "insertions": 234,
                "deletions": 164
              }
            }
          },
          {
            "hash": "4456ccd935f1cc26d44bae24b71a470995ee0d4b",
            "messageTitle": "Add new convertToFileString method, finished File IO",
            "messageBody": "",
            "fileTypesAndContributionMap": {
              "java": {
                "insertions": 40,
                "deletions": 3
              }
            }
          },
          {
            "hash": "1d8d5e5f33b66b45bc6ad651deb0a6851933c845",
            "messageTitle": "Remove extra files",
            "messageBody": "",
            "tags": [
              "Level-7"
            ],
            "fileTypesAndContributionMap": {
              "java": {
                "insertions": 0,
                "deletions": 174
              }
            }
          }
        ]
      },
      {
        "date": "2020-09-28",
        "commitResults": [
          {
            "hash": "f3878d2b144ee5116fa6f2e2522090366882d191",
            "messageTitle": "Add more OOP to code, create new DukeUI and DukeParser class",
            "messageBody": "",
            "fileTypesAndContributionMap": {
              "java": {
                "insertions": 198,
                "deletions": 171
              }
            }
          },
          {
            "hash": "8cda700a3748865465d3a118327074c5f468378d",
            "messageTitle": "Add even more OOP to Code",
            "messageBody": "",
            "tags": [
              "A-MoreOOP"
            ],
            "fileTypesAndContributionMap": {
              "java": {
                "insertions": 151,
                "deletions": 123
              }
            }
          },
          {
            "hash": "e3952fee5014e7de3c638e2f38bfa88524422a37",
            "messageTitle": "Add new find command",
            "messageBody": "",
            "fileTypesAndContributionMap": {
              "java": {
                "insertions": 42,
                "deletions": 5
              }
            }
          }
        ]
      }
    ]
  },
  "authorFileTypeContributionMap": {
    "xuche123": {
      "java": 431,
      "md": 0,
      "sh": 0,
      "bat": 0,
      "gradle": 0,
      "txt": 0
    }
  },
  "authorContributionVariance": {
    "xuche123": 24869.91
  },
  "authorDisplayNameMap": {
    "xuche123": "CS2113T-F14-4 XU C.. CHE"
  }
}
