{
  "authorDailyContributionsMap": {
    "MuhammadHoze": [
      {
        "date": "2020-08-16",
        "commitResults": [
          {
            "hash": "55162e6a912c30d5bc418893f047d22656fda4de",
            "messageTitle": "Level 0.Greet",
            "messageBody": "",
            "fileTypesAndContributionMap": {
              "java": {
                "insertions": 9,
                "deletions": 2
              }
            }
          }
        ]
      },
      {
        "date": "2020-08-18",
        "commitResults": [
          {
            "hash": "0a1d98f666400119433bf65621634b80cf833cfa",
            "messageTitle": "Level 0. Greet",
            "messageBody": "",
            "tags": [
              "Level0"
            ],
            "fileTypesAndContributionMap": {
              "java": {
                "insertions": 2,
                "deletions": 2
              }
            }
          }
        ]
      },
      {
        "date": "2020-08-23",
        "commitResults": [
          {
            "hash": "243fdca8aec0645ecdf7cd79c50fcaa1fb902a8f",
            "messageTitle": "Level 1",
            "messageBody": "",
            "tags": [
              "Level1"
            ],
            "fileTypesAndContributionMap": {
              "java": {
                "insertions": 23,
                "deletions": 1
              }
            }
          },
          {
            "hash": "b9d69d6a8c7dfcaefbb9bc5a72fbfe906f84eca3",
            "messageTitle": "Level 2",
            "messageBody": "",
            "tags": [
              "Level2"
            ],
            "fileTypesAndContributionMap": {
              "java": {
                "insertions": 19,
                "deletions": 4
              }
            }
          },
          {
            "hash": "6fce6faf4638b9fae62a34f493de6f057ab6d761",
            "messageTitle": "Level2-updated",
            "messageBody": "",
            "fileTypesAndContributionMap": {
              "java": {
                "insertions": 0,
                "deletions": 1
              }
            }
          }
        ]
      },
      {
        "date": "2020-08-26",
        "commitResults": [
          {
            "hash": "d2011be6a8f7cdf22595f0f089448d8c285ae692",
            "messageTitle": "Level3",
            "messageBody": "",
            "tags": [
              "Level3"
            ],
            "fileTypesAndContributionMap": {
              "java": {
                "insertions": 43,
                "deletions": 23
              }
            }
          },
          {
            "hash": "9eeff4fc89c3936176febb715956508a38fb339b",
            "messageTitle": "Level3 + CodingStandard",
            "messageBody": "",
            "tags": [
              "Level3-updated"
            ],
            "fileTypesAndContributionMap": {
              "java": {
                "insertions": 6,
                "deletions": 6
              }
            }
          }
        ]
      },
      {
        "date": "2020-08-27",
        "commitResults": [
          {
            "hash": "b1e470a0db119c70803882c54b5e9164972c8cad",
            "messageTitle": "Level3:Fixed Bugs",
            "messageBody": "",
            "tags": [
              "Level3_fixedBugs"
            ],
            "fileTypesAndContributionMap": {
              "java": {
                "insertions": 33,
                "deletions": 8
              }
            }
          },
          {
            "hash": "76537e460ca2c24055237844f075d85edbcf9d25",
            "messageTitle": "Level3:Fixed Bugs",
            "messageBody": "",
            "tags": [
              "A-CodingStandard"
            ],
            "fileTypesAndContributionMap": {
              "java": {
                "insertions": 1,
                "deletions": 1
              }
            }
          }
        ]
      },
      {
        "date": "2020-09-01",
        "commitResults": [
          {
            "hash": "47b846b0b58cc6d3c3b7a9bd087df475cac265c6",
            "messageTitle": "Level4: ToDo,Events,Deadline",
            "messageBody": "",
            "tags": [
              "Level4-updated",
              "Level4"
            ],
            "fileTypesAndContributionMap": {
              "java": {
                "insertions": 161,
                "deletions": 55
              }
            }
          },
          {
            "hash": "b610873ec899199a508c62f425ab6839bac5d957",
            "messageTitle": "Level4:ToDo,Events,Deadline",
            "messageBody": "",
            "tags": [
              "A-CodeQuality"
            ],
            "fileTypesAndContributionMap": {
              "java": {
                "insertions": 16,
                "deletions": 7
              }
            }
          }
        ]
      },
      {
        "date": "2020-09-02",
        "commitResults": [
          {
            "hash": "aaebf93fe486fac90cf3e6414786dadc8ac431ba",
            "messageTitle": "Improve CodeQuality",
            "messageBody": "",
            "fileTypesAndContributionMap": {
              "java": {
                "insertions": 1,
                "deletions": 9
              }
            }
          }
        ]
      },
      {
        "date": "2020-09-06",
        "commitResults": [
          {
            "hash": "d3ef693680f6e787afd1af1b0b9047c341ae2c59",
            "messageTitle": "Level 5: Handle Errors",
            "messageBody": "",
            "fileTypesAndContributionMap": {
              "java": {
                "insertions": 156,
                "deletions": 122
              }
            }
          },
          {
            "hash": "c6f226c0b1b9c865f939f0dbf239b17d1a12c91e",
            "messageTitle": "Level5-updated",
            "messageBody": "",
            "fileTypesAndContributionMap": {
              "java": {
                "insertions": 2,
                "deletions": 7
              }
            }
          }
        ]
      },
      {
        "date": "2020-09-07",
        "commitResults": [
          {
            "hash": "67cb80cdb5a2d636b75d798ed99671838103f9c7",
            "messageTitle": "Group as Package",
            "messageBody": "",
            "fileTypesAndContributionMap": {
              "java": {
                "insertions": 22,
                "deletions": 4
              },
              "bat": {
                "insertions": 2,
                "deletions": 2
              },
              "md": {
                "insertions": 2,
                "deletions": 2
              }
            }
          }
        ]
      },
      {
        "date": "2020-09-13",
        "commitResults": [
          {
            "hash": "1883b814240468e44e51c21969bbb077e092d612",
            "messageTitle": "Level6:Delete",
            "messageBody": "",
            "fileTypesAndContributionMap": {
              "java": {
                "insertions": 138,
                "deletions": 45
              }
            }
          },
          {
            "hash": "88e85fb446d9ab301fe6c8b9de8c68058398dbbe",
            "messageTitle": "Level6:Delete",
            "messageBody": "",
            "tags": [
              "Level6-updatesToExceptionHandler",
              "A-Exceptions"
            ],
            "fileTypesAndContributionMap": {
              "java": {
                "insertions": 46,
                "deletions": 27
              }
            }
          },
          {
            "hash": "2460784a33c5edadf5c74bd721e43ce6eaa98774",
            "messageTitle": "Level6 updates",
            "messageBody": "",
            "fileTypesAndContributionMap": {
              "java": {
                "insertions": 4,
                "deletions": 17
              }
            }
          },
          {
            "hash": "aa8e7403a8e0c95a5e3e9fb0df076ee3fea112ae",
            "messageTitle": "ArrayList with added Exceptions",
            "messageBody": "",
            "fileTypesAndContributionMap": {
              "java": {
                "insertions": 24,
                "deletions": 40
              }
            }
          },
          {
            "hash": "64372b77ab859354fab7261a1c2d0bc258d5eedd",
            "messageTitle": "Level6 updated",
            "messageBody": "",
            "fileTypesAndContributionMap": {
              "java": {
                "insertions": 14,
                "deletions": 8
              }
            }
          },
          {
            "hash": "af59e297195612d9f227105b76592678fca668e6",
            "messageTitle": "Level 6 updates",
            "messageBody": "",
            "tags": [
              "Level-6"
            ],
            "fileTypesAndContributionMap": {
              "java": {
                "insertions": 8,
                "deletions": 8
              }
            }
          }
        ]
      },
      {
        "date": "2020-09-16",
        "commitResults": [
          {
            "hash": "071ae94dab750dd59b34129dbdbe49686b1f45b9",
            "messageTitle": "Level6: Delete",
            "messageBody": "",
            "fileTypesAndContributionMap": {
              "java": {
                "insertions": 127,
                "deletions": 6
              }
            }
          },
          {
            "hash": "a9464e5888deff6eaf2af066cf36e21576bb9b6c",
            "messageTitle": "Level7:Save",
            "messageBody": "",
            "tags": [
              "Level-7"
            ],
            "fileTypesAndContributionMap": {
              "java": {
                "insertions": 1,
                "deletions": 2
              }
            }
          },
          {
            "hash": "702cd3f835e1f0423a893e2f24b7742b8b471df0",
            "messageTitle": "Duke.txt",
            "messageBody": "",
            "fileTypesAndContributionMap": {
              "txt": {
                "insertions": 3,
                "deletions": 0
              }
            }
          }
        ]
      },
      {
        "date": "2020-09-17",
        "commitResults": [
          {
            "hash": "fffc870d96d7b9ec1c562597b13da576dc901ea4",
            "messageTitle": "Merge branch \u0027branch-Level-7\u0027",
            "messageBody": "",
            "fileTypesAndContributionMap": {
              "txt": {
                "insertions": 1,
                "deletions": 0
              },
              "java": {
                "insertions": 4,
                "deletions": 2
              }
            }
          },
          {
            "hash": "d3c90c9e95af88f93842afdadad3aec7be095a87",
            "messageTitle": "Merge branch \u0027branch-Level-7\u0027",
            "messageBody": "",
            "fileTypesAndContributionMap": {
              "java": {
                "insertions": 0,
                "deletions": 1
              }
            }
          }
        ]
      },
      {
        "date": "2020-09-24",
        "commitResults": [
          {
            "hash": "08e7537172c9d70b150649ed563396ce2eae3c03",
            "messageTitle": "Refactor Packages",
            "messageBody": "",
            "fileTypesAndContributionMap": {
              "java": {
                "insertions": 46,
                "deletions": 28
              }
            }
          },
          {
            "hash": "36083710a4fc5fc56264e38b7ae42a81bdf4ff70",
            "messageTitle": "Refactor Packages",
            "messageBody": "",
            "fileTypesAndContributionMap": {
              "txt": {
                "insertions": 3,
                "deletions": 4
              },
              "java": {
                "insertions": 11,
                "deletions": 15
              },
              "bat": {
                "insertions": 2,
                "deletions": 2
              },
              "md": {
                "insertions": 2,
                "deletions": 2
              }
            }
          }
        ]
      },
      {
        "date": "2020-09-27",
        "commitResults": [
          {
            "hash": "c4fee2ef1bb19c049d5968953d8426ada7015435",
            "messageTitle": "Use of more OOP",
            "messageBody": "",
            "tags": [
              "A-MoreOOP"
            ],
            "fileTypesAndContributionMap": {
              "txt": {
                "insertions": 1,
                "deletions": 3
              },
              "java": {
                "insertions": 441,
                "deletions": 360
              }
            }
          },
          {
            "hash": "05d47c7d5e1883e092562965cec17b2436527208",
            "messageTitle": "Group into Package",
            "messageBody": "",
            "fileTypesAndContributionMap": {
              "java": {
                "insertions": 23,
                "deletions": 12
              }
            }
          },
          {
            "hash": "6924708d93005e2fe612b87bda72ceb1a37fadf6",
            "messageTitle": "Revert back to just OOP",
            "messageBody": "",
            "fileTypesAndContributionMap": {
              "txt": {
                "insertions": 0,
                "deletions": 1
              },
              "java": {
                "insertions": 12,
                "deletions": 24
              }
            }
          }
        ]
      },
      {
        "date": "2020-09-28",
        "commitResults": [
          {
            "hash": "b3636ad512d9548b54954e2d17122e0fe80d9555",
            "messageTitle": "Level9",
            "messageBody": "",
            "tags": [
              "Level-9"
            ],
            "fileTypesAndContributionMap": {
              "txt": {
                "insertions": 4,
                "deletions": 0
              },
              "java": {
                "insertions": 34,
                "deletions": 17
              }
            }
          },
          {
            "hash": "22b77d6ce4d8aaec9d659e93794a3885a83ae504",
            "messageTitle": "Level9 update",
            "messageBody": "",
            "fileTypesAndContributionMap": {
              "java": {
                "insertions": 6,
                "deletions": 7
              }
            }
          },
          {
            "hash": "63f406ce7a5384e35486cb25548c15e4bd4a550d",
            "messageTitle": "Updated code",
            "messageBody": "",
            "fileTypesAndContributionMap": {
              "java": {
                "insertions": 29,
                "deletions": 28
              }
            }
          },
          {
            "hash": "46493a201ca0bf0a507635ea27c496da468f6c4b",
            "messageTitle": "Storage updates",
            "messageBody": "",
            "fileTypesAndContributionMap": {
              "txt": {
                "insertions": 2,
                "deletions": 3
              },
              "java": {
                "insertions": 64,
                "deletions": 64
              }
            }
          }
        ]
      }
    ]
  },
  "authorFileTypeContributionMap": {
    "MuhammadHoze": {
      "java": 573,
      "md": 2,
      "sh": 0,
      "bat": 2,
      "gradle": 0,
      "txt": 3
    }
  },
  "authorContributionVariance": {
    "MuhammadHoze": 22259.0
  },
  "authorDisplayNameMap": {
    "MuhammadHoze": "CS2113-T14-3 MUHA..WALA"
  }
}
