[
  {
    "path": "src/main/java/Deadline.java",
    "fileType": "java",
    "lines": [
      {
        "lineNumber": 1,
        "author": {
          "gitId": "yokemin"
        },
        "content": "public class Deadline extends Task {"
      },
      {
        "lineNumber": 2,
        "author": {
          "gitId": "yokemin"
        },
        "content": ""
      },
      {
        "lineNumber": 3,
        "author": {
          "gitId": "yokemin"
        },
        "content": "    protected String by;"
      },
      {
        "lineNumber": 4,
        "author": {
          "gitId": "yokemin"
        },
        "content": ""
      },
      {
        "lineNumber": 5,
        "author": {
          "gitId": "yokemin"
        },
        "content": "    public Deadline(String description, String by) {"
      },
      {
        "lineNumber": 6,
        "author": {
          "gitId": "yokemin"
        },
        "content": "        super(description);"
      },
      {
        "lineNumber": 7,
        "author": {
          "gitId": "yokemin"
        },
        "content": "        this.by \u003d by;"
      },
      {
        "lineNumber": 8,
        "author": {
          "gitId": "yokemin"
        },
        "content": "    }"
      },
      {
        "lineNumber": 9,
        "author": {
          "gitId": "yokemin"
        },
        "content": ""
      },
      {
        "lineNumber": 10,
        "author": {
          "gitId": "yokemin"
        },
        "content": "    @Override"
      },
      {
        "lineNumber": 11,
        "author": {
          "gitId": "yokemin"
        },
        "content": "    public String toString() {"
      },
      {
        "lineNumber": 12,
        "author": {
          "gitId": "yokemin"
        },
        "content": "        return \"[D]\" + super.toString() + \" (by: \" + by + \")\";"
      },
      {
        "lineNumber": 13,
        "author": {
          "gitId": "yokemin"
        },
        "content": "    }"
      },
      {
        "lineNumber": 14,
        "author": {
          "gitId": "yokemin"
        },
        "content": "}"
      }
    ],
    "authorContributionMap": {
      "yokemin": 14
    }
  },
  {
    "path": "src/main/java/Duke.java",
    "fileType": "java",
    "lines": [
      {
        "lineNumber": 1,
        "author": {
          "gitId": "yokemin"
        },
        "content": "import java.util.Scanner;"
      },
      {
        "lineNumber": 2,
        "author": {
          "gitId": "yokemin"
        },
        "content": ""
      },
      {
        "lineNumber": 3,
        "author": {
          "gitId": "-"
        },
        "content": "public class Duke {"
      },
      {
        "lineNumber": 4,
        "author": {
          "gitId": "yokemin"
        },
        "content": ""
      },
      {
        "lineNumber": 5,
        "author": {
          "gitId": "yokemin"
        },
        "content": "    public static String horizontalLine \u003d \"____________________________________________________________\";"
      },
      {
        "lineNumber": 6,
        "author": {
          "gitId": "yokemin"
        },
        "content": "    public static Task[] arrayOfTasks \u003d new Task[100]; // Assume no more than 100 tasks"
      },
      {
        "lineNumber": 7,
        "author": {
          "gitId": "yokemin"
        },
        "content": "    public static int itemCount \u003d 0;"
      },
      {
        "lineNumber": 8,
        "author": {
          "gitId": "yokemin"
        },
        "content": ""
      },
      {
        "lineNumber": 9,
        "author": {
          "gitId": "yokemin"
        },
        "content": "    public static void addTaskToArray(String userInput, int itemCount) {"
      },
      {
        "lineNumber": 10,
        "author": {
          "gitId": "yokemin"
        },
        "content": "        if (userInput.contains(\"/by\")) {"
      },
      {
        "lineNumber": 11,
        "author": {
          "gitId": "yokemin"
        },
        "content": "            addDeadlineToArray(userInput, itemCount);"
      },
      {
        "lineNumber": 12,
        "author": {
          "gitId": "yokemin"
        },
        "content": "        }"
      },
      {
        "lineNumber": 13,
        "author": {
          "gitId": "yokemin"
        },
        "content": "        else if (userInput.contains(\"/at\")) {"
      },
      {
        "lineNumber": 14,
        "author": {
          "gitId": "yokemin"
        },
        "content": "            addEventToArray(userInput, itemCount);"
      },
      {
        "lineNumber": 15,
        "author": {
          "gitId": "yokemin"
        },
        "content": "        }"
      },
      {
        "lineNumber": 16,
        "author": {
          "gitId": "yokemin"
        },
        "content": "        else if (userInput.contains(\"todo\")){"
      },
      {
        "lineNumber": 17,
        "author": {
          "gitId": "yokemin"
        },
        "content": "            addTodoToArray(userInput, itemCount);"
      },
      {
        "lineNumber": 18,
        "author": {
          "gitId": "yokemin"
        },
        "content": "        }"
      },
      {
        "lineNumber": 19,
        "author": {
          "gitId": "yokemin"
        },
        "content": "        else {"
      },
      {
        "lineNumber": 20,
        "author": {
          "gitId": "yokemin"
        },
        "content": "            arrayOfTasks[itemCount] \u003d new Task(userInput);"
      },
      {
        "lineNumber": 21,
        "author": {
          "gitId": "yokemin"
        },
        "content": "        }"
      },
      {
        "lineNumber": 22,
        "author": {
          "gitId": "yokemin"
        },
        "content": "        System.out.println(\"Got it. I\u0027ve added this task:\" + System.lineSeparator() + arrayOfTasks[itemCount]);"
      },
      {
        "lineNumber": 23,
        "author": {
          "gitId": "yokemin"
        },
        "content": "        System.out.println(\"Now you have \" + (itemCount+1) + \" tasks in the list.\");"
      },
      {
        "lineNumber": 24,
        "author": {
          "gitId": "yokemin"
        },
        "content": "        System.out.println(horizontalLine);"
      },
      {
        "lineNumber": 25,
        "author": {
          "gitId": "yokemin"
        },
        "content": "    }"
      },
      {
        "lineNumber": 26,
        "author": {
          "gitId": "yokemin"
        },
        "content": ""
      },
      {
        "lineNumber": 27,
        "author": {
          "gitId": "yokemin"
        },
        "content": "    public static void addTodoToArray(String userInput, int itemCount) {"
      },
      {
        "lineNumber": 28,
        "author": {
          "gitId": "yokemin"
        },
        "content": "        int descriptionIndex \u003d userInput.indexOf(\"todo\") + 5;"
      },
      {
        "lineNumber": 29,
        "author": {
          "gitId": "yokemin"
        },
        "content": "        arrayOfTasks[itemCount] \u003d new Todo(userInput.substring(descriptionIndex));"
      },
      {
        "lineNumber": 30,
        "author": {
          "gitId": "yokemin"
        },
        "content": "    }"
      },
      {
        "lineNumber": 31,
        "author": {
          "gitId": "yokemin"
        },
        "content": ""
      },
      {
        "lineNumber": 32,
        "author": {
          "gitId": "yokemin"
        },
        "content": "    public static void addEventToArray(String userInput, int itemCount) {"
      },
      {
        "lineNumber": 33,
        "author": {
          "gitId": "yokemin"
        },
        "content": "        int descriptionIndex \u003d userInput.indexOf(\"event\") + 6;"
      },
      {
        "lineNumber": 34,
        "author": {
          "gitId": "yokemin"
        },
        "content": "        int byIndex \u003d userInput.indexOf(\"/at\");"
      },
      {
        "lineNumber": 35,
        "author": {
          "gitId": "yokemin"
        },
        "content": "        arrayOfTasks[itemCount] \u003d new Event(userInput.substring(descriptionIndex, byIndex-1), userInput.substring(byIndex + 4));"
      },
      {
        "lineNumber": 36,
        "author": {
          "gitId": "yokemin"
        },
        "content": "    }"
      },
      {
        "lineNumber": 37,
        "author": {
          "gitId": "yokemin"
        },
        "content": ""
      },
      {
        "lineNumber": 38,
        "author": {
          "gitId": "yokemin"
        },
        "content": "    public static void addDeadlineToArray(String userInput, int itemCount) {"
      },
      {
        "lineNumber": 39,
        "author": {
          "gitId": "yokemin"
        },
        "content": "        int descriptionIndex \u003d userInput.indexOf(\"deadline\") + 9;"
      },
      {
        "lineNumber": 40,
        "author": {
          "gitId": "yokemin"
        },
        "content": "        int byIndex \u003d userInput.indexOf(\"/by\");"
      },
      {
        "lineNumber": 41,
        "author": {
          "gitId": "yokemin"
        },
        "content": "        arrayOfTasks[itemCount] \u003d new Deadline(userInput.substring(descriptionIndex, byIndex-1), userInput.substring(byIndex + 4));"
      },
      {
        "lineNumber": 42,
        "author": {
          "gitId": "yokemin"
        },
        "content": "    }"
      },
      {
        "lineNumber": 43,
        "author": {
          "gitId": "yokemin"
        },
        "content": ""
      },
      {
        "lineNumber": 44,
        "author": {
          "gitId": "yokemin"
        },
        "content": "    // marks tasks as done"
      },
      {
        "lineNumber": 45,
        "author": {
          "gitId": "yokemin"
        },
        "content": "    public static void markTaskAsDone(String userInput) {"
      },
      {
        "lineNumber": 46,
        "author": {
          "gitId": "yokemin"
        },
        "content": "        userInput \u003d userInput.replaceAll(\"[^0-9]\", \"\");"
      },
      {
        "lineNumber": 47,
        "author": {
          "gitId": "yokemin"
        },
        "content": "        int taskNo \u003d Integer.parseInt(userInput);"
      },
      {
        "lineNumber": 48,
        "author": {
          "gitId": "yokemin"
        },
        "content": "        arrayOfTasks[taskNo - 1].markAsDone();"
      },
      {
        "lineNumber": 49,
        "author": {
          "gitId": "yokemin"
        },
        "content": "        System.out.println(\"Nice! I have marked this task as done:\");"
      },
      {
        "lineNumber": 50,
        "author": {
          "gitId": "yokemin"
        },
        "content": "        System.out.println(arrayOfTasks[taskNo-1]);"
      },
      {
        "lineNumber": 51,
        "author": {
          "gitId": "yokemin"
        },
        "content": "        System.out.println(horizontalLine);"
      },
      {
        "lineNumber": 52,
        "author": {
          "gitId": "yokemin"
        },
        "content": "    }"
      },
      {
        "lineNumber": 53,
        "author": {
          "gitId": "yokemin"
        },
        "content": ""
      },
      {
        "lineNumber": 54,
        "author": {
          "gitId": "yokemin"
        },
        "content": "    // prints items on current arrayOfTasks"
      },
      {
        "lineNumber": 55,
        "author": {
          "gitId": "yokemin"
        },
        "content": "    public static void viewTasks(Task[] arrayOfTasks, int itemCount) {"
      },
      {
        "lineNumber": 56,
        "author": {
          "gitId": "yokemin"
        },
        "content": "        System.out.println(\"Here are the tasks in your list:\");"
      },
      {
        "lineNumber": 57,
        "author": {
          "gitId": "yokemin"
        },
        "content": "        for (int i \u003d 1; i \u003c\u003d itemCount; i++) {"
      },
      {
        "lineNumber": 58,
        "author": {
          "gitId": "yokemin"
        },
        "content": "            System.out.println(i + \". \" + arrayOfTasks[i-1]);"
      },
      {
        "lineNumber": 59,
        "author": {
          "gitId": "yokemin"
        },
        "content": "        }"
      },
      {
        "lineNumber": 60,
        "author": {
          "gitId": "yokemin"
        },
        "content": "        System.out.println(horizontalLine);"
      },
      {
        "lineNumber": 61,
        "author": {
          "gitId": "yokemin"
        },
        "content": "    }"
      },
      {
        "lineNumber": 62,
        "author": {
          "gitId": "yokemin"
        },
        "content": ""
      },
      {
        "lineNumber": 63,
        "author": {
          "gitId": "yokemin"
        },
        "content": "    // ends program when reader says \u0027bye\u0027"
      },
      {
        "lineNumber": 64,
        "author": {
          "gitId": "yokemin"
        },
        "content": "    public static int sayBye(String byeInput) {"
      },
      {
        "lineNumber": 65,
        "author": {
          "gitId": "yokemin"
        },
        "content": "        if (byeInput.toLowerCase().contains(\"bye\")) {"
      },
      {
        "lineNumber": 66,
        "author": {
          "gitId": "yokemin"
        },
        "content": "            System.out.println(\"Bye. Hope to see you again soon!\");"
      },
      {
        "lineNumber": 67,
        "author": {
          "gitId": "yokemin"
        },
        "content": "            System.out.println(horizontalLine);"
      },
      {
        "lineNumber": 68,
        "author": {
          "gitId": "yokemin"
        },
        "content": "            return 1;"
      },
      {
        "lineNumber": 69,
        "author": {
          "gitId": "yokemin"
        },
        "content": "        }"
      },
      {
        "lineNumber": 70,
        "author": {
          "gitId": "yokemin"
        },
        "content": "        else {"
      },
      {
        "lineNumber": 71,
        "author": {
          "gitId": "yokemin"
        },
        "content": "            return 0;"
      },
      {
        "lineNumber": 72,
        "author": {
          "gitId": "yokemin"
        },
        "content": "        }"
      },
      {
        "lineNumber": 73,
        "author": {
          "gitId": "yokemin"
        },
        "content": "    }"
      },
      {
        "lineNumber": 74,
        "author": {
          "gitId": "yokemin"
        },
        "content": ""
      },
      {
        "lineNumber": 75,
        "author": {
          "gitId": "-"
        },
        "content": "    public static void main(String[] args) {"
      },
      {
        "lineNumber": 76,
        "author": {
          "gitId": "-"
        },
        "content": "        String logo \u003d \" ____        _        \\n\""
      },
      {
        "lineNumber": 77,
        "author": {
          "gitId": "-"
        },
        "content": "                + \"|  _ \\\\ _   _| | _____ \\n\""
      },
      {
        "lineNumber": 78,
        "author": {
          "gitId": "-"
        },
        "content": "                + \"| | | | | | | |/ / _ \\\\\\n\""
      },
      {
        "lineNumber": 79,
        "author": {
          "gitId": "-"
        },
        "content": "                + \"| |_| | |_| |   \u003c  __/\\n\""
      },
      {
        "lineNumber": 80,
        "author": {
          "gitId": "-"
        },
        "content": "                + \"|____/ \\\\__,_|_|\\\\_\\\\___|\\n\";"
      },
      {
        "lineNumber": 81,
        "author": {
          "gitId": "-"
        },
        "content": "        System.out.println(\"Hello from\\n\" + logo);"
      },
      {
        "lineNumber": 82,
        "author": {
          "gitId": "yokemin"
        },
        "content": ""
      },
      {
        "lineNumber": 83,
        "author": {
          "gitId": "yokemin"
        },
        "content": "        // Greet user"
      },
      {
        "lineNumber": 84,
        "author": {
          "gitId": "yokemin"
        },
        "content": "        System.out.println(horizontalLine);"
      },
      {
        "lineNumber": 85,
        "author": {
          "gitId": "yokemin"
        },
        "content": "        System.out.println(\"Hello! I\u0027m Duke\");"
      },
      {
        "lineNumber": 86,
        "author": {
          "gitId": "yokemin"
        },
        "content": "        System.out.println(\"What can I do for you?\");"
      },
      {
        "lineNumber": 87,
        "author": {
          "gitId": "yokemin"
        },
        "content": "        System.out.println(horizontalLine);"
      },
      {
        "lineNumber": 88,
        "author": {
          "gitId": "yokemin"
        },
        "content": ""
      },
      {
        "lineNumber": 89,
        "author": {
          "gitId": "yokemin"
        },
        "content": "        // if-else loop for different inputs from user"
      },
      {
        "lineNumber": 90,
        "author": {
          "gitId": "yokemin"
        },
        "content": "        Scanner scan \u003d new Scanner(System.in);"
      },
      {
        "lineNumber": 91,
        "author": {
          "gitId": "yokemin"
        },
        "content": "        String userInput \u003d scan.nextLine();"
      },
      {
        "lineNumber": 92,
        "author": {
          "gitId": "yokemin"
        },
        "content": "        // Clean text input"
      },
      {
        "lineNumber": 93,
        "author": {
          "gitId": "yokemin"
        },
        "content": "        userInput \u003d userInput.toLowerCase().trim();"
      },
      {
        "lineNumber": 94,
        "author": {
          "gitId": "yokemin"
        },
        "content": ""
      },
      {
        "lineNumber": 95,
        "author": {
          "gitId": "yokemin"
        },
        "content": "        while (sayBye(userInput) \u003d\u003d 0) {"
      },
      {
        "lineNumber": 96,
        "author": {
          "gitId": "yokemin"
        },
        "content": "            if (userInput.contains(\"list\")) {"
      },
      {
        "lineNumber": 97,
        "author": {
          "gitId": "yokemin"
        },
        "content": "                viewTasks(arrayOfTasks, itemCount);"
      },
      {
        "lineNumber": 98,
        "author": {
          "gitId": "yokemin"
        },
        "content": "            }"
      },
      {
        "lineNumber": 99,
        "author": {
          "gitId": "yokemin"
        },
        "content": "            else if (userInput.contains(\"done\")) {"
      },
      {
        "lineNumber": 100,
        "author": {
          "gitId": "yokemin"
        },
        "content": "                markTaskAsDone(userInput);"
      },
      {
        "lineNumber": 101,
        "author": {
          "gitId": "yokemin"
        },
        "content": "            }"
      },
      {
        "lineNumber": 102,
        "author": {
          "gitId": "yokemin"
        },
        "content": "            else {"
      },
      {
        "lineNumber": 103,
        "author": {
          "gitId": "yokemin"
        },
        "content": "                addTaskToArray(userInput, itemCount);"
      },
      {
        "lineNumber": 104,
        "author": {
          "gitId": "yokemin"
        },
        "content": "                itemCount++;"
      },
      {
        "lineNumber": 105,
        "author": {
          "gitId": "yokemin"
        },
        "content": "            }"
      },
      {
        "lineNumber": 106,
        "author": {
          "gitId": "yokemin"
        },
        "content": "            userInput \u003d scan.nextLine();"
      },
      {
        "lineNumber": 107,
        "author": {
          "gitId": "yokemin"
        },
        "content": "        }"
      },
      {
        "lineNumber": 108,
        "author": {
          "gitId": "yokemin"
        },
        "content": ""
      },
      {
        "lineNumber": 109,
        "author": {
          "gitId": "-"
        },
        "content": "    }"
      },
      {
        "lineNumber": 110,
        "author": {
          "gitId": "-"
        },
        "content": "}"
      }
    ],
    "authorContributionMap": {
      "yokemin": 100,
      "-": 10
    }
  },
  {
    "path": "src/main/java/Event.java",
    "fileType": "java",
    "lines": [
      {
        "lineNumber": 1,
        "author": {
          "gitId": "yokemin"
        },
        "content": "public class Event extends Task {"
      },
      {
        "lineNumber": 2,
        "author": {
          "gitId": "yokemin"
        },
        "content": ""
      },
      {
        "lineNumber": 3,
        "author": {
          "gitId": "yokemin"
        },
        "content": "    protected String at;"
      },
      {
        "lineNumber": 4,
        "author": {
          "gitId": "yokemin"
        },
        "content": ""
      },
      {
        "lineNumber": 5,
        "author": {
          "gitId": "yokemin"
        },
        "content": "    public Event(String description, String at) {"
      },
      {
        "lineNumber": 6,
        "author": {
          "gitId": "yokemin"
        },
        "content": "        super(description);"
      },
      {
        "lineNumber": 7,
        "author": {
          "gitId": "yokemin"
        },
        "content": "        this.at \u003d at;"
      },
      {
        "lineNumber": 8,
        "author": {
          "gitId": "yokemin"
        },
        "content": "    }"
      },
      {
        "lineNumber": 9,
        "author": {
          "gitId": "yokemin"
        },
        "content": ""
      },
      {
        "lineNumber": 10,
        "author": {
          "gitId": "yokemin"
        },
        "content": "    @Override"
      },
      {
        "lineNumber": 11,
        "author": {
          "gitId": "yokemin"
        },
        "content": "    public String toString() {"
      },
      {
        "lineNumber": 12,
        "author": {
          "gitId": "yokemin"
        },
        "content": "        return \"[E]\" + super.toString() + \" (at: \" + at + \")\";"
      },
      {
        "lineNumber": 13,
        "author": {
          "gitId": "yokemin"
        },
        "content": "    }"
      },
      {
        "lineNumber": 14,
        "author": {
          "gitId": "yokemin"
        },
        "content": "}"
      }
    ],
    "authorContributionMap": {
      "yokemin": 14
    }
  },
  {
    "path": "src/main/java/Task.java",
    "fileType": "java",
    "lines": [
      {
        "lineNumber": 1,
        "author": {
          "gitId": "yokemin"
        },
        "content": "public class Task {"
      },
      {
        "lineNumber": 2,
        "author": {
          "gitId": "yokemin"
        },
        "content": "    protected String description;"
      },
      {
        "lineNumber": 3,
        "author": {
          "gitId": "yokemin"
        },
        "content": "    protected boolean isDone;"
      },
      {
        "lineNumber": 4,
        "author": {
          "gitId": "yokemin"
        },
        "content": ""
      },
      {
        "lineNumber": 5,
        "author": {
          "gitId": "yokemin"
        },
        "content": "    // Constructor"
      },
      {
        "lineNumber": 6,
        "author": {
          "gitId": "yokemin"
        },
        "content": "    public Task(String description) {"
      },
      {
        "lineNumber": 7,
        "author": {
          "gitId": "yokemin"
        },
        "content": "        this.description \u003d description;"
      },
      {
        "lineNumber": 8,
        "author": {
          "gitId": "yokemin"
        },
        "content": "        this.isDone \u003d false;"
      },
      {
        "lineNumber": 9,
        "author": {
          "gitId": "yokemin"
        },
        "content": "    }"
      },
      {
        "lineNumber": 10,
        "author": {
          "gitId": "yokemin"
        },
        "content": ""
      },
      {
        "lineNumber": 11,
        "author": {
          "gitId": "yokemin"
        },
        "content": "    // Getters"
      },
      {
        "lineNumber": 12,
        "author": {
          "gitId": "yokemin"
        },
        "content": "    public String getStatusIcon() {"
      },
      {
        "lineNumber": 13,
        "author": {
          "gitId": "yokemin"
        },
        "content": "        return (isDone ? \"\\u2713\" : \"\\u2718\"); //return tick or X symbols"
      },
      {
        "lineNumber": 14,
        "author": {
          "gitId": "yokemin"
        },
        "content": "    }"
      },
      {
        "lineNumber": 15,
        "author": {
          "gitId": "yokemin"
        },
        "content": ""
      },
      {
        "lineNumber": 16,
        "author": {
          "gitId": "yokemin"
        },
        "content": "    public String getDescription() {"
      },
      {
        "lineNumber": 17,
        "author": {
          "gitId": "yokemin"
        },
        "content": "        return description;"
      },
      {
        "lineNumber": 18,
        "author": {
          "gitId": "yokemin"
        },
        "content": "    }"
      },
      {
        "lineNumber": 19,
        "author": {
          "gitId": "yokemin"
        },
        "content": ""
      },
      {
        "lineNumber": 20,
        "author": {
          "gitId": "yokemin"
        },
        "content": "    // Setters"
      },
      {
        "lineNumber": 21,
        "author": {
          "gitId": "yokemin"
        },
        "content": "    public void markAsDone() {"
      },
      {
        "lineNumber": 22,
        "author": {
          "gitId": "yokemin"
        },
        "content": "        this.isDone \u003d true;"
      },
      {
        "lineNumber": 23,
        "author": {
          "gitId": "yokemin"
        },
        "content": "    }"
      },
      {
        "lineNumber": 24,
        "author": {
          "gitId": "yokemin"
        },
        "content": ""
      },
      {
        "lineNumber": 25,
        "author": {
          "gitId": "yokemin"
        },
        "content": "    @Override"
      },
      {
        "lineNumber": 26,
        "author": {
          "gitId": "yokemin"
        },
        "content": "    public String toString() {"
      },
      {
        "lineNumber": 27,
        "author": {
          "gitId": "yokemin"
        },
        "content": "        return \"[\" + getStatusIcon() + \"] \" + getDescription();"
      },
      {
        "lineNumber": 28,
        "author": {
          "gitId": "yokemin"
        },
        "content": "    }"
      },
      {
        "lineNumber": 29,
        "author": {
          "gitId": "yokemin"
        },
        "content": ""
      },
      {
        "lineNumber": 30,
        "author": {
          "gitId": "yokemin"
        },
        "content": "}"
      }
    ],
    "authorContributionMap": {
      "yokemin": 30
    }
  },
  {
    "path": "src/main/java/Todo.java",
    "fileType": "java",
    "lines": [
      {
        "lineNumber": 1,
        "author": {
          "gitId": "yokemin"
        },
        "content": "public class Todo extends Task {"
      },
      {
        "lineNumber": 2,
        "author": {
          "gitId": "yokemin"
        },
        "content": ""
      },
      {
        "lineNumber": 3,
        "author": {
          "gitId": "yokemin"
        },
        "content": "    public Todo(String description) {"
      },
      {
        "lineNumber": 4,
        "author": {
          "gitId": "yokemin"
        },
        "content": "        super(description);"
      },
      {
        "lineNumber": 5,
        "author": {
          "gitId": "yokemin"
        },
        "content": "    }"
      },
      {
        "lineNumber": 6,
        "author": {
          "gitId": "yokemin"
        },
        "content": ""
      },
      {
        "lineNumber": 7,
        "author": {
          "gitId": "yokemin"
        },
        "content": "    @Override"
      },
      {
        "lineNumber": 8,
        "author": {
          "gitId": "yokemin"
        },
        "content": "    public String toString() {"
      },
      {
        "lineNumber": 9,
        "author": {
          "gitId": "yokemin"
        },
        "content": "        return \"[T]\" + super.toString();"
      },
      {
        "lineNumber": 10,
        "author": {
          "gitId": "yokemin"
        },
        "content": "    }"
      },
      {
        "lineNumber": 11,
        "author": {
          "gitId": "yokemin"
        },
        "content": "}"
      }
    ],
    "authorContributionMap": {
      "yokemin": 11
    }
  },
  {
    "path": "text-ui-test/input.txt",
    "fileType": "txt",
    "lines": [
      {
        "lineNumber": 1,
        "author": {
          "gitId": "yokemin"
        },
        "content": "todo borrow book"
      },
      {
        "lineNumber": 2,
        "author": {
          "gitId": "yokemin"
        },
        "content": "todo read book"
      },
      {
        "lineNumber": 3,
        "author": {
          "gitId": "yokemin"
        },
        "content": "deadline return book /by 25 Jan"
      },
      {
        "lineNumber": 4,
        "author": {
          "gitId": "yokemin"
        },
        "content": "event project meeting /at 26 Jan"
      },
      {
        "lineNumber": 5,
        "author": {
          "gitId": "yokemin"
        },
        "content": "list"
      },
      {
        "lineNumber": 6,
        "author": {
          "gitId": "yokemin"
        },
        "content": "done 1"
      },
      {
        "lineNumber": 7,
        "author": {
          "gitId": "yokemin"
        },
        "content": "done 2"
      },
      {
        "lineNumber": 8,
        "author": {
          "gitId": "yokemin"
        },
        "content": "list"
      },
      {
        "lineNumber": 9,
        "author": {
          "gitId": "yokemin"
        },
        "content": "bye"
      }
    ],
    "authorContributionMap": {
      "yokemin": 9
    }
  },
  {
    "path": "text-ui-test/runtest.bat",
    "fileType": "bat",
    "lines": [
      {
        "lineNumber": 1,
        "author": {
          "gitId": "-"
        },
        "content": "@ECHO OFF"
      },
      {
        "lineNumber": 2,
        "author": {
          "gitId": "-"
        },
        "content": ""
      },
      {
        "lineNumber": 3,
        "author": {
          "gitId": "-"
        },
        "content": "REM create bin directory if it doesn\u0027t exist"
      },
      {
        "lineNumber": 4,
        "author": {
          "gitId": "-"
        },
        "content": "if not exist ..\\bin mkdir ..\\bin"
      },
      {
        "lineNumber": 5,
        "author": {
          "gitId": "-"
        },
        "content": ""
      },
      {
        "lineNumber": 6,
        "author": {
          "gitId": "-"
        },
        "content": "REM delete output from previous run"
      },
      {
        "lineNumber": 7,
        "author": {
          "gitId": "-"
        },
        "content": "del ACTUAL.TXT"
      },
      {
        "lineNumber": 8,
        "author": {
          "gitId": "-"
        },
        "content": ""
      },
      {
        "lineNumber": 9,
        "author": {
          "gitId": "-"
        },
        "content": "REM compile the code into the bin folder"
      },
      {
        "lineNumber": 10,
        "author": {
          "gitId": "yokemin"
        },
        "content": "javac  -cp ..\\src -Xlint:none -d ..\\bin ..\\src\\main\\java\\*.java"
      },
      {
        "lineNumber": 11,
        "author": {
          "gitId": "-"
        },
        "content": "IF ERRORLEVEL 1 ("
      },
      {
        "lineNumber": 12,
        "author": {
          "gitId": "-"
        },
        "content": "    echo ********** BUILD FAILURE **********"
      },
      {
        "lineNumber": 13,
        "author": {
          "gitId": "-"
        },
        "content": "    exit /b 1"
      },
      {
        "lineNumber": 14,
        "author": {
          "gitId": "-"
        },
        "content": ")"
      },
      {
        "lineNumber": 15,
        "author": {
          "gitId": "-"
        },
        "content": "REM no error here, errorlevel \u003d\u003d 0"
      },
      {
        "lineNumber": 16,
        "author": {
          "gitId": "-"
        },
        "content": ""
      },
      {
        "lineNumber": 17,
        "author": {
          "gitId": "-"
        },
        "content": "REM run the program, feed commands from input.txt file and redirect the output to the ACTUAL.TXT"
      },
      {
        "lineNumber": 18,
        "author": {
          "gitId": "yokemin"
        },
        "content": "java -Dfile.encoding\u003dUTF-8 -classpath ..\\bin Duke \u003c input.txt \u003e ACTUAL.TXT"
      },
      {
        "lineNumber": 19,
        "author": {
          "gitId": "-"
        },
        "content": ""
      },
      {
        "lineNumber": 20,
        "author": {
          "gitId": "-"
        },
        "content": "REM compare the output to the expected output"
      },
      {
        "lineNumber": 21,
        "author": {
          "gitId": "-"
        },
        "content": "FC ACTUAL.TXT EXPECTED.TXT"
      }
    ],
    "authorContributionMap": {
      "-": 19,
      "yokemin": 2
    }
  }
]
