{
  "authorDailyContributionsMap": {
    "judowha": [
      {
        "date": "2020-08-25",
        "commitResults": [
          {
            "hash": "cfc61a957b56a6ca5ca08a47a2d589e56ddd8946",
            "messageTitle": "week 2 level0  add greeting",
            "messageBody": "",
            "tags": [
              "level-0"
            ],
            "fileTypesAndContributionMap": {
              "java": {
                "insertions": 9,
                "deletions": 0
              }
            }
          },
          {
            "hash": "173b1c0f2a2efdb5dc402eb272b346201cc770b0",
            "messageTitle": "week3 level 1",
            "messageBody": "",
            "tags": [
              "level-1"
            ],
            "fileTypesAndContributionMap": {
              "java": {
                "insertions": 9,
                "deletions": 1
              }
            }
          },
          {
            "hash": "0b308145fbc930ba0c65ff09622cebfb4ea1c430",
            "messageTitle": "week 3 level2: add and store inputs",
            "messageBody": "",
            "tags": [
              "level-2"
            ],
            "fileTypesAndContributionMap": {
              "java": {
                "insertions": 17,
                "deletions": 2
              }
            }
          },
          {
            "hash": "24b6e5b6e20cc3c87b4fbedfa1f97744e25a08e0",
            "messageTitle": "week3 level 3: add new class tasks. enable mark function",
            "messageBody": "",
            "tags": [
              "level-3",
              "A-CodingStandard"
            ],
            "fileTypesAndContributionMap": {
              "java": {
                "insertions": 57,
                "deletions": 6
              }
            }
          }
        ]
      },
      {
        "date": "2020-08-30",
        "commitResults": [
          {
            "hash": "a0a00ed84df3dc08d35c68e3623eb1b945b7f92b",
            "messageTitle": "week 4: level-4 todo, deadline, events functions are added",
            "messageBody": "",
            "tags": [
              "level-4"
            ],
            "fileTypesAndContributionMap": {
              "java": {
                "insertions": 141,
                "deletions": 55
              }
            }
          }
        ]
      },
      {
        "date": "2020-08-31",
        "commitResults": [
          {
            "hash": "6de5aedfff7f8a6d90a920dc1c901f8d3402c1fb",
            "messageTitle": "Week 4: A-TestUiTesting  A-CodeQuality",
            "messageBody": "",
            "tags": [
              "A-TextUiTesting",
              "A-CodeQuality"
            ],
            "fileTypesAndContributionMap": {
              "txt": {
                "insertions": 6,
                "deletions": 0
              },
              "java": {
                "insertions": 14,
                "deletions": 4
              },
              "bat": {
                "insertions": 2,
                "deletions": 2
              }
            }
          }
        ]
      },
      {
        "date": "2020-09-06",
        "commitResults": [
          {
            "hash": "92b9400b2797b2a494b0de7dd7b06404c333ace7",
            "messageTitle": "week5 level-5",
            "messageBody": "",
            "tags": [
              "level-5"
            ],
            "fileTypesAndContributionMap": {
              "txt": {
                "insertions": 5,
                "deletions": 1
              },
              "java": {
                "insertions": 76,
                "deletions": 32
              }
            }
          }
        ]
      },
      {
        "date": "2020-09-07",
        "commitResults": [
          {
            "hash": "289ffb8d62ee60298984c5a2f33adba18b2afb9c",
            "messageTitle": "week5 A-Packages",
            "messageBody": "",
            "tags": [
              "A-Packages",
              "A-Exceptions",
              "A-Exception"
            ],
            "fileTypesAndContributionMap": {
              "java": {
                "insertions": 12,
                "deletions": 4
              }
            }
          }
        ]
      },
      {
        "date": "2020-09-12",
        "commitResults": [
          {
            "hash": "3a75299c332376fcc08ac6f46841ffc9bcf1b62a",
            "messageTitle": "first change week 6 level-6",
            "messageBody": "",
            "fileTypesAndContributionMap": {
              "java": {
                "insertions": 76,
                "deletions": 46
              }
            }
          },
          {
            "hash": "aeef87a7240a65b8251566d70b7420dc11568cc9",
            "messageTitle": "week 6 level-6 final version",
            "messageBody": "",
            "tags": [
              "Level-6",
              "A-Collections",
              "A-Collection"
            ],
            "fileTypesAndContributionMap": {
              "java": {
                "insertions": 22,
                "deletions": 24
              }
            }
          },
          {
            "hash": "f9d63aa074410f37d65dc8cb42847c7944dcf522",
            "messageTitle": "level 7",
            "messageBody": "",
            "tags": [
              "Level-7"
            ],
            "fileTypesAndContributionMap": {
              "txt": {
                "insertions": 2,
                "deletions": 0
              },
              "java": {
                "insertions": 24,
                "deletions": 3
              }
            }
          },
          {
            "hash": "2d485d34116f1120e8da24ffbab6a065f82b63e8",
            "messageTitle": "week 6: A-Jar",
            "messageBody": "",
            "tags": [
              "v1.0",
              "A-Jar"
            ],
            "fileTypesAndContributionMap": {
              "txt": {
                "insertions": 1,
                "deletions": 2
              },
              "java": {
                "insertions": 6,
                "deletions": 6
              }
            }
          }
        ]
      },
      {
        "date": "2020-09-17",
        "commitResults": [
          {
            "hash": "f0469cdf2f436a051fd3a511e780311fe306b0b7",
            "messageTitle": "week 6: update the save function",
            "messageBody": "",
            "fileTypesAndContributionMap": {
              "txt": {
                "insertions": 2,
                "deletions": 1
              },
              "java": {
                "insertions": 84,
                "deletions": 22
              }
            }
          }
        ]
      },
      {
        "date": "2020-09-22",
        "commitResults": [
          {
            "hash": "ecc6281695342e9f5257acb60637b00bacb11904",
            "messageTitle": "level-8",
            "messageBody": "",
            "tags": [
              "Level-8"
            ],
            "fileTypesAndContributionMap": {
              "txt": {
                "insertions": 2,
                "deletions": 4
              },
              "java": {
                "insertions": 382,
                "deletions": 205
              }
            }
          },
          {
            "hash": "ed77c2e1a33c0d89f23a060c0604301d21a25d39",
            "messageTitle": "level-9",
            "messageBody": "",
            "tags": [
              "Level-9"
            ],
            "fileTypesAndContributionMap": {
              "java": {
                "insertions": 22,
                "deletions": 0
              }
            }
          }
        ]
      },
      {
        "date": "2020-09-23",
        "commitResults": [
          {
            "hash": "c9778aba09d0b1abf4e61a803f0795411a98e82e",
            "messageTitle": "A-Moreopp",
            "messageBody": "",
            "tags": [
              "A-MoreOOP"
            ],
            "fileTypesAndContributionMap": {
              "java": {
                "insertions": 51,
                "deletions": 59
              }
            }
          }
        ]
      },
      {
        "date": "2020-09-24",
        "commitResults": [
          {
            "hash": "f322989030e0262db4a7de0d2d20e10eb58ae9cd",
            "messageTitle": "A-JavaDoc",
            "messageBody": "",
            "tags": [
              "A-JavaDoc"
            ],
            "fileTypesAndContributionMap": {
              "java": {
                "insertions": 127,
                "deletions": 48
              }
            }
          },
          {
            "hash": "905caeaf32b22bd5ac5a7bd864173b71c6b9a8a1",
            "messageTitle": "A-UserGuide",
            "messageBody": "",
            "tags": [
              "Published-UG",
              "A-UserGuide"
            ],
            "fileTypesAndContributionMap": {
              "java": {
                "insertions": 34,
                "deletions": 34
              },
              "md": {
                "insertions": 62,
                "deletions": 26
              }
            }
          }
        ]
      },
      {
        "date": "2020-09-27",
        "commitResults": [
          {
            "hash": "d0fbd6ce594438e20a137e07b6f127dc444c528e",
            "messageTitle": "final version",
            "messageBody": "",
            "fileTypesAndContributionMap": {
              "txt": {
                "insertions": 3,
                "deletions": 0
              },
              "java": {
                "insertions": 24,
                "deletions": 17
              }
            }
          }
        ]
      },
      {
        "date": "2020-09-29",
        "commitResults": [
          {
            "hash": "9a0c966581a39959262ec158654c6c822a401f44",
            "messageTitle": "finial version\u0001",
            "messageBody": "",
            "tags": [
              "V2.0",
              "A-Release"
            ],
            "fileTypesAndContributionMap": {
              "txt": {
                "insertions": 2,
                "deletions": 3
              },
              "java": {
                "insertions": 19,
                "deletions": 19
              },
              "bat": {
                "insertions": 4,
                "deletions": 2
              }
            }
          },
          {
            "hash": "ed5c27940099099a7c177244e9b9d69a252a3e3b",
            "messageTitle": "Update README.md",
            "messageBody": "",
            "fileTypesAndContributionMap": {
              "md": {
                "insertions": 2,
                "deletions": 2
              }
            }
          }
        ]
      },
      {
        "date": "2020-10-01",
        "commitResults": [
          {
            "hash": "f8e89d4c607681451783481adaf0ed0abe3e9651",
            "messageTitle": "apdate README.md",
            "messageBody": "",
            "fileTypesAndContributionMap": {
              "txt": {
                "insertions": 2,
                "deletions": 0
              },
              "md": {
                "insertions": 74,
                "deletions": 5
              }
            }
          },
          {
            "hash": "f07637b625b8399720fe871dcc0cd85d642e34d4",
            "messageTitle": "adjust position of images",
            "messageBody": "",
            "fileTypesAndContributionMap": {
              "md": {
                "insertions": 16,
                "deletions": 9
              }
            }
          },
          {
            "hash": "2c6e773fbffb309097756e08c9dc1283af450db8",
            "messageTitle": "apdate README.md",
            "messageBody": "",
            "fileTypesAndContributionMap": {
              "md": {
                "insertions": 7,
                "deletions": 7
              }
            }
          },
          {
            "hash": "a8825036be2c91e104de3ceb6d3fdedfdbb038bf",
            "messageTitle": "no message",
            "messageBody": "",
            "fileTypesAndContributionMap": {
              "md": {
                "insertions": 2,
                "deletions": 0
              }
            }
          },
          {
            "hash": "4d74a6b2b0dc37ad881c130457ee0688f1753c8b",
            "messageTitle": "apdate README.md",
            "messageBody": "",
            "fileTypesAndContributionMap": {
              "md": {
                "insertions": 8,
                "deletions": 0
              }
            }
          },
          {
            "hash": "0ba6a18a66c5718707a2786d6f3693e373d3dda5",
            "messageTitle": "apdate README.md with image",
            "messageBody": "",
            "fileTypesAndContributionMap": {
              "md": {
                "insertions": 3,
                "deletions": 3
              }
            }
          },
          {
            "hash": "d279fd90984043339051dbb28418e020f585fc74",
            "messageTitle": "Final version of README.md",
            "messageBody": "",
            "fileTypesAndContributionMap": {
              "md": {
                "insertions": 50,
                "deletions": 7
              }
            }
          }
        ]
      },
      {
        "date": "2020-10-02",
        "commitResults": [
          {
            "hash": "f5688d7d8251846bb0756872dee5146a08aaeef2",
            "messageTitle": "README.md final version 1.1",
            "messageBody": "",
            "fileTypesAndContributionMap": {
              "txt": {
                "insertions": 3,
                "deletions": 2
              },
              "md": {
                "insertions": 22,
                "deletions": 8
              }
            }
          }
        ]
      }
    ]
  },
  "authorFileTypeContributionMap": {
    "judowha": {
      "java": 626,
      "md": 208,
      "sh": 0,
      "bat": 4,
      "gradle": 0,
      "txt": 15
    }
  },
  "authorContributionVariance": {
    "judowha": 11390.6
  },
  "authorDisplayNameMap": {
    "judowha": "CS2113T-W12-3 CHEN..QING"
  }
}
