{
  "authorDailyContributionsMap": {
    "killingbear999": [
      {
        "date": "2020-08-17",
        "commitResults": [
          {
            "hash": "a29643b9ca8907188502ff5f1e25d98cbdacb268",
            "messageTitle": "add greeting and exiting messages",
            "messageBody": "",
            "tags": [
              "Level-0"
            ],
            "fileTypesAndContributionMap": {
              "java": {
                "insertions": 11,
                "deletions": 0
              }
            }
          }
        ]
      },
      {
        "date": "2020-08-23",
        "commitResults": [
          {
            "hash": "ef247366f0b5457d059d82eb6e71c6fcdfbe99cb",
            "messageTitle": "adding echos messages and exit requirment",
            "messageBody": "",
            "tags": [
              "Level-1"
            ],
            "fileTypesAndContributionMap": {
              "java": {
                "insertions": 27,
                "deletions": 1
              }
            }
          }
        ]
      },
      {
        "date": "2020-08-24",
        "commitResults": [
          {
            "hash": "df327dde4b9ffe0371130a9ad924b1e1162375dc",
            "messageTitle": "Add the ability to store texts and display list",
            "messageBody": "",
            "tags": [
              "Level-2"
            ],
            "fileTypesAndContributionMap": {
              "java": {
                "insertions": 25,
                "deletions": 11
              }
            }
          },
          {
            "hash": "2f660f8b68814c11022b0aca923595ca68605c00",
            "messageTitle": "Adding Task class and the ability to mark tasks as done",
            "messageBody": "",
            "tags": [
              "Level-3"
            ],
            "fileTypesAndContributionMap": {
              "java": {
                "insertions": 53,
                "deletions": 22
              }
            }
          }
        ]
      },
      {
        "date": "2020-08-25",
        "commitResults": [
          {
            "hash": "f7cd4cc083d7df5c7f18512543a479cafce246fc",
            "messageTitle": "Tweak the code to comply with java coding standard",
            "messageBody": "",
            "tags": [
              "A-CodingStandard"
            ],
            "fileTypesAndContributionMap": {
              "java": {
                "insertions": 14,
                "deletions": 14
              }
            }
          }
        ]
      },
      {
        "date": "2020-09-01",
        "commitResults": [
          {
            "hash": "2cbe5c98ed706f734439a5e9353e07095fa6dbaf",
            "messageTitle": "Add Todos, Events, Deadlines features without using Inheritance",
            "messageBody": "",
            "fileTypesAndContributionMap": {
              "java": {
                "insertions": 44,
                "deletions": 8
              }
            }
          },
          {
            "hash": "98022a3e8d87a83052c6005f7ebc923051d83d21",
            "messageTitle": "Implement A-Inheritance on Deadlines, ToDos and Events with a parent class List",
            "messageBody": "",
            "tags": [
              "Level-4"
            ],
            "fileTypesAndContributionMap": {
              "java": {
                "insertions": 144,
                "deletions": 31
              }
            }
          },
          {
            "hash": "13f8d42af0d10bcf708d5e336a7a9f81e7f70381",
            "messageTitle": "Improve code quality",
            "messageBody": "",
            "fileTypesAndContributionMap": {
              "java": {
                "insertions": 47,
                "deletions": 33
              }
            }
          },
          {
            "hash": "ac79490812dac80adb02742afe65a81744362326",
            "messageTitle": "Improve code quality and readability",
            "messageBody": "",
            "tags": [
              "A-CodeQuality"
            ],
            "fileTypesAndContributionMap": {
              "java": {
                "insertions": 20,
                "deletions": 20
              }
            }
          },
          {
            "hash": "5c664177ed7fcde52367787f5224982b1318fe9b",
            "messageTitle": "Implement automated text ui testing",
            "messageBody": "",
            "tags": [
              "A-TextUiTesting"
            ],
            "fileTypesAndContributionMap": {
              "txt": {
                "insertions": 13,
                "deletions": 0
              },
              "java": {
                "insertions": 1,
                "deletions": 1
              },
              "sh": {
                "insertions": 2,
                "deletions": 2
              }
            }
          }
        ]
      },
      {
        "date": "2020-09-07",
        "commitResults": [
          {
            "hash": "37a287f141b2f9febdc095d142297e6f68fd601f",
            "messageTitle": "Adding error messages for todo and incorrect inputs",
            "messageBody": "",
            "fileTypesAndContributionMap": {
              "java": {
                "insertions": 52,
                "deletions": 24
              }
            }
          },
          {
            "hash": "cc424830cae4af214c89a148133eaa82cc4fb2a4",
            "messageTitle": "Adding error messages for deadline and event",
            "messageBody": "",
            "fileTypesAndContributionMap": {
              "java": {
                "insertions": 52,
                "deletions": 18
              }
            }
          },
          {
            "hash": "c1844ef9a5cc632811ba33c30032cf9a96e4a4ec",
            "messageTitle": "Correcting error messages for deadline and event",
            "messageBody": "",
            "fileTypesAndContributionMap": {
              "java": {
                "insertions": 2,
                "deletions": 2
              }
            }
          },
          {
            "hash": "17e09c42bdd412dbe56f8b2f1f32b5150334b637",
            "messageTitle": "Implementing exceptions on todo, event and deadline features",
            "messageBody": "",
            "tags": [
              "A-Exceptions"
            ],
            "fileTypesAndContributionMap": {
              "java": {
                "insertions": 35,
                "deletions": 18
              }
            }
          },
          {
            "hash": "931b0caf406bce6b6eeb1a3f1c9526cb777a4585",
            "messageTitle": "Dividing classes into packages",
            "messageBody": "",
            "tags": [
              "A-Packages"
            ],
            "fileTypesAndContributionMap": {
              "java": {
                "insertions": 28,
                "deletions": 0
              }
            }
          }
        ]
      }
    ]
  },
  "authorFileTypeContributionMap": {
    "killingbear999": {
      "java": 352,
      "md": 0,
      "sh": 2,
      "bat": 0,
      "gradle": 0,
      "txt": 13
    }
  },
  "authorContributionVariance": {
    "killingbear999": 7092.08
  },
  "authorDisplayNameMap": {
    "killingbear999": "CS2113T-F14-2 WANG..IHAO"
  }
}
