[
  {
    "path": "src/main/java/Deadline.java",
    "fileType": "java",
    "lines": [
      {
        "lineNumber": 1,
        "author": {
          "gitId": "weisiong24"
        },
        "content": "//Matric Number: A0200273X"
      },
      {
        "lineNumber": 2,
        "author": {
          "gitId": "weisiong24"
        },
        "content": "public class Deadline extends Task {"
      },
      {
        "lineNumber": 3,
        "author": {
          "gitId": "weisiong24"
        },
        "content": ""
      },
      {
        "lineNumber": 4,
        "author": {
          "gitId": "weisiong24"
        },
        "content": "    protected String by;"
      },
      {
        "lineNumber": 5,
        "author": {
          "gitId": "weisiong24"
        },
        "content": ""
      },
      {
        "lineNumber": 6,
        "author": {
          "gitId": "weisiong24"
        },
        "content": "    //Using the parent class for the description"
      },
      {
        "lineNumber": 7,
        "author": {
          "gitId": "weisiong24"
        },
        "content": "    public Deadline(String description, String by) {"
      },
      {
        "lineNumber": 8,
        "author": {
          "gitId": "weisiong24"
        },
        "content": "        super(description);"
      },
      {
        "lineNumber": 9,
        "author": {
          "gitId": "weisiong24"
        },
        "content": "        this.by \u003d by;"
      },
      {
        "lineNumber": 10,
        "author": {
          "gitId": "weisiong24"
        },
        "content": "    }"
      },
      {
        "lineNumber": 11,
        "author": {
          "gitId": "weisiong24"
        },
        "content": ""
      },
      {
        "lineNumber": 12,
        "author": {
          "gitId": "weisiong24"
        },
        "content": "    //Override Methods when to do class is called"
      },
      {
        "lineNumber": 13,
        "author": {
          "gitId": "weisiong24"
        },
        "content": "    @Override"
      },
      {
        "lineNumber": 14,
        "author": {
          "gitId": "weisiong24"
        },
        "content": "    public String toString() {"
      },
      {
        "lineNumber": 15,
        "author": {
          "gitId": "weisiong24"
        },
        "content": "        return \"[D]\" +\"[\"+getStatusIcon()+\"] \"+ description+\"\\n\" ;"
      },
      {
        "lineNumber": 16,
        "author": {
          "gitId": "weisiong24"
        },
        "content": "    }"
      },
      {
        "lineNumber": 17,
        "author": {
          "gitId": "weisiong24"
        },
        "content": "}"
      }
    ],
    "authorContributionMap": {
      "weisiong24": 17
    }
  },
  {
    "path": "src/main/java/Duke.java",
    "fileType": "java",
    "lines": [
      {
        "lineNumber": 1,
        "author": {
          "gitId": "weisiong24"
        },
        "content": "//Matric Number: A0200273X"
      },
      {
        "lineNumber": 2,
        "author": {
          "gitId": "weisiong24"
        },
        "content": ""
      },
      {
        "lineNumber": 3,
        "author": {
          "gitId": "weisiong24"
        },
        "content": "import java.io.*;"
      },
      {
        "lineNumber": 4,
        "author": {
          "gitId": "weisiong24"
        },
        "content": "import java.util.ArrayList;"
      },
      {
        "lineNumber": 5,
        "author": {
          "gitId": "weisiong24"
        },
        "content": "import java.util.Scanner;"
      },
      {
        "lineNumber": 6,
        "author": {
          "gitId": "weisiong24"
        },
        "content": ""
      },
      {
        "lineNumber": 7,
        "author": {
          "gitId": "-"
        },
        "content": "public class Duke {"
      },
      {
        "lineNumber": 8,
        "author": {
          "gitId": "weisiong24"
        },
        "content": ""
      },
      {
        "lineNumber": 9,
        "author": {
          "gitId": "weisiong24"
        },
        "content": ""
      },
      {
        "lineNumber": 10,
        "author": {
          "gitId": "weisiong24"
        },
        "content": "    private final static String Dir \u003d \".\\\\task.txt\";"
      },
      {
        "lineNumber": 11,
        "author": {
          "gitId": "weisiong24"
        },
        "content": "    private static ArrayList\u003cString\u003e tasks \u003d new ArrayList\u003c\u003e();"
      },
      {
        "lineNumber": 12,
        "author": {
          "gitId": "weisiong24"
        },
        "content": ""
      },
      {
        "lineNumber": 13,
        "author": {
          "gitId": "weisiong24"
        },
        "content": ""
      },
      {
        "lineNumber": 14,
        "author": {
          "gitId": "-"
        },
        "content": "    public static void main(String[] args) {"
      },
      {
        "lineNumber": 15,
        "author": {
          "gitId": "weisiong24"
        },
        "content": "        writeFile(Dir,\"\\n\");"
      },
      {
        "lineNumber": 16,
        "author": {
          "gitId": "weisiong24"
        },
        "content": ""
      },
      {
        "lineNumber": 17,
        "author": {
          "gitId": "weisiong24"
        },
        "content": "        System.out.print(\"Tasks saved previously: \\n\");"
      },
      {
        "lineNumber": 18,
        "author": {
          "gitId": "weisiong24"
        },
        "content": "        printLines();"
      },
      {
        "lineNumber": 19,
        "author": {
          "gitId": "weisiong24"
        },
        "content": "        retrieveFile(Dir);"
      },
      {
        "lineNumber": 20,
        "author": {
          "gitId": "weisiong24"
        },
        "content": "        showWelcomeMessage();"
      },
      {
        "lineNumber": 21,
        "author": {
          "gitId": "weisiong24"
        },
        "content": "        //String Array of size 100 created to store item list"
      },
      {
        "lineNumber": 22,
        "author": {
          "gitId": "weisiong24"
        },
        "content": "        String[] itemList \u003d new String[100];"
      },
      {
        "lineNumber": 23,
        "author": {
          "gitId": "weisiong24"
        },
        "content": "        String line;"
      },
      {
        "lineNumber": 24,
        "author": {
          "gitId": "weisiong24"
        },
        "content": "        Scanner in \u003d new Scanner(System.in);"
      },
      {
        "lineNumber": 25,
        "author": {
          "gitId": "weisiong24"
        },
        "content": "        line \u003d in.nextLine();"
      },
      {
        "lineNumber": 26,
        "author": {
          "gitId": "weisiong24"
        },
        "content": ""
      },
      {
        "lineNumber": 27,
        "author": {
          "gitId": "weisiong24"
        },
        "content": "        Duke numTasks \u003d new Duke();"
      },
      {
        "lineNumber": 28,
        "author": {
          "gitId": "weisiong24"
        },
        "content": "        int taskCounts \u003d 0;"
      },
      {
        "lineNumber": 29,
        "author": {
          "gitId": "weisiong24"
        },
        "content": ""
      },
      {
        "lineNumber": 30,
        "author": {
          "gitId": "weisiong24"
        },
        "content": "        /**"
      },
      {
        "lineNumber": 31,
        "author": {
          "gitId": "weisiong24"
        },
        "content": "         * When user enter list it will show a list of input saved"
      },
      {
        "lineNumber": 32,
        "author": {
          "gitId": "weisiong24"
        },
        "content": "         * to do command add a item into the list and mark it as task"
      },
      {
        "lineNumber": 33,
        "author": {
          "gitId": "weisiong24"
        },
        "content": "         * deadline command set a item with the deadline and mark it as deadline"
      },
      {
        "lineNumber": 34,
        "author": {
          "gitId": "weisiong24"
        },
        "content": "         * Event command add item as events to do and mark it as event"
      },
      {
        "lineNumber": 35,
        "author": {
          "gitId": "weisiong24"
        },
        "content": "         * When user enter done it will mark the task as done into the list"
      },
      {
        "lineNumber": 36,
        "author": {
          "gitId": "weisiong24"
        },
        "content": "         * It will run continuously till bye command is given"
      },
      {
        "lineNumber": 37,
        "author": {
          "gitId": "weisiong24"
        },
        "content": "         */"
      },
      {
        "lineNumber": 38,
        "author": {
          "gitId": "weisiong24"
        },
        "content": "        while (!line.equals(\"bye\")) {"
      },
      {
        "lineNumber": 39,
        "author": {
          "gitId": "weisiong24"
        },
        "content": "            for (int i \u003d 0; i \u003c 100; i++) {"
      },
      {
        "lineNumber": 40,
        "author": {
          "gitId": "weisiong24"
        },
        "content": ""
      },
      {
        "lineNumber": 41,
        "author": {
          "gitId": "weisiong24"
        },
        "content": "                String[] doneSide \u003d line.split(\" \");"
      },
      {
        "lineNumber": 42,
        "author": {
          "gitId": "weisiong24"
        },
        "content": "                String[] task \u003d line.split(\" \");"
      },
      {
        "lineNumber": 43,
        "author": {
          "gitId": "weisiong24"
        },
        "content": ""
      },
      {
        "lineNumber": 44,
        "author": {
          "gitId": "weisiong24"
        },
        "content": "                if (line.equals(\"list\")) {"
      },
      {
        "lineNumber": 45,
        "author": {
          "gitId": "weisiong24"
        },
        "content": ""
      },
      {
        "lineNumber": 46,
        "author": {
          "gitId": "weisiong24"
        },
        "content": "                    printLines();"
      },
      {
        "lineNumber": 47,
        "author": {
          "gitId": "weisiong24"
        },
        "content": "                    System.out.print(\"Here are the tasks in your list:\\n\");"
      },
      {
        "lineNumber": 48,
        "author": {
          "gitId": "weisiong24"
        },
        "content": "                    printLines();"
      },
      {
        "lineNumber": 49,
        "author": {
          "gitId": "weisiong24"
        },
        "content": ""
      },
      {
        "lineNumber": 50,
        "author": {
          "gitId": "weisiong24"
        },
        "content": "                    for(int j\u003d0;j\u003ci;j++) {"
      },
      {
        "lineNumber": 51,
        "author": {
          "gitId": "weisiong24"
        },
        "content": ""
      },
      {
        "lineNumber": 52,
        "author": {
          "gitId": "weisiong24"
        },
        "content": "                        if(numTasks.getNumTasks()\u003d\u003dj+1) {"
      },
      {
        "lineNumber": 53,
        "author": {
          "gitId": "weisiong24"
        },
        "content": ""
      },
      {
        "lineNumber": 54,
        "author": {
          "gitId": "weisiong24"
        },
        "content": "                            Task t \u003d new Task(itemList[j]);"
      },
      {
        "lineNumber": 55,
        "author": {
          "gitId": "weisiong24"
        },
        "content": "                            t.markAsDone();"
      },
      {
        "lineNumber": 56,
        "author": {
          "gitId": "weisiong24"
        },
        "content": "                            if(numTasks.getTodoNum()\u003d\u003dj+1) {"
      },
      {
        "lineNumber": 57,
        "author": {
          "gitId": "weisiong24"
        },
        "content": ""
      },
      {
        "lineNumber": 58,
        "author": {
          "gitId": "weisiong24"
        },
        "content": "                                System.out.print(j + 1 + \".\" + \"[\" + \"T\" + \"]\" + \"[\" + t.getStatusIcon() + \"] \" + itemList[j] + \"\\n\");"
      },
      {
        "lineNumber": 59,
        "author": {
          "gitId": "weisiong24"
        },
        "content": ""
      },
      {
        "lineNumber": 60,
        "author": {
          "gitId": "weisiong24"
        },
        "content": "                            } else if(numTasks.getDeadlineNum()\u003d\u003dj+1) {"
      },
      {
        "lineNumber": 61,
        "author": {
          "gitId": "weisiong24"
        },
        "content": ""
      },
      {
        "lineNumber": 62,
        "author": {
          "gitId": "weisiong24"
        },
        "content": "                                System.out.print(j + 1 + \".\" + \"[\" + \"D\" + \"]\" + \"[\" + t.getStatusIcon() + \"] \" + itemList[j] + \"\\n\");"
      },
      {
        "lineNumber": 63,
        "author": {
          "gitId": "weisiong24"
        },
        "content": ""
      },
      {
        "lineNumber": 64,
        "author": {
          "gitId": "weisiong24"
        },
        "content": "                            } else if(numTasks.getEventNum()\u003d\u003dj+1) {"
      },
      {
        "lineNumber": 65,
        "author": {
          "gitId": "weisiong24"
        },
        "content": ""
      },
      {
        "lineNumber": 66,
        "author": {
          "gitId": "weisiong24"
        },
        "content": "                                System.out.print(j + 1 + \".\" + \"[\" + \"E\" + \"]\" + \"[\" + t.getStatusIcon() + \"] \" + itemList[j] + \"\\n\");"
      },
      {
        "lineNumber": 67,
        "author": {
          "gitId": "weisiong24"
        },
        "content": ""
      },
      {
        "lineNumber": 68,
        "author": {
          "gitId": "weisiong24"
        },
        "content": "                            } else {"
      },
      {
        "lineNumber": 69,
        "author": {
          "gitId": "weisiong24"
        },
        "content": ""
      },
      {
        "lineNumber": 70,
        "author": {
          "gitId": "weisiong24"
        },
        "content": "                                System.out.print(j + 1 + \".\" + \"[\" + \"T\" + \"]\" + \"[\" + t.getStatusIcon() + \"] \" + itemList[j] + \"\\n\");"
      },
      {
        "lineNumber": 71,
        "author": {
          "gitId": "weisiong24"
        },
        "content": ""
      },
      {
        "lineNumber": 72,
        "author": {
          "gitId": "weisiong24"
        },
        "content": "                            }"
      },
      {
        "lineNumber": 73,
        "author": {
          "gitId": "weisiong24"
        },
        "content": ""
      },
      {
        "lineNumber": 74,
        "author": {
          "gitId": "weisiong24"
        },
        "content": "                        } else {"
      },
      {
        "lineNumber": 75,
        "author": {
          "gitId": "weisiong24"
        },
        "content": ""
      },
      {
        "lineNumber": 76,
        "author": {
          "gitId": "weisiong24"
        },
        "content": "                            Task t \u003d new Task(itemList[j]);"
      },
      {
        "lineNumber": 77,
        "author": {
          "gitId": "weisiong24"
        },
        "content": "                            t.markUndone();"
      },
      {
        "lineNumber": 78,
        "author": {
          "gitId": "weisiong24"
        },
        "content": "                            if(numTasks.getTodoNum()\u003d\u003dj+1) {"
      },
      {
        "lineNumber": 79,
        "author": {
          "gitId": "weisiong24"
        },
        "content": ""
      },
      {
        "lineNumber": 80,
        "author": {
          "gitId": "weisiong24"
        },
        "content": "                                System.out.print(j + 1 + \".\" + \"[\" + \"T\" + \"]\" + \"[\" + t.getStatusIcon() + \"] \" + itemList[j] + \"\\n\");"
      },
      {
        "lineNumber": 81,
        "author": {
          "gitId": "weisiong24"
        },
        "content": ""
      },
      {
        "lineNumber": 82,
        "author": {
          "gitId": "weisiong24"
        },
        "content": "                            } else if(numTasks.getDeadlineNum()\u003d\u003dj+1) {"
      },
      {
        "lineNumber": 83,
        "author": {
          "gitId": "weisiong24"
        },
        "content": ""
      },
      {
        "lineNumber": 84,
        "author": {
          "gitId": "weisiong24"
        },
        "content": "                                System.out.print(j + 1 + \".\" + \"[\" + \"D\" + \"]\" + \"[\" + t.getStatusIcon() + \"] \" + itemList[j] + \"\\n\");"
      },
      {
        "lineNumber": 85,
        "author": {
          "gitId": "weisiong24"
        },
        "content": ""
      },
      {
        "lineNumber": 86,
        "author": {
          "gitId": "weisiong24"
        },
        "content": "                            } else if(numTasks.getEventNum()\u003d\u003dj+1) {"
      },
      {
        "lineNumber": 87,
        "author": {
          "gitId": "weisiong24"
        },
        "content": ""
      },
      {
        "lineNumber": 88,
        "author": {
          "gitId": "weisiong24"
        },
        "content": "                                System.out.print(j + 1 + \".\" + \"[\" + \"E\" + \"]\" + \"[\" + t.getStatusIcon() + \"] \" + itemList[j] + \"\\n\");"
      },
      {
        "lineNumber": 89,
        "author": {
          "gitId": "weisiong24"
        },
        "content": ""
      },
      {
        "lineNumber": 90,
        "author": {
          "gitId": "weisiong24"
        },
        "content": "                            } else {"
      },
      {
        "lineNumber": 91,
        "author": {
          "gitId": "weisiong24"
        },
        "content": ""
      },
      {
        "lineNumber": 92,
        "author": {
          "gitId": "weisiong24"
        },
        "content": "                                System.out.print(j + 1 + \".\" + \"[\" + \"T\" + \"]\" + \"[\" + t.getStatusIcon() + \"] \" + itemList[j] + \"\\n\");"
      },
      {
        "lineNumber": 93,
        "author": {
          "gitId": "weisiong24"
        },
        "content": ""
      },
      {
        "lineNumber": 94,
        "author": {
          "gitId": "weisiong24"
        },
        "content": "                            }"
      },
      {
        "lineNumber": 95,
        "author": {
          "gitId": "weisiong24"
        },
        "content": "                        }"
      },
      {
        "lineNumber": 96,
        "author": {
          "gitId": "weisiong24"
        },
        "content": "                    }"
      },
      {
        "lineNumber": 97,
        "author": {
          "gitId": "weisiong24"
        },
        "content": "                    i -\u003d 1;"
      },
      {
        "lineNumber": 98,
        "author": {
          "gitId": "weisiong24"
        },
        "content": ""
      },
      {
        "lineNumber": 99,
        "author": {
          "gitId": "weisiong24"
        },
        "content": "                    printLines();"
      },
      {
        "lineNumber": 100,
        "author": {
          "gitId": "weisiong24"
        },
        "content": ""
      },
      {
        "lineNumber": 101,
        "author": {
          "gitId": "weisiong24"
        },
        "content": "                } else if (doneSide[0].equals(\"done\")) {"
      },
      {
        "lineNumber": 102,
        "author": {
          "gitId": "weisiong24"
        },
        "content": ""
      },
      {
        "lineNumber": 103,
        "author": {
          "gitId": "weisiong24"
        },
        "content": "                    Task t \u003d new Task(itemList[i]);"
      },
      {
        "lineNumber": 104,
        "author": {
          "gitId": "weisiong24"
        },
        "content": "                    t.markAsDone();"
      },
      {
        "lineNumber": 105,
        "author": {
          "gitId": "weisiong24"
        },
        "content": "                    int taskNum \u003d Integer.parseInt(doneSide[1]);"
      },
      {
        "lineNumber": 106,
        "author": {
          "gitId": "weisiong24"
        },
        "content": ""
      },
      {
        "lineNumber": 107,
        "author": {
          "gitId": "weisiong24"
        },
        "content": "                    printLines();"
      },
      {
        "lineNumber": 108,
        "author": {
          "gitId": "weisiong24"
        },
        "content": "                    System.out.print(\"Nice! I\u0027ve marked this task as done: \\n\");"
      },
      {
        "lineNumber": 109,
        "author": {
          "gitId": "weisiong24"
        },
        "content": "                    System.out.print(\"\\t[\" + t.getStatusIcon() + \"] \" + itemList[taskNum - 1] + \"\\n\");"
      },
      {
        "lineNumber": 110,
        "author": {
          "gitId": "weisiong24"
        },
        "content": "                    printLines();"
      },
      {
        "lineNumber": 111,
        "author": {
          "gitId": "weisiong24"
        },
        "content": "                    numTasks.setNumTasks(taskNum);"
      },
      {
        "lineNumber": 112,
        "author": {
          "gitId": "weisiong24"
        },
        "content": ""
      },
      {
        "lineNumber": 113,
        "author": {
          "gitId": "weisiong24"
        },
        "content": "                } else if (task[0].equals(\"todo\")) {"
      },
      {
        "lineNumber": 114,
        "author": {
          "gitId": "weisiong24"
        },
        "content": ""
      },
      {
        "lineNumber": 115,
        "author": {
          "gitId": "weisiong24"
        },
        "content": "                    if (!line.substring(4).equals(\" \") \u0026\u0026 !line.substring(3).equals(\"o\")) {"
      },
      {
        "lineNumber": 116,
        "author": {
          "gitId": "weisiong24"
        },
        "content": ""
      },
      {
        "lineNumber": 117,
        "author": {
          "gitId": "weisiong24"
        },
        "content": "                        numTasks.setTaskCount(taskCounts +\u003d 1);"
      },
      {
        "lineNumber": 118,
        "author": {
          "gitId": "weisiong24"
        },
        "content": "                        Todo t \u003d new Todo(line.substring(5));"
      },
      {
        "lineNumber": 119,
        "author": {
          "gitId": "weisiong24"
        },
        "content": "                        printLines();"
      },
      {
        "lineNumber": 120,
        "author": {
          "gitId": "weisiong24"
        },
        "content": "                        System.out.print(\"Got it. I\u0027ve added this task: \\n\");"
      },
      {
        "lineNumber": 121,
        "author": {
          "gitId": "weisiong24"
        },
        "content": "                        System.out.print(\"\\t\" + t.toString());"
      },
      {
        "lineNumber": 122,
        "author": {
          "gitId": "weisiong24"
        },
        "content": "                        System.out.print(\"Now you have \" + numTasks.getTaskCount() + \" tasks in the list.\\n\");"
      },
      {
        "lineNumber": 123,
        "author": {
          "gitId": "weisiong24"
        },
        "content": "                        printLines();"
      },
      {
        "lineNumber": 124,
        "author": {
          "gitId": "weisiong24"
        },
        "content": "                        itemList[i] \u003d line.substring(5);"
      },
      {
        "lineNumber": 125,
        "author": {
          "gitId": "weisiong24"
        },
        "content": "                        numTasks.setTodoNum(numTasks.getTaskCount());"
      },
      {
        "lineNumber": 126,
        "author": {
          "gitId": "weisiong24"
        },
        "content": "                        tasks.add(line.substring(5));"
      },
      {
        "lineNumber": 127,
        "author": {
          "gitId": "weisiong24"
        },
        "content": "                        writeFile(Dir, line);"
      },
      {
        "lineNumber": 128,
        "author": {
          "gitId": "weisiong24"
        },
        "content": ""
      },
      {
        "lineNumber": 129,
        "author": {
          "gitId": "weisiong24"
        },
        "content": "                    } else {"
      },
      {
        "lineNumber": 130,
        "author": {
          "gitId": "weisiong24"
        },
        "content": "                        try {"
      },
      {
        "lineNumber": 131,
        "author": {
          "gitId": "weisiong24"
        },
        "content": ""
      },
      {
        "lineNumber": 132,
        "author": {
          "gitId": "weisiong24"
        },
        "content": "                            i -\u003d 1;"
      },
      {
        "lineNumber": 133,
        "author": {
          "gitId": "weisiong24"
        },
        "content": "                            throw new DukeException();"
      },
      {
        "lineNumber": 134,
        "author": {
          "gitId": "weisiong24"
        },
        "content": "                        } catch (DukeException e) {"
      },
      {
        "lineNumber": 135,
        "author": {
          "gitId": "weisiong24"
        },
        "content": ""
      },
      {
        "lineNumber": 136,
        "author": {
          "gitId": "weisiong24"
        },
        "content": "                            printLines();"
      },
      {
        "lineNumber": 137,
        "author": {
          "gitId": "weisiong24"
        },
        "content": "                            System.out.print(\"☹ OOPS!!! The description of a todo cannot be empty.\\n\");"
      },
      {
        "lineNumber": 138,
        "author": {
          "gitId": "weisiong24"
        },
        "content": "                            printLines();"
      },
      {
        "lineNumber": 139,
        "author": {
          "gitId": "weisiong24"
        },
        "content": ""
      },
      {
        "lineNumber": 140,
        "author": {
          "gitId": "weisiong24"
        },
        "content": "                        }"
      },
      {
        "lineNumber": 141,
        "author": {
          "gitId": "weisiong24"
        },
        "content": "                    }"
      },
      {
        "lineNumber": 142,
        "author": {
          "gitId": "weisiong24"
        },
        "content": "                } else if (task[0].equals(\"deadline\")) {"
      },
      {
        "lineNumber": 143,
        "author": {
          "gitId": "weisiong24"
        },
        "content": "                    if (!line.substring(8).equals(\" \") \u0026\u0026 !line.substring(7).equals(\"e\")) {"
      },
      {
        "lineNumber": 144,
        "author": {
          "gitId": "weisiong24"
        },
        "content": ""
      },
      {
        "lineNumber": 145,
        "author": {
          "gitId": "weisiong24"
        },
        "content": "                        numTasks.setTaskCount(taskCounts +\u003d 1);"
      },
      {
        "lineNumber": 146,
        "author": {
          "gitId": "weisiong24"
        },
        "content": "                        String taskItem \u003d line.substring(9);"
      },
      {
        "lineNumber": 147,
        "author": {
          "gitId": "weisiong24"
        },
        "content": "                        Deadline d \u003d new Deadline(taskItem, \"\");"
      },
      {
        "lineNumber": 148,
        "author": {
          "gitId": "weisiong24"
        },
        "content": ""
      },
      {
        "lineNumber": 149,
        "author": {
          "gitId": "weisiong24"
        },
        "content": "                        printLines();"
      },
      {
        "lineNumber": 150,
        "author": {
          "gitId": "weisiong24"
        },
        "content": "                        System.out.print(\"Got it. I\u0027ve added this task: \\n\");"
      },
      {
        "lineNumber": 151,
        "author": {
          "gitId": "weisiong24"
        },
        "content": "                        System.out.print(\"\\t\" + d.toString());"
      },
      {
        "lineNumber": 152,
        "author": {
          "gitId": "weisiong24"
        },
        "content": "                        System.out.print(\"Now you have \" + numTasks.getTaskCount() + \" tasks in the list.\\n\");"
      },
      {
        "lineNumber": 153,
        "author": {
          "gitId": "weisiong24"
        },
        "content": "                        printLines();"
      },
      {
        "lineNumber": 154,
        "author": {
          "gitId": "weisiong24"
        },
        "content": "                        itemList[i] \u003d taskItem;"
      },
      {
        "lineNumber": 155,
        "author": {
          "gitId": "weisiong24"
        },
        "content": "                        numTasks.setDeadlineNum(numTasks.getTaskCount());"
      },
      {
        "lineNumber": 156,
        "author": {
          "gitId": "weisiong24"
        },
        "content": "                        tasks.add(line.substring(9));"
      },
      {
        "lineNumber": 157,
        "author": {
          "gitId": "weisiong24"
        },
        "content": "                        writeFile(Dir, line);"
      },
      {
        "lineNumber": 158,
        "author": {
          "gitId": "weisiong24"
        },
        "content": ""
      },
      {
        "lineNumber": 159,
        "author": {
          "gitId": "weisiong24"
        },
        "content": "                    } else {"
      },
      {
        "lineNumber": 160,
        "author": {
          "gitId": "weisiong24"
        },
        "content": "                        try {"
      },
      {
        "lineNumber": 161,
        "author": {
          "gitId": "weisiong24"
        },
        "content": ""
      },
      {
        "lineNumber": 162,
        "author": {
          "gitId": "weisiong24"
        },
        "content": "                            i -\u003d 1;"
      },
      {
        "lineNumber": 163,
        "author": {
          "gitId": "weisiong24"
        },
        "content": "                            throw new DukeException();"
      },
      {
        "lineNumber": 164,
        "author": {
          "gitId": "weisiong24"
        },
        "content": "                        } catch (DukeException e) {"
      },
      {
        "lineNumber": 165,
        "author": {
          "gitId": "weisiong24"
        },
        "content": ""
      },
      {
        "lineNumber": 166,
        "author": {
          "gitId": "weisiong24"
        },
        "content": "                            printLines();"
      },
      {
        "lineNumber": 167,
        "author": {
          "gitId": "weisiong24"
        },
        "content": "                            System.out.print(\"☹ OOPS!!! The description of a deadline cannot be empty.\\n\");"
      },
      {
        "lineNumber": 168,
        "author": {
          "gitId": "weisiong24"
        },
        "content": "                            printLines();"
      },
      {
        "lineNumber": 169,
        "author": {
          "gitId": "weisiong24"
        },
        "content": "                        }"
      },
      {
        "lineNumber": 170,
        "author": {
          "gitId": "weisiong24"
        },
        "content": "                    }"
      },
      {
        "lineNumber": 171,
        "author": {
          "gitId": "weisiong24"
        },
        "content": "                } else if (task[0].equals(\"event\")) {"
      },
      {
        "lineNumber": 172,
        "author": {
          "gitId": "weisiong24"
        },
        "content": ""
      },
      {
        "lineNumber": 173,
        "author": {
          "gitId": "weisiong24"
        },
        "content": "                    if (!line.substring(5).equals(\" \") \u0026\u0026 !line.substring(4).equals(\"t\")) {"
      },
      {
        "lineNumber": 174,
        "author": {
          "gitId": "weisiong24"
        },
        "content": ""
      },
      {
        "lineNumber": 175,
        "author": {
          "gitId": "weisiong24"
        },
        "content": "                        numTasks.setTaskCount(taskCounts +\u003d 1);"
      },
      {
        "lineNumber": 176,
        "author": {
          "gitId": "weisiong24"
        },
        "content": "                        String taskItem \u003d line.substring(6);"
      },
      {
        "lineNumber": 177,
        "author": {
          "gitId": "weisiong24"
        },
        "content": "                        Event e \u003d new Event(taskItem, \"\");"
      },
      {
        "lineNumber": 178,
        "author": {
          "gitId": "weisiong24"
        },
        "content": "                        printLines();"
      },
      {
        "lineNumber": 179,
        "author": {
          "gitId": "weisiong24"
        },
        "content": "                        System.out.print(\"Got it. I\u0027ve added this task: \\n\");"
      },
      {
        "lineNumber": 180,
        "author": {
          "gitId": "weisiong24"
        },
        "content": "                        System.out.print(\"\\t\" + e.toString());"
      },
      {
        "lineNumber": 181,
        "author": {
          "gitId": "weisiong24"
        },
        "content": "                        System.out.print(\"Now you have \" + numTasks.getTaskCount() + \" tasks in the list.\\n\");"
      },
      {
        "lineNumber": 182,
        "author": {
          "gitId": "weisiong24"
        },
        "content": "                        printLines();"
      },
      {
        "lineNumber": 183,
        "author": {
          "gitId": "weisiong24"
        },
        "content": "                        itemList[i] \u003d taskItem;"
      },
      {
        "lineNumber": 184,
        "author": {
          "gitId": "weisiong24"
        },
        "content": "                        numTasks.setEventNum(numTasks.getTaskCount());"
      },
      {
        "lineNumber": 185,
        "author": {
          "gitId": "weisiong24"
        },
        "content": "                        tasks.add(line.substring(6));"
      },
      {
        "lineNumber": 186,
        "author": {
          "gitId": "weisiong24"
        },
        "content": "                        writeFile(Dir, line);"
      },
      {
        "lineNumber": 187,
        "author": {
          "gitId": "weisiong24"
        },
        "content": ""
      },
      {
        "lineNumber": 188,
        "author": {
          "gitId": "weisiong24"
        },
        "content": ""
      },
      {
        "lineNumber": 189,
        "author": {
          "gitId": "weisiong24"
        },
        "content": "                    } else {"
      },
      {
        "lineNumber": 190,
        "author": {
          "gitId": "weisiong24"
        },
        "content": "                        try {"
      },
      {
        "lineNumber": 191,
        "author": {
          "gitId": "weisiong24"
        },
        "content": ""
      },
      {
        "lineNumber": 192,
        "author": {
          "gitId": "weisiong24"
        },
        "content": "                            i -\u003d 1;"
      },
      {
        "lineNumber": 193,
        "author": {
          "gitId": "weisiong24"
        },
        "content": "                            throw new DukeException();"
      },
      {
        "lineNumber": 194,
        "author": {
          "gitId": "weisiong24"
        },
        "content": "                        } catch (DukeException e) {"
      },
      {
        "lineNumber": 195,
        "author": {
          "gitId": "weisiong24"
        },
        "content": ""
      },
      {
        "lineNumber": 196,
        "author": {
          "gitId": "weisiong24"
        },
        "content": "                            printLines();"
      },
      {
        "lineNumber": 197,
        "author": {
          "gitId": "weisiong24"
        },
        "content": "                            System.out.print(\"☹ OOPS!!! The description of a event cannot be empty.\\n\");"
      },
      {
        "lineNumber": 198,
        "author": {
          "gitId": "weisiong24"
        },
        "content": "                            printLines();"
      },
      {
        "lineNumber": 199,
        "author": {
          "gitId": "weisiong24"
        },
        "content": ""
      },
      {
        "lineNumber": 200,
        "author": {
          "gitId": "weisiong24"
        },
        "content": "                        }"
      },
      {
        "lineNumber": 201,
        "author": {
          "gitId": "weisiong24"
        },
        "content": "                    }"
      },
      {
        "lineNumber": 202,
        "author": {
          "gitId": "weisiong24"
        },
        "content": "                } else if (task[0].equals(\"delete\")) {"
      },
      {
        "lineNumber": 203,
        "author": {
          "gitId": "weisiong24"
        },
        "content": "                    if (!line.substring(6).equals(\" \") \u0026\u0026 !line.substring(5).equals(\"e\")) {"
      },
      {
        "lineNumber": 204,
        "author": {
          "gitId": "weisiong24"
        },
        "content": ""
      },
      {
        "lineNumber": 205,
        "author": {
          "gitId": "weisiong24"
        },
        "content": "                        Task t \u003d new Task(itemList[i]);"
      },
      {
        "lineNumber": 206,
        "author": {
          "gitId": "weisiong24"
        },
        "content": "                        printLines();"
      },
      {
        "lineNumber": 207,
        "author": {
          "gitId": "weisiong24"
        },
        "content": "                        System.out.print(\"Noted. I\u0027ve removed this task: \\n\");"
      },
      {
        "lineNumber": 208,
        "author": {
          "gitId": "weisiong24"
        },
        "content": "                        tasks.remove(tasks.get(Integer.valueOf(line.substring(7)) - 1));"
      },
      {
        "lineNumber": 209,
        "author": {
          "gitId": "weisiong24"
        },
        "content": "                        System.out.print(\"\\t[E]\" + \"[\" + t.getStatusIcon() + \"] \" + itemList[Integer.valueOf(line.substring(7)) - 1] + \"\\n\");"
      },
      {
        "lineNumber": 210,
        "author": {
          "gitId": "weisiong24"
        },
        "content": "                        taskCounts -\u003d 1;"
      },
      {
        "lineNumber": 211,
        "author": {
          "gitId": "weisiong24"
        },
        "content": "                        System.out.print(\"Now you have \" + Integer.valueOf(numTasks.taskCount - 1) + \" tasks in the list.\\n\");"
      },
      {
        "lineNumber": 212,
        "author": {
          "gitId": "weisiong24"
        },
        "content": "                        printLines();"
      },
      {
        "lineNumber": 213,
        "author": {
          "gitId": "weisiong24"
        },
        "content": ""
      },
      {
        "lineNumber": 214,
        "author": {
          "gitId": "weisiong24"
        },
        "content": "                    } else {"
      },
      {
        "lineNumber": 215,
        "author": {
          "gitId": "weisiong24"
        },
        "content": "                        try {"
      },
      {
        "lineNumber": 216,
        "author": {
          "gitId": "weisiong24"
        },
        "content": "                            i -\u003d 1;"
      },
      {
        "lineNumber": 217,
        "author": {
          "gitId": "weisiong24"
        },
        "content": "                            throw new DukeException();"
      },
      {
        "lineNumber": 218,
        "author": {
          "gitId": "weisiong24"
        },
        "content": "                        } catch (DukeException e) {"
      },
      {
        "lineNumber": 219,
        "author": {
          "gitId": "weisiong24"
        },
        "content": "                            printLines();"
      },
      {
        "lineNumber": 220,
        "author": {
          "gitId": "weisiong24"
        },
        "content": "                            System.out.print(\"☹ OOPS!!! The delete number command cannot be empty.\\n\");"
      },
      {
        "lineNumber": 221,
        "author": {
          "gitId": "weisiong24"
        },
        "content": "                            printLines();"
      },
      {
        "lineNumber": 222,
        "author": {
          "gitId": "weisiong24"
        },
        "content": ""
      },
      {
        "lineNumber": 223,
        "author": {
          "gitId": "weisiong24"
        },
        "content": "                        }"
      },
      {
        "lineNumber": 224,
        "author": {
          "gitId": "weisiong24"
        },
        "content": "                    }"
      },
      {
        "lineNumber": 225,
        "author": {
          "gitId": "weisiong24"
        },
        "content": ""
      },
      {
        "lineNumber": 226,
        "author": {
          "gitId": "weisiong24"
        },
        "content": "                } else {"
      },
      {
        "lineNumber": 227,
        "author": {
          "gitId": "weisiong24"
        },
        "content": "                    try {"
      },
      {
        "lineNumber": 228,
        "author": {
          "gitId": "weisiong24"
        },
        "content": "                        i -\u003d 1;"
      },
      {
        "lineNumber": 229,
        "author": {
          "gitId": "weisiong24"
        },
        "content": "                        throw new DukeException();"
      },
      {
        "lineNumber": 230,
        "author": {
          "gitId": "weisiong24"
        },
        "content": ""
      },
      {
        "lineNumber": 231,
        "author": {
          "gitId": "weisiong24"
        },
        "content": "                    } catch (DukeException n) {"
      },
      {
        "lineNumber": 232,
        "author": {
          "gitId": "weisiong24"
        },
        "content": ""
      },
      {
        "lineNumber": 233,
        "author": {
          "gitId": "weisiong24"
        },
        "content": "                        printLines();"
      },
      {
        "lineNumber": 234,
        "author": {
          "gitId": "weisiong24"
        },
        "content": "                        System.out.print(\"☹ OOPS!!! I\u0027m sorry, but I don\u0027t know what that means :-(\\n\");"
      },
      {
        "lineNumber": 235,
        "author": {
          "gitId": "weisiong24"
        },
        "content": "                        printLines();"
      },
      {
        "lineNumber": 236,
        "author": {
          "gitId": "weisiong24"
        },
        "content": ""
      },
      {
        "lineNumber": 237,
        "author": {
          "gitId": "weisiong24"
        },
        "content": "                    }"
      },
      {
        "lineNumber": 238,
        "author": {
          "gitId": "weisiong24"
        },
        "content": "                }"
      },
      {
        "lineNumber": 239,
        "author": {
          "gitId": "weisiong24"
        },
        "content": ""
      },
      {
        "lineNumber": 240,
        "author": {
          "gitId": "weisiong24"
        },
        "content": "                line \u003d in.nextLine();"
      },
      {
        "lineNumber": 241,
        "author": {
          "gitId": "weisiong24"
        },
        "content": ""
      },
      {
        "lineNumber": 242,
        "author": {
          "gitId": "weisiong24"
        },
        "content": "                if (line.equals(\"bye\")) {"
      },
      {
        "lineNumber": 243,
        "author": {
          "gitId": "weisiong24"
        },
        "content": ""
      },
      {
        "lineNumber": 244,
        "author": {
          "gitId": "weisiong24"
        },
        "content": "                    break;"
      },
      {
        "lineNumber": 245,
        "author": {
          "gitId": "weisiong24"
        },
        "content": "                }"
      },
      {
        "lineNumber": 246,
        "author": {
          "gitId": "weisiong24"
        },
        "content": "            }"
      },
      {
        "lineNumber": 247,
        "author": {
          "gitId": "-"
        },
        "content": "        }"
      },
      {
        "lineNumber": 248,
        "author": {
          "gitId": "weisiong24"
        },
        "content": "        showByeMessage();"
      },
      {
        "lineNumber": 249,
        "author": {
          "gitId": "weisiong24"
        },
        "content": "    }"
      },
      {
        "lineNumber": 250,
        "author": {
          "gitId": "weisiong24"
        },
        "content": ""
      },
      {
        "lineNumber": 251,
        "author": {
          "gitId": "weisiong24"
        },
        "content": "    //Three methods that are refactored for readability"
      },
      {
        "lineNumber": 252,
        "author": {
          "gitId": "weisiong24"
        },
        "content": "    private static void printLines() {"
      },
      {
        "lineNumber": 253,
        "author": {
          "gitId": "weisiong24"
        },
        "content": ""
      },
      {
        "lineNumber": 254,
        "author": {
          "gitId": "weisiong24"
        },
        "content": "        System.out.print(\"____________________________________________________________\\n\");"
      },
      {
        "lineNumber": 255,
        "author": {
          "gitId": "weisiong24"
        },
        "content": "    }"
      },
      {
        "lineNumber": 256,
        "author": {
          "gitId": "weisiong24"
        },
        "content": ""
      },
      {
        "lineNumber": 257,
        "author": {
          "gitId": "weisiong24"
        },
        "content": ""
      },
      {
        "lineNumber": 258,
        "author": {
          "gitId": "weisiong24"
        },
        "content": "    private static void showByeMessage() {"
      },
      {
        "lineNumber": 259,
        "author": {
          "gitId": "weisiong24"
        },
        "content": ""
      },
      {
        "lineNumber": 260,
        "author": {
          "gitId": "weisiong24"
        },
        "content": "        System.out.print(\"____________________________________________________________\\n\");"
      },
      {
        "lineNumber": 261,
        "author": {
          "gitId": "weisiong24"
        },
        "content": "        System.out.print(\"Bye. Hope to see you again soon!\\n\");"
      },
      {
        "lineNumber": 262,
        "author": {
          "gitId": "weisiong24"
        },
        "content": "        System.out.print(\"____________________________________________________________\\n\");"
      },
      {
        "lineNumber": 263,
        "author": {
          "gitId": "-"
        },
        "content": "    }"
      },
      {
        "lineNumber": 264,
        "author": {
          "gitId": "weisiong24"
        },
        "content": ""
      },
      {
        "lineNumber": 265,
        "author": {
          "gitId": "weisiong24"
        },
        "content": "    private static void showWelcomeMessage() {"
      },
      {
        "lineNumber": 266,
        "author": {
          "gitId": "weisiong24"
        },
        "content": ""
      },
      {
        "lineNumber": 267,
        "author": {
          "gitId": "weisiong24"
        },
        "content": "        String logo \u003d \"____________________________________________________________\\n\""
      },
      {
        "lineNumber": 268,
        "author": {
          "gitId": "weisiong24"
        },
        "content": "                + \"Hello! I\u0027m Duke \\n\""
      },
      {
        "lineNumber": 269,
        "author": {
          "gitId": "weisiong24"
        },
        "content": "                + \"What can I do for you? \\n\""
      },
      {
        "lineNumber": 270,
        "author": {
          "gitId": "weisiong24"
        },
        "content": "                + \" _   _  ____  _     _     ____ \\n\" +"
      },
      {
        "lineNumber": 271,
        "author": {
          "gitId": "weisiong24"
        },
        "content": "                \"| |_| || \u003d\u003d\u003d|| |__ | |__ / () \\\\\\n\" +"
      },
      {
        "lineNumber": 272,
        "author": {
          "gitId": "weisiong24"
        },
        "content": "                \"|_| |_||____||____||____|\\\\____/\\n\""
      },
      {
        "lineNumber": 273,
        "author": {
          "gitId": "weisiong24"
        },
        "content": "                + \"____________________________________________________________\\n\";"
      },
      {
        "lineNumber": 274,
        "author": {
          "gitId": "weisiong24"
        },
        "content": "        System.out.println(logo);"
      },
      {
        "lineNumber": 275,
        "author": {
          "gitId": "weisiong24"
        },
        "content": "    }"
      },
      {
        "lineNumber": 276,
        "author": {
          "gitId": "weisiong24"
        },
        "content": ""
      },
      {
        "lineNumber": 277,
        "author": {
          "gitId": "weisiong24"
        },
        "content": "    /**"
      },
      {
        "lineNumber": 278,
        "author": {
          "gitId": "weisiong24"
        },
        "content": "     * Getter and setter to get task number from done command and send that number to list command"
      },
      {
        "lineNumber": 279,
        "author": {
          "gitId": "weisiong24"
        },
        "content": "     * Getter and setter for task count to show number of tasks that are entered"
      },
      {
        "lineNumber": 280,
        "author": {
          "gitId": "weisiong24"
        },
        "content": "     * Getter and setter for the deadline,to do,event number for usage in updating the list"
      },
      {
        "lineNumber": 281,
        "author": {
          "gitId": "weisiong24"
        },
        "content": "     */"
      },
      {
        "lineNumber": 282,
        "author": {
          "gitId": "weisiong24"
        },
        "content": "    int taskNumber, taskCount;"
      },
      {
        "lineNumber": 283,
        "author": {
          "gitId": "weisiong24"
        },
        "content": "    int todoNum, deadlineNum, eventNum;"
      },
      {
        "lineNumber": 284,
        "author": {
          "gitId": "weisiong24"
        },
        "content": ""
      },
      {
        "lineNumber": 285,
        "author": {
          "gitId": "weisiong24"
        },
        "content": "    int getNumTasks() {"
      },
      {
        "lineNumber": 286,
        "author": {
          "gitId": "weisiong24"
        },
        "content": ""
      },
      {
        "lineNumber": 287,
        "author": {
          "gitId": "weisiong24"
        },
        "content": "        return taskNumber;"
      },
      {
        "lineNumber": 288,
        "author": {
          "gitId": "weisiong24"
        },
        "content": "    }"
      },
      {
        "lineNumber": 289,
        "author": {
          "gitId": "weisiong24"
        },
        "content": ""
      },
      {
        "lineNumber": 290,
        "author": {
          "gitId": "weisiong24"
        },
        "content": "    void setNumTasks(int num) {"
      },
      {
        "lineNumber": 291,
        "author": {
          "gitId": "weisiong24"
        },
        "content": ""
      },
      {
        "lineNumber": 292,
        "author": {
          "gitId": "weisiong24"
        },
        "content": "        taskNumber \u003d num;"
      },
      {
        "lineNumber": 293,
        "author": {
          "gitId": "weisiong24"
        },
        "content": "    }"
      },
      {
        "lineNumber": 294,
        "author": {
          "gitId": "weisiong24"
        },
        "content": ""
      },
      {
        "lineNumber": 295,
        "author": {
          "gitId": "weisiong24"
        },
        "content": "    int getTodoNum() {"
      },
      {
        "lineNumber": 296,
        "author": {
          "gitId": "weisiong24"
        },
        "content": ""
      },
      {
        "lineNumber": 297,
        "author": {
          "gitId": "weisiong24"
        },
        "content": "        return todoNum;"
      },
      {
        "lineNumber": 298,
        "author": {
          "gitId": "weisiong24"
        },
        "content": "    }"
      },
      {
        "lineNumber": 299,
        "author": {
          "gitId": "weisiong24"
        },
        "content": ""
      },
      {
        "lineNumber": 300,
        "author": {
          "gitId": "weisiong24"
        },
        "content": "    void setTodoNum(int n) {"
      },
      {
        "lineNumber": 301,
        "author": {
          "gitId": "weisiong24"
        },
        "content": ""
      },
      {
        "lineNumber": 302,
        "author": {
          "gitId": "weisiong24"
        },
        "content": "        todoNum \u003d n;"
      },
      {
        "lineNumber": 303,
        "author": {
          "gitId": "weisiong24"
        },
        "content": "    }"
      },
      {
        "lineNumber": 304,
        "author": {
          "gitId": "weisiong24"
        },
        "content": ""
      },
      {
        "lineNumber": 305,
        "author": {
          "gitId": "weisiong24"
        },
        "content": "    int getDeadlineNum() {"
      },
      {
        "lineNumber": 306,
        "author": {
          "gitId": "weisiong24"
        },
        "content": "        return deadlineNum;"
      },
      {
        "lineNumber": 307,
        "author": {
          "gitId": "weisiong24"
        },
        "content": "    }"
      },
      {
        "lineNumber": 308,
        "author": {
          "gitId": "weisiong24"
        },
        "content": ""
      },
      {
        "lineNumber": 309,
        "author": {
          "gitId": "weisiong24"
        },
        "content": "    void setDeadlineNum(int d) {"
      },
      {
        "lineNumber": 310,
        "author": {
          "gitId": "weisiong24"
        },
        "content": ""
      },
      {
        "lineNumber": 311,
        "author": {
          "gitId": "weisiong24"
        },
        "content": "        deadlineNum \u003d d;"
      },
      {
        "lineNumber": 312,
        "author": {
          "gitId": "weisiong24"
        },
        "content": "    }"
      },
      {
        "lineNumber": 313,
        "author": {
          "gitId": "weisiong24"
        },
        "content": ""
      },
      {
        "lineNumber": 314,
        "author": {
          "gitId": "weisiong24"
        },
        "content": "    int getEventNum() {"
      },
      {
        "lineNumber": 315,
        "author": {
          "gitId": "weisiong24"
        },
        "content": ""
      },
      {
        "lineNumber": 316,
        "author": {
          "gitId": "weisiong24"
        },
        "content": "        return eventNum;"
      },
      {
        "lineNumber": 317,
        "author": {
          "gitId": "weisiong24"
        },
        "content": "    }"
      },
      {
        "lineNumber": 318,
        "author": {
          "gitId": "weisiong24"
        },
        "content": ""
      },
      {
        "lineNumber": 319,
        "author": {
          "gitId": "weisiong24"
        },
        "content": "    void setEventNum(int e) {"
      },
      {
        "lineNumber": 320,
        "author": {
          "gitId": "weisiong24"
        },
        "content": ""
      },
      {
        "lineNumber": 321,
        "author": {
          "gitId": "weisiong24"
        },
        "content": "        eventNum \u003d e;"
      },
      {
        "lineNumber": 322,
        "author": {
          "gitId": "weisiong24"
        },
        "content": "    }"
      },
      {
        "lineNumber": 323,
        "author": {
          "gitId": "weisiong24"
        },
        "content": ""
      },
      {
        "lineNumber": 324,
        "author": {
          "gitId": "weisiong24"
        },
        "content": "    int getTaskCount() {"
      },
      {
        "lineNumber": 325,
        "author": {
          "gitId": "weisiong24"
        },
        "content": ""
      },
      {
        "lineNumber": 326,
        "author": {
          "gitId": "weisiong24"
        },
        "content": ""
      },
      {
        "lineNumber": 327,
        "author": {
          "gitId": "weisiong24"
        },
        "content": "        return taskCount;"
      },
      {
        "lineNumber": 328,
        "author": {
          "gitId": "weisiong24"
        },
        "content": "    }"
      },
      {
        "lineNumber": 329,
        "author": {
          "gitId": "weisiong24"
        },
        "content": ""
      },
      {
        "lineNumber": 330,
        "author": {
          "gitId": "weisiong24"
        },
        "content": "    void setTaskCount(int t) {"
      },
      {
        "lineNumber": 331,
        "author": {
          "gitId": "weisiong24"
        },
        "content": ""
      },
      {
        "lineNumber": 332,
        "author": {
          "gitId": "weisiong24"
        },
        "content": "        taskCount \u003d t;"
      },
      {
        "lineNumber": 333,
        "author": {
          "gitId": "weisiong24"
        },
        "content": "    }"
      },
      {
        "lineNumber": 334,
        "author": {
          "gitId": "weisiong24"
        },
        "content": ""
      },
      {
        "lineNumber": 335,
        "author": {
          "gitId": "weisiong24"
        },
        "content": "    public static void retrieveFile(String taskData) {"
      },
      {
        "lineNumber": 336,
        "author": {
          "gitId": "weisiong24"
        },
        "content": "        try {"
      },
      {
        "lineNumber": 337,
        "author": {
          "gitId": "weisiong24"
        },
        "content": "            String data\u003d\" \";"
      },
      {
        "lineNumber": 338,
        "author": {
          "gitId": "weisiong24"
        },
        "content": "            File myData \u003d new File(taskData);"
      },
      {
        "lineNumber": 339,
        "author": {
          "gitId": "weisiong24"
        },
        "content": "            Scanner myReader \u003d new Scanner(myData);"
      },
      {
        "lineNumber": 340,
        "author": {
          "gitId": "weisiong24"
        },
        "content": "            while (myReader.hasNextLine()) {"
      },
      {
        "lineNumber": 341,
        "author": {
          "gitId": "weisiong24"
        },
        "content": "                data \u003d myReader.nextLine();"
      },
      {
        "lineNumber": 342,
        "author": {
          "gitId": "weisiong24"
        },
        "content": "                System.out.println(data);"
      },
      {
        "lineNumber": 343,
        "author": {
          "gitId": "weisiong24"
        },
        "content": "            }"
      },
      {
        "lineNumber": 344,
        "author": {
          "gitId": "weisiong24"
        },
        "content": "            myReader.close();"
      },
      {
        "lineNumber": 345,
        "author": {
          "gitId": "weisiong24"
        },
        "content": "        } catch (FileNotFoundException e) {"
      },
      {
        "lineNumber": 346,
        "author": {
          "gitId": "weisiong24"
        },
        "content": "            e.printStackTrace();"
      },
      {
        "lineNumber": 347,
        "author": {
          "gitId": "weisiong24"
        },
        "content": "        }"
      },
      {
        "lineNumber": 348,
        "author": {
          "gitId": "weisiong24"
        },
        "content": "    }"
      },
      {
        "lineNumber": 349,
        "author": {
          "gitId": "weisiong24"
        },
        "content": ""
      },
      {
        "lineNumber": 350,
        "author": {
          "gitId": "weisiong24"
        },
        "content": "    public static void writeFile(String taskData, String description) {"
      },
      {
        "lineNumber": 351,
        "author": {
          "gitId": "weisiong24"
        },
        "content": "        try {"
      },
      {
        "lineNumber": 352,
        "author": {
          "gitId": "weisiong24"
        },
        "content": ""
      },
      {
        "lineNumber": 353,
        "author": {
          "gitId": "weisiong24"
        },
        "content": "            FileWriter myData \u003d new FileWriter(taskData, true);"
      },
      {
        "lineNumber": 354,
        "author": {
          "gitId": "weisiong24"
        },
        "content": ""
      },
      {
        "lineNumber": 355,
        "author": {
          "gitId": "weisiong24"
        },
        "content": "            String[] taskName \u003d description.split(\" \");"
      },
      {
        "lineNumber": 356,
        "author": {
          "gitId": "weisiong24"
        },
        "content": "            switch (taskName[0]) {"
      },
      {
        "lineNumber": 357,
        "author": {
          "gitId": "weisiong24"
        },
        "content": "            case \"todo\":"
      },
      {
        "lineNumber": 358,
        "author": {
          "gitId": "weisiong24"
        },
        "content": "                myData.write(\"[T] \" + taskName[1] +\"\\n\");"
      },
      {
        "lineNumber": 359,
        "author": {
          "gitId": "weisiong24"
        },
        "content": "                break;"
      },
      {
        "lineNumber": 360,
        "author": {
          "gitId": "weisiong24"
        },
        "content": "            case \"deadline\":"
      },
      {
        "lineNumber": 361,
        "author": {
          "gitId": "weisiong24"
        },
        "content": "                myData.write(\"[D] \" + taskName[1] +\"\\n\");"
      },
      {
        "lineNumber": 362,
        "author": {
          "gitId": "weisiong24"
        },
        "content": "                break;"
      },
      {
        "lineNumber": 363,
        "author": {
          "gitId": "weisiong24"
        },
        "content": "            case \"event\":"
      },
      {
        "lineNumber": 364,
        "author": {
          "gitId": "weisiong24"
        },
        "content": "                myData.write(\"[E] \" + taskName[1] +\"\\n\");"
      },
      {
        "lineNumber": 365,
        "author": {
          "gitId": "weisiong24"
        },
        "content": "                break;"
      },
      {
        "lineNumber": 366,
        "author": {
          "gitId": "weisiong24"
        },
        "content": "            default:"
      },
      {
        "lineNumber": 367,
        "author": {
          "gitId": "weisiong24"
        },
        "content": "                break;"
      },
      {
        "lineNumber": 368,
        "author": {
          "gitId": "weisiong24"
        },
        "content": "            }"
      },
      {
        "lineNumber": 369,
        "author": {
          "gitId": "weisiong24"
        },
        "content": "            myData.close();"
      },
      {
        "lineNumber": 370,
        "author": {
          "gitId": "weisiong24"
        },
        "content": "        } catch (IOException e) {"
      },
      {
        "lineNumber": 371,
        "author": {
          "gitId": "weisiong24"
        },
        "content": "            System.out.println(\"An error occurred.\");"
      },
      {
        "lineNumber": 372,
        "author": {
          "gitId": "weisiong24"
        },
        "content": "            e.printStackTrace();"
      },
      {
        "lineNumber": 373,
        "author": {
          "gitId": "weisiong24"
        },
        "content": "        }"
      },
      {
        "lineNumber": 374,
        "author": {
          "gitId": "weisiong24"
        },
        "content": "    }"
      },
      {
        "lineNumber": 375,
        "author": {
          "gitId": "weisiong24"
        },
        "content": "}"
      }
    ],
    "authorContributionMap": {
      "-": 4,
      "weisiong24": 371
    }
  },
  {
    "path": "src/main/java/DukeException.java",
    "fileType": "java",
    "lines": [
      {
        "lineNumber": 1,
        "author": {
          "gitId": "weisiong24"
        },
        "content": "public class DukeException extends Exception{"
      },
      {
        "lineNumber": 2,
        "author": {
          "gitId": "weisiong24"
        },
        "content": ""
      },
      {
        "lineNumber": 3,
        "author": {
          "gitId": "weisiong24"
        },
        "content": "    public DukeException() {"
      },
      {
        "lineNumber": 4,
        "author": {
          "gitId": "weisiong24"
        },
        "content": ""
      },
      {
        "lineNumber": 5,
        "author": {
          "gitId": "weisiong24"
        },
        "content": "    }"
      },
      {
        "lineNumber": 6,
        "author": {
          "gitId": "weisiong24"
        },
        "content": "}"
      }
    ],
    "authorContributionMap": {
      "weisiong24": 6
    }
  },
  {
    "path": "src/main/java/Event.java",
    "fileType": "java",
    "lines": [
      {
        "lineNumber": 1,
        "author": {
          "gitId": "weisiong24"
        },
        "content": "//Matric Number: A0200273X"
      },
      {
        "lineNumber": 2,
        "author": {
          "gitId": "weisiong24"
        },
        "content": "public class Event extends Task {"
      },
      {
        "lineNumber": 3,
        "author": {
          "gitId": "weisiong24"
        },
        "content": ""
      },
      {
        "lineNumber": 4,
        "author": {
          "gitId": "weisiong24"
        },
        "content": "    protected String by;"
      },
      {
        "lineNumber": 5,
        "author": {
          "gitId": "weisiong24"
        },
        "content": ""
      },
      {
        "lineNumber": 6,
        "author": {
          "gitId": "weisiong24"
        },
        "content": "    //Using the parent class for the description"
      },
      {
        "lineNumber": 7,
        "author": {
          "gitId": "weisiong24"
        },
        "content": "    public Event(String description, String by) {"
      },
      {
        "lineNumber": 8,
        "author": {
          "gitId": "weisiong24"
        },
        "content": "        super(description);"
      },
      {
        "lineNumber": 9,
        "author": {
          "gitId": "weisiong24"
        },
        "content": "        this.by \u003d by;"
      },
      {
        "lineNumber": 10,
        "author": {
          "gitId": "weisiong24"
        },
        "content": "    }"
      },
      {
        "lineNumber": 11,
        "author": {
          "gitId": "weisiong24"
        },
        "content": ""
      },
      {
        "lineNumber": 12,
        "author": {
          "gitId": "weisiong24"
        },
        "content": "    //Override Methods when to do class is called"
      },
      {
        "lineNumber": 13,
        "author": {
          "gitId": "weisiong24"
        },
        "content": "    @Override"
      },
      {
        "lineNumber": 14,
        "author": {
          "gitId": "weisiong24"
        },
        "content": "    public String toString() {"
      },
      {
        "lineNumber": 15,
        "author": {
          "gitId": "weisiong24"
        },
        "content": "        return \"[E]\" +\"[\"+getStatusIcon()+\"] \"+ description+\"\\n\" ;"
      },
      {
        "lineNumber": 16,
        "author": {
          "gitId": "weisiong24"
        },
        "content": "    }"
      },
      {
        "lineNumber": 17,
        "author": {
          "gitId": "weisiong24"
        },
        "content": "}"
      }
    ],
    "authorContributionMap": {
      "weisiong24": 17
    }
  },
  {
    "path": "src/main/java/Task.java",
    "fileType": "java",
    "lines": [
      {
        "lineNumber": 1,
        "author": {
          "gitId": "weisiong24"
        },
        "content": "//Matric Number: A0200273X"
      },
      {
        "lineNumber": 2,
        "author": {
          "gitId": "weisiong24"
        },
        "content": "public class Task {"
      },
      {
        "lineNumber": 3,
        "author": {
          "gitId": "weisiong24"
        },
        "content": "    protected String description;"
      },
      {
        "lineNumber": 4,
        "author": {
          "gitId": "weisiong24"
        },
        "content": "    protected boolean isDone;"
      },
      {
        "lineNumber": 5,
        "author": {
          "gitId": "weisiong24"
        },
        "content": ""
      },
      {
        "lineNumber": 6,
        "author": {
          "gitId": "weisiong24"
        },
        "content": "    //Initial setup for the description of task"
      },
      {
        "lineNumber": 7,
        "author": {
          "gitId": "weisiong24"
        },
        "content": "    public Task(String description) {"
      },
      {
        "lineNumber": 8,
        "author": {
          "gitId": "weisiong24"
        },
        "content": "        this.description \u003d description;"
      },
      {
        "lineNumber": 9,
        "author": {
          "gitId": "weisiong24"
        },
        "content": "        this.isDone \u003d false;"
      },
      {
        "lineNumber": 10,
        "author": {
          "gitId": "weisiong24"
        },
        "content": "    }"
      },
      {
        "lineNumber": 11,
        "author": {
          "gitId": "weisiong24"
        },
        "content": ""
      },
      {
        "lineNumber": 12,
        "author": {
          "gitId": "weisiong24"
        },
        "content": "    //Return tick or X symbols"
      },
      {
        "lineNumber": 13,
        "author": {
          "gitId": "weisiong24"
        },
        "content": "    public String getStatusIcon() {"
      },
      {
        "lineNumber": 14,
        "author": {
          "gitId": "weisiong24"
        },
        "content": "        return (isDone ? \"\\u2713\" : \"\\u2718\");"
      },
      {
        "lineNumber": 15,
        "author": {
          "gitId": "weisiong24"
        },
        "content": "    }"
      },
      {
        "lineNumber": 16,
        "author": {
          "gitId": "weisiong24"
        },
        "content": ""
      },
      {
        "lineNumber": 17,
        "author": {
          "gitId": "weisiong24"
        },
        "content": "    //Method to mark task when it is done"
      },
      {
        "lineNumber": 18,
        "author": {
          "gitId": "weisiong24"
        },
        "content": "    public void markAsDone() {"
      },
      {
        "lineNumber": 19,
        "author": {
          "gitId": "weisiong24"
        },
        "content": "        this.isDone \u003d true;"
      },
      {
        "lineNumber": 20,
        "author": {
          "gitId": "weisiong24"
        },
        "content": "    }"
      },
      {
        "lineNumber": 21,
        "author": {
          "gitId": "weisiong24"
        },
        "content": ""
      },
      {
        "lineNumber": 22,
        "author": {
          "gitId": "weisiong24"
        },
        "content": "    //Method to mark task as undone"
      },
      {
        "lineNumber": 23,
        "author": {
          "gitId": "weisiong24"
        },
        "content": "    public void markUndone() {"
      },
      {
        "lineNumber": 24,
        "author": {
          "gitId": "weisiong24"
        },
        "content": "        this.isDone \u003d false;"
      },
      {
        "lineNumber": 25,
        "author": {
          "gitId": "weisiong24"
        },
        "content": "    }"
      },
      {
        "lineNumber": 26,
        "author": {
          "gitId": "weisiong24"
        },
        "content": "}"
      }
    ],
    "authorContributionMap": {
      "weisiong24": 26
    }
  },
  {
    "path": "src/main/java/Todo.java",
    "fileType": "java",
    "lines": [
      {
        "lineNumber": 1,
        "author": {
          "gitId": "weisiong24"
        },
        "content": "//Matric Number: A0200273X"
      },
      {
        "lineNumber": 2,
        "author": {
          "gitId": "weisiong24"
        },
        "content": "public class Todo extends Task {"
      },
      {
        "lineNumber": 3,
        "author": {
          "gitId": "weisiong24"
        },
        "content": ""
      },
      {
        "lineNumber": 4,
        "author": {
          "gitId": "weisiong24"
        },
        "content": "    public Todo(String description) {"
      },
      {
        "lineNumber": 5,
        "author": {
          "gitId": "weisiong24"
        },
        "content": "        super(description);"
      },
      {
        "lineNumber": 6,
        "author": {
          "gitId": "weisiong24"
        },
        "content": "    }"
      },
      {
        "lineNumber": 7,
        "author": {
          "gitId": "weisiong24"
        },
        "content": ""
      },
      {
        "lineNumber": 8,
        "author": {
          "gitId": "weisiong24"
        },
        "content": "    //Override Methods when to do class is called"
      },
      {
        "lineNumber": 9,
        "author": {
          "gitId": "weisiong24"
        },
        "content": "    @Override"
      },
      {
        "lineNumber": 10,
        "author": {
          "gitId": "weisiong24"
        },
        "content": "    public void markAsDone() {"
      },
      {
        "lineNumber": 11,
        "author": {
          "gitId": "weisiong24"
        },
        "content": "        this.isDone \u003d true;"
      },
      {
        "lineNumber": 12,
        "author": {
          "gitId": "weisiong24"
        },
        "content": "    }"
      },
      {
        "lineNumber": 13,
        "author": {
          "gitId": "weisiong24"
        },
        "content": ""
      },
      {
        "lineNumber": 14,
        "author": {
          "gitId": "weisiong24"
        },
        "content": "    @Override"
      },
      {
        "lineNumber": 15,
        "author": {
          "gitId": "weisiong24"
        },
        "content": "    public String toString() {"
      },
      {
        "lineNumber": 16,
        "author": {
          "gitId": "weisiong24"
        },
        "content": "        return \"[T]\" +\"[\"+getStatusIcon()+\"] \"+ description+\"\\n\" ;"
      },
      {
        "lineNumber": 17,
        "author": {
          "gitId": "weisiong24"
        },
        "content": "    }"
      },
      {
        "lineNumber": 18,
        "author": {
          "gitId": "weisiong24"
        },
        "content": ""
      },
      {
        "lineNumber": 19,
        "author": {
          "gitId": "weisiong24"
        },
        "content": "}"
      }
    ],
    "authorContributionMap": {
      "weisiong24": 19
    }
  },
  {
    "path": "task.txt",
    "fileType": "txt",
    "lines": [
      {
        "lineNumber": 1,
        "author": {
          "gitId": "weisiong24"
        },
        "content": "[T] me"
      },
      {
        "lineNumber": 2,
        "author": {
          "gitId": "weisiong24"
        },
        "content": "[E] jj"
      }
    ],
    "authorContributionMap": {
      "weisiong24": 2
    }
  }
]
