[
  {
    "path": "src/main/java/Deadline.java",
    "fileType": "java",
    "lines": [
      {
        "lineNumber": 1,
        "author": {
          "gitId": "weisiong24"
        },
        "content": "//Matric Number: A0200273X"
      },
      {
        "lineNumber": 2,
        "author": {
          "gitId": "weisiong24"
        },
        "content": "public class Deadline extends Task {"
      },
      {
        "lineNumber": 3,
        "author": {
          "gitId": "weisiong24"
        },
        "content": ""
      },
      {
        "lineNumber": 4,
        "author": {
          "gitId": "weisiong24"
        },
        "content": "    protected String by;"
      },
      {
        "lineNumber": 5,
        "author": {
          "gitId": "weisiong24"
        },
        "content": ""
      },
      {
        "lineNumber": 6,
        "author": {
          "gitId": "weisiong24"
        },
        "content": "    //Using the parent class for the description"
      },
      {
        "lineNumber": 7,
        "author": {
          "gitId": "weisiong24"
        },
        "content": "    public Deadline(String description, String by) {"
      },
      {
        "lineNumber": 8,
        "author": {
          "gitId": "weisiong24"
        },
        "content": "        super(description);"
      },
      {
        "lineNumber": 9,
        "author": {
          "gitId": "weisiong24"
        },
        "content": "        this.by \u003d by;"
      },
      {
        "lineNumber": 10,
        "author": {
          "gitId": "weisiong24"
        },
        "content": "    }"
      },
      {
        "lineNumber": 11,
        "author": {
          "gitId": "weisiong24"
        },
        "content": ""
      },
      {
        "lineNumber": 12,
        "author": {
          "gitId": "weisiong24"
        },
        "content": "    //Override Methods when to do class is called"
      },
      {
        "lineNumber": 13,
        "author": {
          "gitId": "weisiong24"
        },
        "content": "    @Override"
      },
      {
        "lineNumber": 14,
        "author": {
          "gitId": "weisiong24"
        },
        "content": "    public String toString() {"
      },
      {
        "lineNumber": 15,
        "author": {
          "gitId": "weisiong24"
        },
        "content": "        return \"[D]\" +\"[\"+getStatusIcon()+\"] \"+ description+\"\\n\" ;"
      },
      {
        "lineNumber": 16,
        "author": {
          "gitId": "weisiong24"
        },
        "content": "    }"
      },
      {
        "lineNumber": 17,
        "author": {
          "gitId": "weisiong24"
        },
        "content": "}"
      }
    ],
    "authorContributionMap": {
      "weisiong24": 17
    }
  },
  {
    "path": "src/main/java/Duke.java",
    "fileType": "java",
    "lines": [
      {
        "lineNumber": 1,
        "author": {
          "gitId": "weisiong24"
        },
        "content": "//Matric Number: A0200273X"
      },
      {
        "lineNumber": 2,
        "author": {
          "gitId": "weisiong24"
        },
        "content": "import java.util.Scanner;"
      },
      {
        "lineNumber": 3,
        "author": {
          "gitId": "weisiong24"
        },
        "content": ""
      },
      {
        "lineNumber": 4,
        "author": {
          "gitId": "-"
        },
        "content": "public class Duke {"
      },
      {
        "lineNumber": 5,
        "author": {
          "gitId": "-"
        },
        "content": "    public static void main(String[] args) {"
      },
      {
        "lineNumber": 6,
        "author": {
          "gitId": "weisiong24"
        },
        "content": "        showWelcomeMessage();"
      },
      {
        "lineNumber": 7,
        "author": {
          "gitId": "weisiong24"
        },
        "content": "        //String Array of size 100 created to store item list"
      },
      {
        "lineNumber": 8,
        "author": {
          "gitId": "weisiong24"
        },
        "content": "        String[] itemList \u003d new String[100];"
      },
      {
        "lineNumber": 9,
        "author": {
          "gitId": "weisiong24"
        },
        "content": "        String line;"
      },
      {
        "lineNumber": 10,
        "author": {
          "gitId": "weisiong24"
        },
        "content": "        Scanner in \u003d new Scanner(System.in);"
      },
      {
        "lineNumber": 11,
        "author": {
          "gitId": "weisiong24"
        },
        "content": "        line \u003d in.nextLine();"
      },
      {
        "lineNumber": 12,
        "author": {
          "gitId": "weisiong24"
        },
        "content": ""
      },
      {
        "lineNumber": 13,
        "author": {
          "gitId": "weisiong24"
        },
        "content": "        Duke numTasks \u003dnew Duke();"
      },
      {
        "lineNumber": 14,
        "author": {
          "gitId": "weisiong24"
        },
        "content": "        int taskCounts\u003d0;"
      },
      {
        "lineNumber": 15,
        "author": {
          "gitId": "weisiong24"
        },
        "content": "        "
      },
      {
        "lineNumber": 16,
        "author": {
          "gitId": "weisiong24"
        },
        "content": "        /**"
      },
      {
        "lineNumber": 17,
        "author": {
          "gitId": "weisiong24"
        },
        "content": "         * When user enter list it will show a list of input saved"
      },
      {
        "lineNumber": 18,
        "author": {
          "gitId": "weisiong24"
        },
        "content": "         * to do command add a item into the list and mark it as task"
      },
      {
        "lineNumber": 19,
        "author": {
          "gitId": "weisiong24"
        },
        "content": "         * deadline command set a item with the deadline and mark it as deadline"
      },
      {
        "lineNumber": 20,
        "author": {
          "gitId": "weisiong24"
        },
        "content": "         * Event command add item as events to do and mark it as event"
      },
      {
        "lineNumber": 21,
        "author": {
          "gitId": "weisiong24"
        },
        "content": "         * When user enter done it will mark the task as done into the list"
      },
      {
        "lineNumber": 22,
        "author": {
          "gitId": "weisiong24"
        },
        "content": "         * It will run continuously till bye command is given"
      },
      {
        "lineNumber": 23,
        "author": {
          "gitId": "weisiong24"
        },
        "content": "         */"
      },
      {
        "lineNumber": 24,
        "author": {
          "gitId": "weisiong24"
        },
        "content": "        while(!line.equals(\"bye\")){"
      },
      {
        "lineNumber": 25,
        "author": {
          "gitId": "weisiong24"
        },
        "content": "            for(int i\u003d0;i\u003c100;i++) {"
      },
      {
        "lineNumber": 26,
        "author": {
          "gitId": "weisiong24"
        },
        "content": "                String[] doneSide \u003d line.split(\" \");"
      },
      {
        "lineNumber": 27,
        "author": {
          "gitId": "weisiong24"
        },
        "content": "                String[] task \u003d line.split(\" \");"
      },
      {
        "lineNumber": 28,
        "author": {
          "gitId": "weisiong24"
        },
        "content": ""
      },
      {
        "lineNumber": 29,
        "author": {
          "gitId": "weisiong24"
        },
        "content": "                if(line.equals(\"list\")) {"
      },
      {
        "lineNumber": 30,
        "author": {
          "gitId": "weisiong24"
        },
        "content": "                    System.out.print(\"____________________________________________________________\\n\");"
      },
      {
        "lineNumber": 31,
        "author": {
          "gitId": "weisiong24"
        },
        "content": "                    System.out.print(\"Here are the tasks in your list:\\n\");"
      },
      {
        "lineNumber": 32,
        "author": {
          "gitId": "weisiong24"
        },
        "content": "                    System.out.print(\"____________________________________________________________\\n\");"
      },
      {
        "lineNumber": 33,
        "author": {
          "gitId": "weisiong24"
        },
        "content": ""
      },
      {
        "lineNumber": 34,
        "author": {
          "gitId": "weisiong24"
        },
        "content": "                    for(int j\u003d0;j\u003ci;j++) {"
      },
      {
        "lineNumber": 35,
        "author": {
          "gitId": "weisiong24"
        },
        "content": "                        if(numTasks.getNumTasks()\u003d\u003dj+1){"
      },
      {
        "lineNumber": 36,
        "author": {
          "gitId": "weisiong24"
        },
        "content": "                        Task t \u003d new Task(itemList[j]);"
      },
      {
        "lineNumber": 37,
        "author": {
          "gitId": "weisiong24"
        },
        "content": "                        t.markAsDone();"
      },
      {
        "lineNumber": 38,
        "author": {
          "gitId": "weisiong24"
        },
        "content": "                            if(numTasks.getTodoNum()\u003d\u003dj+1) {"
      },
      {
        "lineNumber": 39,
        "author": {
          "gitId": "weisiong24"
        },
        "content": "                                System.out.print(j + 1 + \".\" + \"[\" + \"T\" + \"]\" + \"[\" + t.getStatusIcon() + \"] \" + itemList[j] + \"\\n\");"
      },
      {
        "lineNumber": 40,
        "author": {
          "gitId": "weisiong24"
        },
        "content": ""
      },
      {
        "lineNumber": 41,
        "author": {
          "gitId": "weisiong24"
        },
        "content": "                            } else if(numTasks.getDeadlineNum()\u003d\u003dj+1){"
      },
      {
        "lineNumber": 42,
        "author": {
          "gitId": "weisiong24"
        },
        "content": "                                System.out.print(j + 1 + \".\" + \"[\" + \"D\" + \"]\" + \"[\" + t.getStatusIcon() + \"] \" + itemList[j] + \"\\n\");"
      },
      {
        "lineNumber": 43,
        "author": {
          "gitId": "weisiong24"
        },
        "content": ""
      },
      {
        "lineNumber": 44,
        "author": {
          "gitId": "weisiong24"
        },
        "content": "                            } else if(numTasks.getEventNum()\u003d\u003dj+1){"
      },
      {
        "lineNumber": 45,
        "author": {
          "gitId": "weisiong24"
        },
        "content": "                                System.out.print(j + 1 + \".\" + \"[\" + \"E\" + \"]\" + \"[\" + t.getStatusIcon() + \"] \" + itemList[j] + \"\\n\");"
      },
      {
        "lineNumber": 46,
        "author": {
          "gitId": "weisiong24"
        },
        "content": ""
      },
      {
        "lineNumber": 47,
        "author": {
          "gitId": "weisiong24"
        },
        "content": "                            } else {"
      },
      {
        "lineNumber": 48,
        "author": {
          "gitId": "weisiong24"
        },
        "content": "                                System.out.print(j + 1 + \".\" + \"[\" + \" \" + \"]\" + \"[\" + t.getStatusIcon() + \"] \" + itemList[j] + \"\\n\");"
      },
      {
        "lineNumber": 49,
        "author": {
          "gitId": "weisiong24"
        },
        "content": "                            }"
      },
      {
        "lineNumber": 50,
        "author": {
          "gitId": "weisiong24"
        },
        "content": ""
      },
      {
        "lineNumber": 51,
        "author": {
          "gitId": "weisiong24"
        },
        "content": "                        } else{"
      },
      {
        "lineNumber": 52,
        "author": {
          "gitId": "weisiong24"
        },
        "content": "                            Task t \u003d new Task(itemList[j]);"
      },
      {
        "lineNumber": 53,
        "author": {
          "gitId": "weisiong24"
        },
        "content": "                            t.markUndone();"
      },
      {
        "lineNumber": 54,
        "author": {
          "gitId": "weisiong24"
        },
        "content": "                            if(numTasks.getTodoNum()\u003d\u003dj+1) {"
      },
      {
        "lineNumber": 55,
        "author": {
          "gitId": "weisiong24"
        },
        "content": "                                System.out.print(j + 1 + \".\" + \"[\" + \"T\" + \"]\" + \"[\" + t.getStatusIcon() + \"] \" + itemList[j] + \"\\n\");"
      },
      {
        "lineNumber": 56,
        "author": {
          "gitId": "weisiong24"
        },
        "content": ""
      },
      {
        "lineNumber": 57,
        "author": {
          "gitId": "weisiong24"
        },
        "content": "                            } else if(numTasks.getDeadlineNum()\u003d\u003dj+1){"
      },
      {
        "lineNumber": 58,
        "author": {
          "gitId": "weisiong24"
        },
        "content": "                                System.out.print(j + 1 + \".\" + \"[\" + \"D\" + \"]\" + \"[\" + t.getStatusIcon() + \"] \" + itemList[j] + \"\\n\");"
      },
      {
        "lineNumber": 59,
        "author": {
          "gitId": "weisiong24"
        },
        "content": ""
      },
      {
        "lineNumber": 60,
        "author": {
          "gitId": "weisiong24"
        },
        "content": "                            } else if(numTasks.getEventNum()\u003d\u003dj+1){"
      },
      {
        "lineNumber": 61,
        "author": {
          "gitId": "weisiong24"
        },
        "content": "                                System.out.print(j + 1 + \".\" + \"[\" + \"E\" + \"]\" + \"[\" + t.getStatusIcon() + \"] \" + itemList[j] + \"\\n\");"
      },
      {
        "lineNumber": 62,
        "author": {
          "gitId": "weisiong24"
        },
        "content": ""
      },
      {
        "lineNumber": 63,
        "author": {
          "gitId": "weisiong24"
        },
        "content": "                            } else {"
      },
      {
        "lineNumber": 64,
        "author": {
          "gitId": "weisiong24"
        },
        "content": "                                System.out.print(j + 1 + \".\" + \"[\" + \" \" + \"]\" + \"[\" + t.getStatusIcon() + \"] \" + itemList[j] + \"\\n\");"
      },
      {
        "lineNumber": 65,
        "author": {
          "gitId": "weisiong24"
        },
        "content": ""
      },
      {
        "lineNumber": 66,
        "author": {
          "gitId": "weisiong24"
        },
        "content": "                            }"
      },
      {
        "lineNumber": 67,
        "author": {
          "gitId": "weisiong24"
        },
        "content": "                        }"
      },
      {
        "lineNumber": 68,
        "author": {
          "gitId": "weisiong24"
        },
        "content": "                    }"
      },
      {
        "lineNumber": 69,
        "author": {
          "gitId": "weisiong24"
        },
        "content": "                    i-\u003d1;"
      },
      {
        "lineNumber": 70,
        "author": {
          "gitId": "weisiong24"
        },
        "content": ""
      },
      {
        "lineNumber": 71,
        "author": {
          "gitId": "weisiong24"
        },
        "content": "                    System.out.print(\"____________________________________________________________\\n\");"
      },
      {
        "lineNumber": 72,
        "author": {
          "gitId": "weisiong24"
        },
        "content": ""
      },
      {
        "lineNumber": 73,
        "author": {
          "gitId": "weisiong24"
        },
        "content": "                } else if(doneSide[0].equals(\"done\")){"
      },
      {
        "lineNumber": 74,
        "author": {
          "gitId": "weisiong24"
        },
        "content": "                    Task t \u003d new Task(itemList[i]);"
      },
      {
        "lineNumber": 75,
        "author": {
          "gitId": "weisiong24"
        },
        "content": "                    t.markAsDone();"
      },
      {
        "lineNumber": 76,
        "author": {
          "gitId": "weisiong24"
        },
        "content": "                    int taskNum\u003dInteger.parseInt(doneSide[1]);"
      },
      {
        "lineNumber": 77,
        "author": {
          "gitId": "weisiong24"
        },
        "content": ""
      },
      {
        "lineNumber": 78,
        "author": {
          "gitId": "weisiong24"
        },
        "content": "                    System.out.print(\"____________________________________________________________\\n\");"
      },
      {
        "lineNumber": 79,
        "author": {
          "gitId": "weisiong24"
        },
        "content": "                    System.out.print(\"Nice! I\u0027ve marked this task as done: \\n\");"
      },
      {
        "lineNumber": 80,
        "author": {
          "gitId": "weisiong24"
        },
        "content": "                    System.out.print(\"\\t[\"+t.getStatusIcon()+\"] \"+itemList[taskNum-1]+\"\\n\");"
      },
      {
        "lineNumber": 81,
        "author": {
          "gitId": "weisiong24"
        },
        "content": "                    System.out.print(\"____________________________________________________________\\n\");"
      },
      {
        "lineNumber": 82,
        "author": {
          "gitId": "weisiong24"
        },
        "content": "                    numTasks.setNumTasks(taskNum);"
      },
      {
        "lineNumber": 83,
        "author": {
          "gitId": "weisiong24"
        },
        "content": ""
      },
      {
        "lineNumber": 84,
        "author": {
          "gitId": "weisiong24"
        },
        "content": "                } else if(task[0].equals(\"todo\")){"
      },
      {
        "lineNumber": 85,
        "author": {
          "gitId": "weisiong24"
        },
        "content": "                    numTasks.setTaskCount(taskCounts+\u003d1);"
      },
      {
        "lineNumber": 86,
        "author": {
          "gitId": "weisiong24"
        },
        "content": "                    String taskItem\u003d line.substring(5);"
      },
      {
        "lineNumber": 87,
        "author": {
          "gitId": "weisiong24"
        },
        "content": "                    Todo t \u003d new Todo(taskItem);"
      },
      {
        "lineNumber": 88,
        "author": {
          "gitId": "weisiong24"
        },
        "content": ""
      },
      {
        "lineNumber": 89,
        "author": {
          "gitId": "weisiong24"
        },
        "content": "                    System.out.print(\"____________________________________________________________\\n\");"
      },
      {
        "lineNumber": 90,
        "author": {
          "gitId": "weisiong24"
        },
        "content": "                    System.out.print(\"Got it. I\u0027ve added this task: \\n\");"
      },
      {
        "lineNumber": 91,
        "author": {
          "gitId": "weisiong24"
        },
        "content": "                    System.out.print(\"\\t\"+t.toString());"
      },
      {
        "lineNumber": 92,
        "author": {
          "gitId": "weisiong24"
        },
        "content": "                    System.out.print( \"Now you have \"+numTasks.getTaskCount()+\" tasks in the list.\");"
      },
      {
        "lineNumber": 93,
        "author": {
          "gitId": "weisiong24"
        },
        "content": "                    System.out.print(\"\\n____________________________________________________________\\n\");"
      },
      {
        "lineNumber": 94,
        "author": {
          "gitId": "weisiong24"
        },
        "content": "                    itemList[i] \u003d taskItem;"
      },
      {
        "lineNumber": 95,
        "author": {
          "gitId": "weisiong24"
        },
        "content": "                    numTasks.setTodoNum(numTasks.getTaskCount());"
      },
      {
        "lineNumber": 96,
        "author": {
          "gitId": "weisiong24"
        },
        "content": ""
      },
      {
        "lineNumber": 97,
        "author": {
          "gitId": "weisiong24"
        },
        "content": "                } else if(task[0].equals(\"deadline\")){"
      },
      {
        "lineNumber": 98,
        "author": {
          "gitId": "weisiong24"
        },
        "content": "                    numTasks.setTaskCount(taskCounts+\u003d1);"
      },
      {
        "lineNumber": 99,
        "author": {
          "gitId": "weisiong24"
        },
        "content": "                    String taskItem\u003d line.substring(9);"
      },
      {
        "lineNumber": 100,
        "author": {
          "gitId": "weisiong24"
        },
        "content": "                    Deadline d \u003d new Deadline(taskItem,\"\");"
      },
      {
        "lineNumber": 101,
        "author": {
          "gitId": "weisiong24"
        },
        "content": ""
      },
      {
        "lineNumber": 102,
        "author": {
          "gitId": "weisiong24"
        },
        "content": "                    System.out.print(\"____________________________________________________________\\n\");"
      },
      {
        "lineNumber": 103,
        "author": {
          "gitId": "weisiong24"
        },
        "content": "                    System.out.print(\"Got it. I\u0027ve added this task: \\n\");"
      },
      {
        "lineNumber": 104,
        "author": {
          "gitId": "weisiong24"
        },
        "content": "                    System.out.print(\"\\t\"+d.toString());"
      },
      {
        "lineNumber": 105,
        "author": {
          "gitId": "weisiong24"
        },
        "content": "                    System.out.print( \"Now you have \"+numTasks.getTaskCount()+\" tasks in the list.\");"
      },
      {
        "lineNumber": 106,
        "author": {
          "gitId": "weisiong24"
        },
        "content": "                    System.out.print(\"\\n____________________________________________________________\\n\");"
      },
      {
        "lineNumber": 107,
        "author": {
          "gitId": "weisiong24"
        },
        "content": "                    itemList[i] \u003d taskItem;"
      },
      {
        "lineNumber": 108,
        "author": {
          "gitId": "weisiong24"
        },
        "content": "                    numTasks.setDeadlineNum(numTasks.getTaskCount());"
      },
      {
        "lineNumber": 109,
        "author": {
          "gitId": "weisiong24"
        },
        "content": ""
      },
      {
        "lineNumber": 110,
        "author": {
          "gitId": "weisiong24"
        },
        "content": "                }"
      },
      {
        "lineNumber": 111,
        "author": {
          "gitId": "weisiong24"
        },
        "content": "                else if(task[0].equals(\"event\")){"
      },
      {
        "lineNumber": 112,
        "author": {
          "gitId": "weisiong24"
        },
        "content": "                    numTasks.setTaskCount(taskCounts+\u003d1);"
      },
      {
        "lineNumber": 113,
        "author": {
          "gitId": "weisiong24"
        },
        "content": "                    String taskItem\u003d line.substring(6);"
      },
      {
        "lineNumber": 114,
        "author": {
          "gitId": "weisiong24"
        },
        "content": "                    Event e \u003d new Event(taskItem,\"\");"
      },
      {
        "lineNumber": 115,
        "author": {
          "gitId": "weisiong24"
        },
        "content": "                    System.out.print(\"____________________________________________________________\\n\");"
      },
      {
        "lineNumber": 116,
        "author": {
          "gitId": "weisiong24"
        },
        "content": "                    System.out.print(\"Got it. I\u0027ve added this task: \\n\");"
      },
      {
        "lineNumber": 117,
        "author": {
          "gitId": "weisiong24"
        },
        "content": "                    System.out.print(\"\\t\"+e.toString());"
      },
      {
        "lineNumber": 118,
        "author": {
          "gitId": "weisiong24"
        },
        "content": "                    System.out.print( \"Now you have \"+numTasks.getTaskCount()+\" tasks in the list.\");"
      },
      {
        "lineNumber": 119,
        "author": {
          "gitId": "weisiong24"
        },
        "content": "                    System.out.print(\"\\n____________________________________________________________\\n\");"
      },
      {
        "lineNumber": 120,
        "author": {
          "gitId": "weisiong24"
        },
        "content": "                    itemList[i] \u003d taskItem;"
      },
      {
        "lineNumber": 121,
        "author": {
          "gitId": "weisiong24"
        },
        "content": "                    numTasks.setEventNum(numTasks.getTaskCount());"
      },
      {
        "lineNumber": 122,
        "author": {
          "gitId": "weisiong24"
        },
        "content": "                } else{"
      },
      {
        "lineNumber": 123,
        "author": {
          "gitId": "weisiong24"
        },
        "content": "                    taskCounts \u003d addItemList(itemList, line, numTasks, taskCounts, i);"
      },
      {
        "lineNumber": 124,
        "author": {
          "gitId": "weisiong24"
        },
        "content": "                }"
      },
      {
        "lineNumber": 125,
        "author": {
          "gitId": "weisiong24"
        },
        "content": ""
      },
      {
        "lineNumber": 126,
        "author": {
          "gitId": "weisiong24"
        },
        "content": "                line \u003d in.nextLine();"
      },
      {
        "lineNumber": 127,
        "author": {
          "gitId": "weisiong24"
        },
        "content": ""
      },
      {
        "lineNumber": 128,
        "author": {
          "gitId": "weisiong24"
        },
        "content": "                if (line.equals(\"bye\")){"
      },
      {
        "lineNumber": 129,
        "author": {
          "gitId": "weisiong24"
        },
        "content": "                    break;"
      },
      {
        "lineNumber": 130,
        "author": {
          "gitId": "weisiong24"
        },
        "content": "                }"
      },
      {
        "lineNumber": 131,
        "author": {
          "gitId": "weisiong24"
        },
        "content": "            }"
      },
      {
        "lineNumber": 132,
        "author": {
          "gitId": "-"
        },
        "content": "        }"
      },
      {
        "lineNumber": 133,
        "author": {
          "gitId": "weisiong24"
        },
        "content": "        showByeMessage();"
      },
      {
        "lineNumber": 134,
        "author": {
          "gitId": "weisiong24"
        },
        "content": "    }"
      },
      {
        "lineNumber": 135,
        "author": {
          "gitId": "weisiong24"
        },
        "content": "    //Three methods that are refactored for readability"
      },
      {
        "lineNumber": 136,
        "author": {
          "gitId": "weisiong24"
        },
        "content": "    private static int addItemList(String[] itemList, String line, Duke numTasks, int taskCounts, int i) {"
      },
      {
        "lineNumber": 137,
        "author": {
          "gitId": "weisiong24"
        },
        "content": "        itemList[i] \u003d line;"
      },
      {
        "lineNumber": 138,
        "author": {
          "gitId": "weisiong24"
        },
        "content": "        System.out.print(\"____________________________________________________________\\n\");"
      },
      {
        "lineNumber": 139,
        "author": {
          "gitId": "weisiong24"
        },
        "content": "        System.out.print(\"added: \" + line);"
      },
      {
        "lineNumber": 140,
        "author": {
          "gitId": "weisiong24"
        },
        "content": "        System.out.print(\"\\n____________________________________________________________\\n\");"
      },
      {
        "lineNumber": 141,
        "author": {
          "gitId": "weisiong24"
        },
        "content": "        numTasks.setTaskCount(taskCounts +\u003d1);"
      },
      {
        "lineNumber": 142,
        "author": {
          "gitId": "weisiong24"
        },
        "content": "        return taskCounts;"
      },
      {
        "lineNumber": 143,
        "author": {
          "gitId": "weisiong24"
        },
        "content": "    }"
      },
      {
        "lineNumber": 144,
        "author": {
          "gitId": "weisiong24"
        },
        "content": ""
      },
      {
        "lineNumber": 145,
        "author": {
          "gitId": "weisiong24"
        },
        "content": "    private static void showByeMessage() {"
      },
      {
        "lineNumber": 146,
        "author": {
          "gitId": "weisiong24"
        },
        "content": "        System.out.print(\"____________________________________________________________\\n\");"
      },
      {
        "lineNumber": 147,
        "author": {
          "gitId": "weisiong24"
        },
        "content": "        System.out.print(\"Bye. Hope to see you again soon!\\n\");"
      },
      {
        "lineNumber": 148,
        "author": {
          "gitId": "weisiong24"
        },
        "content": "        System.out.print(\"____________________________________________________________\\n\");"
      },
      {
        "lineNumber": 149,
        "author": {
          "gitId": "-"
        },
        "content": "    }"
      },
      {
        "lineNumber": 150,
        "author": {
          "gitId": "weisiong24"
        },
        "content": ""
      },
      {
        "lineNumber": 151,
        "author": {
          "gitId": "weisiong24"
        },
        "content": "    private static void showWelcomeMessage() {"
      },
      {
        "lineNumber": 152,
        "author": {
          "gitId": "weisiong24"
        },
        "content": "        String logo \u003d \"____________________________________________________________\\n\""
      },
      {
        "lineNumber": 153,
        "author": {
          "gitId": "weisiong24"
        },
        "content": "                + \"Hello! I\u0027m Duke \\n\""
      },
      {
        "lineNumber": 154,
        "author": {
          "gitId": "weisiong24"
        },
        "content": "                + \"What can I do for you? \\n\""
      },
      {
        "lineNumber": 155,
        "author": {
          "gitId": "weisiong24"
        },
        "content": "                +\" _   _  ____  _     _     ____ \\n\" +"
      },
      {
        "lineNumber": 156,
        "author": {
          "gitId": "weisiong24"
        },
        "content": "                \"| |_| || \u003d\u003d\u003d|| |__ | |__ / () \\\\\\n\" +"
      },
      {
        "lineNumber": 157,
        "author": {
          "gitId": "weisiong24"
        },
        "content": "                \"|_| |_||____||____||____|\\\\____/\\n\""
      },
      {
        "lineNumber": 158,
        "author": {
          "gitId": "weisiong24"
        },
        "content": "                + \"____________________________________________________________\\n\";"
      },
      {
        "lineNumber": 159,
        "author": {
          "gitId": "weisiong24"
        },
        "content": "        System.out.println(logo);"
      },
      {
        "lineNumber": 160,
        "author": {
          "gitId": "weisiong24"
        },
        "content": "    }"
      },
      {
        "lineNumber": 161,
        "author": {
          "gitId": "weisiong24"
        },
        "content": ""
      },
      {
        "lineNumber": 162,
        "author": {
          "gitId": "weisiong24"
        },
        "content": "    /**"
      },
      {
        "lineNumber": 163,
        "author": {
          "gitId": "weisiong24"
        },
        "content": "     * Getter and setter to get task number from done command and send that number to list command"
      },
      {
        "lineNumber": 164,
        "author": {
          "gitId": "weisiong24"
        },
        "content": "     * Getter and setter for task count to show number of tasks that are entered"
      },
      {
        "lineNumber": 165,
        "author": {
          "gitId": "weisiong24"
        },
        "content": "     * Getter and setter for the deadline,to do,event number for usage in updating the list"
      },
      {
        "lineNumber": 166,
        "author": {
          "gitId": "weisiong24"
        },
        "content": "     */"
      },
      {
        "lineNumber": 167,
        "author": {
          "gitId": "weisiong24"
        },
        "content": "    int taskNumber,taskCount;"
      },
      {
        "lineNumber": 168,
        "author": {
          "gitId": "weisiong24"
        },
        "content": "    int todoNum, deadlineNum,eventNum;"
      },
      {
        "lineNumber": 169,
        "author": {
          "gitId": "weisiong24"
        },
        "content": ""
      },
      {
        "lineNumber": 170,
        "author": {
          "gitId": "weisiong24"
        },
        "content": "    int getNumTasks() {"
      },
      {
        "lineNumber": 171,
        "author": {
          "gitId": "weisiong24"
        },
        "content": ""
      },
      {
        "lineNumber": 172,
        "author": {
          "gitId": "weisiong24"
        },
        "content": "        return taskNumber;"
      },
      {
        "lineNumber": 173,
        "author": {
          "gitId": "weisiong24"
        },
        "content": "    }"
      },
      {
        "lineNumber": 174,
        "author": {
          "gitId": "weisiong24"
        },
        "content": ""
      },
      {
        "lineNumber": 175,
        "author": {
          "gitId": "weisiong24"
        },
        "content": "    void setNumTasks(int num) {"
      },
      {
        "lineNumber": 176,
        "author": {
          "gitId": "weisiong24"
        },
        "content": ""
      },
      {
        "lineNumber": 177,
        "author": {
          "gitId": "weisiong24"
        },
        "content": "        taskNumber \u003d num;"
      },
      {
        "lineNumber": 178,
        "author": {
          "gitId": "weisiong24"
        },
        "content": "    }"
      },
      {
        "lineNumber": 179,
        "author": {
          "gitId": "weisiong24"
        },
        "content": ""
      },
      {
        "lineNumber": 180,
        "author": {
          "gitId": "weisiong24"
        },
        "content": "    int getTodoNum() {"
      },
      {
        "lineNumber": 181,
        "author": {
          "gitId": "weisiong24"
        },
        "content": ""
      },
      {
        "lineNumber": 182,
        "author": {
          "gitId": "weisiong24"
        },
        "content": "        return todoNum;"
      },
      {
        "lineNumber": 183,
        "author": {
          "gitId": "weisiong24"
        },
        "content": "    }"
      },
      {
        "lineNumber": 184,
        "author": {
          "gitId": "weisiong24"
        },
        "content": ""
      },
      {
        "lineNumber": 185,
        "author": {
          "gitId": "weisiong24"
        },
        "content": "    void setTodoNum(int n) {"
      },
      {
        "lineNumber": 186,
        "author": {
          "gitId": "weisiong24"
        },
        "content": ""
      },
      {
        "lineNumber": 187,
        "author": {
          "gitId": "weisiong24"
        },
        "content": "        todoNum \u003d n;"
      },
      {
        "lineNumber": 188,
        "author": {
          "gitId": "weisiong24"
        },
        "content": "    }"
      },
      {
        "lineNumber": 189,
        "author": {
          "gitId": "weisiong24"
        },
        "content": "    int getDeadlineNum() {"
      },
      {
        "lineNumber": 190,
        "author": {
          "gitId": "weisiong24"
        },
        "content": "        return deadlineNum;"
      },
      {
        "lineNumber": 191,
        "author": {
          "gitId": "weisiong24"
        },
        "content": "    }"
      },
      {
        "lineNumber": 192,
        "author": {
          "gitId": "weisiong24"
        },
        "content": ""
      },
      {
        "lineNumber": 193,
        "author": {
          "gitId": "weisiong24"
        },
        "content": "    void setDeadlineNum(int d) {"
      },
      {
        "lineNumber": 194,
        "author": {
          "gitId": "weisiong24"
        },
        "content": ""
      },
      {
        "lineNumber": 195,
        "author": {
          "gitId": "weisiong24"
        },
        "content": "        deadlineNum \u003d d;"
      },
      {
        "lineNumber": 196,
        "author": {
          "gitId": "weisiong24"
        },
        "content": "    }"
      },
      {
        "lineNumber": 197,
        "author": {
          "gitId": "weisiong24"
        },
        "content": ""
      },
      {
        "lineNumber": 198,
        "author": {
          "gitId": "weisiong24"
        },
        "content": "    int getEventNum() {"
      },
      {
        "lineNumber": 199,
        "author": {
          "gitId": "weisiong24"
        },
        "content": ""
      },
      {
        "lineNumber": 200,
        "author": {
          "gitId": "weisiong24"
        },
        "content": "        return eventNum;"
      },
      {
        "lineNumber": 201,
        "author": {
          "gitId": "weisiong24"
        },
        "content": "    }"
      },
      {
        "lineNumber": 202,
        "author": {
          "gitId": "weisiong24"
        },
        "content": ""
      },
      {
        "lineNumber": 203,
        "author": {
          "gitId": "weisiong24"
        },
        "content": "    void setEventNum(int e) {"
      },
      {
        "lineNumber": 204,
        "author": {
          "gitId": "weisiong24"
        },
        "content": ""
      },
      {
        "lineNumber": 205,
        "author": {
          "gitId": "weisiong24"
        },
        "content": "        eventNum \u003d e;"
      },
      {
        "lineNumber": 206,
        "author": {
          "gitId": "weisiong24"
        },
        "content": "    }"
      },
      {
        "lineNumber": 207,
        "author": {
          "gitId": "weisiong24"
        },
        "content": ""
      },
      {
        "lineNumber": 208,
        "author": {
          "gitId": "weisiong24"
        },
        "content": "    int getTaskCount() {"
      },
      {
        "lineNumber": 209,
        "author": {
          "gitId": "weisiong24"
        },
        "content": ""
      },
      {
        "lineNumber": 210,
        "author": {
          "gitId": "weisiong24"
        },
        "content": ""
      },
      {
        "lineNumber": 211,
        "author": {
          "gitId": "weisiong24"
        },
        "content": "        return taskCount;"
      },
      {
        "lineNumber": 212,
        "author": {
          "gitId": "weisiong24"
        },
        "content": "    }"
      },
      {
        "lineNumber": 213,
        "author": {
          "gitId": "weisiong24"
        },
        "content": ""
      },
      {
        "lineNumber": 214,
        "author": {
          "gitId": "weisiong24"
        },
        "content": "    void setTaskCount(int t) {"
      },
      {
        "lineNumber": 215,
        "author": {
          "gitId": "weisiong24"
        },
        "content": ""
      },
      {
        "lineNumber": 216,
        "author": {
          "gitId": "weisiong24"
        },
        "content": "        taskCount \u003d t;"
      },
      {
        "lineNumber": 217,
        "author": {
          "gitId": "-"
        },
        "content": "    }"
      },
      {
        "lineNumber": 218,
        "author": {
          "gitId": "-"
        },
        "content": "}"
      },
      {
        "lineNumber": 219,
        "author": {
          "gitId": "weisiong24"
        },
        "content": ""
      },
      {
        "lineNumber": 220,
        "author": {
          "gitId": "weisiong24"
        },
        "content": ""
      },
      {
        "lineNumber": 221,
        "author": {
          "gitId": "weisiong24"
        },
        "content": ""
      }
    ],
    "authorContributionMap": {
      "-": 6,
      "weisiong24": 215
    }
  },
  {
    "path": "src/main/java/Event.java",
    "fileType": "java",
    "lines": [
      {
        "lineNumber": 1,
        "author": {
          "gitId": "weisiong24"
        },
        "content": "//Matric Number: A0200273X"
      },
      {
        "lineNumber": 2,
        "author": {
          "gitId": "weisiong24"
        },
        "content": "public class Event extends Task {"
      },
      {
        "lineNumber": 3,
        "author": {
          "gitId": "weisiong24"
        },
        "content": ""
      },
      {
        "lineNumber": 4,
        "author": {
          "gitId": "weisiong24"
        },
        "content": "    protected String by;"
      },
      {
        "lineNumber": 5,
        "author": {
          "gitId": "weisiong24"
        },
        "content": ""
      },
      {
        "lineNumber": 6,
        "author": {
          "gitId": "weisiong24"
        },
        "content": "    //Using the parent class for the description"
      },
      {
        "lineNumber": 7,
        "author": {
          "gitId": "weisiong24"
        },
        "content": "    public Event(String description, String by) {"
      },
      {
        "lineNumber": 8,
        "author": {
          "gitId": "weisiong24"
        },
        "content": "        super(description);"
      },
      {
        "lineNumber": 9,
        "author": {
          "gitId": "weisiong24"
        },
        "content": "        this.by \u003d by;"
      },
      {
        "lineNumber": 10,
        "author": {
          "gitId": "weisiong24"
        },
        "content": "    }"
      },
      {
        "lineNumber": 11,
        "author": {
          "gitId": "weisiong24"
        },
        "content": ""
      },
      {
        "lineNumber": 12,
        "author": {
          "gitId": "weisiong24"
        },
        "content": "    //Override Methods when to do class is called"
      },
      {
        "lineNumber": 13,
        "author": {
          "gitId": "weisiong24"
        },
        "content": "    @Override"
      },
      {
        "lineNumber": 14,
        "author": {
          "gitId": "weisiong24"
        },
        "content": "    public String toString() {"
      },
      {
        "lineNumber": 15,
        "author": {
          "gitId": "weisiong24"
        },
        "content": "        return \"[E]\" +\"[\"+getStatusIcon()+\"] \"+ description+\"\\n\" ;"
      },
      {
        "lineNumber": 16,
        "author": {
          "gitId": "weisiong24"
        },
        "content": "    }"
      },
      {
        "lineNumber": 17,
        "author": {
          "gitId": "weisiong24"
        },
        "content": "}"
      }
    ],
    "authorContributionMap": {
      "weisiong24": 17
    }
  },
  {
    "path": "src/main/java/Task.java",
    "fileType": "java",
    "lines": [
      {
        "lineNumber": 1,
        "author": {
          "gitId": "weisiong24"
        },
        "content": "//Matric Number: A0200273X"
      },
      {
        "lineNumber": 2,
        "author": {
          "gitId": "weisiong24"
        },
        "content": "public class Task {"
      },
      {
        "lineNumber": 3,
        "author": {
          "gitId": "weisiong24"
        },
        "content": "    protected String description;"
      },
      {
        "lineNumber": 4,
        "author": {
          "gitId": "weisiong24"
        },
        "content": "    protected boolean isDone;"
      },
      {
        "lineNumber": 5,
        "author": {
          "gitId": "weisiong24"
        },
        "content": ""
      },
      {
        "lineNumber": 6,
        "author": {
          "gitId": "weisiong24"
        },
        "content": "    //Initial setup for the description of task"
      },
      {
        "lineNumber": 7,
        "author": {
          "gitId": "weisiong24"
        },
        "content": "    public Task(String description) {"
      },
      {
        "lineNumber": 8,
        "author": {
          "gitId": "weisiong24"
        },
        "content": "        this.description \u003d description;"
      },
      {
        "lineNumber": 9,
        "author": {
          "gitId": "weisiong24"
        },
        "content": "        this.isDone \u003d false;"
      },
      {
        "lineNumber": 10,
        "author": {
          "gitId": "weisiong24"
        },
        "content": "    }"
      },
      {
        "lineNumber": 11,
        "author": {
          "gitId": "weisiong24"
        },
        "content": ""
      },
      {
        "lineNumber": 12,
        "author": {
          "gitId": "weisiong24"
        },
        "content": "    //Return tick or X symbols"
      },
      {
        "lineNumber": 13,
        "author": {
          "gitId": "weisiong24"
        },
        "content": "    public String getStatusIcon() {"
      },
      {
        "lineNumber": 14,
        "author": {
          "gitId": "weisiong24"
        },
        "content": "        return (isDone ? \"\\u2713\" : \"\\u2718\");"
      },
      {
        "lineNumber": 15,
        "author": {
          "gitId": "weisiong24"
        },
        "content": "    }"
      },
      {
        "lineNumber": 16,
        "author": {
          "gitId": "weisiong24"
        },
        "content": ""
      },
      {
        "lineNumber": 17,
        "author": {
          "gitId": "weisiong24"
        },
        "content": "    //Method to mark task when it is done"
      },
      {
        "lineNumber": 18,
        "author": {
          "gitId": "weisiong24"
        },
        "content": "    public void markAsDone() {"
      },
      {
        "lineNumber": 19,
        "author": {
          "gitId": "weisiong24"
        },
        "content": "        this.isDone \u003d true;"
      },
      {
        "lineNumber": 20,
        "author": {
          "gitId": "weisiong24"
        },
        "content": "    }"
      },
      {
        "lineNumber": 21,
        "author": {
          "gitId": "weisiong24"
        },
        "content": ""
      },
      {
        "lineNumber": 22,
        "author": {
          "gitId": "weisiong24"
        },
        "content": "    //Method to mark task as undone"
      },
      {
        "lineNumber": 23,
        "author": {
          "gitId": "weisiong24"
        },
        "content": "    public void markUndone() {"
      },
      {
        "lineNumber": 24,
        "author": {
          "gitId": "weisiong24"
        },
        "content": "        this.isDone \u003d false;"
      },
      {
        "lineNumber": 25,
        "author": {
          "gitId": "weisiong24"
        },
        "content": "    }"
      },
      {
        "lineNumber": 26,
        "author": {
          "gitId": "weisiong24"
        },
        "content": "}"
      }
    ],
    "authorContributionMap": {
      "weisiong24": 26
    }
  },
  {
    "path": "src/main/java/Todo.java",
    "fileType": "java",
    "lines": [
      {
        "lineNumber": 1,
        "author": {
          "gitId": "weisiong24"
        },
        "content": "//Matric Number: A0200273X"
      },
      {
        "lineNumber": 2,
        "author": {
          "gitId": "weisiong24"
        },
        "content": "public class Todo extends Task {"
      },
      {
        "lineNumber": 3,
        "author": {
          "gitId": "weisiong24"
        },
        "content": ""
      },
      {
        "lineNumber": 4,
        "author": {
          "gitId": "weisiong24"
        },
        "content": "    public Todo(String description) {"
      },
      {
        "lineNumber": 5,
        "author": {
          "gitId": "weisiong24"
        },
        "content": "        super(description);"
      },
      {
        "lineNumber": 6,
        "author": {
          "gitId": "weisiong24"
        },
        "content": "    }"
      },
      {
        "lineNumber": 7,
        "author": {
          "gitId": "weisiong24"
        },
        "content": ""
      },
      {
        "lineNumber": 8,
        "author": {
          "gitId": "weisiong24"
        },
        "content": "    //Override Methods when to do class is called"
      },
      {
        "lineNumber": 9,
        "author": {
          "gitId": "weisiong24"
        },
        "content": "    @Override"
      },
      {
        "lineNumber": 10,
        "author": {
          "gitId": "weisiong24"
        },
        "content": "    public void markAsDone() {"
      },
      {
        "lineNumber": 11,
        "author": {
          "gitId": "weisiong24"
        },
        "content": "        this.isDone \u003d true;"
      },
      {
        "lineNumber": 12,
        "author": {
          "gitId": "weisiong24"
        },
        "content": "    }"
      },
      {
        "lineNumber": 13,
        "author": {
          "gitId": "weisiong24"
        },
        "content": ""
      },
      {
        "lineNumber": 14,
        "author": {
          "gitId": "weisiong24"
        },
        "content": "    @Override"
      },
      {
        "lineNumber": 15,
        "author": {
          "gitId": "weisiong24"
        },
        "content": "    public String toString() {"
      },
      {
        "lineNumber": 16,
        "author": {
          "gitId": "weisiong24"
        },
        "content": "        return \"[T]\" +\"[\"+getStatusIcon()+\"] \"+ description+\"\\n\" ;"
      },
      {
        "lineNumber": 17,
        "author": {
          "gitId": "weisiong24"
        },
        "content": "    }"
      },
      {
        "lineNumber": 18,
        "author": {
          "gitId": "weisiong24"
        },
        "content": ""
      },
      {
        "lineNumber": 19,
        "author": {
          "gitId": "weisiong24"
        },
        "content": "}"
      }
    ],
    "authorContributionMap": {
      "weisiong24": 19
    }
  }
]
