{
  "authorDailyContributionsMap": {
    "hughjazzman": [
      {
        "date": "2020-08-18",
        "commitResults": [
          {
            "hash": "9f191718bd3e59773d4f81e06aba621eca99463b",
            "messageTitle": "Tweak code to comply with standard",
            "messageBody": "",
            "fileTypesAndContributionMap": {
              "java": {
                "insertions": 8,
                "deletions": 6
              }
            }
          }
        ]
      },
      {
        "date": "2020-08-21",
        "commitResults": [
          {
            "hash": "a03ea2a787e4b7a87df957c65553e2989a5ff79d",
            "messageTitle": "Personalize logo, name, greeting",
            "messageBody": "",
            "fileTypesAndContributionMap": {
              "java": {
                "insertions": 17,
                "deletions": 3
              }
            }
          },
          {
            "hash": "5575474bfc9ea5e45fe8e2208b8b3b323f42fbb7",
            "messageTitle": "Add TaskManager class",
            "messageBody": "",
            "fileTypesAndContributionMap": {
              "java": {
                "insertions": 27,
                "deletions": 0
              }
            }
          },
          {
            "hash": "23617a31063db13c793e5bc064a3dde00ebf7b82",
            "messageTitle": "Abstract TaskManager methods in main",
            "messageBody": "",
            "fileTypesAndContributionMap": {
              "java": {
                "insertions": 6,
                "deletions": 11
              }
            }
          }
        ]
      },
      {
        "date": "2020-08-22",
        "commitResults": [
          {
            "hash": "dc9a99f33bcf32b03a96ecf1548267b6b38b439d",
            "messageTitle": "Abstract code in main to improve readability",
            "messageBody": "",
            "tags": [
              "A-CodingStandard"
            ],
            "fileTypesAndContributionMap": {
              "java": {
                "insertions": 83,
                "deletions": 49
              }
            }
          },
          {
            "hash": "a4324a9159cfb860b4318d48b9d3744174fd1da7",
            "messageTitle": "Add support for tracking three types of tasks",
            "messageBody": "",
            "tags": [
              "Level-4"
            ],
            "fileTypesAndContributionMap": {
              "java": {
                "insertions": 131,
                "deletions": 15
              }
            }
          }
        ]
      },
      {
        "date": "2020-08-25",
        "commitResults": [
          {
            "hash": "1845c259f102c7c58b3f6fd05a56284902759234",
            "messageTitle": "Add Automated Text UI Testing",
            "messageBody": "",
            "tags": [
              "A-TextUiTesting"
            ],
            "fileTypesAndContributionMap": {
              "txt": {
                "insertions": 14,
                "deletions": 0
              },
              "java": {
                "insertions": 7,
                "deletions": 7
              },
              "bat": {
                "insertions": 1,
                "deletions": 1
              }
            }
          }
        ]
      },
      {
        "date": "2020-08-26",
        "commitResults": [
          {
            "hash": "9569d5a03c2cf3b62ee8a50bb52d4227cb4a459e",
            "messageTitle": "Add Javadoc comments",
            "messageBody": "",
            "fileTypesAndContributionMap": {
              "java": {
                "insertions": 60,
                "deletions": 19
              },
              "sh": {
                "insertions": 1,
                "deletions": 1
              }
            }
          },
          {
            "hash": "1edfcd5f305b7000036daae7583f5321010c9b32",
            "messageTitle": "Improve Code Quality",
            "messageBody": "",
            "fileTypesAndContributionMap": {
              "java": {
                "insertions": 37,
                "deletions": 26
              }
            }
          }
        ]
      },
      {
        "date": "2020-08-27",
        "commitResults": [
          {
            "hash": "2ee4021cf143083927c6cfa9e5edc3e662f5f67b",
            "messageTitle": "Change encoding of test program run to UTF-8",
            "messageBody": "",
            "fileTypesAndContributionMap": {
              "bat": {
                "insertions": 1,
                "deletions": 1
              }
            }
          }
        ]
      },
      {
        "date": "2020-08-29",
        "commitResults": [
          {
            "hash": "b1c843dced31b0be1a65d5f0fddaaaaf9ab9e6b2",
            "messageTitle": "Improve Code Quality with constants",
            "messageBody": "",
            "fileTypesAndContributionMap": {
              "java": {
                "insertions": 25,
                "deletions": 18
              }
            }
          }
        ]
      },
      {
        "date": "2020-08-30",
        "commitResults": [
          {
            "hash": "d7c0eb2f73f425c73888cf74dae8d224e176da47",
            "messageTitle": "Improve Code Quality with consistency",
            "messageBody": "",
            "tags": [
              "A-CodeQuality"
            ],
            "fileTypesAndContributionMap": {
              "java": {
                "insertions": 4,
                "deletions": 3
              }
            }
          },
          {
            "hash": "01ba3aa0e08bb0dd4b49c5d99e3fdb329d87f0aa",
            "messageTitle": "Move Duke.java to package ip",
            "messageBody": "",
            "fileTypesAndContributionMap": {
              "java": {
                "insertions": 2,
                "deletions": 0
              },
              "md": {
                "insertions": 2,
                "deletions": 2
              }
            }
          },
          {
            "hash": "990ef2fdd9221f2580f408bcc8c441ede0853452",
            "messageTitle": "Add basic error catching",
            "messageBody": "",
            "fileTypesAndContributionMap": {
              "java": {
                "insertions": 174,
                "deletions": 24
              }
            }
          },
          {
            "hash": "9b2139901c4eb40e5109d1dca9c63861335e3d9c",
            "messageTitle": "Add more error catching",
            "messageBody": "",
            "tags": [
              "A-Exceptions"
            ],
            "fileTypesAndContributionMap": {
              "java": {
                "insertions": 28,
                "deletions": 14
              }
            }
          }
        ]
      },
      {
        "date": "2020-09-03",
        "commitResults": [
          {
            "hash": "b5678fa195fe47f5dad403e9e6183eb0ae4a8d4e",
            "messageTitle": "Move DukeException to package ip, update runtest compile/run commands",
            "messageBody": "",
            "tags": [
              "A-Packages"
            ],
            "fileTypesAndContributionMap": {
              "java": {
                "insertions": 2,
                "deletions": 0
              },
              "bat": {
                "insertions": 2,
                "deletions": 2
              },
              "sh": {
                "insertions": 2,
                "deletions": 2
              },
              "md": {
                "insertions": 12,
                "deletions": 7
              }
            }
          },
          {
            "hash": "ba5fc4cdf3c16465017cd7f2fff9da37fd6605b3",
            "messageTitle": "Add delete feature, change tasks array to ArrayList",
            "messageBody": "",
            "fileTypesAndContributionMap": {
              "txt": {
                "insertions": 1,
                "deletions": 0
              },
              "java": {
                "insertions": 52,
                "deletions": 6
              }
            }
          },
          {
            "hash": "50cf503d764585e8fa85c91bec3e7341c37b046c",
            "messageTitle": "Add initial file reading",
            "messageBody": "",
            "fileTypesAndContributionMap": {
              "txt": {
                "insertions": 2,
                "deletions": 0
              },
              "java": {
                "insertions": 79,
                "deletions": 2
              }
            }
          },
          {
            "hash": "03239455a572d6155c58efdf3657bb6c84b18c12",
            "messageTitle": "Add functional file reading",
            "messageBody": "",
            "fileTypesAndContributionMap": {
              "txt": {
                "insertions": 3,
                "deletions": 1
              },
              "java": {
                "insertions": 166,
                "deletions": 48
              }
            }
          }
        ]
      },
      {
        "date": "2020-09-04",
        "commitResults": [
          {
            "hash": "83ae386544a0482be851d1b12daa4fc60776b885",
            "messageTitle": "Add initial file writing",
            "messageBody": "",
            "fileTypesAndContributionMap": {
              "java": {
                "insertions": 72,
                "deletions": 1
              }
            }
          },
          {
            "hash": "19148eacccee637185a62a72ceaf9121b151ec29",
            "messageTitle": "Add functional file writing",
            "messageBody": "",
            "fileTypesAndContributionMap": {
              "txt": {
                "insertions": 3,
                "deletions": 2
              },
              "java": {
                "insertions": 54,
                "deletions": 19
              },
              "bat": {
                "insertions": 3,
                "deletions": 0
              },
              "md": {
                "insertions": 1,
                "deletions": 1
              }
            }
          },
          {
            "hash": "716fa49d80a00d12cbd703e9714ade6d9c232dcd",
            "messageTitle": "Add FileManager.java",
            "messageBody": "",
            "fileTypesAndContributionMap": {
              "java": {
                "insertions": 1,
                "deletions": 1
              }
            }
          }
        ]
      },
      {
        "date": "2020-09-07",
        "commitResults": [
          {
            "hash": "3ac70444563f38520e4694b684351f31bf5ff9ad",
            "messageTitle": "Update Exceptions caught",
            "messageBody": "",
            "fileTypesAndContributionMap": {
              "txt": {
                "insertions": 2,
                "deletions": 1
              },
              "java": {
                "insertions": 10,
                "deletions": 7
              }
            }
          },
          {
            "hash": "8b30bdcf269082feaf2cd7528f2a8c7ebb3e9a97",
            "messageTitle": "Add delete javadoc",
            "messageBody": "",
            "fileTypesAndContributionMap": {
              "java": {
                "insertions": 6,
                "deletions": 0
              }
            }
          },
          {
            "hash": "102783b275cf5746cd9fb73f1df1eb2ea6338f55",
            "messageTitle": "Update javadoc and fix minor bug",
            "messageBody": "",
            "tags": [
              "A-Jar"
            ],
            "fileTypesAndContributionMap": {
              "txt": {
                "insertions": 0,
                "deletions": 1
              },
              "java": {
                "insertions": 16,
                "deletions": 3
              }
            }
          }
        ]
      },
      {
        "date": "2020-09-13",
        "commitResults": [
          {
            "hash": "bc87f78c50c0109eb17e8b122adb498a5700f674",
            "messageTitle": "Change tick and cross to normal symbols",
            "messageBody": "",
            "fileTypesAndContributionMap": {
              "java": {
                "insertions": 1,
                "deletions": 1
              }
            }
          },
          {
            "hash": "90930fc809fc50d4378bda1e20ec69548d1eecfd",
            "messageTitle": "Check whether data directory exists",
            "messageBody": "",
            "fileTypesAndContributionMap": {
              "java": {
                "insertions": 7,
                "deletions": 1
              }
            }
          }
        ]
      },
      {
        "date": "2020-09-15",
        "commitResults": [
          {
            "hash": "b14134b1186535a2173a568586cd4436ff9b4d47",
            "messageTitle": "Initial refactor to more OOP",
            "messageBody": "",
            "fileTypesAndContributionMap": {
              "txt": {
                "insertions": 1,
                "deletions": 0
              },
              "java": {
                "insertions": 595,
                "deletions": 385
              }
            }
          }
        ]
      }
    ]
  },
  "authorFileTypeContributionMap": {
    "hughjazzman": {
      "java": 1015,
      "md": 12,
      "sh": 2,
      "bat": 5,
      "gradle": 0,
      "txt": 21
    }
  },
  "authorContributionVariance": {
    "hughjazzman": 34352.746
  },
  "authorDisplayNameMap": {
    "hughjazzman": "CS2113T-W13-3 WIRA..HMAD"
  }
}
