[
  {
    "path": "README.md",
    "fileType": "md",
    "lines": [
      {
        "lineNumber": 1,
        "author": {
          "gitId": "dojh111"
        },
        "content": "# walter project template"
      },
      {
        "lineNumber": 2,
        "author": {
          "gitId": "-"
        },
        "content": ""
      },
      {
        "lineNumber": 3,
        "author": {
          "gitId": "-"
        },
        "content": "This is a project template for a greenfield Java project. It\u0027s named after the Java mascot _Duke_. Given below are instructions on how to use it."
      },
      {
        "lineNumber": 4,
        "author": {
          "gitId": "-"
        },
        "content": ""
      },
      {
        "lineNumber": 5,
        "author": {
          "gitId": "-"
        },
        "content": "## Setting up in Intellij"
      },
      {
        "lineNumber": 6,
        "author": {
          "gitId": "-"
        },
        "content": ""
      },
      {
        "lineNumber": 7,
        "author": {
          "gitId": "-"
        },
        "content": "Prerequisites: JDK 11, update Intellij to the most recent version."
      },
      {
        "lineNumber": 8,
        "author": {
          "gitId": "-"
        },
        "content": ""
      },
      {
        "lineNumber": 9,
        "author": {
          "gitId": "-"
        },
        "content": "1. Open Intellij (if you are not in the welcome screen, click `File` \u003e `Close Project` to close the existing project dialog first)"
      },
      {
        "lineNumber": 10,
        "author": {
          "gitId": "-"
        },
        "content": "1. Set up the correct JDK version, as follows:"
      },
      {
        "lineNumber": 11,
        "author": {
          "gitId": "-"
        },
        "content": "   1. Click `Configure` \u003e `Structure for New Projects` and then `Project Settings` \u003e `Project` \u003e `Project SDK`"
      },
      {
        "lineNumber": 12,
        "author": {
          "gitId": "-"
        },
        "content": "   1. If JDK 11 is listed in the drop down, select it. If it is not, click `New...` and select the directory where you installed JDK 11"
      },
      {
        "lineNumber": 13,
        "author": {
          "gitId": "-"
        },
        "content": "   1. Click `OK`"
      },
      {
        "lineNumber": 14,
        "author": {
          "gitId": "-"
        },
        "content": "1. Import the project into Intellij as follows:"
      },
      {
        "lineNumber": 15,
        "author": {
          "gitId": "-"
        },
        "content": "   1. Click `Open or Import`."
      },
      {
        "lineNumber": 16,
        "author": {
          "gitId": "-"
        },
        "content": "   1. Select the project directory, and click `OK`"
      },
      {
        "lineNumber": 17,
        "author": {
          "gitId": "-"
        },
        "content": "   1. If there are any further prompts, accept the defaults."
      },
      {
        "lineNumber": 18,
        "author": {
          "gitId": "dojh111"
        },
        "content": "1. After the importing is complete, locate the `src/main/java/walter.java` file, right-click it, and choose `Run walter.main()`. If the setup is correct, you should see something like the below:"
      },
      {
        "lineNumber": 19,
        "author": {
          "gitId": "-"
        },
        "content": "   ```"
      },
      {
        "lineNumber": 20,
        "author": {
          "gitId": "-"
        },
        "content": "   Hello from"
      },
      {
        "lineNumber": 21,
        "author": {
          "gitId": "-"
        },
        "content": "    ____        _        "
      },
      {
        "lineNumber": 22,
        "author": {
          "gitId": "-"
        },
        "content": "   |  _ \\ _   _| | _____ "
      },
      {
        "lineNumber": 23,
        "author": {
          "gitId": "-"
        },
        "content": "   | | | | | | | |/ / _ \\"
      },
      {
        "lineNumber": 24,
        "author": {
          "gitId": "-"
        },
        "content": "   | |_| | |_| |   \u003c  __/"
      },
      {
        "lineNumber": 25,
        "author": {
          "gitId": "-"
        },
        "content": "   |____/ \\__,_|_|\\_\\___|"
      },
      {
        "lineNumber": 26,
        "author": {
          "gitId": "-"
        },
        "content": "   ```"
      }
    ],
    "authorContributionMap": {
      "dojh111": 2,
      "-": 24
    }
  },
  {
    "path": "src/main/java/walter/Walter.java",
    "fileType": "java",
    "lines": [
      {
        "lineNumber": 1,
        "author": {
          "gitId": "dojh111"
        },
        "content": "package walter;"
      },
      {
        "lineNumber": 2,
        "author": {
          "gitId": "dojh111"
        },
        "content": ""
      },
      {
        "lineNumber": 3,
        "author": {
          "gitId": "dojh111"
        },
        "content": "import walter.exceptions.WalterException;"
      },
      {
        "lineNumber": 4,
        "author": {
          "gitId": "dojh111"
        },
        "content": "import walter.tasks.Deadline;"
      },
      {
        "lineNumber": 5,
        "author": {
          "gitId": "dojh111"
        },
        "content": "import walter.tasks.Event;"
      },
      {
        "lineNumber": 6,
        "author": {
          "gitId": "dojh111"
        },
        "content": "import walter.tasks.Task;"
      },
      {
        "lineNumber": 7,
        "author": {
          "gitId": "dojh111"
        },
        "content": "import walter.tasks.Todo;"
      },
      {
        "lineNumber": 8,
        "author": {
          "gitId": "dojh111"
        },
        "content": ""
      },
      {
        "lineNumber": 9,
        "author": {
          "gitId": "dojh111"
        },
        "content": "import java.util.Scanner;"
      },
      {
        "lineNumber": 10,
        "author": {
          "gitId": "dojh111"
        },
        "content": "import java.util.Arrays;"
      },
      {
        "lineNumber": 11,
        "author": {
          "gitId": "dojh111"
        },
        "content": ""
      },
      {
        "lineNumber": 12,
        "author": {
          "gitId": "dojh111"
        },
        "content": "/**"
      },
      {
        "lineNumber": 13,
        "author": {
          "gitId": "dojh111"
        },
        "content": " * Duke is a chat bot which can help the user do multiple tasks"
      },
      {
        "lineNumber": 14,
        "author": {
          "gitId": "dojh111"
        },
        "content": " */"
      },
      {
        "lineNumber": 15,
        "author": {
          "gitId": "dojh111"
        },
        "content": "public class Walter {"
      },
      {
        "lineNumber": 16,
        "author": {
          "gitId": "dojh111"
        },
        "content": "    //Identifiers and values"
      },
      {
        "lineNumber": 17,
        "author": {
          "gitId": "dojh111"
        },
        "content": "    public static final int ARRAY_SIZE_TASKS \u003d 100;"
      },
      {
        "lineNumber": 18,
        "author": {
          "gitId": "dojh111"
        },
        "content": "    public static final String DEADLINE_IDENTIFIER \u003d \"/by\";"
      },
      {
        "lineNumber": 19,
        "author": {
          "gitId": "dojh111"
        },
        "content": "    public static final String EVENT_IDENTIFIER \u003d \"/at\";"
      },
      {
        "lineNumber": 20,
        "author": {
          "gitId": "dojh111"
        },
        "content": "    public static final String WHITESPACE_IDENTIFIER \u003d \" \";"
      },
      {
        "lineNumber": 21,
        "author": {
          "gitId": "dojh111"
        },
        "content": "    public static final String COMMAND_TODO \u003d \"todo\";"
      },
      {
        "lineNumber": 22,
        "author": {
          "gitId": "dojh111"
        },
        "content": "    public static final String COMMAND_DEADLINE \u003d \"deadline\";"
      },
      {
        "lineNumber": 23,
        "author": {
          "gitId": "dojh111"
        },
        "content": "    public static final String COMMAND_EVENT \u003d \"event\";"
      },
      {
        "lineNumber": 24,
        "author": {
          "gitId": "dojh111"
        },
        "content": "    public static final String BLANK_SPACE \u003d \"\";"
      },
      {
        "lineNumber": 25,
        "author": {
          "gitId": "dojh111"
        },
        "content": "    public static final String TICK_ICON \u003d \"\\u2713\";"
      },
      {
        "lineNumber": 26,
        "author": {
          "gitId": "dojh111"
        },
        "content": ""
      },
      {
        "lineNumber": 27,
        "author": {
          "gitId": "dojh111"
        },
        "content": "    //Printed Messages"
      },
      {
        "lineNumber": 28,
        "author": {
          "gitId": "dojh111"
        },
        "content": "    public static final String MESSAGE_DOUBLE_WHITESPACE \u003d \"   \";"
      },
      {
        "lineNumber": 29,
        "author": {
          "gitId": "dojh111"
        },
        "content": "    public static final String MESSAGE_LINE_SEPARATOR \u003d"
      },
      {
        "lineNumber": 30,
        "author": {
          "gitId": "dojh111"
        },
        "content": "            \"______________________________________________________________________________\";"
      },
      {
        "lineNumber": 31,
        "author": {
          "gitId": "dojh111"
        },
        "content": "    public static final String MESSAGE_NOW_YOU_HAVE \u003d \" Now you have \";"
      },
      {
        "lineNumber": 32,
        "author": {
          "gitId": "dojh111"
        },
        "content": "    public static final String MESSAGE_IN_THE_LIST \u003d \" in the list.\";"
      },
      {
        "lineNumber": 33,
        "author": {
          "gitId": "dojh111"
        },
        "content": "    public static final String MESSAGE_ERROR_TASK_UNAVAILABLE \u003d \"No tasks available... (｡◕‿‿◕｡)\";"
      },
      {
        "lineNumber": 34,
        "author": {
          "gitId": "dojh111"
        },
        "content": "    public static final String MESSAGE_TASKS_IN_LIST \u003d \" Here are the tasks in your list: \";"
      },
      {
        "lineNumber": 35,
        "author": {
          "gitId": "dojh111"
        },
        "content": "    public static final String MESSAGE_TASK_MARKED \u003d \"NICE! (｡◕‿‿◕｡) I\u0027ve marked the task as done!:\";"
      },
      {
        "lineNumber": 36,
        "author": {
          "gitId": "dojh111"
        },
        "content": "    public static final String MESSAGE_TASK_ADDED_CONFIRM \u003d \" Got it, I\u0027ve added this task: \";"
      },
      {
        "lineNumber": 37,
        "author": {
          "gitId": "dojh111"
        },
        "content": "    public static final String MESSAGE_HELLO_FROM \u003d \"Hello from\\n\";"
      },
      {
        "lineNumber": 38,
        "author": {
          "gitId": "dojh111"
        },
        "content": "    public static final String MESSAGE_INTRO_GREETING \u003d \" Hello! I\u0027m walter.walter  ◕_◕\";"
      },
      {
        "lineNumber": 39,
        "author": {
          "gitId": "dojh111"
        },
        "content": "    public static final String MESSAGE_INTRO_WALTER_QUERY \u003d \" What can I do for you?\";"
      },
      {
        "lineNumber": 40,
        "author": {
          "gitId": "dojh111"
        },
        "content": "    public static final String MESSAGE_CLOSING \u003d \" I\u0027m sad to see you go. Hope to see you again soon! :D\";"
      },
      {
        "lineNumber": 41,
        "author": {
          "gitId": "dojh111"
        },
        "content": ""
      },
      {
        "lineNumber": 42,
        "author": {
          "gitId": "dojh111"
        },
        "content": "    //Exception Messages"
      },
      {
        "lineNumber": 43,
        "author": {
          "gitId": "dojh111"
        },
        "content": "    public static final String EXCEPTION_INVALID_COMMAND \u003d \"I do not know what that means ;-;, please try again!\";"
      },
      {
        "lineNumber": 44,
        "author": {
          "gitId": "dojh111"
        },
        "content": "    public static final String EXCEPTION_EMPTY_TODO \u003d \"Oh no! The description of the todo cannot be empty ;-;\";"
      },
      {
        "lineNumber": 45,
        "author": {
          "gitId": "dojh111"
        },
        "content": "    public static final String EXCEPTION_INVALID_TASK_NUMBER \u003d \"Invalid task number entered... Please try again!\";"
      },
      {
        "lineNumber": 46,
        "author": {
          "gitId": "dojh111"
        },
        "content": "    public static final String EXCEPTION_EMPTY_DONE \u003d \"Oh no... You have to enter a task number. Please try again!\";"
      },
      {
        "lineNumber": 47,
        "author": {
          "gitId": "dojh111"
        },
        "content": "    public static final String EXCEPTION_TIMEDEVENT_INTRO \u003d \"Oh no! ;-;\\nThe \";"
      },
      {
        "lineNumber": 48,
        "author": {
          "gitId": "dojh111"
        },
        "content": "    public static final String EXCEPTION_TIMEDEVENT_BODY \u003d"
      },
      {
        "lineNumber": 49,
        "author": {
          "gitId": "dojh111"
        },
        "content": "            \" command requires both description and time information in the format of: \\n\";"
      },
      {
        "lineNumber": 50,
        "author": {
          "gitId": "dojh111"
        },
        "content": "    public static final String EXCEPTION_TIMEDEVENT_DESCRIPTION \u003d \"[description] \";"
      },
      {
        "lineNumber": 51,
        "author": {
          "gitId": "dojh111"
        },
        "content": "    public static final String EXCEPTION_TIMEDEVENT_TIMEINFO \u003d \" [time information]\";"
      },
      {
        "lineNumber": 52,
        "author": {
          "gitId": "dojh111"
        },
        "content": "    public static final String EXCEPTION_DONE_EXPECTED_INTEGER \u003d"
      },
      {
        "lineNumber": 53,
        "author": {
          "gitId": "dojh111"
        },
        "content": "            \"I\u0027m sorry, I don\u0027t understand that ;-;. Please enter a number instead!\";"
      },
      {
        "lineNumber": 54,
        "author": {
          "gitId": "dojh111"
        },
        "content": ""
      },
      {
        "lineNumber": 55,
        "author": {
          "gitId": "dojh111"
        },
        "content": "    //ASCII art logos"
      },
      {
        "lineNumber": 56,
        "author": {
          "gitId": "dojh111"
        },
        "content": "    public static final String END_LOGO \u003d \"________              \\n\""
      },
      {
        "lineNumber": 57,
        "author": {
          "gitId": "dojh111"
        },
        "content": "            + \"___  __ )____  ______ \\n\""
      },
      {
        "lineNumber": 58,
        "author": {
          "gitId": "dojh111"
        },
        "content": "            + \"__  __  |_  / / /  _ \\\\\\n\""
      },
      {
        "lineNumber": 59,
        "author": {
          "gitId": "dojh111"
        },
        "content": "            + \"_  /_/ /_  /_/ //  __/\\n\""
      },
      {
        "lineNumber": 60,
        "author": {
          "gitId": "dojh111"
        },
        "content": "            + \"/_____/ _\\\\__, / \\\\___/ \\n\""
      },
      {
        "lineNumber": 61,
        "author": {
          "gitId": "dojh111"
        },
        "content": "            + \"        /____/        \";"
      },
      {
        "lineNumber": 62,
        "author": {
          "gitId": "dojh111"
        },
        "content": "    public static final String WALTER_LOGO \u003d \"____    __    ____  ___       __      .___________. _______ .______      \\n\""
      },
      {
        "lineNumber": 63,
        "author": {
          "gitId": "dojh111"
        },
        "content": "            + \"\\\\   \\\\  /  \\\\  /   / /   \\\\     |  |     |           ||   ____||   _  \\\\     \\n\""
      },
      {
        "lineNumber": 64,
        "author": {
          "gitId": "dojh111"
        },
        "content": "            + \" \\\\   \\\\/    \\\\/   / /  ^  \\\\    |  |     `---|  |----`|  |__   |  |_)  |    \\n\""
      },
      {
        "lineNumber": 65,
        "author": {
          "gitId": "dojh111"
        },
        "content": "            + \"  \\\\            / /  /_\\\\  \\\\   |  |         |  |     |   __|  |      /     \\n\""
      },
      {
        "lineNumber": 66,
        "author": {
          "gitId": "dojh111"
        },
        "content": "            + \"   \\\\    /\\\\    / /  _____  \\\\  |  `----.    |  |     |  |____ |  |\\\\  \\\\----.\\n\""
      },
      {
        "lineNumber": 67,
        "author": {
          "gitId": "dojh111"
        },
        "content": "            + \"    \\\\__/  \\\\__/ /__/     \\\\__\\\\ |_______|    |__|     |_______|| _| `._____|\\n\";"
      },
      {
        "lineNumber": 68,
        "author": {
          "gitId": "dojh111"
        },
        "content": ""
      },
      {
        "lineNumber": 69,
        "author": {
          "gitId": "dojh111"
        },
        "content": "    /** Prints separator component after text is printed */"
      },
      {
        "lineNumber": 70,
        "author": {
          "gitId": "dojh111"
        },
        "content": "    public static void printSeparator() {"
      },
      {
        "lineNumber": 71,
        "author": {
          "gitId": "dojh111"
        },
        "content": "        System.out.println(MESSAGE_LINE_SEPARATOR);"
      },
      {
        "lineNumber": 72,
        "author": {
          "gitId": "dojh111"
        },
        "content": "    }"
      },
      {
        "lineNumber": 73,
        "author": {
          "gitId": "dojh111"
        },
        "content": ""
      },
      {
        "lineNumber": 74,
        "author": {
          "gitId": "dojh111"
        },
        "content": "    /**"
      },
      {
        "lineNumber": 75,
        "author": {
          "gitId": "dojh111"
        },
        "content": "     * Prints startup greet sequence"
      },
      {
        "lineNumber": 76,
        "author": {
          "gitId": "dojh111"
        },
        "content": "     *"
      },
      {
        "lineNumber": 77,
        "author": {
          "gitId": "dojh111"
        },
        "content": "     * @params logo  The logo for walter.walter chat bot"
      },
      {
        "lineNumber": 78,
        "author": {
          "gitId": "dojh111"
        },
        "content": "     */"
      },
      {
        "lineNumber": 79,
        "author": {
          "gitId": "dojh111"
        },
        "content": "    public static void printStartupSequence() {"
      },
      {
        "lineNumber": 80,
        "author": {
          "gitId": "dojh111"
        },
        "content": "        System.out.println(MESSAGE_HELLO_FROM + WALTER_LOGO);"
      },
      {
        "lineNumber": 81,
        "author": {
          "gitId": "dojh111"
        },
        "content": "        printSeparator();"
      },
      {
        "lineNumber": 82,
        "author": {
          "gitId": "dojh111"
        },
        "content": "        System.out.println(MESSAGE_INTRO_GREETING);"
      },
      {
        "lineNumber": 83,
        "author": {
          "gitId": "dojh111"
        },
        "content": "        System.out.println(MESSAGE_INTRO_WALTER_QUERY);"
      },
      {
        "lineNumber": 84,
        "author": {
          "gitId": "dojh111"
        },
        "content": "        printSeparator();"
      },
      {
        "lineNumber": 85,
        "author": {
          "gitId": "dojh111"
        },
        "content": "    }"
      },
      {
        "lineNumber": 86,
        "author": {
          "gitId": "dojh111"
        },
        "content": ""
      },
      {
        "lineNumber": 87,
        "author": {
          "gitId": "dojh111"
        },
        "content": "    /**"
      },
      {
        "lineNumber": 88,
        "author": {
          "gitId": "dojh111"
        },
        "content": "     * Prints closing sequence"
      },
      {
        "lineNumber": 89,
        "author": {
          "gitId": "dojh111"
        },
        "content": "     *"
      },
      {
        "lineNumber": 90,
        "author": {
          "gitId": "dojh111"
        },
        "content": "     * @params endLogo  The closing sequence logo for walter.walter"
      },
      {
        "lineNumber": 91,
        "author": {
          "gitId": "dojh111"
        },
        "content": "     */"
      },
      {
        "lineNumber": 92,
        "author": {
          "gitId": "dojh111"
        },
        "content": "    public static void printClosingSequence() {"
      },
      {
        "lineNumber": 93,
        "author": {
          "gitId": "dojh111"
        },
        "content": "        printSeparator();"
      },
      {
        "lineNumber": 94,
        "author": {
          "gitId": "dojh111"
        },
        "content": "        System.out.println(MESSAGE_CLOSING);"
      },
      {
        "lineNumber": 95,
        "author": {
          "gitId": "dojh111"
        },
        "content": "        System.out.println(END_LOGO);"
      },
      {
        "lineNumber": 96,
        "author": {
          "gitId": "dojh111"
        },
        "content": "        printSeparator();"
      },
      {
        "lineNumber": 97,
        "author": {
          "gitId": "dojh111"
        },
        "content": "    }"
      },
      {
        "lineNumber": 98,
        "author": {
          "gitId": "dojh111"
        },
        "content": ""
      },
      {
        "lineNumber": 99,
        "author": {
          "gitId": "dojh111"
        },
        "content": "    /**"
      },
      {
        "lineNumber": 100,
        "author": {
          "gitId": "dojh111"
        },
        "content": "     * Removes the command passed into the method and replaces it with white space"
      },
      {
        "lineNumber": 101,
        "author": {
          "gitId": "dojh111"
        },
        "content": "     *"
      },
      {
        "lineNumber": 102,
        "author": {
          "gitId": "dojh111"
        },
        "content": "     * @params userInput  Original string typed by user and to be modified"
      },
      {
        "lineNumber": 103,
        "author": {
          "gitId": "dojh111"
        },
        "content": "     * @params commandToRemove  Command to be removed from string"
      },
      {
        "lineNumber": 104,
        "author": {
          "gitId": "dojh111"
        },
        "content": "     */"
      },
      {
        "lineNumber": 105,
        "author": {
          "gitId": "dojh111"
        },
        "content": "    public static String removeCommandFromInput(String userInput, String commandToRemove) {"
      },
      {
        "lineNumber": 106,
        "author": {
          "gitId": "dojh111"
        },
        "content": "        String modifiedUserInput \u003d userInput.replace(commandToRemove, BLANK_SPACE);"
      },
      {
        "lineNumber": 107,
        "author": {
          "gitId": "dojh111"
        },
        "content": "        return modifiedUserInput.trim();"
      },
      {
        "lineNumber": 108,
        "author": {
          "gitId": "dojh111"
        },
        "content": "    }"
      },
      {
        "lineNumber": 109,
        "author": {
          "gitId": "dojh111"
        },
        "content": ""
      },
      {
        "lineNumber": 110,
        "author": {
          "gitId": "dojh111"
        },
        "content": "    /**"
      },
      {
        "lineNumber": 111,
        "author": {
          "gitId": "dojh111"
        },
        "content": "     * Returns a string array with the task\u0027s description and additional information"
      },
      {
        "lineNumber": 112,
        "author": {
          "gitId": "dojh111"
        },
        "content": "     *"
      },
      {
        "lineNumber": 113,
        "author": {
          "gitId": "dojh111"
        },
        "content": "     * @params userInput Original string typed by user and to be modified"
      },
      {
        "lineNumber": 114,
        "author": {
          "gitId": "dojh111"
        },
        "content": "     * @params commandToRemove  Command to be removed from string"
      },
      {
        "lineNumber": 115,
        "author": {
          "gitId": "dojh111"
        },
        "content": "     * @params identifier  Identifier token to split the string with"
      },
      {
        "lineNumber": 116,
        "author": {
          "gitId": "dojh111"
        },
        "content": "     **/"
      },
      {
        "lineNumber": 117,
        "author": {
          "gitId": "dojh111"
        },
        "content": "    public static String[] determineTaskInformation(String userInput, String commandToRemove, String identifier) {"
      },
      {
        "lineNumber": 118,
        "author": {
          "gitId": "dojh111"
        },
        "content": "        String modifiedString \u003d removeCommandFromInput(userInput, commandToRemove);"
      },
      {
        "lineNumber": 119,
        "author": {
          "gitId": "dojh111"
        },
        "content": "        return modifiedString.split(identifier);"
      },
      {
        "lineNumber": 120,
        "author": {
          "gitId": "dojh111"
        },
        "content": "    }"
      },
      {
        "lineNumber": 121,
        "author": {
          "gitId": "dojh111"
        },
        "content": ""
      },
      {
        "lineNumber": 122,
        "author": {
          "gitId": "dojh111"
        },
        "content": "    /**"
      },
      {
        "lineNumber": 123,
        "author": {
          "gitId": "dojh111"
        },
        "content": "     * Adds user input into the task list"
      },
      {
        "lineNumber": 124,
        "author": {
          "gitId": "dojh111"
        },
        "content": "     *"
      },
      {
        "lineNumber": 125,
        "author": {
          "gitId": "dojh111"
        },
        "content": "     * @params tasks  Array of current stored tasks"
      },
      {
        "lineNumber": 126,
        "author": {
          "gitId": "dojh111"
        },
        "content": "     * @params userInput  Original input by user"
      },
      {
        "lineNumber": 127,
        "author": {
          "gitId": "dojh111"
        },
        "content": "     * @params taskCount  Current count of tasks stored"
      },
      {
        "lineNumber": 128,
        "author": {
          "gitId": "dojh111"
        },
        "content": "     */"
      },
      {
        "lineNumber": 129,
        "author": {
          "gitId": "dojh111"
        },
        "content": "    public static void addTodoTask(Task[] tasks, String userInput, int taskCount) throws WalterException {"
      },
      {
        "lineNumber": 130,
        "author": {
          "gitId": "dojh111"
        },
        "content": "        String taskDescription \u003d removeCommandFromInput(userInput, COMMAND_TODO);"
      },
      {
        "lineNumber": 131,
        "author": {
          "gitId": "dojh111"
        },
        "content": ""
      },
      {
        "lineNumber": 132,
        "author": {
          "gitId": "dojh111"
        },
        "content": "        //Check for exception where user input for task is empty"
      },
      {
        "lineNumber": 133,
        "author": {
          "gitId": "dojh111"
        },
        "content": "        if (taskDescription.equals(BLANK_SPACE)) {"
      },
      {
        "lineNumber": 134,
        "author": {
          "gitId": "dojh111"
        },
        "content": "            throw new WalterException(EXCEPTION_EMPTY_TODO);"
      },
      {
        "lineNumber": 135,
        "author": {
          "gitId": "dojh111"
        },
        "content": "        }"
      },
      {
        "lineNumber": 136,
        "author": {
          "gitId": "dojh111"
        },
        "content": ""
      },
      {
        "lineNumber": 137,
        "author": {
          "gitId": "dojh111"
        },
        "content": "        tasks[taskCount] \u003d new Todo(taskDescription);"
      },
      {
        "lineNumber": 138,
        "author": {
          "gitId": "dojh111"
        },
        "content": "    }"
      },
      {
        "lineNumber": 139,
        "author": {
          "gitId": "dojh111"
        },
        "content": ""
      },
      {
        "lineNumber": 140,
        "author": {
          "gitId": "dojh111"
        },
        "content": "    /**"
      },
      {
        "lineNumber": 141,
        "author": {
          "gitId": "dojh111"
        },
        "content": "     * Adds new timed event tasks such as events or deadlines into the task list"
      },
      {
        "lineNumber": 142,
        "author": {
          "gitId": "dojh111"
        },
        "content": "     *"
      },
      {
        "lineNumber": 143,
        "author": {
          "gitId": "dojh111"
        },
        "content": "     * @params tasks  Array of current stored tasks"
      },
      {
        "lineNumber": 144,
        "author": {
          "gitId": "dojh111"
        },
        "content": "     * @params userInput  Original input by user"
      },
      {
        "lineNumber": 145,
        "author": {
          "gitId": "dojh111"
        },
        "content": "     * @params taskCount  Current count of tasks stored"
      },
      {
        "lineNumber": 146,
        "author": {
          "gitId": "dojh111"
        },
        "content": "     * @params command  The command entered - Either event or deadline"
      },
      {
        "lineNumber": 147,
        "author": {
          "gitId": "dojh111"
        },
        "content": "     * @params eventIdentifier  Identifier to determine string information - Either /at or /by"
      },
      {
        "lineNumber": 148,
        "author": {
          "gitId": "dojh111"
        },
        "content": "     * */"
      },
      {
        "lineNumber": 149,
        "author": {
          "gitId": "dojh111"
        },
        "content": "    public static void addNewTimedEvent(Task[] tasks, String userInput, int taskCount, String command,"
      },
      {
        "lineNumber": 150,
        "author": {
          "gitId": "dojh111"
        },
        "content": "            String eventIdentifier) throws WalterException {"
      },
      {
        "lineNumber": 151,
        "author": {
          "gitId": "dojh111"
        },
        "content": "        String description;"
      },
      {
        "lineNumber": 152,
        "author": {
          "gitId": "dojh111"
        },
        "content": "        String timeInformation;"
      },
      {
        "lineNumber": 153,
        "author": {
          "gitId": "dojh111"
        },
        "content": "        boolean fieldsArePresent \u003d true;"
      },
      {
        "lineNumber": 154,
        "author": {
          "gitId": "dojh111"
        },
        "content": ""
      },
      {
        "lineNumber": 155,
        "author": {
          "gitId": "dojh111"
        },
        "content": "        String[] informationStrings \u003d determineTaskInformation(userInput, command, eventIdentifier);"
      },
      {
        "lineNumber": 156,
        "author": {
          "gitId": "dojh111"
        },
        "content": ""
      },
      {
        "lineNumber": 157,
        "author": {
          "gitId": "dojh111"
        },
        "content": "        //Check if both fields have been fulfilled"
      },
      {
        "lineNumber": 158,
        "author": {
          "gitId": "dojh111"
        },
        "content": "        for (String information : informationStrings) {"
      },
      {
        "lineNumber": 159,
        "author": {
          "gitId": "dojh111"
        },
        "content": "            if (information.equals(BLANK_SPACE)) {"
      },
      {
        "lineNumber": 160,
        "author": {
          "gitId": "dojh111"
        },
        "content": "                fieldsArePresent \u003d false;"
      },
      {
        "lineNumber": 161,
        "author": {
          "gitId": "dojh111"
        },
        "content": "                break;"
      },
      {
        "lineNumber": 162,
        "author": {
          "gitId": "dojh111"
        },
        "content": "            }"
      },
      {
        "lineNumber": 163,
        "author": {
          "gitId": "dojh111"
        },
        "content": "        }"
      },
      {
        "lineNumber": 164,
        "author": {
          "gitId": "dojh111"
        },
        "content": ""
      },
      {
        "lineNumber": 165,
        "author": {
          "gitId": "dojh111"
        },
        "content": "        //Check if additional information was given"
      },
      {
        "lineNumber": 166,
        "author": {
          "gitId": "dojh111"
        },
        "content": "        if (informationStrings.length \u003c 2 || !fieldsArePresent) {"
      },
      {
        "lineNumber": 167,
        "author": {
          "gitId": "dojh111"
        },
        "content": "            String exceptionMessage \u003d EXCEPTION_TIMEDEVENT_INTRO + command +"
      },
      {
        "lineNumber": 168,
        "author": {
          "gitId": "dojh111"
        },
        "content": "                    EXCEPTION_TIMEDEVENT_BODY +"
      },
      {
        "lineNumber": 169,
        "author": {
          "gitId": "dojh111"
        },
        "content": "                    EXCEPTION_TIMEDEVENT_DESCRIPTION + eventIdentifier + EXCEPTION_TIMEDEVENT_TIMEINFO;"
      },
      {
        "lineNumber": 170,
        "author": {
          "gitId": "dojh111"
        },
        "content": "            throw new WalterException(exceptionMessage);"
      },
      {
        "lineNumber": 171,
        "author": {
          "gitId": "dojh111"
        },
        "content": "        }"
      },
      {
        "lineNumber": 172,
        "author": {
          "gitId": "dojh111"
        },
        "content": ""
      },
      {
        "lineNumber": 173,
        "author": {
          "gitId": "dojh111"
        },
        "content": "        //Set variables"
      },
      {
        "lineNumber": 174,
        "author": {
          "gitId": "dojh111"
        },
        "content": "        description \u003d informationStrings[0].trim();"
      },
      {
        "lineNumber": 175,
        "author": {
          "gitId": "dojh111"
        },
        "content": "        timeInformation \u003d informationStrings[1].trim();"
      },
      {
        "lineNumber": 176,
        "author": {
          "gitId": "dojh111"
        },
        "content": ""
      },
      {
        "lineNumber": 177,
        "author": {
          "gitId": "dojh111"
        },
        "content": "        //Create new task objects"
      },
      {
        "lineNumber": 178,
        "author": {
          "gitId": "dojh111"
        },
        "content": "        switch (command) {"
      },
      {
        "lineNumber": 179,
        "author": {
          "gitId": "dojh111"
        },
        "content": "        case \"event\":"
      },
      {
        "lineNumber": 180,
        "author": {
          "gitId": "dojh111"
        },
        "content": "            tasks[taskCount] \u003d new Event(description, timeInformation);"
      },
      {
        "lineNumber": 181,
        "author": {
          "gitId": "dojh111"
        },
        "content": "            break;"
      },
      {
        "lineNumber": 182,
        "author": {
          "gitId": "dojh111"
        },
        "content": "        case \"deadline\":"
      },
      {
        "lineNumber": 183,
        "author": {
          "gitId": "dojh111"
        },
        "content": "            tasks[taskCount] \u003d new Deadline(description, timeInformation);"
      },
      {
        "lineNumber": 184,
        "author": {
          "gitId": "dojh111"
        },
        "content": "            break;"
      },
      {
        "lineNumber": 185,
        "author": {
          "gitId": "dojh111"
        },
        "content": "        default:"
      },
      {
        "lineNumber": 186,
        "author": {
          "gitId": "dojh111"
        },
        "content": "            break;"
      },
      {
        "lineNumber": 187,
        "author": {
          "gitId": "dojh111"
        },
        "content": "        }"
      },
      {
        "lineNumber": 188,
        "author": {
          "gitId": "dojh111"
        },
        "content": "    }"
      },
      {
        "lineNumber": 189,
        "author": {
          "gitId": "dojh111"
        },
        "content": ""
      },
      {
        "lineNumber": 190,
        "author": {
          "gitId": "dojh111"
        },
        "content": "    /**"
      },
      {
        "lineNumber": 191,
        "author": {
          "gitId": "dojh111"
        },
        "content": "     * Print confirmation text when a new task is added"
      },
      {
        "lineNumber": 192,
        "author": {
          "gitId": "dojh111"
        },
        "content": "     *"
      },
      {
        "lineNumber": 193,
        "author": {
          "gitId": "dojh111"
        },
        "content": "     * @params tasks  Array of current stored tasks"
      },
      {
        "lineNumber": 194,
        "author": {
          "gitId": "dojh111"
        },
        "content": "     * @params taskCount  Current count of tasks stored"
      },
      {
        "lineNumber": 195,
        "author": {
          "gitId": "dojh111"
        },
        "content": "     */"
      },
      {
        "lineNumber": 196,
        "author": {
          "gitId": "dojh111"
        },
        "content": "    public static void printTaskAddedConfirmation(Task[] tasks, int taskCount) {"
      },
      {
        "lineNumber": 197,
        "author": {
          "gitId": "dojh111"
        },
        "content": "        int numberOfTasks \u003d taskCount + 1;"
      },
      {
        "lineNumber": 198,
        "author": {
          "gitId": "dojh111"
        },
        "content": "        printSeparator();"
      },
      {
        "lineNumber": 199,
        "author": {
          "gitId": "dojh111"
        },
        "content": "        System.out.println(MESSAGE_TASK_ADDED_CONFIRM);"
      },
      {
        "lineNumber": 200,
        "author": {
          "gitId": "dojh111"
        },
        "content": "        System.out.println(MESSAGE_DOUBLE_WHITESPACE + tasks[taskCount]);"
      },
      {
        "lineNumber": 201,
        "author": {
          "gitId": "dojh111"
        },
        "content": "        System.out.println(MESSAGE_NOW_YOU_HAVE + numberOfTasks + MESSAGE_IN_THE_LIST);"
      },
      {
        "lineNumber": 202,
        "author": {
          "gitId": "dojh111"
        },
        "content": "        printSeparator();"
      },
      {
        "lineNumber": 203,
        "author": {
          "gitId": "dojh111"
        },
        "content": "    }"
      },
      {
        "lineNumber": 204,
        "author": {
          "gitId": "dojh111"
        },
        "content": ""
      },
      {
        "lineNumber": 205,
        "author": {
          "gitId": "dojh111"
        },
        "content": "    /**"
      },
      {
        "lineNumber": 206,
        "author": {
          "gitId": "dojh111"
        },
        "content": "     * Print list of tasks when user requests"
      },
      {
        "lineNumber": 207,
        "author": {
          "gitId": "dojh111"
        },
        "content": "     *"
      },
      {
        "lineNumber": 208,
        "author": {
          "gitId": "dojh111"
        },
        "content": "     * @params tasks  Array of current stored tasks"
      },
      {
        "lineNumber": 209,
        "author": {
          "gitId": "dojh111"
        },
        "content": "     */"
      },
      {
        "lineNumber": 210,
        "author": {
          "gitId": "dojh111"
        },
        "content": "    public static void printTaskList(Task[] tasks) {"
      },
      {
        "lineNumber": 211,
        "author": {
          "gitId": "dojh111"
        },
        "content": "        int taskNumber \u003d 1;"
      },
      {
        "lineNumber": 212,
        "author": {
          "gitId": "dojh111"
        },
        "content": "        printSeparator();"
      },
      {
        "lineNumber": 213,
        "author": {
          "gitId": "dojh111"
        },
        "content": "        if (tasks.length \u003d\u003d 0) {"
      },
      {
        "lineNumber": 214,
        "author": {
          "gitId": "dojh111"
        },
        "content": "            System.out.println(MESSAGE_ERROR_TASK_UNAVAILABLE);"
      },
      {
        "lineNumber": 215,
        "author": {
          "gitId": "dojh111"
        },
        "content": "            return;"
      },
      {
        "lineNumber": 216,
        "author": {
          "gitId": "dojh111"
        },
        "content": "        }"
      },
      {
        "lineNumber": 217,
        "author": {
          "gitId": "dojh111"
        },
        "content": "        System.out.println(MESSAGE_TASKS_IN_LIST);"
      },
      {
        "lineNumber": 218,
        "author": {
          "gitId": "dojh111"
        },
        "content": "        for (Task task : tasks) {"
      },
      {
        "lineNumber": 219,
        "author": {
          "gitId": "dojh111"
        },
        "content": "            System.out.println(\" \" + taskNumber + \".\" + task);"
      },
      {
        "lineNumber": 220,
        "author": {
          "gitId": "dojh111"
        },
        "content": "            taskNumber++;"
      },
      {
        "lineNumber": 221,
        "author": {
          "gitId": "dojh111"
        },
        "content": "        }"
      },
      {
        "lineNumber": 222,
        "author": {
          "gitId": "dojh111"
        },
        "content": "        printSeparator();"
      },
      {
        "lineNumber": 223,
        "author": {
          "gitId": "dojh111"
        },
        "content": "    }"
      },
      {
        "lineNumber": 224,
        "author": {
          "gitId": "dojh111"
        },
        "content": ""
      },
      {
        "lineNumber": 225,
        "author": {
          "gitId": "dojh111"
        },
        "content": "    /**"
      },
      {
        "lineNumber": 226,
        "author": {
          "gitId": "dojh111"
        },
        "content": "     * Sets isDone of selected task to true"
      },
      {
        "lineNumber": 227,
        "author": {
          "gitId": "dojh111"
        },
        "content": "     *"
      },
      {
        "lineNumber": 228,
        "author": {
          "gitId": "dojh111"
        },
        "content": "     * @params tasks  Array of current stored tasks"
      },
      {
        "lineNumber": 229,
        "author": {
          "gitId": "dojh111"
        },
        "content": "     * @params splitUserInput  Array of strings after original user input has been split by whitespace"
      },
      {
        "lineNumber": 230,
        "author": {
          "gitId": "dojh111"
        },
        "content": "     * @params taskCount  Current count of tasks stored"
      },
      {
        "lineNumber": 231,
        "author": {
          "gitId": "dojh111"
        },
        "content": "     */"
      },
      {
        "lineNumber": 232,
        "author": {
          "gitId": "dojh111"
        },
        "content": "    public static void setTaskAsDone(Task[] tasks, String[] splitUserInput) throws WalterException {"
      },
      {
        "lineNumber": 233,
        "author": {
          "gitId": "dojh111"
        },
        "content": "        //Determine index of task to be marked as done"
      },
      {
        "lineNumber": 234,
        "author": {
          "gitId": "dojh111"
        },
        "content": "        if (splitUserInput.length \u003d\u003d 1) {"
      },
      {
        "lineNumber": 235,
        "author": {
          "gitId": "dojh111"
        },
        "content": "            throw new WalterException(EXCEPTION_EMPTY_DONE);"
      },
      {
        "lineNumber": 236,
        "author": {
          "gitId": "dojh111"
        },
        "content": "        }"
      },
      {
        "lineNumber": 237,
        "author": {
          "gitId": "dojh111"
        },
        "content": "        int taskNumber \u003d Integer.parseInt(splitUserInput[1]) - 1;"
      },
      {
        "lineNumber": 238,
        "author": {
          "gitId": "dojh111"
        },
        "content": ""
      },
      {
        "lineNumber": 239,
        "author": {
          "gitId": "dojh111"
        },
        "content": "        //TaskNumber is valid"
      },
      {
        "lineNumber": 240,
        "author": {
          "gitId": "dojh111"
        },
        "content": "        tasks[taskNumber].setAsDone();"
      },
      {
        "lineNumber": 241,
        "author": {
          "gitId": "dojh111"
        },
        "content": "        printSeparator();"
      },
      {
        "lineNumber": 242,
        "author": {
          "gitId": "dojh111"
        },
        "content": "        System.out.println(MESSAGE_TASK_MARKED);"
      },
      {
        "lineNumber": 243,
        "author": {
          "gitId": "dojh111"
        },
        "content": "        System.out.println(\"  [\" + TICK_ICON + \"] \" + tasks[taskNumber].getDescription());"
      },
      {
        "lineNumber": 244,
        "author": {
          "gitId": "dojh111"
        },
        "content": "        printSeparator();"
      },
      {
        "lineNumber": 245,
        "author": {
          "gitId": "dojh111"
        },
        "content": "    }"
      },
      {
        "lineNumber": 246,
        "author": {
          "gitId": "dojh111"
        },
        "content": ""
      },
      {
        "lineNumber": 247,
        "author": {
          "gitId": "-"
        },
        "content": "    public static void main(String[] args) {"
      },
      {
        "lineNumber": 248,
        "author": {
          "gitId": "dojh111"
        },
        "content": "        //Initialise variables"
      },
      {
        "lineNumber": 249,
        "author": {
          "gitId": "dojh111"
        },
        "content": "        String userInput;"
      },
      {
        "lineNumber": 250,
        "author": {
          "gitId": "dojh111"
        },
        "content": "        String[] splitUserInput;"
      },
      {
        "lineNumber": 251,
        "author": {
          "gitId": "dojh111"
        },
        "content": "        Task[] tasks \u003d new Task[ARRAY_SIZE_TASKS];"
      },
      {
        "lineNumber": 252,
        "author": {
          "gitId": "dojh111"
        },
        "content": "        int taskCount \u003d 0;"
      },
      {
        "lineNumber": 253,
        "author": {
          "gitId": "dojh111"
        },
        "content": "        boolean isFinished \u003d true;"
      },
      {
        "lineNumber": 254,
        "author": {
          "gitId": "dojh111"
        },
        "content": "        Scanner in \u003d new Scanner(System.in);"
      },
      {
        "lineNumber": 255,
        "author": {
          "gitId": "dojh111"
        },
        "content": ""
      },
      {
        "lineNumber": 256,
        "author": {
          "gitId": "dojh111"
        },
        "content": "        //Print startup sequence"
      },
      {
        "lineNumber": 257,
        "author": {
          "gitId": "dojh111"
        },
        "content": "        printStartupSequence();"
      },
      {
        "lineNumber": 258,
        "author": {
          "gitId": "dojh111"
        },
        "content": ""
      },
      {
        "lineNumber": 259,
        "author": {
          "gitId": "dojh111"
        },
        "content": "        //Loop infinitely until user enters \"bye\""
      },
      {
        "lineNumber": 260,
        "author": {
          "gitId": "dojh111"
        },
        "content": "        while (isFinished) {"
      },
      {
        "lineNumber": 261,
        "author": {
          "gitId": "dojh111"
        },
        "content": "            userInput \u003d in.nextLine();"
      },
      {
        "lineNumber": 262,
        "author": {
          "gitId": "dojh111"
        },
        "content": "            splitUserInput \u003d userInput.split(WHITESPACE_IDENTIFIER);"
      },
      {
        "lineNumber": 263,
        "author": {
          "gitId": "dojh111"
        },
        "content": "            try {"
      },
      {
        "lineNumber": 264,
        "author": {
          "gitId": "dojh111"
        },
        "content": "                switch (splitUserInput[0]) {"
      },
      {
        "lineNumber": 265,
        "author": {
          "gitId": "dojh111"
        },
        "content": "                case \"bye\":"
      },
      {
        "lineNumber": 266,
        "author": {
          "gitId": "dojh111"
        },
        "content": "                    isFinished \u003d false;"
      },
      {
        "lineNumber": 267,
        "author": {
          "gitId": "dojh111"
        },
        "content": "                    break;"
      },
      {
        "lineNumber": 268,
        "author": {
          "gitId": "dojh111"
        },
        "content": "                case \"list\":"
      },
      {
        "lineNumber": 269,
        "author": {
          "gitId": "dojh111"
        },
        "content": "                    printTaskList(Arrays.copyOf(tasks, taskCount));"
      },
      {
        "lineNumber": 270,
        "author": {
          "gitId": "dojh111"
        },
        "content": "                    break;"
      },
      {
        "lineNumber": 271,
        "author": {
          "gitId": "dojh111"
        },
        "content": "                case \"done\":"
      },
      {
        "lineNumber": 272,
        "author": {
          "gitId": "dojh111"
        },
        "content": "                    setTaskAsDone(tasks, splitUserInput);"
      },
      {
        "lineNumber": 273,
        "author": {
          "gitId": "dojh111"
        },
        "content": "                    break;"
      },
      {
        "lineNumber": 274,
        "author": {
          "gitId": "dojh111"
        },
        "content": "                case \"todo\":"
      },
      {
        "lineNumber": 275,
        "author": {
          "gitId": "dojh111"
        },
        "content": "                    addTodoTask(tasks, userInput, taskCount);"
      },
      {
        "lineNumber": 276,
        "author": {
          "gitId": "dojh111"
        },
        "content": "                    printTaskAddedConfirmation(tasks, taskCount);"
      },
      {
        "lineNumber": 277,
        "author": {
          "gitId": "dojh111"
        },
        "content": "                    taskCount++;"
      },
      {
        "lineNumber": 278,
        "author": {
          "gitId": "dojh111"
        },
        "content": "                    break;"
      },
      {
        "lineNumber": 279,
        "author": {
          "gitId": "dojh111"
        },
        "content": "                case \"deadline\":"
      },
      {
        "lineNumber": 280,
        "author": {
          "gitId": "dojh111"
        },
        "content": "                    addNewTimedEvent(tasks, userInput, taskCount, COMMAND_DEADLINE, DEADLINE_IDENTIFIER);"
      },
      {
        "lineNumber": 281,
        "author": {
          "gitId": "dojh111"
        },
        "content": "                    printTaskAddedConfirmation(tasks, taskCount);"
      },
      {
        "lineNumber": 282,
        "author": {
          "gitId": "dojh111"
        },
        "content": "                    taskCount++;"
      },
      {
        "lineNumber": 283,
        "author": {
          "gitId": "dojh111"
        },
        "content": "                    break;"
      },
      {
        "lineNumber": 284,
        "author": {
          "gitId": "dojh111"
        },
        "content": "                case \"event\":"
      },
      {
        "lineNumber": 285,
        "author": {
          "gitId": "dojh111"
        },
        "content": "                    addNewTimedEvent(tasks, userInput, taskCount, COMMAND_EVENT, EVENT_IDENTIFIER);"
      },
      {
        "lineNumber": 286,
        "author": {
          "gitId": "dojh111"
        },
        "content": "                    printTaskAddedConfirmation(tasks, taskCount);"
      },
      {
        "lineNumber": 287,
        "author": {
          "gitId": "dojh111"
        },
        "content": "                    taskCount++;"
      },
      {
        "lineNumber": 288,
        "author": {
          "gitId": "dojh111"
        },
        "content": "                    break;"
      },
      {
        "lineNumber": 289,
        "author": {
          "gitId": "dojh111"
        },
        "content": "                default:"
      },
      {
        "lineNumber": 290,
        "author": {
          "gitId": "dojh111"
        },
        "content": "                    //Throw exception for invalid command - Break statement unreachable"
      },
      {
        "lineNumber": 291,
        "author": {
          "gitId": "dojh111"
        },
        "content": "                    throw new WalterException(EXCEPTION_INVALID_COMMAND);"
      },
      {
        "lineNumber": 292,
        "author": {
          "gitId": "dojh111"
        },
        "content": "                }"
      },
      {
        "lineNumber": 293,
        "author": {
          "gitId": "dojh111"
        },
        "content": ""
      },
      {
        "lineNumber": 294,
        "author": {
          "gitId": "dojh111"
        },
        "content": "            } catch (WalterException e) {"
      },
      {
        "lineNumber": 295,
        "author": {
          "gitId": "dojh111"
        },
        "content": "                //Catch exceptions and print error messages unique to Walter"
      },
      {
        "lineNumber": 296,
        "author": {
          "gitId": "dojh111"
        },
        "content": "                System.out.println(e.getErrorMessage());"
      },
      {
        "lineNumber": 297,
        "author": {
          "gitId": "dojh111"
        },
        "content": ""
      },
      {
        "lineNumber": 298,
        "author": {
          "gitId": "dojh111"
        },
        "content": "            } catch (NullPointerException | ArrayIndexOutOfBoundsException e) {"
      },
      {
        "lineNumber": 299,
        "author": {
          "gitId": "dojh111"
        },
        "content": "                //Catch exceptions when index given is out of bounds or invalid"
      },
      {
        "lineNumber": 300,
        "author": {
          "gitId": "dojh111"
        },
        "content": "                System.out.println(EXCEPTION_INVALID_TASK_NUMBER);"
      },
      {
        "lineNumber": 301,
        "author": {
          "gitId": "dojh111"
        },
        "content": ""
      },
      {
        "lineNumber": 302,
        "author": {
          "gitId": "dojh111"
        },
        "content": "            } catch (NumberFormatException e) {"
      },
      {
        "lineNumber": 303,
        "author": {
          "gitId": "dojh111"
        },
        "content": "                //Catch exception when string is given for a field which requires number"
      },
      {
        "lineNumber": 304,
        "author": {
          "gitId": "dojh111"
        },
        "content": "                System.out.println(EXCEPTION_DONE_EXPECTED_INTEGER);"
      },
      {
        "lineNumber": 305,
        "author": {
          "gitId": "dojh111"
        },
        "content": "            }"
      },
      {
        "lineNumber": 306,
        "author": {
          "gitId": "dojh111"
        },
        "content": "        }"
      },
      {
        "lineNumber": 307,
        "author": {
          "gitId": "dojh111"
        },
        "content": ""
      },
      {
        "lineNumber": 308,
        "author": {
          "gitId": "dojh111"
        },
        "content": "        //Print closing sequence"
      },
      {
        "lineNumber": 309,
        "author": {
          "gitId": "dojh111"
        },
        "content": "        printClosingSequence();"
      },
      {
        "lineNumber": 310,
        "author": {
          "gitId": "-"
        },
        "content": "    }"
      },
      {
        "lineNumber": 311,
        "author": {
          "gitId": "dojh111"
        },
        "content": ""
      },
      {
        "lineNumber": 312,
        "author": {
          "gitId": "-"
        },
        "content": "}"
      }
    ],
    "authorContributionMap": {
      "dojh111": 309,
      "-": 3
    }
  },
  {
    "path": "src/main/java/walter/exceptions/WalterException.java",
    "fileType": "java",
    "lines": [
      {
        "lineNumber": 1,
        "author": {
          "gitId": "dojh111"
        },
        "content": "package walter.exceptions;"
      },
      {
        "lineNumber": 2,
        "author": {
          "gitId": "dojh111"
        },
        "content": ""
      },
      {
        "lineNumber": 3,
        "author": {
          "gitId": "dojh111"
        },
        "content": "/**"
      },
      {
        "lineNumber": 4,
        "author": {
          "gitId": "dojh111"
        },
        "content": " * Exception class for exceptions specific to walter.walter"
      },
      {
        "lineNumber": 5,
        "author": {
          "gitId": "dojh111"
        },
        "content": " */"
      },
      {
        "lineNumber": 6,
        "author": {
          "gitId": "dojh111"
        },
        "content": "public class WalterException extends Exception {"
      },
      {
        "lineNumber": 7,
        "author": {
          "gitId": "dojh111"
        },
        "content": ""
      },
      {
        "lineNumber": 8,
        "author": {
          "gitId": "dojh111"
        },
        "content": "    protected String errorMessage;"
      },
      {
        "lineNumber": 9,
        "author": {
          "gitId": "dojh111"
        },
        "content": ""
      },
      {
        "lineNumber": 10,
        "author": {
          "gitId": "dojh111"
        },
        "content": "    public WalterException (String errorMessage) {"
      },
      {
        "lineNumber": 11,
        "author": {
          "gitId": "dojh111"
        },
        "content": "        super(errorMessage);"
      },
      {
        "lineNumber": 12,
        "author": {
          "gitId": "dojh111"
        },
        "content": "        this.errorMessage \u003d errorMessage;"
      },
      {
        "lineNumber": 13,
        "author": {
          "gitId": "dojh111"
        },
        "content": "    }"
      },
      {
        "lineNumber": 14,
        "author": {
          "gitId": "dojh111"
        },
        "content": ""
      },
      {
        "lineNumber": 15,
        "author": {
          "gitId": "dojh111"
        },
        "content": "    public String getErrorMessage() {"
      },
      {
        "lineNumber": 16,
        "author": {
          "gitId": "dojh111"
        },
        "content": "        return errorMessage;"
      },
      {
        "lineNumber": 17,
        "author": {
          "gitId": "dojh111"
        },
        "content": "    }"
      },
      {
        "lineNumber": 18,
        "author": {
          "gitId": "dojh111"
        },
        "content": "}"
      }
    ],
    "authorContributionMap": {
      "dojh111": 18
    }
  },
  {
    "path": "src/main/java/walter/tasks/Deadline.java",
    "fileType": "java",
    "lines": [
      {
        "lineNumber": 1,
        "author": {
          "gitId": "dojh111"
        },
        "content": "package walter.tasks;"
      },
      {
        "lineNumber": 2,
        "author": {
          "gitId": "dojh111"
        },
        "content": ""
      },
      {
        "lineNumber": 3,
        "author": {
          "gitId": "dojh111"
        },
        "content": "/**"
      },
      {
        "lineNumber": 4,
        "author": {
          "gitId": "dojh111"
        },
        "content": " * The walter.tasks.Deadline class inherits from the walter.tasks.Task class and is used to create deadline objects"
      },
      {
        "lineNumber": 5,
        "author": {
          "gitId": "dojh111"
        },
        "content": " */"
      },
      {
        "lineNumber": 6,
        "author": {
          "gitId": "dojh111"
        },
        "content": "public class Deadline extends Task {"
      },
      {
        "lineNumber": 7,
        "author": {
          "gitId": "dojh111"
        },
        "content": "    public static final String D \u003d \"[D]\";"
      },
      {
        "lineNumber": 8,
        "author": {
          "gitId": "dojh111"
        },
        "content": "    public static final String MESSAGE_INFO_START \u003d \" (By: \";"
      },
      {
        "lineNumber": 9,
        "author": {
          "gitId": "dojh111"
        },
        "content": "    public static final String MESSAGE_INFO_END \u003d \")\";"
      },
      {
        "lineNumber": 10,
        "author": {
          "gitId": "dojh111"
        },
        "content": "    protected String by;"
      },
      {
        "lineNumber": 11,
        "author": {
          "gitId": "dojh111"
        },
        "content": ""
      },
      {
        "lineNumber": 12,
        "author": {
          "gitId": "dojh111"
        },
        "content": "    public Deadline(String description, String by) {"
      },
      {
        "lineNumber": 13,
        "author": {
          "gitId": "dojh111"
        },
        "content": "        super(description);"
      },
      {
        "lineNumber": 14,
        "author": {
          "gitId": "dojh111"
        },
        "content": "        this.by \u003d by;"
      },
      {
        "lineNumber": 15,
        "author": {
          "gitId": "dojh111"
        },
        "content": "    }"
      },
      {
        "lineNumber": 16,
        "author": {
          "gitId": "dojh111"
        },
        "content": ""
      },
      {
        "lineNumber": 17,
        "author": {
          "gitId": "dojh111"
        },
        "content": "    @Override"
      },
      {
        "lineNumber": 18,
        "author": {
          "gitId": "dojh111"
        },
        "content": "    public String toString() {"
      },
      {
        "lineNumber": 19,
        "author": {
          "gitId": "dojh111"
        },
        "content": "        return D + super.toString() + MESSAGE_INFO_START + by + MESSAGE_INFO_END;"
      },
      {
        "lineNumber": 20,
        "author": {
          "gitId": "dojh111"
        },
        "content": "    }"
      },
      {
        "lineNumber": 21,
        "author": {
          "gitId": "dojh111"
        },
        "content": "}"
      }
    ],
    "authorContributionMap": {
      "dojh111": 21
    }
  },
  {
    "path": "src/main/java/walter/tasks/Event.java",
    "fileType": "java",
    "lines": [
      {
        "lineNumber": 1,
        "author": {
          "gitId": "dojh111"
        },
        "content": "package walter.tasks;"
      },
      {
        "lineNumber": 2,
        "author": {
          "gitId": "dojh111"
        },
        "content": ""
      },
      {
        "lineNumber": 3,
        "author": {
          "gitId": "dojh111"
        },
        "content": "/**"
      },
      {
        "lineNumber": 4,
        "author": {
          "gitId": "dojh111"
        },
        "content": " * The walter.tasks.Event class inherits from the walter.tasks.Task class and is used to create event objects"
      },
      {
        "lineNumber": 5,
        "author": {
          "gitId": "dojh111"
        },
        "content": " */"
      },
      {
        "lineNumber": 6,
        "author": {
          "gitId": "dojh111"
        },
        "content": "public class Event extends Task {"
      },
      {
        "lineNumber": 7,
        "author": {
          "gitId": "dojh111"
        },
        "content": ""
      },
      {
        "lineNumber": 8,
        "author": {
          "gitId": "dojh111"
        },
        "content": "    public static final String EVENT_ICON \u003d \"[E]\";"
      },
      {
        "lineNumber": 9,
        "author": {
          "gitId": "dojh111"
        },
        "content": "    public static final String MESSAGE_INFO_START \u003d \" (At: \";"
      },
      {
        "lineNumber": 10,
        "author": {
          "gitId": "dojh111"
        },
        "content": "    public static final String MESSAGE_INFO_END \u003d \")\";"
      },
      {
        "lineNumber": 11,
        "author": {
          "gitId": "dojh111"
        },
        "content": ""
      },
      {
        "lineNumber": 12,
        "author": {
          "gitId": "dojh111"
        },
        "content": "    protected String at;"
      },
      {
        "lineNumber": 13,
        "author": {
          "gitId": "dojh111"
        },
        "content": ""
      },
      {
        "lineNumber": 14,
        "author": {
          "gitId": "dojh111"
        },
        "content": "    public Event(String description, String at) {"
      },
      {
        "lineNumber": 15,
        "author": {
          "gitId": "dojh111"
        },
        "content": "        super(description);"
      },
      {
        "lineNumber": 16,
        "author": {
          "gitId": "dojh111"
        },
        "content": "        this.at \u003d at;"
      },
      {
        "lineNumber": 17,
        "author": {
          "gitId": "dojh111"
        },
        "content": "    }"
      },
      {
        "lineNumber": 18,
        "author": {
          "gitId": "dojh111"
        },
        "content": ""
      },
      {
        "lineNumber": 19,
        "author": {
          "gitId": "dojh111"
        },
        "content": "    @Override"
      },
      {
        "lineNumber": 20,
        "author": {
          "gitId": "dojh111"
        },
        "content": "    public String toString() {"
      },
      {
        "lineNumber": 21,
        "author": {
          "gitId": "dojh111"
        },
        "content": "        return EVENT_ICON + super.toString() + MESSAGE_INFO_START + at + MESSAGE_INFO_END;"
      },
      {
        "lineNumber": 22,
        "author": {
          "gitId": "dojh111"
        },
        "content": "    }"
      },
      {
        "lineNumber": 23,
        "author": {
          "gitId": "dojh111"
        },
        "content": "}"
      }
    ],
    "authorContributionMap": {
      "dojh111": 23
    }
  },
  {
    "path": "src/main/java/walter/tasks/Task.java",
    "fileType": "java",
    "lines": [
      {
        "lineNumber": 1,
        "author": {
          "gitId": "dojh111"
        },
        "content": "package walter.tasks;"
      },
      {
        "lineNumber": 2,
        "author": {
          "gitId": "dojh111"
        },
        "content": ""
      },
      {
        "lineNumber": 3,
        "author": {
          "gitId": "dojh111"
        },
        "content": "/**"
      },
      {
        "lineNumber": 4,
        "author": {
          "gitId": "dojh111"
        },
        "content": " * The walter.tasks.Task class provides a template for the walter.tasks.Task object where description and status is stored"
      },
      {
        "lineNumber": 5,
        "author": {
          "gitId": "dojh111"
        },
        "content": " */"
      },
      {
        "lineNumber": 6,
        "author": {
          "gitId": "dojh111"
        },
        "content": "public abstract class Task {"
      },
      {
        "lineNumber": 7,
        "author": {
          "gitId": "dojh111"
        },
        "content": ""
      },
      {
        "lineNumber": 8,
        "author": {
          "gitId": "dojh111"
        },
        "content": "    public static final String TICK_ICON \u003d \"\\u2713\";"
      },
      {
        "lineNumber": 9,
        "author": {
          "gitId": "dojh111"
        },
        "content": "    public static final String CROSS_ICON \u003d \"\\u2718\";"
      },
      {
        "lineNumber": 10,
        "author": {
          "gitId": "dojh111"
        },
        "content": ""
      },
      {
        "lineNumber": 11,
        "author": {
          "gitId": "dojh111"
        },
        "content": "    protected String description;"
      },
      {
        "lineNumber": 12,
        "author": {
          "gitId": "dojh111"
        },
        "content": "    protected boolean isDone;"
      },
      {
        "lineNumber": 13,
        "author": {
          "gitId": "dojh111"
        },
        "content": ""
      },
      {
        "lineNumber": 14,
        "author": {
          "gitId": "dojh111"
        },
        "content": "    public Task(String description) {"
      },
      {
        "lineNumber": 15,
        "author": {
          "gitId": "dojh111"
        },
        "content": "        this.description \u003d description;"
      },
      {
        "lineNumber": 16,
        "author": {
          "gitId": "dojh111"
        },
        "content": "        this.isDone \u003d false;"
      },
      {
        "lineNumber": 17,
        "author": {
          "gitId": "dojh111"
        },
        "content": "    }"
      },
      {
        "lineNumber": 18,
        "author": {
          "gitId": "dojh111"
        },
        "content": ""
      },
      {
        "lineNumber": 19,
        "author": {
          "gitId": "dojh111"
        },
        "content": "    public String getStatusIcon() {"
      },
      {
        "lineNumber": 20,
        "author": {
          "gitId": "dojh111"
        },
        "content": "        return (isDone ? TICK_ICON : CROSS_ICON);"
      },
      {
        "lineNumber": 21,
        "author": {
          "gitId": "dojh111"
        },
        "content": "    }"
      },
      {
        "lineNumber": 22,
        "author": {
          "gitId": "dojh111"
        },
        "content": ""
      },
      {
        "lineNumber": 23,
        "author": {
          "gitId": "dojh111"
        },
        "content": "    public void setAsDone() {"
      },
      {
        "lineNumber": 24,
        "author": {
          "gitId": "dojh111"
        },
        "content": "        isDone \u003d true;"
      },
      {
        "lineNumber": 25,
        "author": {
          "gitId": "dojh111"
        },
        "content": "    }"
      },
      {
        "lineNumber": 26,
        "author": {
          "gitId": "dojh111"
        },
        "content": ""
      },
      {
        "lineNumber": 27,
        "author": {
          "gitId": "dojh111"
        },
        "content": "    public String getDescription() {"
      },
      {
        "lineNumber": 28,
        "author": {
          "gitId": "dojh111"
        },
        "content": "        return description;"
      },
      {
        "lineNumber": 29,
        "author": {
          "gitId": "dojh111"
        },
        "content": "    }"
      },
      {
        "lineNumber": 30,
        "author": {
          "gitId": "dojh111"
        },
        "content": ""
      },
      {
        "lineNumber": 31,
        "author": {
          "gitId": "dojh111"
        },
        "content": "    @Override"
      },
      {
        "lineNumber": 32,
        "author": {
          "gitId": "dojh111"
        },
        "content": "    public String toString() {"
      },
      {
        "lineNumber": 33,
        "author": {
          "gitId": "dojh111"
        },
        "content": "        return \"[\" + getStatusIcon() + \"] \" + description;"
      },
      {
        "lineNumber": 34,
        "author": {
          "gitId": "dojh111"
        },
        "content": "    }"
      },
      {
        "lineNumber": 35,
        "author": {
          "gitId": "dojh111"
        },
        "content": "}"
      }
    ],
    "authorContributionMap": {
      "dojh111": 35
    }
  },
  {
    "path": "src/main/java/walter/tasks/Todo.java",
    "fileType": "java",
    "lines": [
      {
        "lineNumber": 1,
        "author": {
          "gitId": "dojh111"
        },
        "content": "package walter.tasks;"
      },
      {
        "lineNumber": 2,
        "author": {
          "gitId": "dojh111"
        },
        "content": ""
      },
      {
        "lineNumber": 3,
        "author": {
          "gitId": "dojh111"
        },
        "content": "/**"
      },
      {
        "lineNumber": 4,
        "author": {
          "gitId": "dojh111"
        },
        "content": " * The walter.tasks.Todo class inherits from the walter.tasks.Task class and is used to create todo objects"
      },
      {
        "lineNumber": 5,
        "author": {
          "gitId": "dojh111"
        },
        "content": " */"
      },
      {
        "lineNumber": 6,
        "author": {
          "gitId": "dojh111"
        },
        "content": "public class Todo extends Task {"
      },
      {
        "lineNumber": 7,
        "author": {
          "gitId": "dojh111"
        },
        "content": ""
      },
      {
        "lineNumber": 8,
        "author": {
          "gitId": "dojh111"
        },
        "content": "    public static final String TODO_ICON \u003d \"[T]\";"
      },
      {
        "lineNumber": 9,
        "author": {
          "gitId": "dojh111"
        },
        "content": ""
      },
      {
        "lineNumber": 10,
        "author": {
          "gitId": "dojh111"
        },
        "content": "    public Todo(String description) {"
      },
      {
        "lineNumber": 11,
        "author": {
          "gitId": "dojh111"
        },
        "content": "        super(description);"
      },
      {
        "lineNumber": 12,
        "author": {
          "gitId": "dojh111"
        },
        "content": "    }"
      },
      {
        "lineNumber": 13,
        "author": {
          "gitId": "dojh111"
        },
        "content": ""
      },
      {
        "lineNumber": 14,
        "author": {
          "gitId": "dojh111"
        },
        "content": "    @Override"
      },
      {
        "lineNumber": 15,
        "author": {
          "gitId": "dojh111"
        },
        "content": "    public String toString() {"
      },
      {
        "lineNumber": 16,
        "author": {
          "gitId": "dojh111"
        },
        "content": "        return TODO_ICON + super.toString();"
      },
      {
        "lineNumber": 17,
        "author": {
          "gitId": "dojh111"
        },
        "content": "    }"
      },
      {
        "lineNumber": 18,
        "author": {
          "gitId": "dojh111"
        },
        "content": "}"
      }
    ],
    "authorContributionMap": {
      "dojh111": 18
    }
  },
  {
    "path": "text-ui-test/input.txt",
    "fileType": "txt",
    "lines": [
      {
        "lineNumber": 1,
        "author": {
          "gitId": "dojh111"
        },
        "content": "todo borrow book"
      },
      {
        "lineNumber": 2,
        "author": {
          "gitId": "dojh111"
        },
        "content": "list"
      },
      {
        "lineNumber": 3,
        "author": {
          "gitId": "dojh111"
        },
        "content": "deadline return book /by Sunday"
      },
      {
        "lineNumber": 4,
        "author": {
          "gitId": "dojh111"
        },
        "content": "event project meeting /at Mon 2-4pm"
      },
      {
        "lineNumber": 5,
        "author": {
          "gitId": "dojh111"
        },
        "content": "list"
      },
      {
        "lineNumber": 6,
        "author": {
          "gitId": "dojh111"
        },
        "content": "done 1"
      },
      {
        "lineNumber": 7,
        "author": {
          "gitId": "dojh111"
        },
        "content": "done 3"
      },
      {
        "lineNumber": 8,
        "author": {
          "gitId": "dojh111"
        },
        "content": "list"
      },
      {
        "lineNumber": 9,
        "author": {
          "gitId": "dojh111"
        },
        "content": "bye"
      }
    ],
    "authorContributionMap": {
      "dojh111": 9
    }
  },
  {
    "path": "text-ui-test/runtest.bat",
    "fileType": "bat",
    "lines": [
      {
        "lineNumber": 1,
        "author": {
          "gitId": "-"
        },
        "content": "@ECHO OFF"
      },
      {
        "lineNumber": 2,
        "author": {
          "gitId": "-"
        },
        "content": ""
      },
      {
        "lineNumber": 3,
        "author": {
          "gitId": "-"
        },
        "content": "REM create bin directory if it doesn\u0027t exist"
      },
      {
        "lineNumber": 4,
        "author": {
          "gitId": "-"
        },
        "content": "if not exist ..\\bin mkdir ..\\bin"
      },
      {
        "lineNumber": 5,
        "author": {
          "gitId": "-"
        },
        "content": ""
      },
      {
        "lineNumber": 6,
        "author": {
          "gitId": "-"
        },
        "content": "REM delete output from previous run"
      },
      {
        "lineNumber": 7,
        "author": {
          "gitId": "-"
        },
        "content": "del ACTUAL.TXT"
      },
      {
        "lineNumber": 8,
        "author": {
          "gitId": "-"
        },
        "content": ""
      },
      {
        "lineNumber": 9,
        "author": {
          "gitId": "-"
        },
        "content": "REM compile the code into the bin folder"
      },
      {
        "lineNumber": 10,
        "author": {
          "gitId": "dojh111"
        },
        "content": "javac -cp ..\\src -Xlint:none -d ..\\bin ..\\src\\main\\java\\*.java"
      },
      {
        "lineNumber": 11,
        "author": {
          "gitId": "-"
        },
        "content": "IF ERRORLEVEL 1 ("
      },
      {
        "lineNumber": 12,
        "author": {
          "gitId": "-"
        },
        "content": "    echo ********** BUILD FAILURE **********"
      },
      {
        "lineNumber": 13,
        "author": {
          "gitId": "-"
        },
        "content": "    exit /b 1"
      },
      {
        "lineNumber": 14,
        "author": {
          "gitId": "-"
        },
        "content": ")"
      },
      {
        "lineNumber": 15,
        "author": {
          "gitId": "-"
        },
        "content": "REM no error here, errorlevel \u003d\u003d 0"
      },
      {
        "lineNumber": 16,
        "author": {
          "gitId": "-"
        },
        "content": ""
      },
      {
        "lineNumber": 17,
        "author": {
          "gitId": "-"
        },
        "content": "REM run the program, feed commands from input.txt file and redirect the output to the ACTUAL.TXT"
      },
      {
        "lineNumber": 18,
        "author": {
          "gitId": "-"
        },
        "content": "java -classpath ..\\bin Duke \u003c input.txt \u003e ACTUAL.TXT"
      },
      {
        "lineNumber": 19,
        "author": {
          "gitId": "-"
        },
        "content": ""
      },
      {
        "lineNumber": 20,
        "author": {
          "gitId": "-"
        },
        "content": "REM compare the output to the expected output"
      },
      {
        "lineNumber": 21,
        "author": {
          "gitId": "-"
        },
        "content": "FC ACTUAL.TXT EXPECTED.TXT"
      }
    ],
    "authorContributionMap": {
      "dojh111": 1,
      "-": 20
    }
  }
]
