{
  "authorDailyContributionsMap": {
    "dojh111": [
      {
        "date": "2020-08-15",
        "commitResults": [
          {
            "hash": "06ed0a6e1a12ec83741259c2a0910dde0e294e33",
            "messageTitle": "Added Greet function for Duke",
            "messageBody": "Duke now greets user and exits right after\n",
            "tags": [
              "Level-0"
            ],
            "fileTypesAndContributionMap": {
              "java": {
                "insertions": 8,
                "deletions": 0
              }
            }
          }
        ]
      },
      {
        "date": "2020-08-23",
        "commitResults": [
          {
            "hash": "42a3e465d83e39bd4f10926fb603b97a3cab2285",
            "messageTitle": "Add echo and exit function for Walter and customize chatbot",
            "messageBody": "",
            "tags": [
              "Level-1"
            ],
            "fileTypesAndContributionMap": {
              "java": {
                "insertions": 44,
                "deletions": 12
              }
            }
          },
          {
            "hash": "5dba64e822080292e6a8244e337a61b494d84dac",
            "messageTitle": "Add ability to store and display text entered by user when requested",
            "messageBody": "",
            "tags": [
              "Level-2"
            ],
            "fileTypesAndContributionMap": {
              "java": {
                "insertions": 32,
                "deletions": 5
              }
            }
          },
          {
            "hash": "87226491d735087813a807677ee34c45217f8ca5",
            "messageTitle": "Add the ability for Walter to mark tasks as done",
            "messageBody": "",
            "tags": [
              "Level-3"
            ],
            "fileTypesAndContributionMap": {
              "java": {
                "insertions": 63,
                "deletions": 11
              }
            }
          }
        ]
      },
      {
        "date": "2020-08-25",
        "commitResults": [
          {
            "hash": "fa99f80c23f1a7c5498b2e0610b2e1589f04422f",
            "messageTitle": "Change code to comply with Java coding standard",
            "messageBody": "",
            "tags": [
              "A-CodingStandard"
            ],
            "fileTypesAndContributionMap": {
              "java": {
                "insertions": 33,
                "deletions": 24
              }
            }
          }
        ]
      },
      {
        "date": "2020-08-29",
        "commitResults": [
          {
            "hash": "bbff878d472b9ac73728411406f69b1f89957f23",
            "messageTitle": "Add support for Walter to track additional types of tasks",
            "messageBody": "",
            "tags": [
              "Level-4"
            ],
            "fileTypesAndContributionMap": {
              "java": {
                "insertions": 133,
                "deletions": 8
              }
            }
          },
          {
            "hash": "490156b969ee9f25e8efbf26b2aa2aa54aee626c",
            "messageTitle": "Remove symbols unsupported by Windows",
            "messageBody": "",
            "fileTypesAndContributionMap": {
              "java": {
                "insertions": 1,
                "deletions": 1
              }
            }
          }
        ]
      },
      {
        "date": "2020-08-30",
        "commitResults": [
          {
            "hash": "887f1a0895384021ff4c0262e686a2584530a8de",
            "messageTitle": "Add automated text UI testing files",
            "messageBody": "",
            "tags": [
              "A-TextUiTesting"
            ],
            "fileTypesAndContributionMap": {
              "txt": {
                "insertions": 9,
                "deletions": 0
              }
            }
          },
          {
            "hash": "4c9aa31dd6082cc74e19ea9ad211d22df1189a4f",
            "messageTitle": "Refactor code to improve code quality",
            "messageBody": "",
            "tags": [
              "A-CodeQuality"
            ],
            "fileTypesAndContributionMap": {
              "java": {
                "insertions": 165,
                "deletions": 79
              }
            }
          },
          {
            "hash": "4b3df1cc93712d77c266f92e6632982209aff5c0",
            "messageTitle": "Update expected output for automated testing",
            "messageBody": "",
            "fileTypesAndContributionMap": {
              "bat": {
                "insertions": 1,
                "deletions": 1
              }
            }
          }
        ]
      },
      {
        "date": "2020-09-06",
        "commitResults": [
          {
            "hash": "996cdb9741629a4532ec36b1e11b9c1fcc77c445",
            "messageTitle": "Refactor code further and declare Task as abstract class",
            "messageBody": "",
            "fileTypesAndContributionMap": {
              "java": {
                "insertions": 24,
                "deletions": 26
              }
            }
          },
          {
            "hash": "23e1611ba32fb7f8767a5e80bc6120c1e32af053",
            "messageTitle": "Add WalterException and rename Duke class to Walter",
            "messageBody": "",
            "fileTypesAndContributionMap": {
              "java": {
                "insertions": 41,
                "deletions": 28
              },
              "md": {
                "insertions": 2,
                "deletions": 2
              }
            }
          },
          {
            "hash": "4acd45e72fa86ccdffd17268d80da2617a985018",
            "messageTitle": "Add ability for Walter to handle setTaskAsDone exception",
            "messageBody": "",
            "fileTypesAndContributionMap": {
              "java": {
                "insertions": 32,
                "deletions": 20
              }
            }
          },
          {
            "hash": "24d583526e26643d3e965a6ac76a2ecc63ee8637",
            "messageTitle": "Add ability for Walter to handle addTimedEvent exception",
            "messageBody": "",
            "tags": [
              "A-Exceptions"
            ],
            "fileTypesAndContributionMap": {
              "java": {
                "insertions": 50,
                "deletions": 28
              }
            }
          },
          {
            "hash": "2a49ec36a7b28e84515055e7d64e109055bb2e57",
            "messageTitle": "Refactor files into packages and add NumberFormatException",
            "messageBody": "",
            "fileTypesAndContributionMap": {
              "java": {
                "insertions": 43,
                "deletions": 10
              },
              "md": {
                "insertions": 2,
                "deletions": 2
              }
            }
          }
        ]
      },
      {
        "date": "2020-09-10",
        "commitResults": [
          {
            "hash": "bf49773ef93a7f066002cb613105000306ac726b",
            "messageTitle": "Update code to support ArrayList",
            "messageBody": "",
            "fileTypesAndContributionMap": {
              "java": {
                "insertions": 23,
                "deletions": 29
              }
            }
          },
          {
            "hash": "68db0443911bd5a0cae4eb3d7e92b74ef6dc41cd",
            "messageTitle": "Add delete function for Walter",
            "messageBody": "",
            "tags": [
              "Level-6",
              "A-Collections"
            ],
            "fileTypesAndContributionMap": {
              "java": {
                "insertions": 46,
                "deletions": 7
              }
            }
          },
          {
            "hash": "98286aa388d02e52dde21d1e7b1b68f4190e64d0",
            "messageTitle": "Add simple file writing capability for Walter",
            "messageBody": "",
            "fileTypesAndContributionMap": {
              "txt": {
                "insertions": 0,
                "deletions": 0
              },
              "java": {
                "insertions": 88,
                "deletions": 5
              }
            }
          },
          {
            "hash": "9860e522ad861551537990a17b1fd6a9253f15b0",
            "messageTitle": "Fix issue for saving feature",
            "messageBody": "",
            "fileTypesAndContributionMap": {
              "txt": {
                "insertions": 3,
                "deletions": 0
              },
              "java": {
                "insertions": 23,
                "deletions": 7
              }
            }
          }
        ]
      },
      {
        "date": "2020-09-11",
        "commitResults": [
          {
            "hash": "ca72f1d40d562c219da616bb570fdf3d42492b9c",
            "messageTitle": "Refactor Walter code to coding standards",
            "messageBody": "",
            "fileTypesAndContributionMap": {
              "txt": {
                "insertions": 0,
                "deletions": 3
              }
            }
          },
          {
            "hash": "3e0933c9e67f3babf5fc4905029910a5037dc512",
            "messageTitle": "Refactor code to coding standards",
            "messageBody": "",
            "fileTypesAndContributionMap": {
              "java": {
                "insertions": 20,
                "deletions": 15
              }
            }
          },
          {
            "hash": "976cf8a2f9fcd836e4c57ac5aca4e86facb71a91",
            "messageTitle": "Change Walter to no longer create directory for file",
            "messageBody": "",
            "fileTypesAndContributionMap": {
              "txt": {
                "insertions": 1,
                "deletions": 0
              },
              "java": {
                "insertions": 17,
                "deletions": 10
              }
            }
          },
          {
            "hash": "0761f746acff663ffe069c9b6054474aaaf3f4f4",
            "messageTitle": "Fix task status not copying over on file read",
            "messageBody": "",
            "fileTypesAndContributionMap": {
              "txt": {
                "insertions": 5,
                "deletions": 1
              },
              "java": {
                "insertions": 21,
                "deletions": 4
              }
            }
          },
          {
            "hash": "7472a86ae65183ce90c5f131914068d114e23300",
            "messageTitle": "Add walter.txt into gitignore",
            "messageBody": "",
            "fileTypesAndContributionMap": {
              "txt": {
                "insertions": 0,
                "deletions": 5
              }
            }
          }
        ]
      },
      {
        "date": "2020-09-18",
        "commitResults": [
          {
            "hash": "e2ede936c8d4325e340a90887faacc9d1dbb537b",
            "messageTitle": "Refactor code to be more OOP based",
            "messageBody": "",
            "tags": [
              "A-MoreOOP"
            ],
            "fileTypesAndContributionMap": {
              "java": {
                "insertions": 448,
                "deletions": 370
              }
            }
          }
        ]
      },
      {
        "date": "2020-09-19",
        "commitResults": [
          {
            "hash": "5d797df68e3584a1744aa074345f762cae20fb0f",
            "messageTitle": "Implement user input as UI and parser methods",
            "messageBody": "",
            "fileTypesAndContributionMap": {
              "java": {
                "insertions": 27,
                "deletions": 10
              }
            }
          },
          {
            "hash": "79adb18b7cb08ebf3ed1a933c42199e0af274892",
            "messageTitle": "Refactor code name and introduce new parser methods",
            "messageBody": "",
            "fileTypesAndContributionMap": {
              "java": {
                "insertions": 44,
                "deletions": 45
              }
            }
          },
          {
            "hash": "ec76750337efca588aa8ca083bf988414c913c53",
            "messageTitle": "Import java date and time classes",
            "messageBody": "",
            "fileTypesAndContributionMap": {
              "java": {
                "insertions": 3,
                "deletions": 0
              }
            }
          },
          {
            "hash": "bf5b77b6b101593180bce459567763cd52687fd2",
            "messageTitle": "Add method to parse date information",
            "messageBody": "",
            "fileTypesAndContributionMap": {
              "java": {
                "insertions": 40,
                "deletions": 0
              }
            }
          },
          {
            "hash": "fdfca32f3d873381114bacf3e1386414a09dfac4",
            "messageTitle": "Add method to determine date into Deadline and Event commands",
            "messageBody": "",
            "fileTypesAndContributionMap": {
              "java": {
                "insertions": 39,
                "deletions": 10
              }
            }
          },
          {
            "hash": "2d59236bd4d53fd440188979a75501dbc2b76bf2",
            "messageTitle": "Add saving of dates to Walter.txt",
            "messageBody": "",
            "fileTypesAndContributionMap": {
              "java": {
                "insertions": 47,
                "deletions": 17
              }
            }
          },
          {
            "hash": "5c34db6f5ed8fd32c60612e85781f1cf23593034",
            "messageTitle": "Add date filtering with streams",
            "messageBody": "",
            "fileTypesAndContributionMap": {
              "java": {
                "insertions": 39,
                "deletions": 9
              }
            }
          }
        ]
      },
      {
        "date": "2020-09-20",
        "commitResults": [
          {
            "hash": "b58f7bae94482f2141e71125efefdaf95f118fa6",
            "messageTitle": "Add schedule command to list all tasks on entered date",
            "messageBody": "",
            "fileTypesAndContributionMap": {
              "java": {
                "insertions": 18,
                "deletions": 5
              }
            }
          },
          {
            "hash": "951c5a5c9e9317fc5540d68bf3cc300b23fff72e",
            "messageTitle": "Add findTask method into TaskList Class",
            "messageBody": "",
            "fileTypesAndContributionMap": {
              "java": {
                "insertions": 6,
                "deletions": 0
              }
            }
          },
          {
            "hash": "9dac539500fd5c5e1ead4d8bd47f1eff165085f5",
            "messageTitle": "Add search function with streams",
            "messageBody": "",
            "fileTypesAndContributionMap": {
              "java": {
                "insertions": 17,
                "deletions": 3
              }
            }
          },
          {
            "hash": "76109ec69a90a433897a8d8d784923163fcbad60",
            "messageTitle": "Add printing of search results for find command",
            "messageBody": "",
            "tags": [
              "Level-9"
            ],
            "fileTypesAndContributionMap": {
              "java": {
                "insertions": 64,
                "deletions": 35
              }
            }
          },
          {
            "hash": "8a68ba54a627d70ef5088e1743e38457e0db2185",
            "messageTitle": "Refactor code to reduce repeated code",
            "messageBody": "",
            "fileTypesAndContributionMap": {
              "java": {
                "insertions": 68,
                "deletions": 38
              }
            }
          },
          {
            "hash": "50cc452bee5f1ad678253fc974dbf5b48eda2134",
            "messageTitle": "Add Javadoc commnets for functions",
            "messageBody": "",
            "fileTypesAndContributionMap": {
              "java": {
                "insertions": 46,
                "deletions": 20
              }
            }
          }
        ]
      },
      {
        "date": "2020-09-23",
        "commitResults": [
          {
            "hash": "d9fffd2fe245e334d77e5a2f498db1f17d4dc9e2",
            "messageTitle": "Rename Duke to Walter in description and remove unused import",
            "messageBody": "",
            "fileTypesAndContributionMap": {
              "java": {
                "insertions": 1,
                "deletions": 2
              }
            }
          },
          {
            "hash": "d4ea887e8a082ba404e5e182d890efd725f721ce",
            "messageTitle": "Add Javadoc comments for UI class",
            "messageBody": "",
            "fileTypesAndContributionMap": {
              "java": {
                "insertions": 34,
                "deletions": 4
              }
            }
          },
          {
            "hash": "afad071a0dfe3e99f9e574df18e15861535f874e",
            "messageTitle": "Add JavaDoc comments to Storage class and refactor writeToFile method",
            "messageBody": "",
            "fileTypesAndContributionMap": {
              "java": {
                "insertions": 50,
                "deletions": 17
              }
            }
          },
          {
            "hash": "5da1d96532c7f7ad280883709b6724cd94ef09a3",
            "messageTitle": "Update Javadoc for Parser class and refactor methods to include more SLAP",
            "messageBody": "",
            "fileTypesAndContributionMap": {
              "java": {
                "insertions": 87,
                "deletions": 20
              }
            }
          },
          {
            "hash": "7ab6026a831f793effb67cda1a4dc3555ee65641",
            "messageTitle": "Refactor code to use less static methods",
            "messageBody": "",
            "fileTypesAndContributionMap": {
              "java": {
                "insertions": 32,
                "deletions": 15
              }
            }
          },
          {
            "hash": "22a17acb8e8fca8b1383aa56de27c9d44bda2086",
            "messageTitle": "Refactor TaskList to not use static methods",
            "messageBody": "",
            "fileTypesAndContributionMap": {
              "java": {
                "insertions": 26,
                "deletions": 23
              }
            }
          },
          {
            "hash": "fd12da3d5a29b8c07b040669ce08a2c691c3e3ad",
            "messageTitle": "Add JavaDoc for TaskList class",
            "messageBody": "",
            "fileTypesAndContributionMap": {
              "java": {
                "insertions": 59,
                "deletions": 24
              }
            }
          },
          {
            "hash": "892b6247912b8e77439210befdc0204262e8a567",
            "messageTitle": "Refactor code to comply with Java coding standards",
            "messageBody": "",
            "fileTypesAndContributionMap": {
              "java": {
                "insertions": 21,
                "deletions": 12
              }
            }
          },
          {
            "hash": "949cf9cfd05dcbe04abd8b474d50021f8dcab35a",
            "messageTitle": "Repackage classes into component package",
            "messageBody": "",
            "fileTypesAndContributionMap": {
              "java": {
                "insertions": 8,
                "deletions": 4
              }
            }
          },
          {
            "hash": "740940ff4a9178f3511c9789d66c350ace11827a",
            "messageTitle": "Add clear command to clear all tasks",
            "messageBody": "",
            "fileTypesAndContributionMap": {
              "java": {
                "insertions": 99,
                "deletions": 41
              }
            }
          },
          {
            "hash": "04e1701886f8ebd5fc84a57491ad8ea4908bc353",
            "messageTitle": "Add rough skeleton flow to user guide",
            "messageBody": "",
            "fileTypesAndContributionMap": {
              "md": {
                "insertions": 34,
                "deletions": 13
              }
            }
          }
        ]
      },
      {
        "date": "2020-09-24",
        "commitResults": [
          {
            "hash": "6f1eecb503bb50efb3eff224d76e534c4a170c31",
            "messageTitle": "Update quick start section of user guide",
            "messageBody": "",
            "fileTypesAndContributionMap": {
              "md": {
                "insertions": 25,
                "deletions": 0
              }
            }
          },
          {
            "hash": "3314f195a1a13212e579e94f6c244a30f5b249db",
            "messageTitle": "Update JavaDoc comment to comply with correct coding standard",
            "messageBody": "",
            "fileTypesAndContributionMap": {
              "java": {
                "insertions": 3,
                "deletions": 1
              }
            }
          },
          {
            "hash": "4bbc51a6ccff0d1d9a38fcf4764189587b37bcde",
            "messageTitle": "Add feature header note on command formats to user guide",
            "messageBody": "",
            "fileTypesAndContributionMap": {
              "md": {
                "insertions": 13,
                "deletions": 3
              }
            }
          },
          {
            "hash": "8e985c6c88586e797b6b523e1303eb8f1da02070",
            "messageTitle": "Add feature section to user guide",
            "messageBody": "",
            "fileTypesAndContributionMap": {
              "md": {
                "insertions": 87,
                "deletions": 0
              }
            }
          },
          {
            "hash": "201df8cb4d505d57a55fa66d0a5937ff677027fc",
            "messageTitle": "Add FAQ and command summary session to User Guide",
            "messageBody": "",
            "fileTypesAndContributionMap": {
              "md": {
                "insertions": 23,
                "deletions": 1
              }
            }
          }
        ]
      },
      {
        "date": "2020-09-25",
        "commitResults": [
          {
            "hash": "6549fccf5a4e0d46366dbe9d6838227c5599d786",
            "messageTitle": "Add help command",
            "messageBody": "",
            "fileTypesAndContributionMap": {
              "java": {
                "insertions": 34,
                "deletions": 0
              }
            }
          },
          {
            "hash": "b1e7f682d94cd0f8ad869b3a43299280a2957fba",
            "messageTitle": "Add image to UserGuide",
            "messageBody": "",
            "fileTypesAndContributionMap": {
              "md": {
                "insertions": 1,
                "deletions": 0
              }
            }
          },
          {
            "hash": "e27fd69fd5d20da8d830236b4e61b9f26509efd2",
            "messageTitle": "Change icons due to unrecognisable figures",
            "messageBody": "",
            "fileTypesAndContributionMap": {
              "java": {
                "insertions": 5,
                "deletions": 5
              }
            }
          },
          {
            "hash": "93d0f601f13315081c7e299c5262a43c5d53f885",
            "messageTitle": "Fix image link for user guide",
            "messageBody": "",
            "fileTypesAndContributionMap": {
              "md": {
                "insertions": 1,
                "deletions": 1
              }
            }
          },
          {
            "hash": "87b13b418959a806adb048c036015f43ed0cf2ce",
            "messageTitle": "Update image link",
            "messageBody": "",
            "fileTypesAndContributionMap": {
              "md": {
                "insertions": 1,
                "deletions": 1
              }
            }
          },
          {
            "hash": "bc48d578886ad757367a7f3277fadf863e2c65ad",
            "messageTitle": "Add image to user guide",
            "messageBody": "",
            "fileTypesAndContributionMap": {
              "md": {
                "insertions": 2,
                "deletions": 2
              }
            }
          },
          {
            "hash": "72e277fcf5c60bd23f003d3cda5152339bb2b5c6",
            "messageTitle": "Add help, event and deadline images",
            "messageBody": "",
            "fileTypesAndContributionMap": {
              "md": {
                "insertions": 43,
                "deletions": 3
              }
            }
          },
          {
            "hash": "75c397fbfdc4a2f32dbdafb4aeb00e190199ab07",
            "messageTitle": "Add remaining images to user guide",
            "messageBody": "",
            "fileTypesAndContributionMap": {
              "md": {
                "insertions": 12,
                "deletions": 1
              }
            }
          },
          {
            "hash": "c5046c768f3291f2f62fc4a0feb64666dfb26d4b",
            "messageTitle": "Update help menu description and edit photo",
            "messageBody": "",
            "fileTypesAndContributionMap": {
              "java": {
                "insertions": 1,
                "deletions": 1
              }
            }
          },
          {
            "hash": "6a20e02b01b65730c0db2574228661636753e70c",
            "messageTitle": "Fix typos and other erros in user guide",
            "messageBody": "",
            "tags": [
              "A-UserGuide"
            ],
            "fileTypesAndContributionMap": {
              "md": {
                "insertions": 9,
                "deletions": 9
              }
            }
          },
          {
            "hash": "274dfb3a3f7cf2c032dc3770476e424f53961ee0",
            "messageTitle": "Refactor taskList to private variable, update javadoc comments",
            "messageBody": "",
            "fileTypesAndContributionMap": {
              "java": {
                "insertions": 4,
                "deletions": 5
              }
            }
          }
        ]
      },
      {
        "date": "2020-09-26",
        "commitResults": [
          {
            "hash": "2f22d97fb2292610cffe6c682a1c2e3d923e06c2",
            "messageTitle": "Fix broken link in user guide",
            "messageBody": "",
            "fileTypesAndContributionMap": {
              "md": {
                "insertions": 2,
                "deletions": 2
              }
            }
          }
        ]
      }
    ]
  },
  "authorFileTypeContributionMap": {
    "dojh111": {
      "java": 1221,
      "md": 227,
      "sh": 0,
      "bat": 1,
      "gradle": 0,
      "txt": 9
    }
  },
  "authorContributionVariance": {
    "dojh111": 29256.732
  },
  "authorDisplayNameMap": {
    "dojh111": "CS2113T-W13-4 DANZ..HERN"
  }
}
