{
  "authorDailyContributionsMap": {
    "dixoncwc": [
      {
        "date": "2020-08-21",
        "commitResults": [
          {
            "hash": "82b09a65ef99abc2df5b3b12983710ae30ee857d",
            "messageTitle": "Level 0",
            "messageBody": "",
            "tags": [
              "Level-0"
            ],
            "fileTypesAndContributionMap": {
              "java": {
                "insertions": 7,
                "deletions": 0
              }
            }
          }
        ]
      },
      {
        "date": "2020-08-25",
        "commitResults": [
          {
            "hash": "fdc80d49485a1ef59809b2963d4e87c651eb8169",
            "messageTitle": "Level1-Greet,Echo,Exit",
            "messageBody": "",
            "tags": [
              "Level-1"
            ],
            "fileTypesAndContributionMap": {
              "java": {
                "insertions": 30,
                "deletions": 4
              }
            }
          },
          {
            "hash": "b6f50dd3bf488c7e3ddf3666d9232bb4d767e7cc",
            "messageTitle": "Level-2-Add,list",
            "messageBody": "",
            "tags": [
              "Level-2"
            ],
            "fileTypesAndContributionMap": {
              "java": {
                "insertions": 18,
                "deletions": 4
              }
            }
          },
          {
            "hash": "a88e5a6e6d3034963a7504aca23712f7f978b3e6",
            "messageTitle": "Level-3: Mark as Done",
            "messageBody": "",
            "tags": [
              "Level-4",
              "Level-3",
              "A-CodingStandard"
            ],
            "fileTypesAndContributionMap": {
              "java": {
                "insertions": 34,
                "deletions": 4
              }
            }
          }
        ]
      },
      {
        "date": "2020-09-01",
        "commitResults": [
          {
            "hash": "eb6b7d907f164b1fa37d6251992b665294eac8dd",
            "messageTitle": "Level 4 - ToDos, Events, Deadlines",
            "messageBody": "",
            "tags": [
              "A-TextUiTesting"
            ],
            "fileTypesAndContributionMap": {
              "java": {
                "insertions": 114,
                "deletions": 15
              }
            }
          },
          {
            "hash": "515e17c16fc68a92e80b079546721b4d2d7f0620",
            "messageTitle": "A-TextUiTesting",
            "messageBody": "",
            "tags": [
              "A-CodeQuality"
            ],
            "fileTypesAndContributionMap": {
              "txt": {
                "insertions": 4,
                "deletions": 0
              },
              "java": {
                "insertions": 51,
                "deletions": 64
              },
              "bat": {
                "insertions": 2,
                "deletions": 2
              },
              "sh": {
                "insertions": 2,
                "deletions": 2
              }
            }
          }
        ]
      },
      {
        "date": "2020-09-03",
        "commitResults": [
          {
            "hash": "17a4df5b214264bce0350c806898b5522e5b8f69",
            "messageTitle": "Level 4. ToDos, Events, Deadlines (Updated)",
            "messageBody": "",
            "fileTypesAndContributionMap": {
              "java": {
                "insertions": 3,
                "deletions": 3
              }
            }
          }
        ]
      },
      {
        "date": "2020-09-07",
        "commitResults": [
          {
            "hash": "ff2b9383971b44973c15cae4bf6ec17289564330",
            "messageTitle": "Level 5 - Handle Errors",
            "messageBody": "",
            "tags": [
              "Level-5",
              "A-Exceptions"
            ],
            "fileTypesAndContributionMap": {
              "java": {
                "insertions": 70,
                "deletions": 46
              }
            }
          }
        ]
      },
      {
        "date": "2020-09-14",
        "commitResults": [
          {
            "hash": "e91d8be1f80ccbca7b2f8efc3c9f20c15ee0c9f6",
            "messageTitle": "Level-6: Delete",
            "messageBody": "",
            "fileTypesAndContributionMap": {
              "java": {
                "insertions": 85,
                "deletions": 49
              }
            }
          },
          {
            "hash": "86474ced9b69982642e65e9c2da1691f64e9169f",
            "messageTitle": "Level-7: Save and Load",
            "messageBody": "",
            "fileTypesAndContributionMap": {
              "txt": {
                "insertions": 4,
                "deletions": 0
              },
              "java": {
                "insertions": 231,
                "deletions": 56
              }
            }
          },
          {
            "hash": "41e5f8182f3b1452f7f215e4dc9940277cb96831",
            "messageTitle": "Resolve some errors",
            "messageBody": "",
            "fileTypesAndContributionMap": {
              "java": {
                "insertions": 1,
                "deletions": 1
              }
            }
          }
        ]
      }
    ]
  },
  "authorFileTypeContributionMap": {
    "dixoncwc": {
      "java": 362,
      "md": 0,
      "sh": 2,
      "bat": 2,
      "gradle": 0,
      "txt": 8
    }
  },
  "authorContributionVariance": {
    "dixoncwc": 7643.4634
  },
  "authorDisplayNameMap": {
    "dixoncwc": "CS2113-T16-1 DIXO..CHUN"
  }
}
