{
  "authorDailyContributionsMap": {
    "xieyaoyue": [
      {
        "date": "2020-08-21",
        "commitResults": [
          {
            "hash": "3c35676a22869031b406e31de66e041757235531",
            "messageTitle": "Greet, Echo, Exit",
            "messageBody": "",
            "tags": [
              "Level-1"
            ],
            "fileTypesAndContributionMap": {
              "java": {
                "insertions": 11,
                "deletions": 0
              }
            }
          },
          {
            "hash": "f660c6f126ab895eb29abe54c666223041f6adf7",
            "messageTitle": "Add, List",
            "messageBody": "",
            "tags": [
              "Level-2"
            ],
            "fileTypesAndContributionMap": {
              "java": {
                "insertions": 11,
                "deletions": 0
              }
            }
          },
          {
            "hash": "ad97f35e194c1f1b3432290ee9ec8359f5cb8f87",
            "messageTitle": "Mark as Done",
            "messageBody": "",
            "tags": [
              "Level-3",
              "A-CodingStandard"
            ],
            "fileTypesAndContributionMap": {
              "java": {
                "insertions": 34,
                "deletions": 9
              }
            }
          }
        ]
      },
      {
        "date": "2020-08-28",
        "commitResults": [
          {
            "hash": "57a92f8486d47ca442fd24eab3122cab74ed48b2",
            "messageTitle": "Todo, Event, Deadline",
            "messageBody": "",
            "tags": [
              "Level-4"
            ],
            "fileTypesAndContributionMap": {
              "java": {
                "insertions": 79,
                "deletions": 13
              }
            }
          },
          {
            "hash": "606a49d8c181d6e1a87126957ecc39031f374363",
            "messageTitle": "Introduce constant \u0027MAX_TASK\u0027",
            "messageBody": "",
            "tags": [
              "A-CodeQuality"
            ],
            "fileTypesAndContributionMap": {
              "java": {
                "insertions": 2,
                "deletions": 1
              }
            }
          }
        ]
      },
      {
        "date": "2020-09-05",
        "commitResults": [
          {
            "hash": "108220aa61365e06d9046ac7fd75da55cd3d4983",
            "messageTitle": "Handle Errors",
            "messageBody": "",
            "tags": [
              "A-Exceptions"
            ],
            "fileTypesAndContributionMap": {
              "java": {
                "insertions": 116,
                "deletions": 20
              }
            }
          },
          {
            "hash": "ac46cf65e4f117a438c1fd9ac124955b81e54b05",
            "messageTitle": "Organize into Packages",
            "messageBody": "",
            "tags": [
              "A-Packages"
            ],
            "fileTypesAndContributionMap": {
              "java": {
                "insertions": 71,
                "deletions": 37
              },
              "bat": {
                "insertions": 2,
                "deletions": 2
              },
              "md": {
                "insertions": 2,
                "deletions": 2
              }
            }
          }
        ]
      },
      {
        "date": "2020-09-07",
        "commitResults": [
          {
            "hash": "0b1c2bab8b1334929b62145010e2d8233d165ed0",
            "messageTitle": "Update text-ui-test",
            "messageBody": "",
            "tags": [
              "A-TextUiTesting"
            ],
            "fileTypesAndContributionMap": {
              "txt": {
                "insertions": 1,
                "deletions": 0
              },
              "java": {
                "insertions": 62,
                "deletions": 16
              },
              "bat": {
                "insertions": 1,
                "deletions": 1
              }
            }
          }
        ]
      },
      {
        "date": "2020-09-09",
        "commitResults": [
          {
            "hash": "c8c17fb7a9a54b8e75512d10c634fbe7f3eae7d7",
            "messageTitle": "Add \u0027Delete\u0027 function",
            "messageBody": "",
            "tags": [
              "Level-6",
              "A-Collections"
            ],
            "fileTypesAndContributionMap": {
              "java": {
                "insertions": 1,
                "deletions": 10
              }
            }
          }
        ]
      },
      {
        "date": "2020-09-13",
        "commitResults": [
          {
            "hash": "f1cd7f511ea0b0f169358fa18cf4f3095c769521",
            "messageTitle": "Add save function",
            "messageBody": "",
            "tags": [
              "Level-7"
            ],
            "fileTypesAndContributionMap": {
              "java": {
                "insertions": 118,
                "deletions": 26
              }
            }
          }
        ]
      },
      {
        "date": "2020-09-14",
        "commitResults": [
          {
            "hash": "9c2fa6bd50dbee73ee4de6643967eb2185b12349",
            "messageTitle": "Create a JAR file",
            "messageBody": "",
            "tags": [
              "v0.1",
              "A-Jar"
            ],
            "fileTypesAndContributionMap": {
              "java": {
                "insertions": 12,
                "deletions": 7
              }
            }
          }
        ]
      },
      {
        "date": "2020-09-19",
        "commitResults": [
          {
            "hash": "3e79e58a9a8a5615cc9cce3c0beeb8e32e702249",
            "messageTitle": "Use more OOP",
            "messageBody": "",
            "fileTypesAndContributionMap": {
              "java": {
                "insertions": 429,
                "deletions": 249
              }
            }
          },
          {
            "hash": "df8462d629fe5b93b9f2eb2d0415d2de30fc7492",
            "messageTitle": "Add more command classes",
            "messageBody": "",
            "tags": [
              "A-MoreOOP"
            ],
            "fileTypesAndContributionMap": {
              "txt": {
                "insertions": 0,
                "deletions": 0
              },
              "java": {
                "insertions": 197,
                "deletions": 104
              }
            }
          },
          {
            "hash": "29b4621d251ebd43e2862dcb11723b42622772a9",
            "messageTitle": "Dates and Times",
            "messageBody": "",
            "tags": [
              "Level-8"
            ],
            "fileTypesAndContributionMap": {
              "java": {
                "insertions": 12,
                "deletions": 0
              }
            }
          }
        ]
      },
      {
        "date": "2020-09-21",
        "commitResults": [
          {
            "hash": "f7ee426bdd296eaf0c376ff6ff02820bdda95519",
            "messageTitle": "Find",
            "messageBody": "",
            "tags": [
              "Level-9"
            ],
            "fileTypesAndContributionMap": {
              "java": {
                "insertions": 110,
                "deletions": 18
              }
            }
          }
        ]
      },
      {
        "date": "2020-09-22",
        "commitResults": [
          {
            "hash": "aa1dc927570f557e655ae3d26444b77367822e15",
            "messageTitle": "JavaDoc",
            "messageBody": "",
            "fileTypesAndContributionMap": {
              "java": {
                "insertions": 206,
                "deletions": 12
              }
            }
          },
          {
            "hash": "c1c35d61ca07e6be50d61a467f029a2a314ba2f3",
            "messageTitle": "Add more comments",
            "messageBody": "",
            "fileTypesAndContributionMap": {
              "java": {
                "insertions": 29,
                "deletions": 8
              }
            }
          }
        ]
      },
      {
        "date": "2020-09-23",
        "commitResults": [
          {
            "hash": "2938d39621636cd3bdc6a0c215b2483f97fb9529",
            "messageTitle": "Update README.md",
            "messageBody": "",
            "tags": [
              "A-UserGuide"
            ],
            "fileTypesAndContributionMap": {
              "md": {
                "insertions": 74,
                "deletions": 16
              }
            }
          }
        ]
      }
    ]
  },
  "authorFileTypeContributionMap": {
    "xieyaoyue": {
      "java": 986,
      "md": 76,
      "sh": 0,
      "bat": 2,
      "gradle": 0,
      "txt": 1
    }
  },
  "authorContributionVariance": {
    "xieyaoyue": 25984.463
  },
  "authorDisplayNameMap": {
    "xieyaoyue": "CS2113T-F14-2 XIE ..OYUE"
  }
}
