{
  "authorDailyContributionsMap": {
    "AmeliaTYR": [
      {
        "date": "2020-08-25",
        "commitResults": [
          {
            "hash": "ecf205cd8811d9282e75dc89c0291b83fa49908c",
            "messageTitle": "Add hello and farewell messages",
            "messageBody": "",
            "tags": [
              "Level-0"
            ],
            "fileTypesAndContributionMap": {
              "java": {
                "insertions": 8,
                "deletions": 0
              }
            }
          },
          {
            "hash": "f88534777a8d814780ce8e4d893f6e1f41990682",
            "messageTitle": "Implement \"echo, greet, exit\"",
            "messageBody": "",
            "tags": [
              "Level-1"
            ],
            "fileTypesAndContributionMap": {
              "java": {
                "insertions": 46,
                "deletions": 10
              }
            }
          },
          {
            "hash": "2c27459c63a3717a56dfd0a3c0f627aafcb0a9d1",
            "messageTitle": "Modify chatbot name and logo",
            "messageBody": "",
            "fileTypesAndContributionMap": {
              "java": {
                "insertions": 26,
                "deletions": 10
              }
            }
          },
          {
            "hash": "457a294ca03735b658b9db87f3d052a0a30e644e",
            "messageTitle": "Implement \"add\" and \"list\" functions",
            "messageBody": "",
            "tags": [
              "Level-2"
            ],
            "fileTypesAndContributionMap": {
              "java": {
                "insertions": 83,
                "deletions": 9
              }
            }
          },
          {
            "hash": "1c2e223aa5846167e4b34abdbb4b10abfa6a3515",
            "messageTitle": "Add \"Mark as done\" implementation",
            "messageBody": "",
            "tags": [
              "Level-3"
            ],
            "fileTypesAndContributionMap": {
              "java": {
                "insertions": 56,
                "deletions": 11
              }
            }
          },
          {
            "hash": "bbd2eb65121737b7829bda37bd96cc9d36e39093",
            "messageTitle": "Modify code according to coding standard",
            "messageBody": "",
            "tags": [
              "A-CodingStandard"
            ],
            "fileTypesAndContributionMap": {
              "java": {
                "insertions": 45,
                "deletions": 35
              }
            }
          }
        ]
      },
      {
        "date": "2020-08-29",
        "commitResults": [
          {
            "hash": "933466003bff680f40184292f46e1a1f6ed32592",
            "messageTitle": "Replace unicode symbols with hex values",
            "messageBody": "",
            "fileTypesAndContributionMap": {
              "java": {
                "insertions": 119,
                "deletions": 84
              }
            }
          },
          {
            "hash": "25084c077f747f234ae2fdd0d4565764179e9ed2",
            "messageTitle": "Create Deadline, Event and ToDo classes",
            "messageBody": "",
            "fileTypesAndContributionMap": {
              "java": {
                "insertions": 49,
                "deletions": 0
              }
            }
          }
        ]
      },
      {
        "date": "2020-08-30",
        "commitResults": [
          {
            "hash": "1bab73356d5026a1fef5c9640695c50caf7a0c47",
            "messageTitle": "Add help command text",
            "messageBody": "",
            "fileTypesAndContributionMap": {
              "java": {
                "insertions": 236,
                "deletions": 86
              }
            }
          },
          {
            "hash": "52a1b44006581d6b2e126cde88f8240ea4742413",
            "messageTitle": "Add function descriptions and reorganise code",
            "messageBody": "",
            "fileTypesAndContributionMap": {
              "java": {
                "insertions": 44,
                "deletions": 32
              }
            }
          },
          {
            "hash": "e8590b6216834bb875862a5ae31e9630ba9854fb",
            "messageTitle": "Implement \"ToDos, Events, Deadlines\"",
            "messageBody": "",
            "tags": [
              "Level-4"
            ],
            "fileTypesAndContributionMap": {
              "java": {
                "insertions": 75,
                "deletions": 49
              }
            }
          },
          {
            "hash": "e5e904d52073ddf70719de14d17f8b5fe9ce8ce8",
            "messageTitle": "Improve Event and Deadline to accept proper dates",
            "messageBody": "",
            "fileTypesAndContributionMap": {
              "java": {
                "insertions": 137,
                "deletions": 15
              }
            }
          }
        ]
      },
      {
        "date": "2020-08-31",
        "commitResults": [
          {
            "hash": "921fbde57bc9096d43c8a347cd1106df9d5a6916",
            "messageTitle": "Extract method to parse date",
            "messageBody": "",
            "fileTypesAndContributionMap": {
              "java": {
                "insertions": 91,
                "deletions": 84
              }
            }
          },
          {
            "hash": "7ace704dc1462a2957ecc66806dbec1a8f388cfa",
            "messageTitle": "Improve code quality",
            "messageBody": "",
            "tags": [
              "A-CodeQuality"
            ],
            "fileTypesAndContributionMap": {
              "java": {
                "insertions": 93,
                "deletions": 91
              }
            }
          },
          {
            "hash": "6089784ddcbdb1eaf6b5a1207bb60a4f68437286",
            "messageTitle": "Ignore newline userinput",
            "messageBody": "",
            "fileTypesAndContributionMap": {
              "java": {
                "insertions": 4,
                "deletions": 2
              }
            }
          }
        ]
      },
      {
        "date": "2020-09-01",
        "commitResults": [
          {
            "hash": "5884cd90656d88c1010760794ef12818f2c5e637",
            "messageTitle": "Test using the I/O redirection technique",
            "messageBody": "",
            "tags": [
              "A-TextUiTesting"
            ],
            "fileTypesAndContributionMap": {
              "txt": {
                "insertions": 26,
                "deletions": 0
              },
              "java": {
                "insertions": 39,
                "deletions": 12
              },
              "bat": {
                "insertions": 8,
                "deletions": 4
              }
            }
          }
        ]
      },
      {
        "date": "2020-09-02",
        "commitResults": [
          {
            "hash": "a4cbe3a413658612b01d8e2c869fe5653e2f1c46",
            "messageTitle": "Extract method to get user input",
            "messageBody": "",
            "fileTypesAndContributionMap": {
              "txt": {
                "insertions": 6,
                "deletions": 2
              },
              "java": {
                "insertions": 34,
                "deletions": 13
              },
              "bat": {
                "insertions": 1,
                "deletions": 0
              }
            }
          }
        ]
      },
      {
        "date": "2020-09-04",
        "commitResults": [
          {
            "hash": "5bbf433a47e9d8d4c3d7a141f8f4669761f33954",
            "messageTitle": "Test Markdown annotation",
            "messageBody": "",
            "fileTypesAndContributionMap": {
              "md": {
                "insertions": 6,
                "deletions": 0
              }
            }
          },
          {
            "hash": "d8ba8cffde211c9b08f4a6c01cd440053644b2b9",
            "messageTitle": "Edit README.md file",
            "messageBody": "",
            "fileTypesAndContributionMap": {
              "md": {
                "insertions": 7,
                "deletions": 12
              }
            }
          }
        ]
      },
      {
        "date": "2020-09-08",
        "commitResults": [
          {
            "hash": "689ac2ce0e486e6b8251dcc811536815d390d55c",
            "messageTitle": "Create package for string and int constants",
            "messageBody": "",
            "fileTypesAndContributionMap": {
              "java": {
                "insertions": 232,
                "deletions": 154
              },
              "bat": {
                "insertions": 2,
                "deletions": 2
              },
              "md": {
                "insertions": 2,
                "deletions": 2
              }
            }
          },
          {
            "hash": "df7e2f42558494c044f10542a34dc9054245d6a8",
            "messageTitle": "Handle errors using exceptions",
            "messageBody": "",
            "tags": [
              "A-Exceptions"
            ],
            "fileTypesAndContributionMap": {
              "java": {
                "insertions": 125,
                "deletions": 70
              }
            }
          },
          {
            "hash": "c2fd44e76550b724e064361be0b84d4ff47a387d",
            "messageTitle": "Modify README file",
            "messageBody": "",
            "fileTypesAndContributionMap": {
              "md": {
                "insertions": 6,
                "deletions": 1
              }
            }
          },
          {
            "hash": "1f8a952e0ab4f9dfab97c744df82f48f8c013f12",
            "messageTitle": "Refactor strings into finalObjects package",
            "messageBody": "",
            "fileTypesAndContributionMap": {
              "java": {
                "insertions": 92,
                "deletions": 77
              },
              "bat": {
                "insertions": 2,
                "deletions": 1
              }
            }
          },
          {
            "hash": "695ec067b67a5a4f092afe1779a0abee522982d6",
            "messageTitle": "Extract print functions as package",
            "messageBody": "",
            "tags": [
              "A-Packages"
            ],
            "fileTypesAndContributionMap": {
              "java": {
                "insertions": 57,
                "deletions": 47
              }
            }
          },
          {
            "hash": "bc060c7363ae8b6a0323a414e3b48ab16474531c",
            "messageTitle": "Update runtest.bat to include new packages",
            "messageBody": "",
            "fileTypesAndContributionMap": {
              "bat": {
                "insertions": 1,
                "deletions": 1
              }
            }
          }
        ]
      },
      {
        "date": "2020-09-10",
        "commitResults": [
          {
            "hash": "b2056188c9233c43d0bc4c03b6fa2af6668ec00a",
            "messageTitle": "Change package names",
            "messageBody": "",
            "fileTypesAndContributionMap": {
              "java": {
                "insertions": 2,
                "deletions": 2
              }
            }
          },
          {
            "hash": "66e6003b382114929d1c7c9e97b50204c7940d2a",
            "messageTitle": "Change TootiePrintFunctions to Printer",
            "messageBody": "",
            "fileTypesAndContributionMap": {
              "java": {
                "insertions": 9,
                "deletions": 9
              }
            }
          },
          {
            "hash": "70aa763c014f0955a2bb9d111c070635bba3f383",
            "messageTitle": "Update runtest.bat to include package",
            "messageBody": "* include Printers package\n",
            "fileTypesAndContributionMap": {
              "java": {
                "insertions": 1,
                "deletions": 1
              },
              "bat": {
                "insertions": 1,
                "deletions": 1
              }
            }
          },
          {
            "hash": "100be656459642fce2daa55ce13ce69278c414fb",
            "messageTitle": "Revert \"Handle errors using exceptions\"",
            "messageBody": "This reverts commit df7e2f42558494c044f10542a34dc9054245d6a8.\n",
            "fileTypesAndContributionMap": {
              "java": {
                "insertions": 70,
                "deletions": 125
              }
            }
          }
        ]
      },
      {
        "date": "2020-09-15",
        "commitResults": [
          {
            "hash": "7d2b36388e8d8ab3ed8d989d63e18ac4d261e8e5",
            "messageTitle": "Fix README.md merge conflict",
            "messageBody": "",
            "fileTypesAndContributionMap": {
              "md": {
                "insertions": 1,
                "deletions": 10
              }
            }
          },
          {
            "hash": "d01d391820563c7d8b54beed0187a3d69c3800e6",
            "messageTitle": "Implement \"save\" and \"read\" functionality",
            "messageBody": "",
            "fileTypesAndContributionMap": {
              "txt": {
                "insertions": 29,
                "deletions": 0
              },
              "java": {
                "insertions": 303,
                "deletions": 7
              }
            }
          },
          {
            "hash": "bb8454da885007803268f80231061164a61ff70a",
            "messageTitle": "Revert \"Revert \"Update printing and implement \"delete\"\"\"",
            "messageBody": "This reverts commit 1358636aacdb84515f063e9c3c37bc414bba4322.\n",
            "fileTypesAndContributionMap": {
              "txt": {
                "insertions": 12,
                "deletions": 4
              },
              "java": {
                "insertions": 70,
                "deletions": 38
              }
            }
          },
          {
            "hash": "3df7a54c58b54448e5b10f503de607d6e1f91dc0",
            "messageTitle": "Update merged file",
            "messageBody": "",
            "fileTypesAndContributionMap": {
              "txt": {
                "insertions": 6,
                "deletions": 3
              },
              "java": {
                "insertions": 2,
                "deletions": 0
              }
            }
          },
          {
            "hash": "2c1e82e16737742a4c47054ae7a0f473971a8ee5",
            "messageTitle": "Modify JAR file",
            "messageBody": "",
            "tags": [
              "v1.0"
            ],
            "fileTypesAndContributionMap": {
              "java": {
                "insertions": 50,
                "deletions": 11
              }
            }
          }
        ]
      },
      {
        "date": "2020-09-19",
        "commitResults": [
          {
            "hash": "704125f5d50dc61bcb19118a049c21c654cbe33e",
            "messageTitle": "Implement \"undone\" command",
            "messageBody": "",
            "fileTypesAndContributionMap": {
              "txt": {
                "insertions": 38,
                "deletions": 8
              },
              "java": {
                "insertions": 200,
                "deletions": 94
              }
            }
          }
        ]
      },
      {
        "date": "2020-09-21",
        "commitResults": [
          {
            "hash": "5fe215ed9991510fe2a72614a24525697c296bab",
            "messageTitle": "Rename clickerMessages to ClickerMessages",
            "messageBody": "",
            "fileTypesAndContributionMap": {
              "java": {
                "insertions": 64,
                "deletions": 40
              }
            }
          },
          {
            "hash": "64183b352f6a973dbf48d488b77a4ac8967c10bd",
            "messageTitle": "Revert \"Rename clickerMessages to ClickerMessages\"",
            "messageBody": "This reverts commit 5fe215ed9991510fe2a72614a24525697c296bab.\n",
            "fileTypesAndContributionMap": {
              "java": {
                "insertions": 40,
                "deletions": 64
              }
            }
          },
          {
            "hash": "a5fe88fea5739e3ab3e1e4463da21ae3411bfe19",
            "messageTitle": "Rename CommandType Enums",
            "messageBody": "",
            "fileTypesAndContributionMap": {
              "java": {
                "insertions": 64,
                "deletions": 40
              }
            }
          }
        ]
      },
      {
        "date": "2020-09-22",
        "commitResults": [
          {
            "hash": "14a5423cf2c2a845e3aed66e8878e041b80409d2",
            "messageTitle": "Fix allTasks.txt loading",
            "messageBody": "",
            "fileTypesAndContributionMap": {
              "txt": {
                "insertions": 21,
                "deletions": 0
              },
              "java": {
                "insertions": 9,
                "deletions": 6
              }
            }
          },
          {
            "hash": "0f0f8bf47600631acc3e833d26e8be8efe4e7812",
            "messageTitle": "Fix allTasks.txt save location",
            "messageBody": "",
            "fileTypesAndContributionMap": {
              "txt": {
                "insertions": 11,
                "deletions": 17
              },
              "java": {
                "insertions": 371,
                "deletions": 162
              }
            }
          },
          {
            "hash": "097e90d7f2f0186a473fd9b79d99db20398f4285",
            "messageTitle": "Move some commands into classes",
            "messageBody": "",
            "fileTypesAndContributionMap": {
              "java": {
                "insertions": 28,
                "deletions": 0
              }
            }
          },
          {
            "hash": "8abdf1ef2c764f8ce55414c13cfe154d46633c93",
            "messageTitle": "Move more methods into classes",
            "messageBody": "",
            "fileTypesAndContributionMap": {
              "txt": {
                "insertions": 52,
                "deletions": 9
              },
              "java": {
                "insertions": 1211,
                "deletions": 978
              }
            }
          }
        ]
      },
      {
        "date": "2020-09-23",
        "commitResults": [
          {
            "hash": "b559e353c8285991828ae5daa688d7bafb412c5c",
            "messageTitle": "Update text-ui-test",
            "messageBody": "",
            "fileTypesAndContributionMap": {
              "txt": {
                "insertions": 54,
                "deletions": 9
              },
              "java": {
                "insertions": 345,
                "deletions": 181
              },
              "bat": {
                "insertions": 1,
                "deletions": 1
              }
            }
          },
          {
            "hash": "de1b1a857aceaed0d578bd151b0985f3b9f37daa",
            "messageTitle": "Modify TextUi aesthetics",
            "messageBody": "",
            "fileTypesAndContributionMap": {
              "txt": {
                "insertions": 9,
                "deletions": 5
              },
              "java": {
                "insertions": 1,
                "deletions": 1
              }
            }
          },
          {
            "hash": "245e99d9e88ca36ecb91d18fe9c91fe30bf7dbe1",
            "messageTitle": "Modify code to have more OOP",
            "messageBody": "",
            "tags": [
              "A-MoreOOP"
            ],
            "fileTypesAndContributionMap": {
              "java": {
                "insertions": 65,
                "deletions": 56
              }
            }
          },
          {
            "hash": "a37b38e69645512d4c2e17540a62903cead6aee1",
            "messageTitle": "Add templates for guides",
            "messageBody": "",
            "fileTypesAndContributionMap": {
              "md": {
                "insertions": 91,
                "deletions": 0
              }
            }
          }
        ]
      }
    ]
  },
  "authorFileTypeContributionMap": {
    "AmeliaTYR": {
      "java": 1956,
      "md": 105,
      "sh": 0,
      "bat": 9,
      "gradle": 0,
      "txt": 207
    }
  },
  "authorContributionVariance": {
    "AmeliaTYR": 233141.75
  },
  "authorDisplayNameMap": {
    "AmeliaTYR": "CS2113T-W11-4 TAN ..ELIA"
  }
}
