{
  "authorDailyContributionsMap": {
    "neilbaner": [
      {
        "date": "2020-08-26",
        "commitResults": [
          {
            "hash": "f8ac1f7ede3fa3bd3c3c227d60bf89514fe423f7",
            "messageTitle": "Start the project",
            "messageBody": "",
            "fileTypesAndContributionMap": {
              "java": {
                "insertions": 15,
                "deletions": 6
              }
            }
          },
          {
            "hash": "c42dc3e11101a9cb22d60646720f6471269200cc",
            "messageTitle": "Add echo, greet, goodbye",
            "messageBody": "Add user input, ability to echo the input, ability to quit",
            "tags": [
              "Level-1"
            ],
            "fileTypesAndContributionMap": {
              "java": {
                "insertions": 14,
                "deletions": 0
              }
            }
          },
          {
            "hash": "64e72b765fe182b13e14912f1c2bc79ab66e9ffd",
            "messageTitle": "Create Task and TaskList",
            "messageBody": "Create classes for Task and TaskList to be implemented",
            "tags": [
              "A-Collections",
              "A-Classes"
            ],
            "fileTypesAndContributionMap": {
              "java": {
                "insertions": 51,
                "deletions": 0
              }
            }
          },
          {
            "hash": "0b19ee6e3cff9cd0fa5ffc382dd21758146dbb94",
            "messageTitle": "Add Done property of Task",
            "messageBody": "",
            "fileTypesAndContributionMap": {
              "java": {
                "insertions": 20,
                "deletions": 0
              }
            }
          },
          {
            "hash": "930e53ce9d46de28da5fbb46368160f3eab1cdcf",
            "messageTitle": "Add more methods to TaskList",
            "messageBody": "Add ability to get list size, mark a task as done, get a specific task. Modify delete to throw exception to be handled by main.",
            "fileTypesAndContributionMap": {
              "java": {
                "insertions": 14,
                "deletions": 7
              }
            }
          },
          {
            "hash": "8fe1e1aba732aa0094a50813479f44abbd89ac7d",
            "messageTitle": "Implement Add, List",
            "messageBody": "Add the ability to add tasks and view a list of tasks",
            "tags": [
              "Level-2"
            ],
            "fileTypesAndContributionMap": {
              "java": {
                "insertions": 23,
                "deletions": 5
              }
            }
          },
          {
            "hash": "db7dc9f1859ae37573b0661b17dd7b0167757482",
            "messageTitle": "Implement Mark As Done",
            "messageBody": "Add a basic implementation of mark as done, to add more features later. ",
            "tags": [
              "Level-3"
            ],
            "fileTypesAndContributionMap": {
              "java": {
                "insertions": 16,
                "deletions": 1
              }
            }
          }
        ]
      },
      {
        "date": "2020-08-27",
        "commitResults": [
          {
            "hash": "59095b9c98de84990a4b5b6b5520adb8c775a602",
            "messageTitle": "Improve formatting",
            "messageBody": "Improve both code formatting plus output formatting. ",
            "tags": [
              "A-CodingStandard"
            ],
            "fileTypesAndContributionMap": {
              "java": {
                "insertions": 36,
                "deletions": 18
              }
            }
          }
        ]
      },
      {
        "date": "2020-08-30",
        "commitResults": [
          {
            "hash": "cb4bfb0874ddac66a0ec3c1daff6ac00b4aea168",
            "messageTitle": "Create subclasses for different types of tasks",
            "messageBody": "Create subclasses ToDo, Event and Deadline for the three different types of tasks for level 4. \n",
            "tags": [
              "A-Inheritance"
            ],
            "fileTypesAndContributionMap": {
              "java": {
                "insertions": 34,
                "deletions": 0
              }
            }
          },
          {
            "hash": "5d4ffa3f19edc66efc8cec32637d4462070b2f08",
            "messageTitle": "Add print() method to Task and subclasses",
            "messageBody": "Add a print() method to Task and override it for each of the subclasses, to implement polymorphism so that we can easily print a list of different types of Tasks",
            "fileTypesAndContributionMap": {
              "java": {
                "insertions": 27,
                "deletions": 0
              }
            }
          },
          {
            "hash": "8b6d3ec9d45db9bf983041767124eaeae01242e6",
            "messageTitle": "Reimplement list with Task.print(), add ToDo type",
            "messageBody": "Reimplemented the list function using the newly created Task.print() and the subclasses. Much cleaner now. Also rewrote the basic add task function to be a To-Do item instead. ",
            "fileTypesAndContributionMap": {
              "java": {
                "insertions": 14,
                "deletions": 21
              }
            }
          },
          {
            "hash": "59f246c487fd77809a87ce8f601f7a54bceafb1d",
            "messageTitle": "Implement Event and Deadline",
            "messageBody": "Add the ability to add Event and Deadline type tasks as required for Level 4. ",
            "tags": [
              "Level-4"
            ],
            "fileTypesAndContributionMap": {
              "java": {
                "insertions": 32,
                "deletions": 3
              }
            }
          },
          {
            "hash": "c54fbd41457d9d03f1d6969801267dbc62209574",
            "messageTitle": "Fixed output formatting",
            "messageBody": "Fixed some errant spaces in the print output",
            "fileTypesAndContributionMap": {
              "java": {
                "insertions": 2,
                "deletions": 2
              }
            }
          },
          {
            "hash": "1508dfaea3f54e18b8dcfcd7dd6af158f7502066",
            "messageTitle": "Add Messages class",
            "messageBody": "Added a Messages class to print messages, implementing SLAP to some extent. ",
            "fileTypesAndContributionMap": {
              "java": {
                "insertions": 65,
                "deletions": 37
              }
            }
          },
          {
            "hash": "11541dc2445915065e98ce7dade1c4d1b67a6f00",
            "messageTitle": "Fixed minor formatting",
            "messageBody": "",
            "fileTypesAndContributionMap": {
              "java": {
                "insertions": 15,
                "deletions": 15
              }
            }
          }
        ]
      },
      {
        "date": "2020-09-04",
        "commitResults": [
          {
            "hash": "bdd111d70a4a430cc5fb116ed640f9d443c7f23c",
            "messageTitle": "Replace print() with toString()",
            "messageBody": "Initially forgot about toString() existing. New implementation overrides the Object.toString() so printing can be handled by the main method. ",
            "fileTypesAndContributionMap": {
              "java": {
                "insertions": 10,
                "deletions": 17
              }
            }
          },
          {
            "hash": "8e41fd4b86767de9e6678eb0f4ad3162c11a3bdf",
            "messageTitle": "Refactor input parsing methods",
            "messageBody": "Refactor the complex methods to parse the input string into separate methods to improve readability. ",
            "tags": [
              "A-CodeQuality"
            ],
            "fileTypesAndContributionMap": {
              "java": {
                "insertions": 59,
                "deletions": 33
              }
            }
          },
          {
            "hash": "a4d265ea4b21f5fb23b4d30d00ca09c95ba4e785",
            "messageTitle": "Create packages for duke",
            "messageBody": "Split all the various classes into packages for better organisation. ",
            "tags": [
              "A-Packages"
            ],
            "fileTypesAndContributionMap": {
              "java": {
                "insertions": 97,
                "deletions": 85
              }
            }
          },
          {
            "hash": "02a589731cbab32adf5c3cc3b10fc46c61f41ed9",
            "messageTitle": "Reorganise some packaging and import statements",
            "messageBody": "",
            "fileTypesAndContributionMap": {
              "java": {
                "insertions": 13,
                "deletions": 9
              }
            }
          }
        ]
      },
      {
        "date": "2020-09-06",
        "commitResults": [
          {
            "hash": "48888b41ae5fea0ceeb4fa84869e17359fcedde6",
            "messageTitle": "Add first custom exception",
            "messageBody": "Add a new type of exception (UnknownCommandException) to be thrown when Duke receives a command he doesn\u0027t know how to handle. ",
            "fileTypesAndContributionMap": {
              "java": {
                "insertions": 10,
                "deletions": 0
              }
            }
          },
          {
            "hash": "8317e111b999e3e8408982eeff3801bf3679ce7f",
            "messageTitle": "Add new printable error and help messages",
            "messageBody": "Add multiple new printable error and help messages, to be used when Duke throws an exception, or otherwise (including adding a help command later).",
            "fileTypesAndContributionMap": {
              "java": {
                "insertions": 74,
                "deletions": 9
              }
            }
          },
          {
            "hash": "ebf6ad892f34122d7864a76f89e7088e94b39b3d",
            "messageTitle": "Add TaskIndexOutOfBoundsException",
            "messageBody": "Add an exception to be thrown when the number input to mark as done doesn\u0027t exist in the list. ",
            "fileTypesAndContributionMap": {
              "java": {
                "insertions": 10,
                "deletions": 0
              }
            }
          },
          {
            "hash": "33dbbc5e848b2346f94a8ac55950dbdff90600f1",
            "messageTitle": "Add DukeException abstract class",
            "messageBody": "Add a new class DukeException for all other exceptions to inherit from",
            "fileTypesAndContributionMap": {
              "java": {
                "insertions": 8,
                "deletions": 0
              }
            }
          },
          {
            "hash": "ba45da04745122f5486d9f7d229447cc09a41c4c",
            "messageTitle": "Modify existing exceptions to use DukeException",
            "messageBody": "Modify the existing TaskIndexOutOfBoundsException and UnknownCommandException to extend DukeException and override the printErrorMessage() method. ",
            "fileTypesAndContributionMap": {
              "java": {
                "insertions": 11,
                "deletions": 3
              }
            }
          },
          {
            "hash": "239d93d76975d9545e7434cf5ee1b6b3103272bf",
            "messageTitle": "Add 3 new exception types",
            "messageBody": "",
            "fileTypesAndContributionMap": {
              "java": {
                "insertions": 32,
                "deletions": 0
              }
            }
          },
          {
            "hash": "ddef263c07dde491a4f710e689b36f8e025daf5b",
            "messageTitle": "Bug fix",
            "messageBody": "",
            "fileTypesAndContributionMap": {
              "java": {
                "insertions": 1,
                "deletions": 1
              }
            }
          },
          {
            "hash": "0c74252080151b9d89ab7043fb87d46d284bb77a",
            "messageTitle": "Add more exceptions",
            "messageBody": "",
            "fileTypesAndContributionMap": {
              "java": {
                "insertions": 25,
                "deletions": 1
              }
            }
          },
          {
            "hash": "827b346bdb5b858659df46db4bffb0bd5ada5882",
            "messageTitle": "Begin implementing exceptions",
            "messageBody": "Begin to implement the exceptions in the main Duke class. ",
            "fileTypesAndContributionMap": {
              "java": {
                "insertions": 18,
                "deletions": 6
              }
            }
          }
        ]
      },
      {
        "date": "2020-09-10",
        "commitResults": [
          {
            "hash": "2e280a9126e732df3dfa5d68eef1c15e3476e9cf",
            "messageTitle": "Make task abstract",
            "messageBody": "",
            "tags": [
              "A-AbstractClasses"
            ],
            "fileTypesAndContributionMap": {
              "java": {
                "insertions": 1,
                "deletions": 1
              }
            }
          }
        ]
      },
      {
        "date": "2020-09-13",
        "commitResults": [
          {
            "hash": "c7b6826e00aab49605f289523f71c1a577c71d90",
            "messageTitle": "Implement changes as per comments on PR.",
            "messageBody": "",
            "fileTypesAndContributionMap": {
              "java": {
                "insertions": 10,
                "deletions": 9
              }
            }
          }
        ]
      },
      {
        "date": "2020-09-14",
        "commitResults": [
          {
            "hash": "26e79adc03f08b66deb5cd2e21ebd28b21422c77",
            "messageTitle": "Create a class to generate random messages based on the text files",
            "messageBody": "",
            "fileTypesAndContributionMap": {
              "java": {
                "insertions": 39,
                "deletions": 0
              }
            }
          },
          {
            "hash": "a44bdd5c0dee856fb43e3525c99c5a0742d3fccf",
            "messageTitle": "Update messages class to use the randomly generated messages",
            "messageBody": "",
            "fileTypesAndContributionMap": {
              "java": {
                "insertions": 9,
                "deletions": 3
              }
            }
          }
        ]
      }
    ]
  },
  "authorFileTypeContributionMap": {
    "neilbaner": {
      "java": 520,
      "md": 0,
      "sh": 0,
      "bat": 0,
      "gradle": 0,
      "txt": 0
    }
  },
  "authorContributionVariance": {
    "neilbaner": 6786.2017
  },
  "authorDisplayNameMap": {
    "neilbaner": "CS2113T-T12-3 NEIL..RJEE"
  }
}
