{
  "authorDailyContributionsMap": {
    "homingjun": [
      {
        "date": "2020-08-14",
        "commitResults": [
          {
            "hash": "e166a8f37fd9c8355370025ee800111337669cd5",
            "messageTitle": "Level 0. Greet",
            "messageBody": "",
            "tags": [
              "Level-0"
            ],
            "fileTypesAndContributionMap": {
              "java": {
                "insertions": 7,
                "deletions": 0
              }
            }
          }
        ]
      },
      {
        "date": "2020-08-17",
        "commitResults": [
          {
            "hash": "7ba380fb2be2008539c19c56b2126f77767e55be",
            "messageTitle": "Level 1",
            "messageBody": "",
            "tags": [
              "Level-1"
            ],
            "fileTypesAndContributionMap": {
              "java": {
                "insertions": 19,
                "deletions": 0
              }
            }
          },
          {
            "hash": "2cd523bb0ad00d000d9cb8b4294068c91476b2ca",
            "messageTitle": "Level 2",
            "messageBody": "",
            "tags": [
              "Level-2"
            ],
            "fileTypesAndContributionMap": {
              "java": {
                "insertions": 20,
                "deletions": 10
              }
            }
          }
        ]
      },
      {
        "date": "2020-08-22",
        "commitResults": [
          {
            "hash": "476e37dad5a5a7db236e56c2f8fff8dc31a9653d",
            "messageTitle": "Level 3 \u0026 A-CodingStandard",
            "messageBody": "",
            "tags": [
              "Level-3"
            ],
            "fileTypesAndContributionMap": {
              "java": {
                "insertions": 51,
                "deletions": 34
              }
            }
          }
        ]
      },
      {
        "date": "2020-08-27",
        "commitResults": [
          {
            "hash": "cb3b930cafc5454912c79acc01fea7fff20372bd",
            "messageTitle": "Revamp code arrangement to improve clarity and follow A-Coding standards",
            "messageBody": "",
            "tags": [
              "A-CodingStandard"
            ],
            "fileTypesAndContributionMap": {
              "java": {
                "insertions": 59,
                "deletions": 31
              }
            }
          }
        ]
      },
      {
        "date": "2020-08-31",
        "commitResults": [
          {
            "hash": "f839ef9d90d6d849de4987b56ad95c72dc6a516e",
            "messageTitle": "Level 4 and updated bot personality",
            "messageBody": "",
            "tags": [
              "Level-4"
            ],
            "fileTypesAndContributionMap": {
              "java": {
                "insertions": 148,
                "deletions": 70
              },
              "bat": {
                "insertions": 1,
                "deletions": 1
              }
            }
          },
          {
            "hash": "1c9cd97073469b2b5f53b28dcdd2337df330941d",
            "messageTitle": "Implementing A-TextUiTesting",
            "messageBody": "",
            "fileTypesAndContributionMap": {
              "txt": {
                "insertions": 14,
                "deletions": 0
              },
              "java": {
                "insertions": 2,
                "deletions": 1
              }
            }
          },
          {
            "hash": "aa07e799c6f15e601fdc25487dfde142a67f0a6c",
            "messageTitle": "Implemented A-TextUITesting",
            "messageBody": "",
            "tags": [
              "A-TextUiTesting"
            ],
            "fileTypesAndContributionMap": {
              "txt": {
                "insertions": 2,
                "deletions": 2
              },
              "java": {
                "insertions": 0,
                "deletions": 0
              }
            }
          },
          {
            "hash": "2c9f6bd0becad953a1a7d18fb446257e305ee5b2",
            "messageTitle": "A-CodeQuality",
            "messageBody": "",
            "tags": [
              "A-CodeQuality"
            ],
            "fileTypesAndContributionMap": {
              "java": {
                "insertions": 129,
                "deletions": 32
              }
            }
          },
          {
            "hash": "6d65c407221f5c8e13350f5d669d1ecd807c23d1",
            "messageTitle": "Minor changes to comments",
            "messageBody": "",
            "fileTypesAndContributionMap": {
              "java": {
                "insertions": 1,
                "deletions": 1
              }
            }
          }
        ]
      },
      {
        "date": "2020-09-03",
        "commitResults": [
          {
            "hash": "34dc0e6a72103f66fb72e5a7832ef720ad3e0bf8",
            "messageTitle": "A-CodeQuality updated v1.0",
            "messageBody": "",
            "fileTypesAndContributionMap": {
              "java": {
                "insertions": 26,
                "deletions": 28
              }
            }
          },
          {
            "hash": "fd2d67979aac76dd04b43f299944125166f9e4f9",
            "messageTitle": "A-TextUiTesting updated v1.0",
            "messageBody": "",
            "fileTypesAndContributionMap": {
              "txt": {
                "insertions": 2,
                "deletions": 1
              }
            }
          },
          {
            "hash": "60f7ad68aec3294efdefd973df49e5818d9ceeed",
            "messageTitle": "Fixed a minor inconsistency",
            "messageBody": "",
            "fileTypesAndContributionMap": {
              "java": {
                "insertions": 2,
                "deletions": 2
              }
            }
          }
        ]
      },
      {
        "date": "2020-09-04",
        "commitResults": [
          {
            "hash": "d9719de630210dcdd579f7007732a49aa21ec5ec",
            "messageTitle": "Refactored code to improve readability. Updated constants.",
            "messageBody": "",
            "fileTypesAndContributionMap": {
              "java": {
                "insertions": 80,
                "deletions": 37
              }
            }
          }
        ]
      },
      {
        "date": "2020-09-06",
        "commitResults": [
          {
            "hash": "0bd86adac3360ab36d9be778b0f01457d7abef60",
            "messageTitle": "Rearranged some methods and classes to improve readability.",
            "messageBody": "",
            "fileTypesAndContributionMap": {
              "java": {
                "insertions": 40,
                "deletions": 46
              }
            }
          },
          {
            "hash": "1f07433656f79b570af712a84f32c892ae0aa974",
            "messageTitle": "Minor change to improve readability",
            "messageBody": "",
            "fileTypesAndContributionMap": {
              "java": {
                "insertions": 4,
                "deletions": 4
              }
            }
          },
          {
            "hash": "aae0f21e7da180ab5a0ae0e2d8fab4124e6a549c",
            "messageTitle": "Refactored some variables into class level members",
            "messageBody": "",
            "fileTypesAndContributionMap": {
              "java": {
                "insertions": 87,
                "deletions": 67
              }
            }
          }
        ]
      },
      {
        "date": "2020-09-07",
        "commitResults": [
          {
            "hash": "00dd21e1764d6b3174cb84686ee4341f12c753db",
            "messageTitle": "Added exception handling to Duke",
            "messageBody": "",
            "tags": [
              "A-Exceptions"
            ],
            "fileTypesAndContributionMap": {
              "java": {
                "insertions": 105,
                "deletions": 30
              }
            }
          }
        ]
      },
      {
        "date": "2020-09-08",
        "commitResults": [
          {
            "hash": "9995588674cc65f575c581468318a497c6992607",
            "messageTitle": "Refactored name for better readability",
            "messageBody": "",
            "fileTypesAndContributionMap": {
              "java": {
                "insertions": 3,
                "deletions": 3
              }
            }
          }
        ]
      },
      {
        "date": "2020-09-10",
        "commitResults": [
          {
            "hash": "1d2200e77cc5d54623f5caef7ece3da1c295f39d",
            "messageTitle": "Packaged Duke classes",
            "messageBody": "",
            "tags": [
              "A-Packages"
            ],
            "fileTypesAndContributionMap": {
              "java": {
                "insertions": 272,
                "deletions": 225
              },
              "bat": {
                "insertions": 1,
                "deletions": 1
              }
            }
          },
          {
            "hash": "ddd61589b14725df8fc0486db33569399a78e2fa",
            "messageTitle": "Change Task class to abstract",
            "messageBody": "",
            "tags": [
              "A-Collections"
            ],
            "fileTypesAndContributionMap": {
              "java": {
                "insertions": 1,
                "deletions": 1
              }
            }
          }
        ]
      },
      {
        "date": "2020-09-14",
        "commitResults": [
          {
            "hash": "f9ba5da56125d969d3b984fb94db97a446b51676",
            "messageTitle": "Added delete function. Refactored some variables and comments.",
            "messageBody": "",
            "tags": [
              "Level-6"
            ],
            "fileTypesAndContributionMap": {
              "txt": {
                "insertions": 1,
                "deletions": 0
              },
              "java": {
                "insertions": 118,
                "deletions": 111
              },
              "bat": {
                "insertions": 1,
                "deletions": 1
              }
            }
          }
        ]
      },
      {
        "date": "2020-09-16",
        "commitResults": [
          {
            "hash": "58b648eeab5f71910269472c5975ac803902517b",
            "messageTitle": "Added save and load tasks feature",
            "messageBody": "",
            "tags": [
              "Level-7"
            ],
            "fileTypesAndContributionMap": {
              "txt": {
                "insertions": 1,
                "deletions": 0
              },
              "java": {
                "insertions": 193,
                "deletions": 34
              }
            }
          },
          {
            "hash": "d0091dce332d964f0007663c1353ff1676027a3e",
            "messageTitle": "Refactored some parts of the code and fixed formatting issues",
            "messageBody": "",
            "fileTypesAndContributionMap": {
              "txt": {
                "insertions": 0,
                "deletions": 3
              },
              "java": {
                "insertions": 74,
                "deletions": 60
              }
            }
          }
        ]
      },
      {
        "date": "2020-09-22",
        "commitResults": [
          {
            "hash": "65da15c8de06a4225b145c1c095b113529c7dc77",
            "messageTitle": "Fixed some formatting",
            "messageBody": "",
            "fileTypesAndContributionMap": {
              "java": {
                "insertions": 5,
                "deletions": 9
              }
            }
          },
          {
            "hash": "964e462ab428d4dbf12b34ea56bf7935ff27cde4",
            "messageTitle": "Implement more OOP",
            "messageBody": "",
            "fileTypesAndContributionMap": {
              "java": {
                "insertions": 433,
                "deletions": 293
              }
            }
          }
        ]
      },
      {
        "date": "2020-09-23",
        "commitResults": [
          {
            "hash": "c6ebb4690e839ee48e601ac6de1ce8904db9fa97",
            "messageTitle": "Implement even more OOP",
            "messageBody": "",
            "fileTypesAndContributionMap": {
              "java": {
                "insertions": 153,
                "deletions": 123
              }
            }
          }
        ]
      }
    ]
  },
  "authorFileTypeContributionMap": {
    "homingjun": {
      "java": 791,
      "md": 0,
      "sh": 0,
      "bat": 2,
      "gradle": 0,
      "txt": 16
    }
  },
  "authorContributionVariance": {
    "homingjun": 26141.473
  },
  "authorDisplayNameMap": {
    "homingjun": "CS2113T-F11-4 HO M.. JUN"
  }
}
