{
  "authorDailyContributionsMap": {
    "jazhten": [
      {
        "date": "2020-08-26",
        "commitResults": [
          {
            "hash": "71b3cfac9c1d7be3f4755dee7d12199c194ad729",
            "messageTitle": "Add basic Duke echo reply functionality",
            "messageBody": "",
            "tags": [
              "Level-1"
            ],
            "fileTypesAndContributionMap": {
              "java": {
                "insertions": 14,
                "deletions": 1
              }
            }
          },
          {
            "hash": "e2aa297c2c7bb8cae6e2fbaae101a9abc0795c79",
            "messageTitle": "Add the ability to store text entered by user and display back when requested",
            "messageBody": "",
            "tags": [
              "Level-2"
            ],
            "fileTypesAndContributionMap": {
              "java": {
                "insertions": 13,
                "deletions": 2
              }
            }
          },
          {
            "hash": "e4fe9651506c2bd9887d8fd091dfbe3023988de2",
            "messageTitle": "Add the ability to mark tasks as done.",
            "messageBody": "",
            "tags": [
              "Level-3",
              "A-CodingStandard"
            ],
            "fileTypesAndContributionMap": {
              "java": {
                "insertions": 37,
                "deletions": 3
              }
            }
          }
        ]
      },
      {
        "date": "2020-08-31",
        "commitResults": [
          {
            "hash": "acbee6af34cd49471692a156a6fa853857770aeb",
            "messageTitle": "Add Todos Add Deadlines Add Events",
            "messageBody": "",
            "tags": [
              "Level-4"
            ],
            "fileTypesAndContributionMap": {
              "java": {
                "insertions": 80,
                "deletions": 16
              }
            }
          },
          {
            "hash": "cdaf44294690e3b1c2702096d995df00562d7363",
            "messageTitle": "Add Automated Text UI Testing",
            "messageBody": "",
            "tags": [
              "A-TextUiTesting"
            ],
            "fileTypesAndContributionMap": {
              "txt": {
                "insertions": 11,
                "deletions": 0
              },
              "java": {
                "insertions": 3,
                "deletions": 3
              },
              "sh": {
                "insertions": 1,
                "deletions": 1
              }
            }
          }
        ]
      },
      {
        "date": "2020-09-01",
        "commitResults": [
          {
            "hash": "08b9dea7539f288507c5cb8d8d4583d63d1c2830",
            "messageTitle": "Improve code quality",
            "messageBody": "",
            "tags": [
              "A-CodeQuality"
            ],
            "fileTypesAndContributionMap": {
              "java": {
                "insertions": 48,
                "deletions": 30
              }
            }
          }
        ]
      },
      {
        "date": "2020-09-09",
        "commitResults": [
          {
            "hash": "71b848fed712b1da628514d68e391f910f2aeff7",
            "messageTitle": "Add error handling capabilities",
            "messageBody": "",
            "fileTypesAndContributionMap": {
              "java": {
                "insertions": 210,
                "deletions": 82
              }
            }
          },
          {
            "hash": "90e9f57cd289c6f92a7b84d455ea1d46a72b9714",
            "messageTitle": "Add some spaces for code readability",
            "messageBody": "",
            "tags": [
              "Level-5",
              "A-Exceptions"
            ],
            "fileTypesAndContributionMap": {
              "java": {
                "insertions": 2,
                "deletions": 0
              }
            }
          }
        ]
      },
      {
        "date": "2020-09-15",
        "commitResults": [
          {
            "hash": "5e223b0b9d501204e272c9a8dc6d11243df72159",
            "messageTitle": "Add delete function",
            "messageBody": "",
            "fileTypesAndContributionMap": {
              "txt": {
                "insertions": 3,
                "deletions": 0
              },
              "java": {
                "insertions": 53,
                "deletions": 14
              },
              "bat": {
                "insertions": 1,
                "deletions": 1
              }
            }
          },
          {
            "hash": "2d86636809c5b707f81e2da3b277e97d4b7056fd",
            "messageTitle": "Clean the code",
            "messageBody": "",
            "tags": [
              "Level-6",
              "A-Collections"
            ],
            "fileTypesAndContributionMap": {
              "java": {
                "insertions": 5,
                "deletions": 9
              }
            }
          },
          {
            "hash": "3ea140132988316b531bf402c506fb597501d684",
            "messageTitle": "Add Save function",
            "messageBody": "",
            "fileTypesAndContributionMap": {
              "java": {
                "insertions": 120,
                "deletions": 4
              }
            }
          },
          {
            "hash": "bf586a32ed641e5b5bb12429a0b6c2be69b6dc05",
            "messageTitle": "Resolve merge conflicts",
            "messageBody": "",
            "tags": [
              "v0.1",
              "Level-7",
              "A-Jar"
            ],
            "fileTypesAndContributionMap": {
              "java": {
                "insertions": 28,
                "deletions": 28
              }
            }
          }
        ]
      }
    ]
  },
  "authorFileTypeContributionMap": {
    "jazhten": {
      "java": 434,
      "md": 0,
      "sh": 1,
      "bat": 1,
      "gradle": 0,
      "txt": 14
    }
  },
  "authorContributionVariance": {
    "jazhten": 4875.027
  },
  "authorDisplayNameMap": {
    "jazhten": "CS2113T-W12-3 JAZH..SHEN"
  }
}
