[
  {
    "path": "README.md",
    "fileType": "md",
    "lines": [
      {
        "lineNumber": 1,
        "author": {
          "gitId": "Reinbowl"
        },
        "content": "# duke.Duke project template"
      },
      {
        "lineNumber": 2,
        "author": {
          "gitId": "-"
        },
        "content": ""
      },
      {
        "lineNumber": 3,
        "author": {
          "gitId": "-"
        },
        "content": "This is a project template for a greenfield Java project. It\u0027s named after the Java mascot _Duke_. Given below are instructions on how to use it."
      },
      {
        "lineNumber": 4,
        "author": {
          "gitId": "-"
        },
        "content": ""
      },
      {
        "lineNumber": 5,
        "author": {
          "gitId": "-"
        },
        "content": "## Setting up in Intellij"
      },
      {
        "lineNumber": 6,
        "author": {
          "gitId": "-"
        },
        "content": ""
      },
      {
        "lineNumber": 7,
        "author": {
          "gitId": "-"
        },
        "content": "Prerequisites: JDK 11, update Intellij to the most recent version."
      },
      {
        "lineNumber": 8,
        "author": {
          "gitId": "-"
        },
        "content": ""
      },
      {
        "lineNumber": 9,
        "author": {
          "gitId": "-"
        },
        "content": "1. Open Intellij (if you are not in the welcome screen, click `File` \u003e `Close Project` to close the existing project dialog first)"
      },
      {
        "lineNumber": 10,
        "author": {
          "gitId": "-"
        },
        "content": "1. Set up the correct JDK version, as follows:"
      },
      {
        "lineNumber": 11,
        "author": {
          "gitId": "-"
        },
        "content": "   1. Click `Configure` \u003e `Structure for New Projects` and then `Project Settings` \u003e `Project` \u003e `Project SDK`"
      },
      {
        "lineNumber": 12,
        "author": {
          "gitId": "-"
        },
        "content": "   1. If JDK 11 is listed in the drop down, select it. If it is not, click `New...` and select the directory where you installed JDK 11"
      },
      {
        "lineNumber": 13,
        "author": {
          "gitId": "-"
        },
        "content": "   1. Click `OK`"
      },
      {
        "lineNumber": 14,
        "author": {
          "gitId": "-"
        },
        "content": "1. Import the project into Intellij as follows:"
      },
      {
        "lineNumber": 15,
        "author": {
          "gitId": "-"
        },
        "content": "   1. Click `Open or Import`."
      },
      {
        "lineNumber": 16,
        "author": {
          "gitId": "-"
        },
        "content": "   1. Select the project directory, and click `OK`"
      },
      {
        "lineNumber": 17,
        "author": {
          "gitId": "-"
        },
        "content": "   1. If there are any further prompts, accept the defaults."
      },
      {
        "lineNumber": 18,
        "author": {
          "gitId": "Reinbowl"
        },
        "content": "1. After the importing is complete, locate the `src/main/java/duke.Duke.java` file, right-click it, and choose `Run duke.Duke.main()`. If the setup is correct, you should see something like the below:"
      },
      {
        "lineNumber": 19,
        "author": {
          "gitId": "-"
        },
        "content": "   ```"
      },
      {
        "lineNumber": 20,
        "author": {
          "gitId": "-"
        },
        "content": "   Hello from"
      },
      {
        "lineNumber": 21,
        "author": {
          "gitId": "-"
        },
        "content": "    ____        _        "
      },
      {
        "lineNumber": 22,
        "author": {
          "gitId": "-"
        },
        "content": "   |  _ \\ _   _| | _____ "
      },
      {
        "lineNumber": 23,
        "author": {
          "gitId": "-"
        },
        "content": "   | | | | | | | |/ / _ \\"
      },
      {
        "lineNumber": 24,
        "author": {
          "gitId": "-"
        },
        "content": "   | |_| | |_| |   \u003c  __/"
      },
      {
        "lineNumber": 25,
        "author": {
          "gitId": "-"
        },
        "content": "   |____/ \\__,_|_|\\_\\___|"
      },
      {
        "lineNumber": 26,
        "author": {
          "gitId": "-"
        },
        "content": "   ```"
      }
    ],
    "authorContributionMap": {
      "-": 24,
      "Reinbowl": 2
    }
  },
  {
    "path": "src/main/java/duke/Duke.java",
    "fileType": "java",
    "lines": [
      {
        "lineNumber": 1,
        "author": {
          "gitId": "Reinbowl"
        },
        "content": "package duke;"
      },
      {
        "lineNumber": 2,
        "author": {
          "gitId": "Reinbowl"
        },
        "content": ""
      },
      {
        "lineNumber": 3,
        "author": {
          "gitId": "Reinbowl"
        },
        "content": "import duke.task.Deadline;"
      },
      {
        "lineNumber": 4,
        "author": {
          "gitId": "Reinbowl"
        },
        "content": "import duke.task.Event;"
      },
      {
        "lineNumber": 5,
        "author": {
          "gitId": "Reinbowl"
        },
        "content": "import duke.task.Task;"
      },
      {
        "lineNumber": 6,
        "author": {
          "gitId": "Reinbowl"
        },
        "content": "import duke.task.ToDo;"
      },
      {
        "lineNumber": 7,
        "author": {
          "gitId": "Reinbowl"
        },
        "content": ""
      },
      {
        "lineNumber": 8,
        "author": {
          "gitId": "Reinbowl"
        },
        "content": "import java.util.ArrayList;"
      },
      {
        "lineNumber": 9,
        "author": {
          "gitId": "Reinbowl"
        },
        "content": "import java.util.List;"
      },
      {
        "lineNumber": 10,
        "author": {
          "gitId": "Reinbowl"
        },
        "content": "import java.util.Scanner;"
      },
      {
        "lineNumber": 11,
        "author": {
          "gitId": "Reinbowl"
        },
        "content": ""
      },
      {
        "lineNumber": 12,
        "author": {
          "gitId": "-"
        },
        "content": "public class Duke {"
      },
      {
        "lineNumber": 13,
        "author": {
          "gitId": "Reinbowl"
        },
        "content": "    private static final String LINE \u003d \"~~~~~~~~~~~~~~~~~~~~~~~~~~~~~~~~~~~~~~~~~~~~~~~~~~~~~~~~~~~~~~~~~~~~~~~~~~~~~\";"
      },
      {
        "lineNumber": 14,
        "author": {
          "gitId": "Reinbowl"
        },
        "content": "    private static final Scanner input \u003d new Scanner(System.in);"
      },
      {
        "lineNumber": 15,
        "author": {
          "gitId": "Reinbowl"
        },
        "content": ""
      },
      {
        "lineNumber": 16,
        "author": {
          "gitId": "Reinbowl"
        },
        "content": "    private static final String COMMAND_BYE \u003d \"bye\";"
      },
      {
        "lineNumber": 17,
        "author": {
          "gitId": "Reinbowl"
        },
        "content": "    private static final String COMMAND_LIST \u003d \"list\";"
      },
      {
        "lineNumber": 18,
        "author": {
          "gitId": "Reinbowl"
        },
        "content": "    private static final String COMMAND_DONE \u003d \"done\";"
      },
      {
        "lineNumber": 19,
        "author": {
          "gitId": "Reinbowl"
        },
        "content": "    private static final String COMMAND_TODO \u003d \"todo\";"
      },
      {
        "lineNumber": 20,
        "author": {
          "gitId": "Reinbowl"
        },
        "content": "    private static final String COMMAND_DEADLINE \u003d \"deadline\";"
      },
      {
        "lineNumber": 21,
        "author": {
          "gitId": "Reinbowl"
        },
        "content": "    private static final String COMMAND_EVENT \u003d \"event\";"
      },
      {
        "lineNumber": 22,
        "author": {
          "gitId": "Reinbowl"
        },
        "content": ""
      },
      {
        "lineNumber": 23,
        "author": {
          "gitId": "Reinbowl"
        },
        "content": "    private static final List\u003cTask\u003e tasks \u003d new ArrayList\u003c\u003e();"
      },
      {
        "lineNumber": 24,
        "author": {
          "gitId": "Reinbowl"
        },
        "content": ""
      },
      {
        "lineNumber": 25,
        "author": {
          "gitId": "-"
        },
        "content": "    public static void main(String[] args) {"
      },
      {
        "lineNumber": 26,
        "author": {
          "gitId": "Reinbowl"
        },
        "content": "        printWelcomeMessage();"
      },
      {
        "lineNumber": 27,
        "author": {
          "gitId": "Reinbowl"
        },
        "content": "        String userInput;"
      },
      {
        "lineNumber": 28,
        "author": {
          "gitId": "Reinbowl"
        },
        "content": "        do {"
      },
      {
        "lineNumber": 29,
        "author": {
          "gitId": "Reinbowl"
        },
        "content": "            System.out.println(LINE);"
      },
      {
        "lineNumber": 30,
        "author": {
          "gitId": "Reinbowl"
        },
        "content": "            userInput \u003d input.nextLine().trim();"
      },
      {
        "lineNumber": 31,
        "author": {
          "gitId": "Reinbowl"
        },
        "content": "            System.out.println(LINE);"
      },
      {
        "lineNumber": 32,
        "author": {
          "gitId": "Reinbowl"
        },
        "content": "        } while (executeUserCommand(userInput));"
      },
      {
        "lineNumber": 33,
        "author": {
          "gitId": "Reinbowl"
        },
        "content": "    }"
      },
      {
        "lineNumber": 34,
        "author": {
          "gitId": "Reinbowl"
        },
        "content": ""
      },
      {
        "lineNumber": 35,
        "author": {
          "gitId": "Reinbowl"
        },
        "content": "    /**"
      },
      {
        "lineNumber": 36,
        "author": {
          "gitId": "Reinbowl"
        },
        "content": "     * Prints welcome message for the bot."
      },
      {
        "lineNumber": 37,
        "author": {
          "gitId": "Reinbowl"
        },
        "content": "     */"
      },
      {
        "lineNumber": 38,
        "author": {
          "gitId": "Reinbowl"
        },
        "content": "    private static void printWelcomeMessage() {"
      },
      {
        "lineNumber": 39,
        "author": {
          "gitId": "Reinbowl"
        },
        "content": "        System.out.println(LINE);"
      },
      {
        "lineNumber": 40,
        "author": {
          "gitId": "Reinbowl"
        },
        "content": "        System.out.println(\"                Hewwo! I\u0027m UwU Bot\\n\""
      },
      {
        "lineNumber": 41,
        "author": {
          "gitId": "Reinbowl"
        },
        "content": "                + \"              Hwere to hwelp you out\");"
      },
      {
        "lineNumber": 42,
        "author": {
          "gitId": "Reinbowl"
        },
        "content": "        System.out.println(LINE);"
      },
      {
        "lineNumber": 43,
        "author": {
          "gitId": "Reinbowl"
        },
        "content": "        System.out.println(\"What can I dwo fwor ywou?\");"
      },
      {
        "lineNumber": 44,
        "author": {
          "gitId": "Reinbowl"
        },
        "content": "    }"
      },
      {
        "lineNumber": 45,
        "author": {
          "gitId": "Reinbowl"
        },
        "content": ""
      },
      {
        "lineNumber": 46,
        "author": {
          "gitId": "Reinbowl"
        },
        "content": "    /**"
      },
      {
        "lineNumber": 47,
        "author": {
          "gitId": "Reinbowl"
        },
        "content": "     * Chooses the appropriate command base on user\u0027s input."
      },
      {
        "lineNumber": 48,
        "author": {
          "gitId": "Reinbowl"
        },
        "content": "     * Returns false if user enters \"bye\" otherwise returns true."
      },
      {
        "lineNumber": 49,
        "author": {
          "gitId": "Reinbowl"
        },
        "content": "     *"
      },
      {
        "lineNumber": 50,
        "author": {
          "gitId": "Reinbowl"
        },
        "content": "     * @param userInput user\u0027s input."
      },
      {
        "lineNumber": 51,
        "author": {
          "gitId": "Reinbowl"
        },
        "content": "     * @return boolean value."
      },
      {
        "lineNumber": 52,
        "author": {
          "gitId": "Reinbowl"
        },
        "content": "     */"
      },
      {
        "lineNumber": 53,
        "author": {
          "gitId": "Reinbowl"
        },
        "content": "    private static boolean executeUserCommand(String userInput) {"
      },
      {
        "lineNumber": 54,
        "author": {
          "gitId": "Reinbowl"
        },
        "content": "        try {"
      },
      {
        "lineNumber": 55,
        "author": {
          "gitId": "Reinbowl"
        },
        "content": "            String[] userWords \u003d userInput.split(\" \", 2);"
      },
      {
        "lineNumber": 56,
        "author": {
          "gitId": "Reinbowl"
        },
        "content": "            switch (userWords[0]) {"
      },
      {
        "lineNumber": 57,
        "author": {
          "gitId": "Reinbowl"
        },
        "content": "            case COMMAND_BYE:"
      },
      {
        "lineNumber": 58,
        "author": {
          "gitId": "Reinbowl"
        },
        "content": "                executeCommandBye();"
      },
      {
        "lineNumber": 59,
        "author": {
          "gitId": "Reinbowl"
        },
        "content": "                return false;"
      },
      {
        "lineNumber": 60,
        "author": {
          "gitId": "Reinbowl"
        },
        "content": "            case COMMAND_LIST:"
      },
      {
        "lineNumber": 61,
        "author": {
          "gitId": "Reinbowl"
        },
        "content": "                executeCommandList();"
      },
      {
        "lineNumber": 62,
        "author": {
          "gitId": "Reinbowl"
        },
        "content": "                break;"
      },
      {
        "lineNumber": 63,
        "author": {
          "gitId": "Reinbowl"
        },
        "content": "            case COMMAND_DONE:"
      },
      {
        "lineNumber": 64,
        "author": {
          "gitId": "Reinbowl"
        },
        "content": "                executeCommandDone(userWords);"
      },
      {
        "lineNumber": 65,
        "author": {
          "gitId": "Reinbowl"
        },
        "content": "                break;"
      },
      {
        "lineNumber": 66,
        "author": {
          "gitId": "Reinbowl"
        },
        "content": "            case COMMAND_TODO:"
      },
      {
        "lineNumber": 67,
        "author": {
          "gitId": "Reinbowl"
        },
        "content": "                executeCommandToDo(userWords);"
      },
      {
        "lineNumber": 68,
        "author": {
          "gitId": "Reinbowl"
        },
        "content": "                break;"
      },
      {
        "lineNumber": 69,
        "author": {
          "gitId": "Reinbowl"
        },
        "content": "            case COMMAND_DEADLINE:"
      },
      {
        "lineNumber": 70,
        "author": {
          "gitId": "Reinbowl"
        },
        "content": "                executeCommandDeadline(userWords);"
      },
      {
        "lineNumber": 71,
        "author": {
          "gitId": "Reinbowl"
        },
        "content": "                break;"
      },
      {
        "lineNumber": 72,
        "author": {
          "gitId": "Reinbowl"
        },
        "content": "            case COMMAND_EVENT:"
      },
      {
        "lineNumber": 73,
        "author": {
          "gitId": "Reinbowl"
        },
        "content": "                executeCommandEvent(userWords);"
      },
      {
        "lineNumber": 74,
        "author": {
          "gitId": "Reinbowl"
        },
        "content": "                break;"
      },
      {
        "lineNumber": 75,
        "author": {
          "gitId": "Reinbowl"
        },
        "content": "            default:"
      },
      {
        "lineNumber": 76,
        "author": {
          "gitId": "Reinbowl"
        },
        "content": "                System.out.println(\"Awoo! I don\u0027t undwerstand that command :\u003c\");"
      },
      {
        "lineNumber": 77,
        "author": {
          "gitId": "Reinbowl"
        },
        "content": "            }"
      },
      {
        "lineNumber": 78,
        "author": {
          "gitId": "Reinbowl"
        },
        "content": "        } catch (DukeException e) {"
      },
      {
        "lineNumber": 79,
        "author": {
          "gitId": "Reinbowl"
        },
        "content": "            System.out.println(e);"
      },
      {
        "lineNumber": 80,
        "author": {
          "gitId": "Reinbowl"
        },
        "content": "        } catch (NumberFormatException e) {"
      },
      {
        "lineNumber": 81,
        "author": {
          "gitId": "Reinbowl"
        },
        "content": "            System.out.println(\"Plwease give me a number :(\");"
      },
      {
        "lineNumber": 82,
        "author": {
          "gitId": "Reinbowl"
        },
        "content": "        } catch (IndexOutOfBoundsException e) {"
      },
      {
        "lineNumber": 83,
        "author": {
          "gitId": "Reinbowl"
        },
        "content": "            System.out.println(\"I can\u0027t find that task nwumber in the list!\");"
      },
      {
        "lineNumber": 84,
        "author": {
          "gitId": "Reinbowl"
        },
        "content": "        }"
      },
      {
        "lineNumber": 85,
        "author": {
          "gitId": "Reinbowl"
        },
        "content": "        return true;"
      },
      {
        "lineNumber": 86,
        "author": {
          "gitId": "Reinbowl"
        },
        "content": "    }"
      },
      {
        "lineNumber": 87,
        "author": {
          "gitId": "Reinbowl"
        },
        "content": ""
      },
      {
        "lineNumber": 88,
        "author": {
          "gitId": "Reinbowl"
        },
        "content": "    /**"
      },
      {
        "lineNumber": 89,
        "author": {
          "gitId": "Reinbowl"
        },
        "content": "     * Prints bye message."
      },
      {
        "lineNumber": 90,
        "author": {
          "gitId": "Reinbowl"
        },
        "content": "     */"
      },
      {
        "lineNumber": 91,
        "author": {
          "gitId": "Reinbowl"
        },
        "content": "    private static void executeCommandBye() {"
      },
      {
        "lineNumber": 92,
        "author": {
          "gitId": "Reinbowl"
        },
        "content": "        System.out.println(\"Bai Bai! See ywo swoon!\");"
      },
      {
        "lineNumber": 93,
        "author": {
          "gitId": "Reinbowl"
        },
        "content": "        System.out.println(LINE);"
      },
      {
        "lineNumber": 94,
        "author": {
          "gitId": "Reinbowl"
        },
        "content": "    }"
      },
      {
        "lineNumber": 95,
        "author": {
          "gitId": "Reinbowl"
        },
        "content": ""
      },
      {
        "lineNumber": 96,
        "author": {
          "gitId": "Reinbowl"
        },
        "content": "    /**"
      },
      {
        "lineNumber": 97,
        "author": {
          "gitId": "Reinbowl"
        },
        "content": "     * Prints all task\u0027s type, status and description."
      },
      {
        "lineNumber": 98,
        "author": {
          "gitId": "Reinbowl"
        },
        "content": "     */"
      },
      {
        "lineNumber": 99,
        "author": {
          "gitId": "Reinbowl"
        },
        "content": "    private static void executeCommandList() {"
      },
      {
        "lineNumber": 100,
        "author": {
          "gitId": "Reinbowl"
        },
        "content": "        if (tasks.size() \u003e 0 \u0026\u0026 Task.getTotalTaskNotDone() \u003e 0) {"
      },
      {
        "lineNumber": 101,
        "author": {
          "gitId": "Reinbowl"
        },
        "content": "            System.out.println(\"Hwere is ywour list of tasks:\");"
      },
      {
        "lineNumber": 102,
        "author": {
          "gitId": "Reinbowl"
        },
        "content": "            int counter \u003d 1;"
      },
      {
        "lineNumber": 103,
        "author": {
          "gitId": "Reinbowl"
        },
        "content": "            for (Task t : tasks) {"
      },
      {
        "lineNumber": 104,
        "author": {
          "gitId": "Reinbowl"
        },
        "content": "                System.out.println(counter + \". \" + t);"
      },
      {
        "lineNumber": 105,
        "author": {
          "gitId": "Reinbowl"
        },
        "content": "                counter++;"
      },
      {
        "lineNumber": 106,
        "author": {
          "gitId": "-"
        },
        "content": "            }"
      },
      {
        "lineNumber": 107,
        "author": {
          "gitId": "Reinbowl"
        },
        "content": "            System.out.println(\"Can ywou doo the \" + Task.getTotalTaskNotDone() + \" remaining task?\\n\" +"
      },
      {
        "lineNumber": 108,
        "author": {
          "gitId": "Reinbowl"
        },
        "content": "                    \"UwU Bot would like two help!\");"
      },
      {
        "lineNumber": 109,
        "author": {
          "gitId": "Reinbowl"
        },
        "content": "        } else {"
      },
      {
        "lineNumber": 110,
        "author": {
          "gitId": "Reinbowl"
        },
        "content": "            System.out.println(\"Ywou have no tasks to doo! Yay!\");"
      },
      {
        "lineNumber": 111,
        "author": {
          "gitId": "Reinbowl"
        },
        "content": "        }"
      },
      {
        "lineNumber": 112,
        "author": {
          "gitId": "-"
        },
        "content": "    }"
      },
      {
        "lineNumber": 113,
        "author": {
          "gitId": "Reinbowl"
        },
        "content": ""
      },
      {
        "lineNumber": 114,
        "author": {
          "gitId": "Reinbowl"
        },
        "content": "    /**"
      },
      {
        "lineNumber": 115,
        "author": {
          "gitId": "Reinbowl"
        },
        "content": "     * Marks the task with the associated number as done and prints a message to indicate it."
      },
      {
        "lineNumber": 116,
        "author": {
          "gitId": "Reinbowl"
        },
        "content": "     * Format is done [task number]"
      },
      {
        "lineNumber": 117,
        "author": {
          "gitId": "Reinbowl"
        },
        "content": "     *"
      },
      {
        "lineNumber": 118,
        "author": {
          "gitId": "Reinbowl"
        },
        "content": "     * @param inputTaskNum number of task to be marked as done."
      },
      {
        "lineNumber": 119,
        "author": {
          "gitId": "Reinbowl"
        },
        "content": "     * @throws NumberFormatException if task number is missing from input or input is not a number."
      },
      {
        "lineNumber": 120,
        "author": {
          "gitId": "Reinbowl"
        },
        "content": "     */"
      },
      {
        "lineNumber": 121,
        "author": {
          "gitId": "Reinbowl"
        },
        "content": "    private static void executeCommandDone(String[] inputTaskNum) throws NumberFormatException {"
      },
      {
        "lineNumber": 122,
        "author": {
          "gitId": "Reinbowl"
        },
        "content": "        if (inputTaskNum.length \u003c 2) {"
      },
      {
        "lineNumber": 123,
        "author": {
          "gitId": "Reinbowl"
        },
        "content": "            throw new NumberFormatException();"
      },
      {
        "lineNumber": 124,
        "author": {
          "gitId": "Reinbowl"
        },
        "content": "        }"
      },
      {
        "lineNumber": 125,
        "author": {
          "gitId": "Reinbowl"
        },
        "content": ""
      },
      {
        "lineNumber": 126,
        "author": {
          "gitId": "Reinbowl"
        },
        "content": "        int taskNum \u003d Integer.parseInt(inputTaskNum[1]);"
      },
      {
        "lineNumber": 127,
        "author": {
          "gitId": "Reinbowl"
        },
        "content": "        Task completedTask \u003d tasks.get(taskNum - 1);"
      },
      {
        "lineNumber": 128,
        "author": {
          "gitId": "Reinbowl"
        },
        "content": "        if (completedTask.isDone()) {"
      },
      {
        "lineNumber": 129,
        "author": {
          "gitId": "Reinbowl"
        },
        "content": "            System.out.println(\"That task is already dwone!\");"
      },
      {
        "lineNumber": 130,
        "author": {
          "gitId": "Reinbowl"
        },
        "content": "            return;"
      },
      {
        "lineNumber": 131,
        "author": {
          "gitId": "Reinbowl"
        },
        "content": "        }"
      },
      {
        "lineNumber": 132,
        "author": {
          "gitId": "Reinbowl"
        },
        "content": "        completedTask.markAsDone();"
      },
      {
        "lineNumber": 133,
        "author": {
          "gitId": "Reinbowl"
        },
        "content": "        System.out.println(\"Niasu! I\u0027we mwarked thwis task as done:\\n\" + completedTask);"
      },
      {
        "lineNumber": 134,
        "author": {
          "gitId": "Reinbowl"
        },
        "content": "        System.out.println(\"Ywou now have \" + Task.getTotalTaskNotDone() + \" tasks left to doo\");"
      },
      {
        "lineNumber": 135,
        "author": {
          "gitId": "Reinbowl"
        },
        "content": "    }"
      },
      {
        "lineNumber": 136,
        "author": {
          "gitId": "Reinbowl"
        },
        "content": ""
      },
      {
        "lineNumber": 137,
        "author": {
          "gitId": "Reinbowl"
        },
        "content": "    /**"
      },
      {
        "lineNumber": 138,
        "author": {
          "gitId": "Reinbowl"
        },
        "content": "     * Adds a new task of type \u0027duke.task.ToDo\u0027."
      },
      {
        "lineNumber": 139,
        "author": {
          "gitId": "Reinbowl"
        },
        "content": "     * Format is todo [task description]"
      },
      {
        "lineNumber": 140,
        "author": {
          "gitId": "Reinbowl"
        },
        "content": "     *"
      },
      {
        "lineNumber": 141,
        "author": {
          "gitId": "Reinbowl"
        },
        "content": "     * @param taskInformation to be added."
      },
      {
        "lineNumber": 142,
        "author": {
          "gitId": "Reinbowl"
        },
        "content": "     * @throws DukeException if task description is empty."
      },
      {
        "lineNumber": 143,
        "author": {
          "gitId": "Reinbowl"
        },
        "content": "     */"
      },
      {
        "lineNumber": 144,
        "author": {
          "gitId": "Reinbowl"
        },
        "content": "    private static void executeCommandToDo(String[] taskInformation) throws DukeException {"
      },
      {
        "lineNumber": 145,
        "author": {
          "gitId": "Reinbowl"
        },
        "content": "        if (taskInformation.length \u003c 2) {"
      },
      {
        "lineNumber": 146,
        "author": {
          "gitId": "Reinbowl"
        },
        "content": "            throw new DukeException(\"The twask needs a descrwiption!\");"
      },
      {
        "lineNumber": 147,
        "author": {
          "gitId": "Reinbowl"
        },
        "content": "        }"
      },
      {
        "lineNumber": 148,
        "author": {
          "gitId": "Reinbowl"
        },
        "content": ""
      },
      {
        "lineNumber": 149,
        "author": {
          "gitId": "Reinbowl"
        },
        "content": "        tasks.add(new ToDo(taskInformation[1]));"
      },
      {
        "lineNumber": 150,
        "author": {
          "gitId": "Reinbowl"
        },
        "content": "        System.out.println(\"UwU looks like you have to \" + taskInformation[1]);"
      },
      {
        "lineNumber": 151,
        "author": {
          "gitId": "Reinbowl"
        },
        "content": "        System.out.println(\"Ywou now have \" + Task.getTotalTaskNotDone() + \" tasks left to doo\");"
      },
      {
        "lineNumber": 152,
        "author": {
          "gitId": "Reinbowl"
        },
        "content": "    }"
      },
      {
        "lineNumber": 153,
        "author": {
          "gitId": "Reinbowl"
        },
        "content": ""
      },
      {
        "lineNumber": 154,
        "author": {
          "gitId": "Reinbowl"
        },
        "content": "    /**"
      },
      {
        "lineNumber": 155,
        "author": {
          "gitId": "Reinbowl"
        },
        "content": "     * Adds a new task of type \u0027duke.task.Deadline\u0027."
      },
      {
        "lineNumber": 156,
        "author": {
          "gitId": "Reinbowl"
        },
        "content": "     * Format is deadline [task description] /by [due date]"
      },
      {
        "lineNumber": 157,
        "author": {
          "gitId": "Reinbowl"
        },
        "content": "     *"
      },
      {
        "lineNumber": 158,
        "author": {
          "gitId": "Reinbowl"
        },
        "content": "     * @param taskInformation of task to be added."
      },
      {
        "lineNumber": 159,
        "author": {
          "gitId": "Reinbowl"
        },
        "content": "     * @throws DukeException if task description is empty or if due date is missing."
      },
      {
        "lineNumber": 160,
        "author": {
          "gitId": "Reinbowl"
        },
        "content": "     */"
      },
      {
        "lineNumber": 161,
        "author": {
          "gitId": "Reinbowl"
        },
        "content": "    private static void executeCommandDeadline(String[] taskInformation) throws DukeException {"
      },
      {
        "lineNumber": 162,
        "author": {
          "gitId": "Reinbowl"
        },
        "content": "        if (taskInformation.length \u003c 2) {"
      },
      {
        "lineNumber": 163,
        "author": {
          "gitId": "Reinbowl"
        },
        "content": "            throw new DukeException(\"Itz a deadline twask, theres no descrwiption and dwue date/time!\");"
      },
      {
        "lineNumber": 164,
        "author": {
          "gitId": "Reinbowl"
        },
        "content": "        } else if (!taskInformation[1].contains(\"/by\")) {"
      },
      {
        "lineNumber": 165,
        "author": {
          "gitId": "Reinbowl"
        },
        "content": "            throw new DukeException(\"duke.task.Deadline task needs a dwue date/time!\");"
      },
      {
        "lineNumber": 166,
        "author": {
          "gitId": "Reinbowl"
        },
        "content": "        }"
      },
      {
        "lineNumber": 167,
        "author": {
          "gitId": "Reinbowl"
        },
        "content": "        int byPos \u003d taskInformation[1].indexOf(\"/by\");"
      },
      {
        "lineNumber": 168,
        "author": {
          "gitId": "Reinbowl"
        },
        "content": "        if (taskInformation[1].substring(0, byPos).isBlank()) {"
      },
      {
        "lineNumber": 169,
        "author": {
          "gitId": "Reinbowl"
        },
        "content": "            throw new DukeException(\"Theres no task descrwiption!\");"
      },
      {
        "lineNumber": 170,
        "author": {
          "gitId": "Reinbowl"
        },
        "content": "        } else if (taskInformation[1].substring(byPos + 3).isBlank()) {"
      },
      {
        "lineNumber": 171,
        "author": {
          "gitId": "Reinbowl"
        },
        "content": "            throw new DukeException(\"Ewvery deadline task needs a dwue date/time!\");"
      },
      {
        "lineNumber": 172,
        "author": {
          "gitId": "Reinbowl"
        },
        "content": "        }"
      },
      {
        "lineNumber": 173,
        "author": {
          "gitId": "Reinbowl"
        },
        "content": ""
      },
      {
        "lineNumber": 174,
        "author": {
          "gitId": "Reinbowl"
        },
        "content": "        String[] taskDetails \u003d taskInformation[1].split(\" /by \", 2);"
      },
      {
        "lineNumber": 175,
        "author": {
          "gitId": "Reinbowl"
        },
        "content": "        tasks.add(new Deadline(taskDetails[0], taskDetails[1]));"
      },
      {
        "lineNumber": 176,
        "author": {
          "gitId": "Reinbowl"
        },
        "content": "        System.out.println(\"OwO looks like \" + taskDetails[0] + \" needs two be dwone by \" + taskDetails[1]);"
      },
      {
        "lineNumber": 177,
        "author": {
          "gitId": "Reinbowl"
        },
        "content": "        System.out.println(\"Ywou now have \" + Task.getTotalTaskNotDone() + \" tasks left two do\");"
      },
      {
        "lineNumber": 178,
        "author": {
          "gitId": "Reinbowl"
        },
        "content": "    }"
      },
      {
        "lineNumber": 179,
        "author": {
          "gitId": "Reinbowl"
        },
        "content": ""
      },
      {
        "lineNumber": 180,
        "author": {
          "gitId": "Reinbowl"
        },
        "content": "    /**"
      },
      {
        "lineNumber": 181,
        "author": {
          "gitId": "Reinbowl"
        },
        "content": "     * Adds a new task of type \u0027duke.task.Event\u0027."
      },
      {
        "lineNumber": 182,
        "author": {
          "gitId": "Reinbowl"
        },
        "content": "     * Format is event [task description] /at [date and time]"
      },
      {
        "lineNumber": 183,
        "author": {
          "gitId": "Reinbowl"
        },
        "content": "     *"
      },
      {
        "lineNumber": 184,
        "author": {
          "gitId": "Reinbowl"
        },
        "content": "     * @param taskInformation of task to be added."
      },
      {
        "lineNumber": 185,
        "author": {
          "gitId": "Reinbowl"
        },
        "content": "     * @throws DukeException if task description is empty or if date and time is missing."
      },
      {
        "lineNumber": 186,
        "author": {
          "gitId": "Reinbowl"
        },
        "content": "     */"
      },
      {
        "lineNumber": 187,
        "author": {
          "gitId": "Reinbowl"
        },
        "content": "    private static void executeCommandEvent(String[] taskInformation) throws DukeException {"
      },
      {
        "lineNumber": 188,
        "author": {
          "gitId": "Reinbowl"
        },
        "content": "        if (taskInformation.length \u003c 2) {"
      },
      {
        "lineNumber": 189,
        "author": {
          "gitId": "Reinbowl"
        },
        "content": "            throw new DukeException(\"An event task is not one without a descrwiption and a stwart date/time!\");"
      },
      {
        "lineNumber": 190,
        "author": {
          "gitId": "Reinbowl"
        },
        "content": "        } else if (!taskInformation[1].contains(\"/at\")) {"
      },
      {
        "lineNumber": 191,
        "author": {
          "gitId": "Reinbowl"
        },
        "content": "            throw new DukeException(\"duke.task.Event task needs a stwart date/time!\");"
      },
      {
        "lineNumber": 192,
        "author": {
          "gitId": "Reinbowl"
        },
        "content": "        }"
      },
      {
        "lineNumber": 193,
        "author": {
          "gitId": "Reinbowl"
        },
        "content": "        int atPos \u003d taskInformation[1].indexOf(\"/at\");"
      },
      {
        "lineNumber": 194,
        "author": {
          "gitId": "Reinbowl"
        },
        "content": "        if (taskInformation[1].substring(0, atPos).isBlank()) {"
      },
      {
        "lineNumber": 195,
        "author": {
          "gitId": "Reinbowl"
        },
        "content": "            throw new DukeException(\"I can\u0027t fwind the task descrwiption!\");"
      },
      {
        "lineNumber": 196,
        "author": {
          "gitId": "Reinbowl"
        },
        "content": "        } else if (taskInformation[1].substring(atPos + 3).isBlank()) {"
      },
      {
        "lineNumber": 197,
        "author": {
          "gitId": "Reinbowl"
        },
        "content": "            throw new DukeException(\"To add event task, I need a stwart date/time!\");"
      },
      {
        "lineNumber": 198,
        "author": {
          "gitId": "Reinbowl"
        },
        "content": "        }"
      },
      {
        "lineNumber": 199,
        "author": {
          "gitId": "Reinbowl"
        },
        "content": ""
      },
      {
        "lineNumber": 200,
        "author": {
          "gitId": "Reinbowl"
        },
        "content": "        String[] taskDetails \u003d taskInformation[1].split(\" /at \", 2);"
      },
      {
        "lineNumber": 201,
        "author": {
          "gitId": "Reinbowl"
        },
        "content": "        tasks.add(new Event(taskDetails[0], taskDetails[1]));"
      },
      {
        "lineNumber": 202,
        "author": {
          "gitId": "Reinbowl"
        },
        "content": "        System.out.println(\"Nyaa \" + taskDetails[0] + \" is hwappening on \" + taskDetails[1] + \" better rwemembwer!\");"
      },
      {
        "lineNumber": 203,
        "author": {
          "gitId": "Reinbowl"
        },
        "content": "        System.out.println(\"Ywou now have \" + Task.getTotalTaskNotDone() + \" tasks left two do\");"
      },
      {
        "lineNumber": 204,
        "author": {
          "gitId": "Reinbowl"
        },
        "content": "    }"
      },
      {
        "lineNumber": 205,
        "author": {
          "gitId": "Reinbowl"
        },
        "content": "}"
      },
      {
        "lineNumber": 206,
        "author": {
          "gitId": "Reinbowl"
        },
        "content": ""
      },
      {
        "lineNumber": 207,
        "author": {
          "gitId": "Reinbowl"
        },
        "content": ""
      }
    ],
    "authorContributionMap": {
      "-": 4,
      "Reinbowl": 203
    }
  },
  {
    "path": "src/main/java/duke/DukeException.java",
    "fileType": "java",
    "lines": [
      {
        "lineNumber": 1,
        "author": {
          "gitId": "Reinbowl"
        },
        "content": "package duke;"
      },
      {
        "lineNumber": 2,
        "author": {
          "gitId": "Reinbowl"
        },
        "content": ""
      },
      {
        "lineNumber": 3,
        "author": {
          "gitId": "Reinbowl"
        },
        "content": "public class DukeException extends Exception {"
      },
      {
        "lineNumber": 4,
        "author": {
          "gitId": "Reinbowl"
        },
        "content": "    /**"
      },
      {
        "lineNumber": 5,
        "author": {
          "gitId": "Reinbowl"
        },
        "content": "     * Constructs a new exception with the message for cause of exception."
      },
      {
        "lineNumber": 6,
        "author": {
          "gitId": "Reinbowl"
        },
        "content": "     *"
      },
      {
        "lineNumber": 7,
        "author": {
          "gitId": "Reinbowl"
        },
        "content": "     * @param message for cause of exception."
      },
      {
        "lineNumber": 8,
        "author": {
          "gitId": "Reinbowl"
        },
        "content": "     */"
      },
      {
        "lineNumber": 9,
        "author": {
          "gitId": "Reinbowl"
        },
        "content": "    public DukeException(String message) {"
      },
      {
        "lineNumber": 10,
        "author": {
          "gitId": "Reinbowl"
        },
        "content": "        super(message);"
      },
      {
        "lineNumber": 11,
        "author": {
          "gitId": "Reinbowl"
        },
        "content": "    }"
      },
      {
        "lineNumber": 12,
        "author": {
          "gitId": "Reinbowl"
        },
        "content": ""
      },
      {
        "lineNumber": 13,
        "author": {
          "gitId": "Reinbowl"
        },
        "content": "    /**"
      },
      {
        "lineNumber": 14,
        "author": {
          "gitId": "Reinbowl"
        },
        "content": "     * Returns a string representation of exception."
      },
      {
        "lineNumber": 15,
        "author": {
          "gitId": "Reinbowl"
        },
        "content": "     *"
      },
      {
        "lineNumber": 16,
        "author": {
          "gitId": "Reinbowl"
        },
        "content": "     * @return string representation of exception."
      },
      {
        "lineNumber": 17,
        "author": {
          "gitId": "Reinbowl"
        },
        "content": "     */"
      },
      {
        "lineNumber": 18,
        "author": {
          "gitId": "Reinbowl"
        },
        "content": "    @Override"
      },
      {
        "lineNumber": 19,
        "author": {
          "gitId": "Reinbowl"
        },
        "content": "    public String toString() {"
      },
      {
        "lineNumber": 20,
        "author": {
          "gitId": "Reinbowl"
        },
        "content": "        return \"Oww Nuu! \" + this.getMessage();"
      },
      {
        "lineNumber": 21,
        "author": {
          "gitId": "Reinbowl"
        },
        "content": "    }"
      },
      {
        "lineNumber": 22,
        "author": {
          "gitId": "Reinbowl"
        },
        "content": "}"
      }
    ],
    "authorContributionMap": {
      "Reinbowl": 22
    }
  },
  {
    "path": "src/main/java/duke/task/Deadline.java",
    "fileType": "java",
    "lines": [
      {
        "lineNumber": 1,
        "author": {
          "gitId": "Reinbowl"
        },
        "content": "package duke.task;"
      },
      {
        "lineNumber": 2,
        "author": {
          "gitId": "Reinbowl"
        },
        "content": ""
      },
      {
        "lineNumber": 3,
        "author": {
          "gitId": "Reinbowl"
        },
        "content": "public class Deadline extends ToDo {"
      },
      {
        "lineNumber": 4,
        "author": {
          "gitId": "Reinbowl"
        },
        "content": "    protected String dueBy;"
      },
      {
        "lineNumber": 5,
        "author": {
          "gitId": "Reinbowl"
        },
        "content": ""
      },
      {
        "lineNumber": 6,
        "author": {
          "gitId": "Reinbowl"
        },
        "content": "    /**"
      },
      {
        "lineNumber": 7,
        "author": {
          "gitId": "Reinbowl"
        },
        "content": "     * Sets task\u0027s description and type to duke.task.Deadline."
      },
      {
        "lineNumber": 8,
        "author": {
          "gitId": "Reinbowl"
        },
        "content": "     *"
      },
      {
        "lineNumber": 9,
        "author": {
          "gitId": "Reinbowl"
        },
        "content": "     * @param description of task."
      },
      {
        "lineNumber": 10,
        "author": {
          "gitId": "Reinbowl"
        },
        "content": "     */"
      },
      {
        "lineNumber": 11,
        "author": {
          "gitId": "Reinbowl"
        },
        "content": "    public Deadline(String description, String dueBy) {"
      },
      {
        "lineNumber": 12,
        "author": {
          "gitId": "Reinbowl"
        },
        "content": "        super(description);"
      },
      {
        "lineNumber": 13,
        "author": {
          "gitId": "Reinbowl"
        },
        "content": "        setDueBy(dueBy);"
      },
      {
        "lineNumber": 14,
        "author": {
          "gitId": "Reinbowl"
        },
        "content": "        setTaskType(\"D\");"
      },
      {
        "lineNumber": 15,
        "author": {
          "gitId": "Reinbowl"
        },
        "content": "    }"
      },
      {
        "lineNumber": 16,
        "author": {
          "gitId": "Reinbowl"
        },
        "content": ""
      },
      {
        "lineNumber": 17,
        "author": {
          "gitId": "Reinbowl"
        },
        "content": "    /**"
      },
      {
        "lineNumber": 18,
        "author": {
          "gitId": "Reinbowl"
        },
        "content": "     * Sets the task\u0027s deadline."
      },
      {
        "lineNumber": 19,
        "author": {
          "gitId": "Reinbowl"
        },
        "content": "     *"
      },
      {
        "lineNumber": 20,
        "author": {
          "gitId": "Reinbowl"
        },
        "content": "     * @param dueBy task\u0027s due date."
      },
      {
        "lineNumber": 21,
        "author": {
          "gitId": "Reinbowl"
        },
        "content": "     */"
      },
      {
        "lineNumber": 22,
        "author": {
          "gitId": "Reinbowl"
        },
        "content": "    public void setDueBy(String dueBy) {"
      },
      {
        "lineNumber": 23,
        "author": {
          "gitId": "Reinbowl"
        },
        "content": "        this.dueBy \u003d dueBy;"
      },
      {
        "lineNumber": 24,
        "author": {
          "gitId": "Reinbowl"
        },
        "content": "    }"
      },
      {
        "lineNumber": 25,
        "author": {
          "gitId": "Reinbowl"
        },
        "content": ""
      },
      {
        "lineNumber": 26,
        "author": {
          "gitId": "Reinbowl"
        },
        "content": "    /**"
      },
      {
        "lineNumber": 27,
        "author": {
          "gitId": "Reinbowl"
        },
        "content": "     * Returns a string representation of duke.task.Deadline type task."
      },
      {
        "lineNumber": 28,
        "author": {
          "gitId": "Reinbowl"
        },
        "content": "     *"
      },
      {
        "lineNumber": 29,
        "author": {
          "gitId": "Reinbowl"
        },
        "content": "     * @return string representation of task."
      },
      {
        "lineNumber": 30,
        "author": {
          "gitId": "Reinbowl"
        },
        "content": "     */"
      },
      {
        "lineNumber": 31,
        "author": {
          "gitId": "Reinbowl"
        },
        "content": "    @Override"
      },
      {
        "lineNumber": 32,
        "author": {
          "gitId": "Reinbowl"
        },
        "content": "    public String toString() {"
      },
      {
        "lineNumber": 33,
        "author": {
          "gitId": "Reinbowl"
        },
        "content": "        return super.toString() + \" (by: \" + this.dueBy + \")\";"
      },
      {
        "lineNumber": 34,
        "author": {
          "gitId": "Reinbowl"
        },
        "content": "    }"
      },
      {
        "lineNumber": 35,
        "author": {
          "gitId": "Reinbowl"
        },
        "content": "}"
      }
    ],
    "authorContributionMap": {
      "Reinbowl": 35
    }
  },
  {
    "path": "src/main/java/duke/task/Event.java",
    "fileType": "java",
    "lines": [
      {
        "lineNumber": 1,
        "author": {
          "gitId": "Reinbowl"
        },
        "content": "package duke.task;"
      },
      {
        "lineNumber": 2,
        "author": {
          "gitId": "Reinbowl"
        },
        "content": ""
      },
      {
        "lineNumber": 3,
        "author": {
          "gitId": "Reinbowl"
        },
        "content": "public class Event extends ToDo {"
      },
      {
        "lineNumber": 4,
        "author": {
          "gitId": "Reinbowl"
        },
        "content": "    protected String startAt;"
      },
      {
        "lineNumber": 5,
        "author": {
          "gitId": "Reinbowl"
        },
        "content": ""
      },
      {
        "lineNumber": 6,
        "author": {
          "gitId": "Reinbowl"
        },
        "content": "    /**"
      },
      {
        "lineNumber": 7,
        "author": {
          "gitId": "Reinbowl"
        },
        "content": "     * Sets task\u0027s description and type to duke.task.Event."
      },
      {
        "lineNumber": 8,
        "author": {
          "gitId": "Reinbowl"
        },
        "content": "     *"
      },
      {
        "lineNumber": 9,
        "author": {
          "gitId": "Reinbowl"
        },
        "content": "     * @param description of task."
      },
      {
        "lineNumber": 10,
        "author": {
          "gitId": "Reinbowl"
        },
        "content": "     */"
      },
      {
        "lineNumber": 11,
        "author": {
          "gitId": "Reinbowl"
        },
        "content": "    public Event(String description, String startAt) {"
      },
      {
        "lineNumber": 12,
        "author": {
          "gitId": "Reinbowl"
        },
        "content": "        super(description);"
      },
      {
        "lineNumber": 13,
        "author": {
          "gitId": "Reinbowl"
        },
        "content": "        setStartAt(startAt);"
      },
      {
        "lineNumber": 14,
        "author": {
          "gitId": "Reinbowl"
        },
        "content": "        setTaskType(\"E\");"
      },
      {
        "lineNumber": 15,
        "author": {
          "gitId": "Reinbowl"
        },
        "content": "    }"
      },
      {
        "lineNumber": 16,
        "author": {
          "gitId": "Reinbowl"
        },
        "content": ""
      },
      {
        "lineNumber": 17,
        "author": {
          "gitId": "Reinbowl"
        },
        "content": "    /**"
      },
      {
        "lineNumber": 18,
        "author": {
          "gitId": "Reinbowl"
        },
        "content": "     * Sets the task\u0027s start date/time."
      },
      {
        "lineNumber": 19,
        "author": {
          "gitId": "Reinbowl"
        },
        "content": "     *"
      },
      {
        "lineNumber": 20,
        "author": {
          "gitId": "Reinbowl"
        },
        "content": "     * @param startAt task\u0027s date/time."
      },
      {
        "lineNumber": 21,
        "author": {
          "gitId": "Reinbowl"
        },
        "content": "     */"
      },
      {
        "lineNumber": 22,
        "author": {
          "gitId": "Reinbowl"
        },
        "content": "    public void setStartAt(String startAt) {"
      },
      {
        "lineNumber": 23,
        "author": {
          "gitId": "Reinbowl"
        },
        "content": "        this.startAt \u003d startAt;"
      },
      {
        "lineNumber": 24,
        "author": {
          "gitId": "Reinbowl"
        },
        "content": "    }"
      },
      {
        "lineNumber": 25,
        "author": {
          "gitId": "Reinbowl"
        },
        "content": ""
      },
      {
        "lineNumber": 26,
        "author": {
          "gitId": "Reinbowl"
        },
        "content": "    /**"
      },
      {
        "lineNumber": 27,
        "author": {
          "gitId": "Reinbowl"
        },
        "content": "     * Returns a string representation of event type task."
      },
      {
        "lineNumber": 28,
        "author": {
          "gitId": "Reinbowl"
        },
        "content": "     *"
      },
      {
        "lineNumber": 29,
        "author": {
          "gitId": "Reinbowl"
        },
        "content": "     * @return string representation of task."
      },
      {
        "lineNumber": 30,
        "author": {
          "gitId": "Reinbowl"
        },
        "content": "     */"
      },
      {
        "lineNumber": 31,
        "author": {
          "gitId": "Reinbowl"
        },
        "content": "    @Override"
      },
      {
        "lineNumber": 32,
        "author": {
          "gitId": "Reinbowl"
        },
        "content": "    public String toString() {"
      },
      {
        "lineNumber": 33,
        "author": {
          "gitId": "Reinbowl"
        },
        "content": "        return super.toString() + \" (at: \" + this.startAt + \")\";"
      },
      {
        "lineNumber": 34,
        "author": {
          "gitId": "Reinbowl"
        },
        "content": "    }"
      },
      {
        "lineNumber": 35,
        "author": {
          "gitId": "Reinbowl"
        },
        "content": "}"
      }
    ],
    "authorContributionMap": {
      "Reinbowl": 35
    }
  },
  {
    "path": "src/main/java/duke/task/Task.java",
    "fileType": "java",
    "lines": [
      {
        "lineNumber": 1,
        "author": {
          "gitId": "Reinbowl"
        },
        "content": "package duke.task;"
      },
      {
        "lineNumber": 2,
        "author": {
          "gitId": "Reinbowl"
        },
        "content": ""
      },
      {
        "lineNumber": 3,
        "author": {
          "gitId": "Reinbowl"
        },
        "content": "public abstract class Task {"
      },
      {
        "lineNumber": 4,
        "author": {
          "gitId": "Reinbowl"
        },
        "content": "    protected String description;"
      },
      {
        "lineNumber": 5,
        "author": {
          "gitId": "Reinbowl"
        },
        "content": "    protected String taskType;"
      },
      {
        "lineNumber": 6,
        "author": {
          "gitId": "Reinbowl"
        },
        "content": "    protected boolean isDone;"
      },
      {
        "lineNumber": 7,
        "author": {
          "gitId": "Reinbowl"
        },
        "content": "    private static int totalTaskNotDone \u003d 0;"
      },
      {
        "lineNumber": 8,
        "author": {
          "gitId": "Reinbowl"
        },
        "content": ""
      },
      {
        "lineNumber": 9,
        "author": {
          "gitId": "Reinbowl"
        },
        "content": "    /**"
      },
      {
        "lineNumber": 10,
        "author": {
          "gitId": "Reinbowl"
        },
        "content": "     * Sets task\u0027s description and default its done status to false and increase the total number of task not done."
      },
      {
        "lineNumber": 11,
        "author": {
          "gitId": "Reinbowl"
        },
        "content": "     *"
      },
      {
        "lineNumber": 12,
        "author": {
          "gitId": "Reinbowl"
        },
        "content": "     * @param description of task."
      },
      {
        "lineNumber": 13,
        "author": {
          "gitId": "Reinbowl"
        },
        "content": "     */"
      },
      {
        "lineNumber": 14,
        "author": {
          "gitId": "Reinbowl"
        },
        "content": "    public Task(String description) {"
      },
      {
        "lineNumber": 15,
        "author": {
          "gitId": "Reinbowl"
        },
        "content": "        setDescription(description);"
      },
      {
        "lineNumber": 16,
        "author": {
          "gitId": "Reinbowl"
        },
        "content": "        this.isDone \u003d false;"
      },
      {
        "lineNumber": 17,
        "author": {
          "gitId": "Reinbowl"
        },
        "content": "        totalTaskNotDone++;"
      },
      {
        "lineNumber": 18,
        "author": {
          "gitId": "Reinbowl"
        },
        "content": "    }"
      },
      {
        "lineNumber": 19,
        "author": {
          "gitId": "Reinbowl"
        },
        "content": ""
      },
      {
        "lineNumber": 20,
        "author": {
          "gitId": "Reinbowl"
        },
        "content": "    /**"
      },
      {
        "lineNumber": 21,
        "author": {
          "gitId": "Reinbowl"
        },
        "content": "     * Sets task\u0027s description."
      },
      {
        "lineNumber": 22,
        "author": {
          "gitId": "Reinbowl"
        },
        "content": "     *"
      },
      {
        "lineNumber": 23,
        "author": {
          "gitId": "Reinbowl"
        },
        "content": "     * @param description of task."
      },
      {
        "lineNumber": 24,
        "author": {
          "gitId": "Reinbowl"
        },
        "content": "     */"
      },
      {
        "lineNumber": 25,
        "author": {
          "gitId": "Reinbowl"
        },
        "content": "    public void setDescription(String description) {"
      },
      {
        "lineNumber": 26,
        "author": {
          "gitId": "Reinbowl"
        },
        "content": "        this.description \u003d description;"
      },
      {
        "lineNumber": 27,
        "author": {
          "gitId": "Reinbowl"
        },
        "content": "    }"
      },
      {
        "lineNumber": 28,
        "author": {
          "gitId": "Reinbowl"
        },
        "content": ""
      },
      {
        "lineNumber": 29,
        "author": {
          "gitId": "Reinbowl"
        },
        "content": "    /**"
      },
      {
        "lineNumber": 30,
        "author": {
          "gitId": "Reinbowl"
        },
        "content": "     * Sets the task\u0027s type."
      },
      {
        "lineNumber": 31,
        "author": {
          "gitId": "Reinbowl"
        },
        "content": "     *"
      },
      {
        "lineNumber": 32,
        "author": {
          "gitId": "Reinbowl"
        },
        "content": "     * @param taskType of task."
      },
      {
        "lineNumber": 33,
        "author": {
          "gitId": "Reinbowl"
        },
        "content": "     */"
      },
      {
        "lineNumber": 34,
        "author": {
          "gitId": "Reinbowl"
        },
        "content": "    public void setTaskType(String taskType) {"
      },
      {
        "lineNumber": 35,
        "author": {
          "gitId": "Reinbowl"
        },
        "content": "        this.taskType \u003d taskType;"
      },
      {
        "lineNumber": 36,
        "author": {
          "gitId": "Reinbowl"
        },
        "content": "    }"
      },
      {
        "lineNumber": 37,
        "author": {
          "gitId": "Reinbowl"
        },
        "content": ""
      },
      {
        "lineNumber": 38,
        "author": {
          "gitId": "Reinbowl"
        },
        "content": "    /**"
      },
      {
        "lineNumber": 39,
        "author": {
          "gitId": "Reinbowl"
        },
        "content": "     * Returns task\u0027s description."
      },
      {
        "lineNumber": 40,
        "author": {
          "gitId": "Reinbowl"
        },
        "content": "     *"
      },
      {
        "lineNumber": 41,
        "author": {
          "gitId": "Reinbowl"
        },
        "content": "     * @return task\u0027s description."
      },
      {
        "lineNumber": 42,
        "author": {
          "gitId": "Reinbowl"
        },
        "content": "     */"
      },
      {
        "lineNumber": 43,
        "author": {
          "gitId": "Reinbowl"
        },
        "content": "    public String getDescription() {"
      },
      {
        "lineNumber": 44,
        "author": {
          "gitId": "Reinbowl"
        },
        "content": "        return description;"
      },
      {
        "lineNumber": 45,
        "author": {
          "gitId": "Reinbowl"
        },
        "content": "    }"
      },
      {
        "lineNumber": 46,
        "author": {
          "gitId": "Reinbowl"
        },
        "content": ""
      },
      {
        "lineNumber": 47,
        "author": {
          "gitId": "Reinbowl"
        },
        "content": "    /**"
      },
      {
        "lineNumber": 48,
        "author": {
          "gitId": "Reinbowl"
        },
        "content": "     * Returns task\u0027s done status."
      },
      {
        "lineNumber": 49,
        "author": {
          "gitId": "Reinbowl"
        },
        "content": "     *"
      },
      {
        "lineNumber": 50,
        "author": {
          "gitId": "Reinbowl"
        },
        "content": "     * @return task\u0027s done status."
      },
      {
        "lineNumber": 51,
        "author": {
          "gitId": "Reinbowl"
        },
        "content": "     */"
      },
      {
        "lineNumber": 52,
        "author": {
          "gitId": "Reinbowl"
        },
        "content": "    public boolean isDone() {"
      },
      {
        "lineNumber": 53,
        "author": {
          "gitId": "Reinbowl"
        },
        "content": "        return isDone;"
      },
      {
        "lineNumber": 54,
        "author": {
          "gitId": "Reinbowl"
        },
        "content": "    }"
      },
      {
        "lineNumber": 55,
        "author": {
          "gitId": "Reinbowl"
        },
        "content": ""
      },
      {
        "lineNumber": 56,
        "author": {
          "gitId": "Reinbowl"
        },
        "content": "    /**"
      },
      {
        "lineNumber": 57,
        "author": {
          "gitId": "Reinbowl"
        },
        "content": "     * Returns a string representation of task\u0027s done status."
      },
      {
        "lineNumber": 58,
        "author": {
          "gitId": "Reinbowl"
        },
        "content": "     *"
      },
      {
        "lineNumber": 59,
        "author": {
          "gitId": "Reinbowl"
        },
        "content": "     * @return string representation of task\u0027s done status."
      },
      {
        "lineNumber": 60,
        "author": {
          "gitId": "Reinbowl"
        },
        "content": "     */"
      },
      {
        "lineNumber": 61,
        "author": {
          "gitId": "Reinbowl"
        },
        "content": "    public String getStatus() {"
      },
      {
        "lineNumber": 62,
        "author": {
          "gitId": "Reinbowl"
        },
        "content": "        return (isDone) ? \"✓\" : \"✕\";"
      },
      {
        "lineNumber": 63,
        "author": {
          "gitId": "Reinbowl"
        },
        "content": "    }"
      },
      {
        "lineNumber": 64,
        "author": {
          "gitId": "Reinbowl"
        },
        "content": ""
      },
      {
        "lineNumber": 65,
        "author": {
          "gitId": "Reinbowl"
        },
        "content": "    /**"
      },
      {
        "lineNumber": 66,
        "author": {
          "gitId": "Reinbowl"
        },
        "content": "     * Sets the task\u0027s done status to true."
      },
      {
        "lineNumber": 67,
        "author": {
          "gitId": "Reinbowl"
        },
        "content": "     */"
      },
      {
        "lineNumber": 68,
        "author": {
          "gitId": "Reinbowl"
        },
        "content": "    public void markAsDone() {"
      },
      {
        "lineNumber": 69,
        "author": {
          "gitId": "Reinbowl"
        },
        "content": "        this.isDone \u003d true;"
      },
      {
        "lineNumber": 70,
        "author": {
          "gitId": "Reinbowl"
        },
        "content": "        reduceTotalTaskNotDone();"
      },
      {
        "lineNumber": 71,
        "author": {
          "gitId": "Reinbowl"
        },
        "content": "    }"
      },
      {
        "lineNumber": 72,
        "author": {
          "gitId": "Reinbowl"
        },
        "content": ""
      },
      {
        "lineNumber": 73,
        "author": {
          "gitId": "Reinbowl"
        },
        "content": "    /**"
      },
      {
        "lineNumber": 74,
        "author": {
          "gitId": "Reinbowl"
        },
        "content": "     * Decreases total number of task not done by one."
      },
      {
        "lineNumber": 75,
        "author": {
          "gitId": "Reinbowl"
        },
        "content": "     */"
      },
      {
        "lineNumber": 76,
        "author": {
          "gitId": "Reinbowl"
        },
        "content": "    private static void reduceTotalTaskNotDone() {"
      },
      {
        "lineNumber": 77,
        "author": {
          "gitId": "Reinbowl"
        },
        "content": "        totalTaskNotDone--;"
      },
      {
        "lineNumber": 78,
        "author": {
          "gitId": "Reinbowl"
        },
        "content": "    }"
      },
      {
        "lineNumber": 79,
        "author": {
          "gitId": "Reinbowl"
        },
        "content": ""
      },
      {
        "lineNumber": 80,
        "author": {
          "gitId": "Reinbowl"
        },
        "content": "    /**"
      },
      {
        "lineNumber": 81,
        "author": {
          "gitId": "Reinbowl"
        },
        "content": "     * Returns total number of tasks not done."
      },
      {
        "lineNumber": 82,
        "author": {
          "gitId": "Reinbowl"
        },
        "content": "     *"
      },
      {
        "lineNumber": 83,
        "author": {
          "gitId": "Reinbowl"
        },
        "content": "     * @return total number of tasks not done."
      },
      {
        "lineNumber": 84,
        "author": {
          "gitId": "Reinbowl"
        },
        "content": "     */"
      },
      {
        "lineNumber": 85,
        "author": {
          "gitId": "Reinbowl"
        },
        "content": "    public static int getTotalTaskNotDone() {"
      },
      {
        "lineNumber": 86,
        "author": {
          "gitId": "Reinbowl"
        },
        "content": "        return totalTaskNotDone;"
      },
      {
        "lineNumber": 87,
        "author": {
          "gitId": "Reinbowl"
        },
        "content": "    }"
      },
      {
        "lineNumber": 88,
        "author": {
          "gitId": "Reinbowl"
        },
        "content": ""
      },
      {
        "lineNumber": 89,
        "author": {
          "gitId": "Reinbowl"
        },
        "content": "    /**"
      },
      {
        "lineNumber": 90,
        "author": {
          "gitId": "Reinbowl"
        },
        "content": "     * Returns a string representation of task."
      },
      {
        "lineNumber": 91,
        "author": {
          "gitId": "Reinbowl"
        },
        "content": "     *"
      },
      {
        "lineNumber": 92,
        "author": {
          "gitId": "Reinbowl"
        },
        "content": "     * @return string representation of task."
      },
      {
        "lineNumber": 93,
        "author": {
          "gitId": "Reinbowl"
        },
        "content": "     */"
      },
      {
        "lineNumber": 94,
        "author": {
          "gitId": "Reinbowl"
        },
        "content": "    @Override"
      },
      {
        "lineNumber": 95,
        "author": {
          "gitId": "Reinbowl"
        },
        "content": "    public String toString() {"
      },
      {
        "lineNumber": 96,
        "author": {
          "gitId": "Reinbowl"
        },
        "content": "        return \"[\" + this.taskType + \"]\" + \"[\" + getStatus() + \"] \" + this.description;"
      },
      {
        "lineNumber": 97,
        "author": {
          "gitId": "Reinbowl"
        },
        "content": "    }"
      },
      {
        "lineNumber": 98,
        "author": {
          "gitId": "Reinbowl"
        },
        "content": "}"
      }
    ],
    "authorContributionMap": {
      "Reinbowl": 98
    }
  },
  {
    "path": "src/main/java/duke/task/ToDo.java",
    "fileType": "java",
    "lines": [
      {
        "lineNumber": 1,
        "author": {
          "gitId": "Reinbowl"
        },
        "content": "package duke.task;"
      },
      {
        "lineNumber": 2,
        "author": {
          "gitId": "Reinbowl"
        },
        "content": ""
      },
      {
        "lineNumber": 3,
        "author": {
          "gitId": "Reinbowl"
        },
        "content": "public class ToDo extends Task {"
      },
      {
        "lineNumber": 4,
        "author": {
          "gitId": "Reinbowl"
        },
        "content": "    /**"
      },
      {
        "lineNumber": 5,
        "author": {
          "gitId": "Reinbowl"
        },
        "content": "     * Sets task\u0027s description and type to duke.task.ToDo."
      },
      {
        "lineNumber": 6,
        "author": {
          "gitId": "Reinbowl"
        },
        "content": "     *"
      },
      {
        "lineNumber": 7,
        "author": {
          "gitId": "Reinbowl"
        },
        "content": "     * @param description of task."
      },
      {
        "lineNumber": 8,
        "author": {
          "gitId": "Reinbowl"
        },
        "content": "     */"
      },
      {
        "lineNumber": 9,
        "author": {
          "gitId": "Reinbowl"
        },
        "content": "    public ToDo(String description) {"
      },
      {
        "lineNumber": 10,
        "author": {
          "gitId": "Reinbowl"
        },
        "content": "        super(description);"
      },
      {
        "lineNumber": 11,
        "author": {
          "gitId": "Reinbowl"
        },
        "content": "        setTaskType(\"T\");"
      },
      {
        "lineNumber": 12,
        "author": {
          "gitId": "Reinbowl"
        },
        "content": "    }"
      },
      {
        "lineNumber": 13,
        "author": {
          "gitId": "Reinbowl"
        },
        "content": "}"
      }
    ],
    "authorContributionMap": {
      "Reinbowl": 13
    }
  },
  {
    "path": "text-ui-test/input.txt",
    "fileType": "txt",
    "lines": [
      {
        "lineNumber": 1,
        "author": {
          "gitId": "Reinbowl"
        },
        "content": "todo borrow book"
      },
      {
        "lineNumber": 2,
        "author": {
          "gitId": "Reinbowl"
        },
        "content": "list"
      },
      {
        "lineNumber": 3,
        "author": {
          "gitId": "Reinbowl"
        },
        "content": "deadline return book /by Sunday"
      },
      {
        "lineNumber": 4,
        "author": {
          "gitId": "Reinbowl"
        },
        "content": "event project meeting /at Mon 2-4pm"
      },
      {
        "lineNumber": 5,
        "author": {
          "gitId": "Reinbowl"
        },
        "content": "deadline do homework /by no idea :3"
      },
      {
        "lineNumber": 6,
        "author": {
          "gitId": "Reinbowl"
        },
        "content": "done 2"
      },
      {
        "lineNumber": 7,
        "author": {
          "gitId": "Reinbowl"
        },
        "content": "list"
      },
      {
        "lineNumber": 8,
        "author": {
          "gitId": "Reinbowl"
        },
        "content": "bye"
      }
    ],
    "authorContributionMap": {
      "Reinbowl": 8
    }
  },
  {
    "path": "text-ui-test/runtest.bat",
    "fileType": "bat",
    "lines": [
      {
        "lineNumber": 1,
        "author": {
          "gitId": "-"
        },
        "content": "@ECHO OFF"
      },
      {
        "lineNumber": 2,
        "author": {
          "gitId": "-"
        },
        "content": ""
      },
      {
        "lineNumber": 3,
        "author": {
          "gitId": "-"
        },
        "content": "REM create bin directory if it doesn\u0027t exist"
      },
      {
        "lineNumber": 4,
        "author": {
          "gitId": "-"
        },
        "content": "if not exist ..\\bin mkdir ..\\bin"
      },
      {
        "lineNumber": 5,
        "author": {
          "gitId": "-"
        },
        "content": ""
      },
      {
        "lineNumber": 6,
        "author": {
          "gitId": "-"
        },
        "content": "REM delete output from previous run"
      },
      {
        "lineNumber": 7,
        "author": {
          "gitId": "-"
        },
        "content": "del ACTUAL.TXT"
      },
      {
        "lineNumber": 8,
        "author": {
          "gitId": "-"
        },
        "content": ""
      },
      {
        "lineNumber": 9,
        "author": {
          "gitId": "-"
        },
        "content": "REM compile the code into the bin folder"
      },
      {
        "lineNumber": 10,
        "author": {
          "gitId": "Reinbowl"
        },
        "content": "javac -cp ..\\src\\main\\java -Xlint:none -d ..\\bin ..\\src\\main\\java\\duke\\Duke.java"
      },
      {
        "lineNumber": 11,
        "author": {
          "gitId": "-"
        },
        "content": "IF ERRORLEVEL 1 ("
      },
      {
        "lineNumber": 12,
        "author": {
          "gitId": "-"
        },
        "content": "    echo ********** BUILD FAILURE **********"
      },
      {
        "lineNumber": 13,
        "author": {
          "gitId": "-"
        },
        "content": "    exit /b 1"
      },
      {
        "lineNumber": 14,
        "author": {
          "gitId": "-"
        },
        "content": ")"
      },
      {
        "lineNumber": 15,
        "author": {
          "gitId": "-"
        },
        "content": "REM no error here, errorlevel \u003d\u003d 0"
      },
      {
        "lineNumber": 16,
        "author": {
          "gitId": "-"
        },
        "content": ""
      },
      {
        "lineNumber": 17,
        "author": {
          "gitId": "-"
        },
        "content": "REM run the program, feed commands from input.txt file and redirect the output to the ACTUAL.TXT"
      },
      {
        "lineNumber": 18,
        "author": {
          "gitId": "-"
        },
        "content": "java -classpath ..\\bin Duke \u003c input.txt \u003e ACTUAL.TXT"
      },
      {
        "lineNumber": 19,
        "author": {
          "gitId": "-"
        },
        "content": ""
      },
      {
        "lineNumber": 20,
        "author": {
          "gitId": "-"
        },
        "content": "REM compare the output to the expected output"
      },
      {
        "lineNumber": 21,
        "author": {
          "gitId": "-"
        },
        "content": "FC ACTUAL.TXT EXPECTED.TXT"
      }
    ],
    "authorContributionMap": {
      "-": 20,
      "Reinbowl": 1
    }
  }
]
