[
  {
    "path": "src/main/java/Deadline.java",
    "fileType": "java",
    "lines": [
      {
        "lineNumber": 1,
        "author": {
          "gitId": "amanda-chua"
        },
        "content": "public class Deadline extends Task {"
      },
      {
        "lineNumber": 2,
        "author": {
          "gitId": "amanda-chua"
        },
        "content": ""
      },
      {
        "lineNumber": 3,
        "author": {
          "gitId": "amanda-chua"
        },
        "content": "    protected String by;"
      },
      {
        "lineNumber": 4,
        "author": {
          "gitId": "amanda-chua"
        },
        "content": ""
      },
      {
        "lineNumber": 5,
        "author": {
          "gitId": "amanda-chua"
        },
        "content": "    public Deadline(String description, String by) {"
      },
      {
        "lineNumber": 6,
        "author": {
          "gitId": "amanda-chua"
        },
        "content": "        super(description);"
      },
      {
        "lineNumber": 7,
        "author": {
          "gitId": "amanda-chua"
        },
        "content": "        this.by \u003d by;"
      },
      {
        "lineNumber": 8,
        "author": {
          "gitId": "amanda-chua"
        },
        "content": "    }"
      },
      {
        "lineNumber": 9,
        "author": {
          "gitId": "amanda-chua"
        },
        "content": ""
      },
      {
        "lineNumber": 10,
        "author": {
          "gitId": "amanda-chua"
        },
        "content": "    @Override"
      },
      {
        "lineNumber": 11,
        "author": {
          "gitId": "amanda-chua"
        },
        "content": "    public String toString() {"
      },
      {
        "lineNumber": 12,
        "author": {
          "gitId": "amanda-chua"
        },
        "content": "        return \"[D]\" + super.toString() + \" (\" + by + \")\";"
      },
      {
        "lineNumber": 13,
        "author": {
          "gitId": "amanda-chua"
        },
        "content": "    }"
      },
      {
        "lineNumber": 14,
        "author": {
          "gitId": "amanda-chua"
        },
        "content": "}"
      }
    ],
    "authorContributionMap": {
      "amanda-chua": 14
    }
  },
  {
    "path": "src/main/java/Duke.java",
    "fileType": "java",
    "lines": [
      {
        "lineNumber": 1,
        "author": {
          "gitId": "amanda-chua"
        },
        "content": "import java.util.Scanner;"
      },
      {
        "lineNumber": 2,
        "author": {
          "gitId": "amanda-chua"
        },
        "content": "import java.util.ArrayList;"
      },
      {
        "lineNumber": 3,
        "author": {
          "gitId": "amanda-chua"
        },
        "content": ""
      },
      {
        "lineNumber": 4,
        "author": {
          "gitId": "-"
        },
        "content": "public class Duke {"
      },
      {
        "lineNumber": 5,
        "author": {
          "gitId": "amanda-chua"
        },
        "content": ""
      },
      {
        "lineNumber": 6,
        "author": {
          "gitId": "amanda-chua"
        },
        "content": "    public static void printTask(Task taskType,  ArrayList\u003cTask\u003e tasks){"
      },
      {
        "lineNumber": 7,
        "author": {
          "gitId": "amanda-chua"
        },
        "content": "        System.out.println(\"Got it. I\u0027ve added this task:\");"
      },
      {
        "lineNumber": 8,
        "author": {
          "gitId": "amanda-chua"
        },
        "content": "        System.out.println(\"   \" + taskType);"
      },
      {
        "lineNumber": 9,
        "author": {
          "gitId": "amanda-chua"
        },
        "content": "        System.out.println(\"-------------------------------------------------------------------\");"
      },
      {
        "lineNumber": 10,
        "author": {
          "gitId": "amanda-chua"
        },
        "content": "        System.out.println(\"Now you have \" + tasks.size() + \" tasks in the list.\\n\");"
      },
      {
        "lineNumber": 11,
        "author": {
          "gitId": "amanda-chua"
        },
        "content": "    }"
      },
      {
        "lineNumber": 12,
        "author": {
          "gitId": "amanda-chua"
        },
        "content": ""
      },
      {
        "lineNumber": 13,
        "author": {
          "gitId": "-"
        },
        "content": "    public static void main(String[] args) {"
      },
      {
        "lineNumber": 14,
        "author": {
          "gitId": "amanda-chua"
        },
        "content": "        Scanner in \u003d new Scanner(System.in);"
      },
      {
        "lineNumber": 15,
        "author": {
          "gitId": "amanda-chua"
        },
        "content": "        ArrayList\u003cTask\u003e tasks \u003d new ArrayList\u003c\u003e();"
      },
      {
        "lineNumber": 16,
        "author": {
          "gitId": "amanda-chua"
        },
        "content": ""
      },
      {
        "lineNumber": 17,
        "author": {
          "gitId": "amanda-chua"
        },
        "content": "        String logoStart \u003d \"       _____________       \\n\""
      },
      {
        "lineNumber": 18,
        "author": {
          "gitId": "amanda-chua"
        },
        "content": "                + \"      /             \\\\     \\n\""
      },
      {
        "lineNumber": 19,
        "author": {
          "gitId": "amanda-chua"
        },
        "content": "                + \"  \\\\  /    \u003e      \u003c   \\\\  /\\n\""
      },
      {
        "lineNumber": 20,
        "author": {
          "gitId": "amanda-chua"
        },
        "content": "                + \"   \\\\|         *       |/ \\n\""
      },
      {
        "lineNumber": 21,
        "author": {
          "gitId": "amanda-chua"
        },
        "content": "                + \"     \\\\               /   \\n\""
      },
      {
        "lineNumber": 22,
        "author": {
          "gitId": "amanda-chua"
        },
        "content": "                + \"      \\\\_____________/    \\n\""
      },
      {
        "lineNumber": 23,
        "author": {
          "gitId": "amanda-chua"
        },
        "content": "                + \"         ^^     ^^        \\n\";"
      },
      {
        "lineNumber": 24,
        "author": {
          "gitId": "amanda-chua"
        },
        "content": "        String logoEnd \u003d \"       _____________       \\n\""
      },
      {
        "lineNumber": 25,
        "author": {
          "gitId": "amanda-chua"
        },
        "content": "                + \"      /             \\\\     \\n\""
      },
      {
        "lineNumber": 26,
        "author": {
          "gitId": "amanda-chua"
        },
        "content": "                + \"     /    x      x   \\\\   \\n\""
      },
      {
        "lineNumber": 27,
        "author": {
          "gitId": "amanda-chua"
        },
        "content": "                + \"  /\\\\|         ~       |/\\\\ \\n\""
      },
      {
        "lineNumber": 28,
        "author": {
          "gitId": "amanda-chua"
        },
        "content": "                + \"     \\\\               /   \\n\""
      },
      {
        "lineNumber": 29,
        "author": {
          "gitId": "amanda-chua"
        },
        "content": "                + \"   ~  \\\\_____________/    \\n\""
      },
      {
        "lineNumber": 30,
        "author": {
          "gitId": "amanda-chua"
        },
        "content": "                + \"  ~      ^^     ^^        \\n\";"
      },
      {
        "lineNumber": 31,
        "author": {
          "gitId": "amanda-chua"
        },
        "content": "        System.out.println(\"Hello! I\u0027m Duke\");"
      },
      {
        "lineNumber": 32,
        "author": {
          "gitId": "amanda-chua"
        },
        "content": "        System.out.println(logoStart);"
      },
      {
        "lineNumber": 33,
        "author": {
          "gitId": "amanda-chua"
        },
        "content": "        System.out.println(\"What can I do for you?\");"
      },
      {
        "lineNumber": 34,
        "author": {
          "gitId": "amanda-chua"
        },
        "content": ""
      },
      {
        "lineNumber": 35,
        "author": {
          "gitId": "amanda-chua"
        },
        "content": "        while(!in.hasNext(\"bye\")) {"
      },
      {
        "lineNumber": 36,
        "author": {
          "gitId": "amanda-chua"
        },
        "content": "            String line \u003d in.nextLine();"
      },
      {
        "lineNumber": 37,
        "author": {
          "gitId": "amanda-chua"
        },
        "content": "            if(line.equals(\"list\")) {"
      },
      {
        "lineNumber": 38,
        "author": {
          "gitId": "amanda-chua"
        },
        "content": "                System.out.println(\"Here are the tasks in your list:\");"
      },
      {
        "lineNumber": 39,
        "author": {
          "gitId": "amanda-chua"
        },
        "content": "                for(int i\u003d0; i\u003ctasks.size(); i++) {"
      },
      {
        "lineNumber": 40,
        "author": {
          "gitId": "amanda-chua"
        },
        "content": "                    System.out.println((i+1) + \".\" + tasks.get(i));"
      },
      {
        "lineNumber": 41,
        "author": {
          "gitId": "amanda-chua"
        },
        "content": "                }"
      },
      {
        "lineNumber": 42,
        "author": {
          "gitId": "amanda-chua"
        },
        "content": "            }"
      },
      {
        "lineNumber": 43,
        "author": {
          "gitId": "amanda-chua"
        },
        "content": "            else if(line.startsWith(\"done\")) {"
      },
      {
        "lineNumber": 44,
        "author": {
          "gitId": "amanda-chua"
        },
        "content": "                int taskNo \u003d Integer.parseInt(line.substring(5));"
      },
      {
        "lineNumber": 45,
        "author": {
          "gitId": "amanda-chua"
        },
        "content": "                Task chosenTask \u003d tasks.get(taskNo-1);"
      },
      {
        "lineNumber": 46,
        "author": {
          "gitId": "amanda-chua"
        },
        "content": "                chosenTask.markDone();"
      },
      {
        "lineNumber": 47,
        "author": {
          "gitId": "amanda-chua"
        },
        "content": "                System.out.println(\"Nice! I\u0027ve marked this task as done:\");"
      },
      {
        "lineNumber": 48,
        "author": {
          "gitId": "amanda-chua"
        },
        "content": "                System.out.println(\" \" + chosenTask);"
      },
      {
        "lineNumber": 49,
        "author": {
          "gitId": "amanda-chua"
        },
        "content": "            }"
      },
      {
        "lineNumber": 50,
        "author": {
          "gitId": "amanda-chua"
        },
        "content": "            else if(line.startsWith(\"todo\")){"
      },
      {
        "lineNumber": 51,
        "author": {
          "gitId": "amanda-chua"
        },
        "content": "                int noOfWords \u003d 0;"
      },
      {
        "lineNumber": 52,
        "author": {
          "gitId": "amanda-chua"
        },
        "content": "                for (String description : line.split(\" \")) {"
      },
      {
        "lineNumber": 53,
        "author": {
          "gitId": "amanda-chua"
        },
        "content": "                    noOfWords++;"
      },
      {
        "lineNumber": 54,
        "author": {
          "gitId": "amanda-chua"
        },
        "content": "                }"
      },
      {
        "lineNumber": 55,
        "author": {
          "gitId": "amanda-chua"
        },
        "content": "                if (noOfWords \u003e 1) {"
      },
      {
        "lineNumber": 56,
        "author": {
          "gitId": "amanda-chua"
        },
        "content": "                    Task toDo \u003d new ToDo(line.replace(\"todo \", \"\"));"
      },
      {
        "lineNumber": 57,
        "author": {
          "gitId": "amanda-chua"
        },
        "content": "                    tasks.add(toDo);"
      },
      {
        "lineNumber": 58,
        "author": {
          "gitId": "amanda-chua"
        },
        "content": "                    printTask(toDo, tasks);"
      },
      {
        "lineNumber": 59,
        "author": {
          "gitId": "amanda-chua"
        },
        "content": "                }"
      },
      {
        "lineNumber": 60,
        "author": {
          "gitId": "amanda-chua"
        },
        "content": "                else{"
      },
      {
        "lineNumber": 61,
        "author": {
          "gitId": "amanda-chua"
        },
        "content": "                    System.out.println(\"-------------------------------------------------------------------\\n\" +"
      },
      {
        "lineNumber": 62,
        "author": {
          "gitId": "amanda-chua"
        },
        "content": "                            \"☹ OOPS!!! The description of a todo cannot be empty.\\n\" +"
      },
      {
        "lineNumber": 63,
        "author": {
          "gitId": "amanda-chua"
        },
        "content": "                            \"-------------------------------------------------------------------\\n\");"
      },
      {
        "lineNumber": 64,
        "author": {
          "gitId": "amanda-chua"
        },
        "content": "                }"
      },
      {
        "lineNumber": 65,
        "author": {
          "gitId": "amanda-chua"
        },
        "content": "            }"
      },
      {
        "lineNumber": 66,
        "author": {
          "gitId": "amanda-chua"
        },
        "content": "            else if(line.startsWith(\"deadline\")){"
      },
      {
        "lineNumber": 67,
        "author": {
          "gitId": "amanda-chua"
        },
        "content": "                try {"
      },
      {
        "lineNumber": 68,
        "author": {
          "gitId": "amanda-chua"
        },
        "content": "                    String date \u003d line.split(\"/\")[1];"
      },
      {
        "lineNumber": 69,
        "author": {
          "gitId": "amanda-chua"
        },
        "content": "                    String description \u003d line.split(\"/\")[0].replace(\"deadline \", \"\");"
      },
      {
        "lineNumber": 70,
        "author": {
          "gitId": "amanda-chua"
        },
        "content": "                    Task taskDeadline \u003d new Deadline(description, date);"
      },
      {
        "lineNumber": 71,
        "author": {
          "gitId": "amanda-chua"
        },
        "content": "                    tasks.add(taskDeadline);"
      },
      {
        "lineNumber": 72,
        "author": {
          "gitId": "amanda-chua"
        },
        "content": "                    printTask(taskDeadline, tasks);"
      },
      {
        "lineNumber": 73,
        "author": {
          "gitId": "amanda-chua"
        },
        "content": "                }"
      },
      {
        "lineNumber": 74,
        "author": {
          "gitId": "amanda-chua"
        },
        "content": "                catch (ArrayIndexOutOfBoundsException ex){"
      },
      {
        "lineNumber": 75,
        "author": {
          "gitId": "amanda-chua"
        },
        "content": "                    System.out.println(\"-------------------------------------------------------------------\\n\" +"
      },
      {
        "lineNumber": 76,
        "author": {
          "gitId": "amanda-chua"
        },
        "content": "                            \"☹ OOPS!!! The deadline input cannot be empty.\\n\" +"
      },
      {
        "lineNumber": 77,
        "author": {
          "gitId": "amanda-chua"
        },
        "content": "                            \"-------------------------------------------------------------------\\n\");"
      },
      {
        "lineNumber": 78,
        "author": {
          "gitId": "amanda-chua"
        },
        "content": "                }"
      },
      {
        "lineNumber": 79,
        "author": {
          "gitId": "amanda-chua"
        },
        "content": "            }"
      },
      {
        "lineNumber": 80,
        "author": {
          "gitId": "amanda-chua"
        },
        "content": "            else if(line.startsWith(\"event\")){"
      },
      {
        "lineNumber": 81,
        "author": {
          "gitId": "amanda-chua"
        },
        "content": "                try {"
      },
      {
        "lineNumber": 82,
        "author": {
          "gitId": "amanda-chua"
        },
        "content": "                    String time \u003d line.split(\"/\")[1];"
      },
      {
        "lineNumber": 83,
        "author": {
          "gitId": "amanda-chua"
        },
        "content": "                    String description \u003d line.split(\"/\")[0].replace(\"event \", \"\");"
      },
      {
        "lineNumber": 84,
        "author": {
          "gitId": "amanda-chua"
        },
        "content": "                    Task taskEvent \u003d new Event(description, time);"
      },
      {
        "lineNumber": 85,
        "author": {
          "gitId": "amanda-chua"
        },
        "content": "                    tasks.add(taskEvent);"
      },
      {
        "lineNumber": 86,
        "author": {
          "gitId": "amanda-chua"
        },
        "content": "                    printTask(taskEvent, tasks);"
      },
      {
        "lineNumber": 87,
        "author": {
          "gitId": "amanda-chua"
        },
        "content": "                }"
      },
      {
        "lineNumber": 88,
        "author": {
          "gitId": "amanda-chua"
        },
        "content": "                catch (ArrayIndexOutOfBoundsException ex){"
      },
      {
        "lineNumber": 89,
        "author": {
          "gitId": "amanda-chua"
        },
        "content": "                    System.out.println(\"-------------------------------------------------------------------\\n\" +"
      },
      {
        "lineNumber": 90,
        "author": {
          "gitId": "amanda-chua"
        },
        "content": "                            \"☹ OOPS!!! The event input cannot be empty.\\n\" +"
      },
      {
        "lineNumber": 91,
        "author": {
          "gitId": "amanda-chua"
        },
        "content": "                            \"-------------------------------------------------------------------\\n\");"
      },
      {
        "lineNumber": 92,
        "author": {
          "gitId": "amanda-chua"
        },
        "content": "                }"
      },
      {
        "lineNumber": 93,
        "author": {
          "gitId": "amanda-chua"
        },
        "content": "            }"
      },
      {
        "lineNumber": 94,
        "author": {
          "gitId": "amanda-chua"
        },
        "content": "            else {"
      },
      {
        "lineNumber": 95,
        "author": {
          "gitId": "amanda-chua"
        },
        "content": "                System.out.println(\"-------------------------------------------------------------------\\n\" +"
      },
      {
        "lineNumber": 96,
        "author": {
          "gitId": "amanda-chua"
        },
        "content": "                        \"☹ OOPS!!! I\u0027m sorry, but I don\u0027t know what that means :-(\\n\" +"
      },
      {
        "lineNumber": 97,
        "author": {
          "gitId": "amanda-chua"
        },
        "content": "                        \"-------------------------------------------------------------------\\n\");"
      },
      {
        "lineNumber": 98,
        "author": {
          "gitId": "amanda-chua"
        },
        "content": "            }"
      },
      {
        "lineNumber": 99,
        "author": {
          "gitId": "amanda-chua"
        },
        "content": "        }"
      },
      {
        "lineNumber": 100,
        "author": {
          "gitId": "amanda-chua"
        },
        "content": "        System.out.println(\"Bye. Hope to see you again soon!\");"
      },
      {
        "lineNumber": 101,
        "author": {
          "gitId": "amanda-chua"
        },
        "content": "        System.out.println(logoEnd);"
      },
      {
        "lineNumber": 102,
        "author": {
          "gitId": "-"
        },
        "content": "    }"
      },
      {
        "lineNumber": 103,
        "author": {
          "gitId": "amanda-chua"
        },
        "content": ""
      },
      {
        "lineNumber": 104,
        "author": {
          "gitId": "-"
        },
        "content": "}"
      }
    ],
    "authorContributionMap": {
      "amanda-chua": 100,
      "-": 4
    }
  },
  {
    "path": "src/main/java/Event.java",
    "fileType": "java",
    "lines": [
      {
        "lineNumber": 1,
        "author": {
          "gitId": "amanda-chua"
        },
        "content": "public class Event extends Task{"
      },
      {
        "lineNumber": 2,
        "author": {
          "gitId": "amanda-chua"
        },
        "content": "    protected String time;"
      },
      {
        "lineNumber": 3,
        "author": {
          "gitId": "amanda-chua"
        },
        "content": ""
      },
      {
        "lineNumber": 4,
        "author": {
          "gitId": "amanda-chua"
        },
        "content": "    public Event(String description, String time) {"
      },
      {
        "lineNumber": 5,
        "author": {
          "gitId": "amanda-chua"
        },
        "content": "        super(description);"
      },
      {
        "lineNumber": 6,
        "author": {
          "gitId": "amanda-chua"
        },
        "content": "        this.time \u003d time;"
      },
      {
        "lineNumber": 7,
        "author": {
          "gitId": "amanda-chua"
        },
        "content": "    }"
      },
      {
        "lineNumber": 8,
        "author": {
          "gitId": "amanda-chua"
        },
        "content": ""
      },
      {
        "lineNumber": 9,
        "author": {
          "gitId": "amanda-chua"
        },
        "content": "    @Override"
      },
      {
        "lineNumber": 10,
        "author": {
          "gitId": "amanda-chua"
        },
        "content": "    public String toString() {"
      },
      {
        "lineNumber": 11,
        "author": {
          "gitId": "amanda-chua"
        },
        "content": "        return \"[E]\" + super.toString() + \" (\" + time + \")\";"
      },
      {
        "lineNumber": 12,
        "author": {
          "gitId": "amanda-chua"
        },
        "content": "    }"
      },
      {
        "lineNumber": 13,
        "author": {
          "gitId": "amanda-chua"
        },
        "content": "}"
      }
    ],
    "authorContributionMap": {
      "amanda-chua": 13
    }
  },
  {
    "path": "src/main/java/Task.java",
    "fileType": "java",
    "lines": [
      {
        "lineNumber": 1,
        "author": {
          "gitId": "amanda-chua"
        },
        "content": "public class Task {"
      },
      {
        "lineNumber": 2,
        "author": {
          "gitId": "amanda-chua"
        },
        "content": "    protected String description;"
      },
      {
        "lineNumber": 3,
        "author": {
          "gitId": "amanda-chua"
        },
        "content": "    protected boolean isDone;"
      },
      {
        "lineNumber": 4,
        "author": {
          "gitId": "amanda-chua"
        },
        "content": ""
      },
      {
        "lineNumber": 5,
        "author": {
          "gitId": "amanda-chua"
        },
        "content": "    public Task(String description) {"
      },
      {
        "lineNumber": 6,
        "author": {
          "gitId": "amanda-chua"
        },
        "content": "        this.description \u003d description;"
      },
      {
        "lineNumber": 7,
        "author": {
          "gitId": "amanda-chua"
        },
        "content": "        this.isDone \u003d false;"
      },
      {
        "lineNumber": 8,
        "author": {
          "gitId": "amanda-chua"
        },
        "content": "    }"
      },
      {
        "lineNumber": 9,
        "author": {
          "gitId": "amanda-chua"
        },
        "content": ""
      },
      {
        "lineNumber": 10,
        "author": {
          "gitId": "amanda-chua"
        },
        "content": "    public String getStatusIcon() {"
      },
      {
        "lineNumber": 11,
        "author": {
          "gitId": "amanda-chua"
        },
        "content": "        return (isDone ? \"\\u2713\" : \"\\u2718\"); //return tick or X symbols"
      },
      {
        "lineNumber": 12,
        "author": {
          "gitId": "amanda-chua"
        },
        "content": "    }"
      },
      {
        "lineNumber": 13,
        "author": {
          "gitId": "amanda-chua"
        },
        "content": ""
      },
      {
        "lineNumber": 14,
        "author": {
          "gitId": "amanda-chua"
        },
        "content": "    public Task markDone() {"
      },
      {
        "lineNumber": 15,
        "author": {
          "gitId": "amanda-chua"
        },
        "content": "        this.isDone \u003d true;"
      },
      {
        "lineNumber": 16,
        "author": {
          "gitId": "amanda-chua"
        },
        "content": "        return this;"
      },
      {
        "lineNumber": 17,
        "author": {
          "gitId": "amanda-chua"
        },
        "content": "    }"
      },
      {
        "lineNumber": 18,
        "author": {
          "gitId": "amanda-chua"
        },
        "content": ""
      },
      {
        "lineNumber": 19,
        "author": {
          "gitId": "amanda-chua"
        },
        "content": "    @Override"
      },
      {
        "lineNumber": 20,
        "author": {
          "gitId": "amanda-chua"
        },
        "content": "    public String toString() {"
      },
      {
        "lineNumber": 21,
        "author": {
          "gitId": "amanda-chua"
        },
        "content": "        return \"[\" + this.getStatusIcon() + \"] \" + this.description;"
      },
      {
        "lineNumber": 22,
        "author": {
          "gitId": "amanda-chua"
        },
        "content": "    }"
      },
      {
        "lineNumber": 23,
        "author": {
          "gitId": "amanda-chua"
        },
        "content": "}"
      }
    ],
    "authorContributionMap": {
      "amanda-chua": 23
    }
  },
  {
    "path": "src/main/java/ToDo.java",
    "fileType": "java",
    "lines": [
      {
        "lineNumber": 1,
        "author": {
          "gitId": "amanda-chua"
        },
        "content": "public class ToDo extends Task{"
      },
      {
        "lineNumber": 2,
        "author": {
          "gitId": "amanda-chua"
        },
        "content": "    public ToDo(String description){"
      },
      {
        "lineNumber": 3,
        "author": {
          "gitId": "amanda-chua"
        },
        "content": "        super(description);"
      },
      {
        "lineNumber": 4,
        "author": {
          "gitId": "amanda-chua"
        },
        "content": "    }"
      },
      {
        "lineNumber": 5,
        "author": {
          "gitId": "amanda-chua"
        },
        "content": ""
      },
      {
        "lineNumber": 6,
        "author": {
          "gitId": "amanda-chua"
        },
        "content": "    @Override"
      },
      {
        "lineNumber": 7,
        "author": {
          "gitId": "amanda-chua"
        },
        "content": "    public String toString(){"
      },
      {
        "lineNumber": 8,
        "author": {
          "gitId": "amanda-chua"
        },
        "content": "        return \"[T]\" + super.toString();"
      },
      {
        "lineNumber": 9,
        "author": {
          "gitId": "amanda-chua"
        },
        "content": "    }"
      },
      {
        "lineNumber": 10,
        "author": {
          "gitId": "amanda-chua"
        },
        "content": "}"
      }
    ],
    "authorContributionMap": {
      "amanda-chua": 10
    }
  },
  {
    "path": "text-ui-test/input.txt",
    "fileType": "txt",
    "lines": [
      {
        "lineNumber": 1,
        "author": {
          "gitId": "amanda-chua"
        },
        "content": "todo borrow book"
      },
      {
        "lineNumber": 2,
        "author": {
          "gitId": "amanda-chua"
        },
        "content": "deadline return book /by Sunday"
      },
      {
        "lineNumber": 3,
        "author": {
          "gitId": "amanda-chua"
        },
        "content": "event project meeting /at Mon 2-4pm"
      },
      {
        "lineNumber": 4,
        "author": {
          "gitId": "amanda-chua"
        },
        "content": "list"
      },
      {
        "lineNumber": 5,
        "author": {
          "gitId": "amanda-chua"
        },
        "content": "bye"
      }
    ],
    "authorContributionMap": {
      "amanda-chua": 5
    }
  },
  {
    "path": "text-ui-test/runtest.bat",
    "fileType": "bat",
    "lines": [
      {
        "lineNumber": 1,
        "author": {
          "gitId": "-"
        },
        "content": "@ECHO OFF"
      },
      {
        "lineNumber": 2,
        "author": {
          "gitId": "-"
        },
        "content": ""
      },
      {
        "lineNumber": 3,
        "author": {
          "gitId": "-"
        },
        "content": "REM create bin directory if it doesn\u0027t exist"
      },
      {
        "lineNumber": 4,
        "author": {
          "gitId": "-"
        },
        "content": "if not exist ..\\bin mkdir ..\\bin"
      },
      {
        "lineNumber": 5,
        "author": {
          "gitId": "-"
        },
        "content": ""
      },
      {
        "lineNumber": 6,
        "author": {
          "gitId": "-"
        },
        "content": "REM delete output from previous run"
      },
      {
        "lineNumber": 7,
        "author": {
          "gitId": "-"
        },
        "content": "del ACTUAL.TXT"
      },
      {
        "lineNumber": 8,
        "author": {
          "gitId": "-"
        },
        "content": ""
      },
      {
        "lineNumber": 9,
        "author": {
          "gitId": "-"
        },
        "content": "REM compile the code into the bin folder"
      },
      {
        "lineNumber": 10,
        "author": {
          "gitId": "amanda-chua"
        },
        "content": "javac  -cp ..\\src\\main\\java -Xlint:none -d ..\\bin ..\\src\\main\\java\\*.java"
      },
      {
        "lineNumber": 11,
        "author": {
          "gitId": "-"
        },
        "content": "IF ERRORLEVEL 1 ("
      },
      {
        "lineNumber": 12,
        "author": {
          "gitId": "-"
        },
        "content": "    echo ********** BUILD FAILURE **********"
      },
      {
        "lineNumber": 13,
        "author": {
          "gitId": "-"
        },
        "content": "    exit /b 1"
      },
      {
        "lineNumber": 14,
        "author": {
          "gitId": "-"
        },
        "content": ")"
      },
      {
        "lineNumber": 15,
        "author": {
          "gitId": "-"
        },
        "content": "REM no error here, errorlevel \u003d\u003d 0"
      },
      {
        "lineNumber": 16,
        "author": {
          "gitId": "-"
        },
        "content": ""
      },
      {
        "lineNumber": 17,
        "author": {
          "gitId": "-"
        },
        "content": "REM run the program, feed commands from input.txt file and redirect the output to the ACTUAL.TXT"
      },
      {
        "lineNumber": 18,
        "author": {
          "gitId": "-"
        },
        "content": "java -classpath ..\\bin Duke \u003c input.txt \u003e ACTUAL.TXT"
      },
      {
        "lineNumber": 19,
        "author": {
          "gitId": "-"
        },
        "content": ""
      },
      {
        "lineNumber": 20,
        "author": {
          "gitId": "-"
        },
        "content": "REM compare the output to the expected output"
      },
      {
        "lineNumber": 21,
        "author": {
          "gitId": "-"
        },
        "content": "FC ACTUAL.TXT EXPECTED.TXT"
      }
    ],
    "authorContributionMap": {
      "amanda-chua": 1,
      "-": 20
    }
  }
]
