[
  {
    "path": "data/taskList.txt",
    "fileType": "txt",
    "lines": [
      {
        "lineNumber": 1,
        "author": {
          "gitId": "amanda-chua"
        },
        "content": "T|0|eat"
      },
      {
        "lineNumber": 2,
        "author": {
          "gitId": "amanda-chua"
        },
        "content": "E|0|dance|at 2pm"
      },
      {
        "lineNumber": 3,
        "author": {
          "gitId": "amanda-chua"
        },
        "content": "D|1|drink|by sun"
      },
      {
        "lineNumber": 4,
        "author": {
          "gitId": "amanda-chua"
        },
        "content": "E|0|hop|at 1am"
      },
      {
        "lineNumber": 5,
        "author": {
          "gitId": "amanda-chua"
        },
        "content": "T|0|borrow things"
      },
      {
        "lineNumber": 6,
        "author": {
          "gitId": "amanda-chua"
        },
        "content": "E|0|say bye|at 2pm"
      },
      {
        "lineNumber": 7,
        "author": {
          "gitId": "amanda-chua"
        },
        "content": "D|0|say hi|by wed"
      }
    ],
    "authorContributionMap": {
      "amanda-chua": 7
    }
  },
  {
    "path": "src/main/java/Deadline.java",
    "fileType": "java",
    "lines": [
      {
        "lineNumber": 1,
        "author": {
          "gitId": "amanda-chua"
        },
        "content": "public class Deadline extends Task {"
      },
      {
        "lineNumber": 2,
        "author": {
          "gitId": "amanda-chua"
        },
        "content": "    protected String by;"
      },
      {
        "lineNumber": 3,
        "author": {
          "gitId": "amanda-chua"
        },
        "content": ""
      },
      {
        "lineNumber": 4,
        "author": {
          "gitId": "amanda-chua"
        },
        "content": "    public Deadline(String description, String by) {"
      },
      {
        "lineNumber": 5,
        "author": {
          "gitId": "amanda-chua"
        },
        "content": "        super(description);"
      },
      {
        "lineNumber": 6,
        "author": {
          "gitId": "amanda-chua"
        },
        "content": "        this.by \u003d by;"
      },
      {
        "lineNumber": 7,
        "author": {
          "gitId": "amanda-chua"
        },
        "content": "    }"
      },
      {
        "lineNumber": 8,
        "author": {
          "gitId": "amanda-chua"
        },
        "content": ""
      },
      {
        "lineNumber": 9,
        "author": {
          "gitId": "amanda-chua"
        },
        "content": "    @Override"
      },
      {
        "lineNumber": 10,
        "author": {
          "gitId": "amanda-chua"
        },
        "content": "    public String toString() {"
      },
      {
        "lineNumber": 11,
        "author": {
          "gitId": "amanda-chua"
        },
        "content": "        return \"[D]\" + super.toString() + \" (\" + by + \")\";"
      },
      {
        "lineNumber": 12,
        "author": {
          "gitId": "amanda-chua"
        },
        "content": "    }"
      },
      {
        "lineNumber": 13,
        "author": {
          "gitId": "amanda-chua"
        },
        "content": ""
      },
      {
        "lineNumber": 14,
        "author": {
          "gitId": "amanda-chua"
        },
        "content": "    @Override"
      },
      {
        "lineNumber": 15,
        "author": {
          "gitId": "amanda-chua"
        },
        "content": "    public String writeToFile() {"
      },
      {
        "lineNumber": 16,
        "author": {
          "gitId": "amanda-chua"
        },
        "content": "        return \"D|\" + status + \"|\" + description + \"|\" + this.by;"
      },
      {
        "lineNumber": 17,
        "author": {
          "gitId": "amanda-chua"
        },
        "content": "    }"
      },
      {
        "lineNumber": 18,
        "author": {
          "gitId": "amanda-chua"
        },
        "content": "}"
      }
    ],
    "authorContributionMap": {
      "amanda-chua": 18
    }
  },
  {
    "path": "src/main/java/Duke.java",
    "fileType": "java",
    "lines": [
      {
        "lineNumber": 1,
        "author": {
          "gitId": "amanda-chua"
        },
        "content": "import java.io.File;"
      },
      {
        "lineNumber": 2,
        "author": {
          "gitId": "amanda-chua"
        },
        "content": "import java.io.FileWriter;"
      },
      {
        "lineNumber": 3,
        "author": {
          "gitId": "amanda-chua"
        },
        "content": "import java.io.IOException;"
      },
      {
        "lineNumber": 4,
        "author": {
          "gitId": "amanda-chua"
        },
        "content": "import java.io.FileNotFoundException;"
      },
      {
        "lineNumber": 5,
        "author": {
          "gitId": "amanda-chua"
        },
        "content": "import java.util.Scanner;"
      },
      {
        "lineNumber": 6,
        "author": {
          "gitId": "amanda-chua"
        },
        "content": "import java.util.ArrayList;"
      },
      {
        "lineNumber": 7,
        "author": {
          "gitId": "amanda-chua"
        },
        "content": ""
      },
      {
        "lineNumber": 8,
        "author": {
          "gitId": "-"
        },
        "content": "public class Duke {"
      },
      {
        "lineNumber": 9,
        "author": {
          "gitId": "amanda-chua"
        },
        "content": ""
      },
      {
        "lineNumber": 10,
        "author": {
          "gitId": "amanda-chua"
        },
        "content": "    public static String file \u003d \"data/taskList.txt\";"
      },
      {
        "lineNumber": 11,
        "author": {
          "gitId": "amanda-chua"
        },
        "content": "    static ArrayList\u003cTask\u003e tasks \u003d new ArrayList\u003c\u003e();"
      },
      {
        "lineNumber": 12,
        "author": {
          "gitId": "amanda-chua"
        },
        "content": ""
      },
      {
        "lineNumber": 13,
        "author": {
          "gitId": "amanda-chua"
        },
        "content": "    public static void writeTaskToFile(String file) {"
      },
      {
        "lineNumber": 14,
        "author": {
          "gitId": "amanda-chua"
        },
        "content": "        try {"
      },
      {
        "lineNumber": 15,
        "author": {
          "gitId": "amanda-chua"
        },
        "content": "            FileWriter fw \u003d new FileWriter(file);"
      },
      {
        "lineNumber": 16,
        "author": {
          "gitId": "amanda-chua"
        },
        "content": "            for (Task taskToAdd : tasks) {"
      },
      {
        "lineNumber": 17,
        "author": {
          "gitId": "amanda-chua"
        },
        "content": "                fw.write(taskToAdd.writeToFile() + \"\\n\");"
      },
      {
        "lineNumber": 18,
        "author": {
          "gitId": "amanda-chua"
        },
        "content": "            }"
      },
      {
        "lineNumber": 19,
        "author": {
          "gitId": "amanda-chua"
        },
        "content": "            fw.close();"
      },
      {
        "lineNumber": 20,
        "author": {
          "gitId": "amanda-chua"
        },
        "content": "        } catch (IOException e) {"
      },
      {
        "lineNumber": 21,
        "author": {
          "gitId": "amanda-chua"
        },
        "content": "            System.out.println(\"Something went wrong: \" + e.getMessage());"
      },
      {
        "lineNumber": 22,
        "author": {
          "gitId": "amanda-chua"
        },
        "content": "        }"
      },
      {
        "lineNumber": 23,
        "author": {
          "gitId": "amanda-chua"
        },
        "content": "    }"
      },
      {
        "lineNumber": 24,
        "author": {
          "gitId": "amanda-chua"
        },
        "content": ""
      },
      {
        "lineNumber": 25,
        "author": {
          "gitId": "amanda-chua"
        },
        "content": "    public static void readTask(String file) {"
      },
      {
        "lineNumber": 26,
        "author": {
          "gitId": "amanda-chua"
        },
        "content": "        try {"
      },
      {
        "lineNumber": 27,
        "author": {
          "gitId": "amanda-chua"
        },
        "content": "            File taskList \u003d new File(file);"
      },
      {
        "lineNumber": 28,
        "author": {
          "gitId": "amanda-chua"
        },
        "content": "            Scanner sc \u003d new Scanner(taskList);"
      },
      {
        "lineNumber": 29,
        "author": {
          "gitId": "amanda-chua"
        },
        "content": "            while (sc.hasNextLine()) {"
      },
      {
        "lineNumber": 30,
        "author": {
          "gitId": "amanda-chua"
        },
        "content": "                tasks.add(convertTextToTask(sc.nextLine()));"
      },
      {
        "lineNumber": 31,
        "author": {
          "gitId": "amanda-chua"
        },
        "content": "            }"
      },
      {
        "lineNumber": 32,
        "author": {
          "gitId": "amanda-chua"
        },
        "content": "        } catch (FileNotFoundException e) {"
      },
      {
        "lineNumber": 33,
        "author": {
          "gitId": "amanda-chua"
        },
        "content": "            System.out.println(\"File not found\");"
      },
      {
        "lineNumber": 34,
        "author": {
          "gitId": "amanda-chua"
        },
        "content": "        }"
      },
      {
        "lineNumber": 35,
        "author": {
          "gitId": "amanda-chua"
        },
        "content": "    }"
      },
      {
        "lineNumber": 36,
        "author": {
          "gitId": "amanda-chua"
        },
        "content": ""
      },
      {
        "lineNumber": 37,
        "author": {
          "gitId": "amanda-chua"
        },
        "content": "    private static Task convertTextToTask(String line) {"
      },
      {
        "lineNumber": 38,
        "author": {
          "gitId": "amanda-chua"
        },
        "content": "        String[] taskInfo \u003d line.split(\"\\\\|\");"
      },
      {
        "lineNumber": 39,
        "author": {
          "gitId": "amanda-chua"
        },
        "content": "        Task convertedTask;"
      },
      {
        "lineNumber": 40,
        "author": {
          "gitId": "amanda-chua"
        },
        "content": ""
      },
      {
        "lineNumber": 41,
        "author": {
          "gitId": "amanda-chua"
        },
        "content": "        if (taskInfo[0].equals(\"T\")) {"
      },
      {
        "lineNumber": 42,
        "author": {
          "gitId": "amanda-chua"
        },
        "content": "            convertedTask \u003d new ToDo(taskInfo[2]);"
      },
      {
        "lineNumber": 43,
        "author": {
          "gitId": "amanda-chua"
        },
        "content": "        } else if (taskInfo[0].equals(\"E\")) {"
      },
      {
        "lineNumber": 44,
        "author": {
          "gitId": "amanda-chua"
        },
        "content": "            convertedTask \u003d new Event(taskInfo[2], taskInfo[3]);"
      },
      {
        "lineNumber": 45,
        "author": {
          "gitId": "amanda-chua"
        },
        "content": "        } else {"
      },
      {
        "lineNumber": 46,
        "author": {
          "gitId": "amanda-chua"
        },
        "content": "            convertedTask \u003d new Deadline(taskInfo[2], taskInfo[3]);"
      },
      {
        "lineNumber": 47,
        "author": {
          "gitId": "amanda-chua"
        },
        "content": "        }"
      },
      {
        "lineNumber": 48,
        "author": {
          "gitId": "amanda-chua"
        },
        "content": ""
      },
      {
        "lineNumber": 49,
        "author": {
          "gitId": "amanda-chua"
        },
        "content": "        if (taskInfo[1].equals(\"1\")) {"
      },
      {
        "lineNumber": 50,
        "author": {
          "gitId": "amanda-chua"
        },
        "content": "            convertedTask.markDone();"
      },
      {
        "lineNumber": 51,
        "author": {
          "gitId": "amanda-chua"
        },
        "content": "        }"
      },
      {
        "lineNumber": 52,
        "author": {
          "gitId": "amanda-chua"
        },
        "content": ""
      },
      {
        "lineNumber": 53,
        "author": {
          "gitId": "amanda-chua"
        },
        "content": "        return convertedTask;"
      },
      {
        "lineNumber": 54,
        "author": {
          "gitId": "amanda-chua"
        },
        "content": "    }"
      },
      {
        "lineNumber": 55,
        "author": {
          "gitId": "amanda-chua"
        },
        "content": ""
      },
      {
        "lineNumber": 56,
        "author": {
          "gitId": "amanda-chua"
        },
        "content": ""
      },
      {
        "lineNumber": 57,
        "author": {
          "gitId": "amanda-chua"
        },
        "content": "    public static void printTask(Task taskType,  ArrayList\u003cTask\u003e tasks){"
      },
      {
        "lineNumber": 58,
        "author": {
          "gitId": "amanda-chua"
        },
        "content": "        System.out.println(\"Got it. I\u0027ve added this task:\");"
      },
      {
        "lineNumber": 59,
        "author": {
          "gitId": "amanda-chua"
        },
        "content": "        System.out.println(\"   \" + taskType);"
      },
      {
        "lineNumber": 60,
        "author": {
          "gitId": "amanda-chua"
        },
        "content": "        System.out.println(\"-------------------------------------------------------------------\");"
      },
      {
        "lineNumber": 61,
        "author": {
          "gitId": "amanda-chua"
        },
        "content": "        System.out.println(\"Now you have \" + tasks.size() + \" tasks in the list!\\n\");"
      },
      {
        "lineNumber": 62,
        "author": {
          "gitId": "amanda-chua"
        },
        "content": "    }"
      },
      {
        "lineNumber": 63,
        "author": {
          "gitId": "amanda-chua"
        },
        "content": ""
      },
      {
        "lineNumber": 64,
        "author": {
          "gitId": "amanda-chua"
        },
        "content": ""
      },
      {
        "lineNumber": 65,
        "author": {
          "gitId": "-"
        },
        "content": "    public static void main(String[] args) {"
      },
      {
        "lineNumber": 66,
        "author": {
          "gitId": "amanda-chua"
        },
        "content": "        readTask(file);"
      },
      {
        "lineNumber": 67,
        "author": {
          "gitId": "amanda-chua"
        },
        "content": "        Scanner in \u003d new Scanner(System.in);"
      },
      {
        "lineNumber": 68,
        "author": {
          "gitId": "amanda-chua"
        },
        "content": "        //ArrayList\u003cTask\u003e tasks \u003d new ArrayList\u003c\u003e();"
      },
      {
        "lineNumber": 69,
        "author": {
          "gitId": "amanda-chua"
        },
        "content": ""
      },
      {
        "lineNumber": 70,
        "author": {
          "gitId": "amanda-chua"
        },
        "content": "        String logoStart \u003d \"       _____________       \\n\""
      },
      {
        "lineNumber": 71,
        "author": {
          "gitId": "amanda-chua"
        },
        "content": "                + \"      /             \\\\     \\n\""
      },
      {
        "lineNumber": 72,
        "author": {
          "gitId": "amanda-chua"
        },
        "content": "                + \"  \\\\  /    \u003e      \u003c   \\\\  /\\n\""
      },
      {
        "lineNumber": 73,
        "author": {
          "gitId": "amanda-chua"
        },
        "content": "                + \"   \\\\|         *       |/ \\n\""
      },
      {
        "lineNumber": 74,
        "author": {
          "gitId": "amanda-chua"
        },
        "content": "                + \"     \\\\               /   \\n\""
      },
      {
        "lineNumber": 75,
        "author": {
          "gitId": "amanda-chua"
        },
        "content": "                + \"      \\\\_____________/    \\n\""
      },
      {
        "lineNumber": 76,
        "author": {
          "gitId": "amanda-chua"
        },
        "content": "                + \"         ^^     ^^        \\n\";"
      },
      {
        "lineNumber": 77,
        "author": {
          "gitId": "amanda-chua"
        },
        "content": "        String logoEnd \u003d \"       _____________       \\n\""
      },
      {
        "lineNumber": 78,
        "author": {
          "gitId": "amanda-chua"
        },
        "content": "                + \"      /             \\\\     \\n\""
      },
      {
        "lineNumber": 79,
        "author": {
          "gitId": "amanda-chua"
        },
        "content": "                + \"     /    x      x   \\\\   \\n\""
      },
      {
        "lineNumber": 80,
        "author": {
          "gitId": "amanda-chua"
        },
        "content": "                + \"  /\\\\|         ~       |/\\\\ \\n\""
      },
      {
        "lineNumber": 81,
        "author": {
          "gitId": "amanda-chua"
        },
        "content": "                + \"     \\\\               /   \\n\""
      },
      {
        "lineNumber": 82,
        "author": {
          "gitId": "amanda-chua"
        },
        "content": "                + \"   ~  \\\\_____________/    \\n\""
      },
      {
        "lineNumber": 83,
        "author": {
          "gitId": "amanda-chua"
        },
        "content": "                + \"  ~      ^^     ^^        \\n\";"
      },
      {
        "lineNumber": 84,
        "author": {
          "gitId": "amanda-chua"
        },
        "content": "        System.out.println(\"Hello! I\u0027m Duke\");"
      },
      {
        "lineNumber": 85,
        "author": {
          "gitId": "amanda-chua"
        },
        "content": "        System.out.println(logoStart);"
      },
      {
        "lineNumber": 86,
        "author": {
          "gitId": "amanda-chua"
        },
        "content": "        System.out.println(\"What can I do for you?\");"
      },
      {
        "lineNumber": 87,
        "author": {
          "gitId": "amanda-chua"
        },
        "content": ""
      },
      {
        "lineNumber": 88,
        "author": {
          "gitId": "amanda-chua"
        },
        "content": "        while(!in.hasNext(\"bye\")) {"
      },
      {
        "lineNumber": 89,
        "author": {
          "gitId": "amanda-chua"
        },
        "content": "            String line \u003d in.nextLine();"
      },
      {
        "lineNumber": 90,
        "author": {
          "gitId": "amanda-chua"
        },
        "content": "            try {"
      },
      {
        "lineNumber": 91,
        "author": {
          "gitId": "amanda-chua"
        },
        "content": "                if (line.equals(\"list\")) {"
      },
      {
        "lineNumber": 92,
        "author": {
          "gitId": "amanda-chua"
        },
        "content": "                    System.out.println(\"Here are the tasks in your list:\");"
      },
      {
        "lineNumber": 93,
        "author": {
          "gitId": "amanda-chua"
        },
        "content": "                    for (int i \u003d 0; i \u003c tasks.size(); i++) {"
      },
      {
        "lineNumber": 94,
        "author": {
          "gitId": "amanda-chua"
        },
        "content": "                        System.out.println((i + 1) + \".\" + tasks.get(i));"
      },
      {
        "lineNumber": 95,
        "author": {
          "gitId": "amanda-chua"
        },
        "content": "                    }"
      },
      {
        "lineNumber": 96,
        "author": {
          "gitId": "amanda-chua"
        },
        "content": "                } else if (line.startsWith(\"done\")) {"
      },
      {
        "lineNumber": 97,
        "author": {
          "gitId": "amanda-chua"
        },
        "content": "                    int taskNo \u003d Integer.parseInt(line.substring(5));"
      },
      {
        "lineNumber": 98,
        "author": {
          "gitId": "amanda-chua"
        },
        "content": "                    Task chosenTask \u003d tasks.get(taskNo - 1);"
      },
      {
        "lineNumber": 99,
        "author": {
          "gitId": "amanda-chua"
        },
        "content": "                    chosenTask.markDone();"
      },
      {
        "lineNumber": 100,
        "author": {
          "gitId": "amanda-chua"
        },
        "content": "                    System.out.println(\"Nice! I\u0027ve marked this task as done:\");"
      },
      {
        "lineNumber": 101,
        "author": {
          "gitId": "amanda-chua"
        },
        "content": "                    System.out.println(\" \" + chosenTask);"
      },
      {
        "lineNumber": 102,
        "author": {
          "gitId": "amanda-chua"
        },
        "content": "                    writeTaskToFile(file);"
      },
      {
        "lineNumber": 103,
        "author": {
          "gitId": "amanda-chua"
        },
        "content": "                } else if (line.startsWith(\"delete\")) {"
      },
      {
        "lineNumber": 104,
        "author": {
          "gitId": "amanda-chua"
        },
        "content": "                    int taskNo \u003d Integer.parseInt(line.substring(7));"
      },
      {
        "lineNumber": 105,
        "author": {
          "gitId": "amanda-chua"
        },
        "content": "                    Task chosenTask \u003d tasks.remove(taskNo - 1);"
      },
      {
        "lineNumber": 106,
        "author": {
          "gitId": "amanda-chua"
        },
        "content": "                    System.out.println(\"Noted. I\u0027ve removed this task:\");"
      },
      {
        "lineNumber": 107,
        "author": {
          "gitId": "amanda-chua"
        },
        "content": "                    System.out.println(\"\\t\" + chosenTask);"
      },
      {
        "lineNumber": 108,
        "author": {
          "gitId": "amanda-chua"
        },
        "content": "                    System.out.printf(\"Now you have %d tasks in the list.\\n\", tasks.size());"
      },
      {
        "lineNumber": 109,
        "author": {
          "gitId": "amanda-chua"
        },
        "content": "                    writeTaskToFile(file);"
      },
      {
        "lineNumber": 110,
        "author": {
          "gitId": "amanda-chua"
        },
        "content": "                } else if (line.startsWith(\"todo\")) {"
      },
      {
        "lineNumber": 111,
        "author": {
          "gitId": "amanda-chua"
        },
        "content": "                    int noOfWords \u003d 0;"
      },
      {
        "lineNumber": 112,
        "author": {
          "gitId": "amanda-chua"
        },
        "content": "                    for (String description : line.split(\" \")) {"
      },
      {
        "lineNumber": 113,
        "author": {
          "gitId": "amanda-chua"
        },
        "content": "                        noOfWords++;"
      },
      {
        "lineNumber": 114,
        "author": {
          "gitId": "amanda-chua"
        },
        "content": "                    }"
      },
      {
        "lineNumber": 115,
        "author": {
          "gitId": "amanda-chua"
        },
        "content": "                    if (noOfWords \u003e 1) {"
      },
      {
        "lineNumber": 116,
        "author": {
          "gitId": "amanda-chua"
        },
        "content": "                        Task toDo \u003d new ToDo(line.replace(\"todo \", \"\"));"
      },
      {
        "lineNumber": 117,
        "author": {
          "gitId": "amanda-chua"
        },
        "content": "                        tasks.add(toDo);"
      },
      {
        "lineNumber": 118,
        "author": {
          "gitId": "amanda-chua"
        },
        "content": "                        printTask(toDo, tasks);"
      },
      {
        "lineNumber": 119,
        "author": {
          "gitId": "amanda-chua"
        },
        "content": "                        writeTaskToFile(file);"
      },
      {
        "lineNumber": 120,
        "author": {
          "gitId": "amanda-chua"
        },
        "content": "                    } else {"
      },
      {
        "lineNumber": 121,
        "author": {
          "gitId": "amanda-chua"
        },
        "content": "                        System.out.println(\"-------------------------------------------------------------------\\n\" +"
      },
      {
        "lineNumber": 122,
        "author": {
          "gitId": "amanda-chua"
        },
        "content": "                                \"☹ OOPS!!! The description of a todo cannot be empty.\\n\" +"
      },
      {
        "lineNumber": 123,
        "author": {
          "gitId": "amanda-chua"
        },
        "content": "                                \"-------------------------------------------------------------------\\n\");"
      },
      {
        "lineNumber": 124,
        "author": {
          "gitId": "amanda-chua"
        },
        "content": "                    }"
      },
      {
        "lineNumber": 125,
        "author": {
          "gitId": "amanda-chua"
        },
        "content": "                } else if (line.startsWith(\"deadline\")) {"
      },
      {
        "lineNumber": 126,
        "author": {
          "gitId": "amanda-chua"
        },
        "content": "                    try {"
      },
      {
        "lineNumber": 127,
        "author": {
          "gitId": "amanda-chua"
        },
        "content": "                        String deadline \u003d line.split(\" \", 2)[1];"
      },
      {
        "lineNumber": 128,
        "author": {
          "gitId": "amanda-chua"
        },
        "content": "                        try {"
      },
      {
        "lineNumber": 129,
        "author": {
          "gitId": "amanda-chua"
        },
        "content": "                            String date \u003d deadline.split(\"/\")[1];"
      },
      {
        "lineNumber": 130,
        "author": {
          "gitId": "amanda-chua"
        },
        "content": "                            String description \u003d deadline.split(\" /\")[0];"
      },
      {
        "lineNumber": 131,
        "author": {
          "gitId": "amanda-chua"
        },
        "content": "                            Task taskDeadline \u003d new Deadline(description, date);"
      },
      {
        "lineNumber": 132,
        "author": {
          "gitId": "amanda-chua"
        },
        "content": "                            tasks.add(taskDeadline);"
      },
      {
        "lineNumber": 133,
        "author": {
          "gitId": "amanda-chua"
        },
        "content": "                            printTask(taskDeadline, tasks);"
      },
      {
        "lineNumber": 134,
        "author": {
          "gitId": "amanda-chua"
        },
        "content": "                            writeTaskToFile(file);"
      },
      {
        "lineNumber": 135,
        "author": {
          "gitId": "amanda-chua"
        },
        "content": "                        } catch (ArrayIndexOutOfBoundsException e) {"
      },
      {
        "lineNumber": 136,
        "author": {
          "gitId": "amanda-chua"
        },
        "content": "                            throw new DukeException(\"-------------------------------------------------------------------\\n\" +"
      },
      {
        "lineNumber": 137,
        "author": {
          "gitId": "amanda-chua"
        },
        "content": "                                    \"☹ OOPS!!! The deadline date cannot be empty.\\n\" +"
      },
      {
        "lineNumber": 138,
        "author": {
          "gitId": "amanda-chua"
        },
        "content": "                                    \"-------------------------------------------------------------------\\n\");"
      },
      {
        "lineNumber": 139,
        "author": {
          "gitId": "amanda-chua"
        },
        "content": "                        }"
      },
      {
        "lineNumber": 140,
        "author": {
          "gitId": "amanda-chua"
        },
        "content": "                    } catch (ArrayIndexOutOfBoundsException e) {"
      },
      {
        "lineNumber": 141,
        "author": {
          "gitId": "amanda-chua"
        },
        "content": "                        throw new DukeException(\"-------------------------------------------------------------------\\n\" +"
      },
      {
        "lineNumber": 142,
        "author": {
          "gitId": "amanda-chua"
        },
        "content": "                                \"☹ OOPS!!! The deadline description cannot be empty.\\n\" +"
      },
      {
        "lineNumber": 143,
        "author": {
          "gitId": "amanda-chua"
        },
        "content": "                                \"-------------------------------------------------------------------\\n\");"
      },
      {
        "lineNumber": 144,
        "author": {
          "gitId": "amanda-chua"
        },
        "content": "                    }"
      },
      {
        "lineNumber": 145,
        "author": {
          "gitId": "amanda-chua"
        },
        "content": "                } else if (line.startsWith(\"event\")) {"
      },
      {
        "lineNumber": 146,
        "author": {
          "gitId": "amanda-chua"
        },
        "content": "                    try {"
      },
      {
        "lineNumber": 147,
        "author": {
          "gitId": "amanda-chua"
        },
        "content": "                        String event \u003d line.split(\" \", 2)[1];"
      },
      {
        "lineNumber": 148,
        "author": {
          "gitId": "amanda-chua"
        },
        "content": "                        try {"
      },
      {
        "lineNumber": 149,
        "author": {
          "gitId": "amanda-chua"
        },
        "content": "                            String time \u003d event.split(\"/\")[1];"
      },
      {
        "lineNumber": 150,
        "author": {
          "gitId": "amanda-chua"
        },
        "content": "                            String description \u003d event.split(\" /\")[0];"
      },
      {
        "lineNumber": 151,
        "author": {
          "gitId": "amanda-chua"
        },
        "content": "                            Task taskEvent \u003d new Event(description, time);"
      },
      {
        "lineNumber": 152,
        "author": {
          "gitId": "amanda-chua"
        },
        "content": "                            tasks.add(taskEvent);"
      },
      {
        "lineNumber": 153,
        "author": {
          "gitId": "amanda-chua"
        },
        "content": "                            printTask(taskEvent, tasks);"
      },
      {
        "lineNumber": 154,
        "author": {
          "gitId": "amanda-chua"
        },
        "content": "                            writeTaskToFile(file);"
      },
      {
        "lineNumber": 155,
        "author": {
          "gitId": "amanda-chua"
        },
        "content": "                        } catch (ArrayIndexOutOfBoundsException e) {"
      },
      {
        "lineNumber": 156,
        "author": {
          "gitId": "amanda-chua"
        },
        "content": "                            throw new DukeException(\"-------------------------------------------------------------------\\n\" +"
      },
      {
        "lineNumber": 157,
        "author": {
          "gitId": "amanda-chua"
        },
        "content": "                                    \"☹ OOPS!!! The event time cannot be empty.\\n\" +"
      },
      {
        "lineNumber": 158,
        "author": {
          "gitId": "amanda-chua"
        },
        "content": "                                    \"-------------------------------------------------------------------\\n\");"
      },
      {
        "lineNumber": 159,
        "author": {
          "gitId": "amanda-chua"
        },
        "content": "                        }"
      },
      {
        "lineNumber": 160,
        "author": {
          "gitId": "amanda-chua"
        },
        "content": "                    } catch(ArrayIndexOutOfBoundsException e) {"
      },
      {
        "lineNumber": 161,
        "author": {
          "gitId": "amanda-chua"
        },
        "content": "                            throw new DukeException(\"-------------------------------------------------------------------\\n\" +"
      },
      {
        "lineNumber": 162,
        "author": {
          "gitId": "amanda-chua"
        },
        "content": "                                    \"☹ OOPS!!! The event description cannot be empty.\\n\" +"
      },
      {
        "lineNumber": 163,
        "author": {
          "gitId": "amanda-chua"
        },
        "content": "                                    \"-------------------------------------------------------------------\\n\");"
      },
      {
        "lineNumber": 164,
        "author": {
          "gitId": "amanda-chua"
        },
        "content": "                    }"
      },
      {
        "lineNumber": 165,
        "author": {
          "gitId": "amanda-chua"
        },
        "content": "                } else {"
      },
      {
        "lineNumber": 166,
        "author": {
          "gitId": "amanda-chua"
        },
        "content": "                    throw new DukeException(\"-------------------------------------------------------------------\\n\" +"
      },
      {
        "lineNumber": 167,
        "author": {
          "gitId": "amanda-chua"
        },
        "content": "                            \"☹ OOPS!!! I\u0027m sorry, but I don\u0027t know what that means :-(\\n\" +"
      },
      {
        "lineNumber": 168,
        "author": {
          "gitId": "amanda-chua"
        },
        "content": "                            \"-------------------------------------------------------------------\\n\");"
      },
      {
        "lineNumber": 169,
        "author": {
          "gitId": "amanda-chua"
        },
        "content": "                }"
      },
      {
        "lineNumber": 170,
        "author": {
          "gitId": "amanda-chua"
        },
        "content": "            } catch(DukeException e) {"
      },
      {
        "lineNumber": 171,
        "author": {
          "gitId": "amanda-chua"
        },
        "content": "                System.out.println(e.getMessage());"
      },
      {
        "lineNumber": 172,
        "author": {
          "gitId": "amanda-chua"
        },
        "content": "            }"
      },
      {
        "lineNumber": 173,
        "author": {
          "gitId": "amanda-chua"
        },
        "content": "        }"
      },
      {
        "lineNumber": 174,
        "author": {
          "gitId": "amanda-chua"
        },
        "content": "        System.out.println(\"Bye. Hope to see you again soon!\");"
      },
      {
        "lineNumber": 175,
        "author": {
          "gitId": "amanda-chua"
        },
        "content": "        System.out.println(logoEnd);"
      },
      {
        "lineNumber": 176,
        "author": {
          "gitId": "-"
        },
        "content": "    }"
      },
      {
        "lineNumber": 177,
        "author": {
          "gitId": "amanda-chua"
        },
        "content": ""
      },
      {
        "lineNumber": 178,
        "author": {
          "gitId": "-"
        },
        "content": "}"
      }
    ],
    "authorContributionMap": {
      "amanda-chua": 174,
      "-": 4
    }
  },
  {
    "path": "src/main/java/DukeException.java",
    "fileType": "java",
    "lines": [
      {
        "lineNumber": 1,
        "author": {
          "gitId": "amanda-chua"
        },
        "content": "public class DukeException extends Exception{"
      },
      {
        "lineNumber": 2,
        "author": {
          "gitId": "amanda-chua"
        },
        "content": "    public DukeException(String s) {"
      },
      {
        "lineNumber": 3,
        "author": {
          "gitId": "amanda-chua"
        },
        "content": "        super(s);"
      },
      {
        "lineNumber": 4,
        "author": {
          "gitId": "amanda-chua"
        },
        "content": "    }"
      },
      {
        "lineNumber": 5,
        "author": {
          "gitId": "amanda-chua"
        },
        "content": "}"
      }
    ],
    "authorContributionMap": {
      "amanda-chua": 5
    }
  },
  {
    "path": "src/main/java/Event.java",
    "fileType": "java",
    "lines": [
      {
        "lineNumber": 1,
        "author": {
          "gitId": "amanda-chua"
        },
        "content": "public class Event extends Task{"
      },
      {
        "lineNumber": 2,
        "author": {
          "gitId": "amanda-chua"
        },
        "content": "    protected String time;"
      },
      {
        "lineNumber": 3,
        "author": {
          "gitId": "amanda-chua"
        },
        "content": ""
      },
      {
        "lineNumber": 4,
        "author": {
          "gitId": "amanda-chua"
        },
        "content": "    public Event(String description, String time) {"
      },
      {
        "lineNumber": 5,
        "author": {
          "gitId": "amanda-chua"
        },
        "content": "        super(description);"
      },
      {
        "lineNumber": 6,
        "author": {
          "gitId": "amanda-chua"
        },
        "content": "        this.time \u003d time;"
      },
      {
        "lineNumber": 7,
        "author": {
          "gitId": "amanda-chua"
        },
        "content": "    }"
      },
      {
        "lineNumber": 8,
        "author": {
          "gitId": "amanda-chua"
        },
        "content": ""
      },
      {
        "lineNumber": 9,
        "author": {
          "gitId": "amanda-chua"
        },
        "content": "    @Override"
      },
      {
        "lineNumber": 10,
        "author": {
          "gitId": "amanda-chua"
        },
        "content": "    public String toString() {"
      },
      {
        "lineNumber": 11,
        "author": {
          "gitId": "amanda-chua"
        },
        "content": "        return \"[E]\" + super.toString() + \" (\" + time + \")\";"
      },
      {
        "lineNumber": 12,
        "author": {
          "gitId": "amanda-chua"
        },
        "content": "    }"
      },
      {
        "lineNumber": 13,
        "author": {
          "gitId": "amanda-chua"
        },
        "content": ""
      },
      {
        "lineNumber": 14,
        "author": {
          "gitId": "amanda-chua"
        },
        "content": "    @Override"
      },
      {
        "lineNumber": 15,
        "author": {
          "gitId": "amanda-chua"
        },
        "content": "    public String writeToFile() {"
      },
      {
        "lineNumber": 16,
        "author": {
          "gitId": "amanda-chua"
        },
        "content": "        return \"E|\" + status + \"|\" + description + \"|\" + this.time;"
      },
      {
        "lineNumber": 17,
        "author": {
          "gitId": "amanda-chua"
        },
        "content": "    }"
      },
      {
        "lineNumber": 18,
        "author": {
          "gitId": "amanda-chua"
        },
        "content": "}"
      }
    ],
    "authorContributionMap": {
      "amanda-chua": 18
    }
  },
  {
    "path": "src/main/java/Task.java",
    "fileType": "java",
    "lines": [
      {
        "lineNumber": 1,
        "author": {
          "gitId": "amanda-chua"
        },
        "content": "public class Task {"
      },
      {
        "lineNumber": 2,
        "author": {
          "gitId": "amanda-chua"
        },
        "content": "    protected String description;"
      },
      {
        "lineNumber": 3,
        "author": {
          "gitId": "amanda-chua"
        },
        "content": "    protected boolean isDone;"
      },
      {
        "lineNumber": 4,
        "author": {
          "gitId": "amanda-chua"
        },
        "content": "    protected int status;"
      },
      {
        "lineNumber": 5,
        "author": {
          "gitId": "amanda-chua"
        },
        "content": ""
      },
      {
        "lineNumber": 6,
        "author": {
          "gitId": "amanda-chua"
        },
        "content": "    public Task(String description) {"
      },
      {
        "lineNumber": 7,
        "author": {
          "gitId": "amanda-chua"
        },
        "content": "        this.description \u003d description;"
      },
      {
        "lineNumber": 8,
        "author": {
          "gitId": "amanda-chua"
        },
        "content": "        this.isDone \u003d false;"
      },
      {
        "lineNumber": 9,
        "author": {
          "gitId": "amanda-chua"
        },
        "content": "        this.status \u003d 0;"
      },
      {
        "lineNumber": 10,
        "author": {
          "gitId": "amanda-chua"
        },
        "content": "    }"
      },
      {
        "lineNumber": 11,
        "author": {
          "gitId": "amanda-chua"
        },
        "content": ""
      },
      {
        "lineNumber": 12,
        "author": {
          "gitId": "amanda-chua"
        },
        "content": "    public String getStatusIcon() {"
      },
      {
        "lineNumber": 13,
        "author": {
          "gitId": "amanda-chua"
        },
        "content": "        return (isDone ? \"\\u2713\" : \"\\u2718\"); //return tick or X symbols"
      },
      {
        "lineNumber": 14,
        "author": {
          "gitId": "amanda-chua"
        },
        "content": "    }"
      },
      {
        "lineNumber": 15,
        "author": {
          "gitId": "amanda-chua"
        },
        "content": ""
      },
      {
        "lineNumber": 16,
        "author": {
          "gitId": "amanda-chua"
        },
        "content": "    public void markDone() {"
      },
      {
        "lineNumber": 17,
        "author": {
          "gitId": "amanda-chua"
        },
        "content": "        this.isDone \u003d true;"
      },
      {
        "lineNumber": 18,
        "author": {
          "gitId": "amanda-chua"
        },
        "content": "        this.status \u003d 1;"
      },
      {
        "lineNumber": 19,
        "author": {
          "gitId": "amanda-chua"
        },
        "content": "        //return this;"
      },
      {
        "lineNumber": 20,
        "author": {
          "gitId": "amanda-chua"
        },
        "content": "    }"
      },
      {
        "lineNumber": 21,
        "author": {
          "gitId": "amanda-chua"
        },
        "content": ""
      },
      {
        "lineNumber": 22,
        "author": {
          "gitId": "amanda-chua"
        },
        "content": "    public String writeToFile() {"
      },
      {
        "lineNumber": 23,
        "author": {
          "gitId": "amanda-chua"
        },
        "content": "        return \"Task|\" + status + \"|\" + description;"
      },
      {
        "lineNumber": 24,
        "author": {
          "gitId": "amanda-chua"
        },
        "content": "    }"
      },
      {
        "lineNumber": 25,
        "author": {
          "gitId": "amanda-chua"
        },
        "content": ""
      },
      {
        "lineNumber": 26,
        "author": {
          "gitId": "amanda-chua"
        },
        "content": "    @Override"
      },
      {
        "lineNumber": 27,
        "author": {
          "gitId": "amanda-chua"
        },
        "content": "    public String toString() {"
      },
      {
        "lineNumber": 28,
        "author": {
          "gitId": "amanda-chua"
        },
        "content": "        return \"[\" + this.getStatusIcon() + \"] \" + this.description;"
      },
      {
        "lineNumber": 29,
        "author": {
          "gitId": "amanda-chua"
        },
        "content": "    }"
      },
      {
        "lineNumber": 30,
        "author": {
          "gitId": "amanda-chua"
        },
        "content": ""
      },
      {
        "lineNumber": 31,
        "author": {
          "gitId": "amanda-chua"
        },
        "content": "}"
      }
    ],
    "authorContributionMap": {
      "amanda-chua": 31
    }
  },
  {
    "path": "src/main/java/ToDo.java",
    "fileType": "java",
    "lines": [
      {
        "lineNumber": 1,
        "author": {
          "gitId": "amanda-chua"
        },
        "content": "public class ToDo extends Task{"
      },
      {
        "lineNumber": 2,
        "author": {
          "gitId": "amanda-chua"
        },
        "content": "    public ToDo(String description){"
      },
      {
        "lineNumber": 3,
        "author": {
          "gitId": "amanda-chua"
        },
        "content": "        super(description);"
      },
      {
        "lineNumber": 4,
        "author": {
          "gitId": "amanda-chua"
        },
        "content": "    }"
      },
      {
        "lineNumber": 5,
        "author": {
          "gitId": "amanda-chua"
        },
        "content": ""
      },
      {
        "lineNumber": 6,
        "author": {
          "gitId": "amanda-chua"
        },
        "content": "    @Override"
      },
      {
        "lineNumber": 7,
        "author": {
          "gitId": "amanda-chua"
        },
        "content": "    public String toString(){"
      },
      {
        "lineNumber": 8,
        "author": {
          "gitId": "amanda-chua"
        },
        "content": "        return \"[T]\" + super.toString();"
      },
      {
        "lineNumber": 9,
        "author": {
          "gitId": "amanda-chua"
        },
        "content": "    }"
      },
      {
        "lineNumber": 10,
        "author": {
          "gitId": "amanda-chua"
        },
        "content": ""
      },
      {
        "lineNumber": 11,
        "author": {
          "gitId": "amanda-chua"
        },
        "content": "    @Override"
      },
      {
        "lineNumber": 12,
        "author": {
          "gitId": "amanda-chua"
        },
        "content": "    public String writeToFile() {"
      },
      {
        "lineNumber": 13,
        "author": {
          "gitId": "amanda-chua"
        },
        "content": "        return \"T|\" + status + \"|\" + description;"
      },
      {
        "lineNumber": 14,
        "author": {
          "gitId": "amanda-chua"
        },
        "content": "    }"
      },
      {
        "lineNumber": 15,
        "author": {
          "gitId": "amanda-chua"
        },
        "content": "}"
      }
    ],
    "authorContributionMap": {
      "amanda-chua": 15
    }
  },
  {
    "path": "text-ui-test/input.txt",
    "fileType": "txt",
    "lines": [
      {
        "lineNumber": 1,
        "author": {
          "gitId": "amanda-chua"
        },
        "content": "todo borrow book"
      },
      {
        "lineNumber": 2,
        "author": {
          "gitId": "amanda-chua"
        },
        "content": "deadline return book /by Sunday"
      },
      {
        "lineNumber": 3,
        "author": {
          "gitId": "amanda-chua"
        },
        "content": "event project meeting /at Mon 2-4pm"
      },
      {
        "lineNumber": 4,
        "author": {
          "gitId": "amanda-chua"
        },
        "content": "list"
      },
      {
        "lineNumber": 5,
        "author": {
          "gitId": "amanda-chua"
        },
        "content": "bye"
      }
    ],
    "authorContributionMap": {
      "amanda-chua": 5
    }
  },
  {
    "path": "text-ui-test/runtest.bat",
    "fileType": "bat",
    "lines": [
      {
        "lineNumber": 1,
        "author": {
          "gitId": "-"
        },
        "content": "@ECHO OFF"
      },
      {
        "lineNumber": 2,
        "author": {
          "gitId": "-"
        },
        "content": ""
      },
      {
        "lineNumber": 3,
        "author": {
          "gitId": "-"
        },
        "content": "REM create bin directory if it doesn\u0027t exist"
      },
      {
        "lineNumber": 4,
        "author": {
          "gitId": "-"
        },
        "content": "if not exist ..\\bin mkdir ..\\bin"
      },
      {
        "lineNumber": 5,
        "author": {
          "gitId": "-"
        },
        "content": ""
      },
      {
        "lineNumber": 6,
        "author": {
          "gitId": "-"
        },
        "content": "REM delete output from previous run"
      },
      {
        "lineNumber": 7,
        "author": {
          "gitId": "-"
        },
        "content": "del ACTUAL.TXT"
      },
      {
        "lineNumber": 8,
        "author": {
          "gitId": "-"
        },
        "content": ""
      },
      {
        "lineNumber": 9,
        "author": {
          "gitId": "-"
        },
        "content": "REM compile the code into the bin folder"
      },
      {
        "lineNumber": 10,
        "author": {
          "gitId": "amanda-chua"
        },
        "content": "javac  -cp ..\\src\\main\\java -Xlint:none -d ..\\bin ..\\src\\main\\java\\*.java"
      },
      {
        "lineNumber": 11,
        "author": {
          "gitId": "-"
        },
        "content": "IF ERRORLEVEL 1 ("
      },
      {
        "lineNumber": 12,
        "author": {
          "gitId": "-"
        },
        "content": "    echo ********** BUILD FAILURE **********"
      },
      {
        "lineNumber": 13,
        "author": {
          "gitId": "-"
        },
        "content": "    exit /b 1"
      },
      {
        "lineNumber": 14,
        "author": {
          "gitId": "-"
        },
        "content": ")"
      },
      {
        "lineNumber": 15,
        "author": {
          "gitId": "-"
        },
        "content": "REM no error here, errorlevel \u003d\u003d 0"
      },
      {
        "lineNumber": 16,
        "author": {
          "gitId": "-"
        },
        "content": ""
      },
      {
        "lineNumber": 17,
        "author": {
          "gitId": "-"
        },
        "content": "REM run the program, feed commands from input.txt file and redirect the output to the ACTUAL.TXT"
      },
      {
        "lineNumber": 18,
        "author": {
          "gitId": "-"
        },
        "content": "java -classpath ..\\bin Duke \u003c input.txt \u003e ACTUAL.TXT"
      },
      {
        "lineNumber": 19,
        "author": {
          "gitId": "-"
        },
        "content": ""
      },
      {
        "lineNumber": 20,
        "author": {
          "gitId": "-"
        },
        "content": "REM compare the output to the expected output"
      },
      {
        "lineNumber": 21,
        "author": {
          "gitId": "-"
        },
        "content": "FC ACTUAL.TXT EXPECTED.TXT"
      }
    ],
    "authorContributionMap": {
      "amanda-chua": 1,
      "-": 20
    }
  }
]
