{
  "authorDailyContributionsMap": {
    "Khenus": [
      {
        "date": "2020-08-22",
        "commitResults": [
          {
            "hash": "58c11129438462788309ed515f0c54671fd99407",
            "messageTitle": "V0.1 Updated paragraph for Level-0: Greet",
            "messageBody": "",
            "tags": [
              "Level-0"
            ],
            "fileTypesAndContributionMap": {
              "java": {
                "insertions": 8,
                "deletions": 10
              }
            }
          }
        ]
      },
      {
        "date": "2020-08-23",
        "commitResults": [
          {
            "hash": "0b8ae518307e204fa9ea3f27146a1975ea13700f",
            "messageTitle": "V0.2 Added Echo and Exit function for Level-1",
            "messageBody": "",
            "fileTypesAndContributionMap": {
              "java": {
                "insertions": 24,
                "deletions": 8
              }
            }
          },
          {
            "hash": "9f48880fcf91659d4743ccfb0895de806d041d18",
            "messageTitle": "V0.3 Updated Greet, Echo and Exit for Level-1",
            "messageBody": "",
            "fileTypesAndContributionMap": {
              "java": {
                "insertions": 10,
                "deletions": 10
              }
            }
          },
          {
            "hash": "a02f57973e1c28bb42a39b32b02743ead9c2bbef",
            "messageTitle": "V0.4 Updated while loop with simpler logic",
            "messageBody": "",
            "tags": [
              "Level-1"
            ],
            "fileTypesAndContributionMap": {
              "java": {
                "insertions": 1,
                "deletions": 4
              }
            }
          },
          {
            "hash": "d468341dcfa7b3727347f75f968757329d8b3aa2",
            "messageTitle": "V0.5 Added Add and List function",
            "messageBody": "",
            "tags": [
              "Level-2"
            ],
            "fileTypesAndContributionMap": {
              "java": {
                "insertions": 28,
                "deletions": 1
              }
            }
          },
          {
            "hash": "00fd1511d8a7fbc5e15917a0c18ab4a7dfd017ab",
            "messageTitle": "V0.6 Added Mark as done, updated list function",
            "messageBody": "",
            "tags": [
              "Level-3"
            ],
            "fileTypesAndContributionMap": {
              "java": {
                "insertions": 37,
                "deletions": 5
              }
            }
          }
        ]
      },
      {
        "date": "2020-08-25",
        "commitResults": [
          {
            "hash": "0b447730e53030b4ee0e1023f32a6213e58b65d0",
            "messageTitle": "V0.7 Updated with comments, all lower cases input",
            "messageBody": "",
            "tags": [
              "A-CodingStandard"
            ],
            "fileTypesAndContributionMap": {
              "java": {
                "insertions": 9,
                "deletions": 5
              }
            }
          }
        ]
      },
      {
        "date": "2020-08-28",
        "commitResults": [
          {
            "hash": "3f210391b791f628e319f40c3ba151ed817dbeb9",
            "messageTitle": "V0.8 Updated with multiple task option",
            "messageBody": "",
            "tags": [
              "Level-4",
              "A-Inheritance"
            ],
            "fileTypesAndContributionMap": {
              "java": {
                "insertions": 82,
                "deletions": 13
              }
            }
          },
          {
            "hash": "301d908013c03e627dd35beaa78d8316dff6deaa",
            "messageTitle": "V0.9 Refactored by including constant strings",
            "messageBody": "",
            "tags": [
              "A-CodeQuality"
            ],
            "fileTypesAndContributionMap": {
              "txt": {
                "insertions": 7,
                "deletions": 0
              },
              "java": {
                "insertions": 53,
                "deletions": 39
              },
              "bat": {
                "insertions": 6,
                "deletions": 1
              }
            }
          },
          {
            "hash": "99cb93dd61030e242c1f756a73d288cd03ede1fe",
            "messageTitle": "V0.10 Updated automated testing",
            "messageBody": "",
            "tags": [
              "A-TextUiTesting"
            ],
            "fileTypesAndContributionMap": {
              "java": {
                "insertions": 8,
                "deletions": 1
              }
            }
          }
        ]
      },
      {
        "date": "2020-09-04",
        "commitResults": [
          {
            "hash": "7dbb8b45638b2fa3b1fbad96dfd33db9218998f7",
            "messageTitle": "V0.11 (L5) Added exception catching for out of bound",
            "messageBody": "",
            "fileTypesAndContributionMap": {
              "java": {
                "insertions": 35,
                "deletions": 20
              }
            }
          }
        ]
      },
      {
        "date": "2020-09-05",
        "commitResults": [
          {
            "hash": "cb20114e53b0050500d57958079854518a87dcae",
            "messageTitle": "V0.12 (A-Package) Restructured duke with new packages",
            "messageBody": "",
            "fileTypesAndContributionMap": {
              "java": {
                "insertions": 209,
                "deletions": 128
              },
              "bat": {
                "insertions": 6,
                "deletions": 6
              },
              "md": {
                "insertions": 2,
                "deletions": 2
              }
            }
          },
          {
            "hash": "0456ea01a5646f3595522040ecde9e17ccd258a2",
            "messageTitle": "V0.13 (A-Exceptions) Added multiple exceptions",
            "messageBody": "",
            "fileTypesAndContributionMap": {
              "java": {
                "insertions": 134,
                "deletions": 79
              }
            }
          }
        ]
      },
      {
        "date": "2020-09-13",
        "commitResults": [
          {
            "hash": "b421194a3147830265c72b5a0bb0fd9b7504b92d",
            "messageTitle": "V0.14 (Level-6, A-Collections) Added delete function",
            "messageBody": "",
            "fileTypesAndContributionMap": {
              "java": {
                "insertions": 93,
                "deletions": 6
              }
            }
          },
          {
            "hash": "98b7d70a371b8edff72dfe49b04e7a21f0bd421f",
            "messageTitle": "V0.15 WIP File IO system",
            "messageBody": "",
            "fileTypesAndContributionMap": {
              "java": {
                "insertions": 122,
                "deletions": 2
              }
            }
          },
          {
            "hash": "23e813e7851435917ff480a69a48c048522e6fb2",
            "messageTitle": "V0.16 (Level-7) Updated File IO",
            "messageBody": "",
            "fileTypesAndContributionMap": {
              "java": {
                "insertions": 79,
                "deletions": 15
              }
            }
          },
          {
            "hash": "30b342267c058424c604702595c232b1dea38b0f",
            "messageTitle": "V0.17 (Level-7) Updated File IO using scanner class",
            "messageBody": "",
            "tags": [
              "Level-7"
            ],
            "fileTypesAndContributionMap": {
              "java": {
                "insertions": 19,
                "deletions": 58
              }
            }
          }
        ]
      },
      {
        "date": "2020-09-21",
        "commitResults": [
          {
            "hash": "27d6015585eb371ecd24577b2c9fdceb2937e42d",
            "messageTitle": "V0.18 Edited source code to be more OOP",
            "messageBody": "",
            "tags": [
              "A-MoreOOP"
            ],
            "fileTypesAndContributionMap": {
              "txt": {
                "insertions": 2,
                "deletions": 0
              },
              "java": {
                "insertions": 281,
                "deletions": 127
              }
            }
          }
        ]
      },
      {
        "date": "2020-09-22",
        "commitResults": [
          {
            "hash": "e324e328fa609a9da77fb39a7bfa857cf20e999b",
            "messageTitle": "V0.19 (Level-8) Added Date and Time Parsing",
            "messageBody": "",
            "fileTypesAndContributionMap": {
              "txt": {
                "insertions": 5,
                "deletions": 2
              },
              "java": {
                "insertions": 116,
                "deletions": 26
              }
            }
          },
          {
            "hash": "97af63fba5bebe38134ca055ad5e53ede6466a02",
            "messageTitle": "V0.20 (Level-8) Added Print by specific date",
            "messageBody": "",
            "tags": [
              "Level-8"
            ],
            "fileTypesAndContributionMap": {
              "java": {
                "insertions": 149,
                "deletions": 10
              }
            }
          },
          {
            "hash": "73ebb76cfb7364dc84ea27b925aa1c853c23204d",
            "messageTitle": "V0.21 (Level-9) Added Find function",
            "messageBody": "",
            "fileTypesAndContributionMap": {
              "java": {
                "insertions": 73,
                "deletions": 6
              }
            }
          }
        ]
      },
      {
        "date": "2020-09-23",
        "commitResults": [
          {
            "hash": "27bf9b37a54f629be2430fc89616009bc2502e83",
            "messageTitle": "V0.22 (A-JavaDoc) Added JavaDocs for all classes and methods",
            "messageBody": "",
            "tags": [
              "A-JavaDoc"
            ],
            "fileTypesAndContributionMap": {
              "java": {
                "insertions": 471,
                "deletions": 108
              }
            }
          }
        ]
      }
    ]
  },
  "authorFileTypeContributionMap": {
    "Khenus": {
      "java": 1374,
      "md": 2,
      "sh": 0,
      "bat": 7,
      "gradle": 0,
      "txt": 12
    }
  },
  "authorContributionVariance": {
    "Khenus": 24556.129
  },
  "authorDisplayNameMap": {
    "Khenus": "CS2113T-F12-1 KHEN..IANG"
  }
}
