{
  "authorDailyContributionsMap": {
    "oasisbeatle": [
      {
        "date": "2020-08-25",
        "commitResults": [
          {
            "hash": "0f044c52d5e3ade3f9cf80d5f31f703206402673",
            "messageTitle": "Level-0",
            "messageBody": "",
            "tags": [
              "Level-0"
            ],
            "fileTypesAndContributionMap": {
              "java": {
                "insertions": 7,
                "deletions": 0
              },
              "md": {
                "insertions": 1,
                "deletions": 1
              }
            }
          },
          {
            "hash": "bd0a814fb5f3a873cdb238a3d7ed7c96ad91e997",
            "messageTitle": "Level-1",
            "messageBody": "",
            "tags": [
              "Level-1"
            ],
            "fileTypesAndContributionMap": {
              "java": {
                "insertions": 17,
                "deletions": 0
              }
            }
          },
          {
            "hash": "b06302599eebf7840c86010b737e89ca389c89ef",
            "messageTitle": "Level-2",
            "messageBody": "",
            "tags": [
              "Level-2"
            ],
            "fileTypesAndContributionMap": {
              "java": {
                "insertions": 12,
                "deletions": 2
              }
            }
          }
        ]
      },
      {
        "date": "2020-08-26",
        "commitResults": [
          {
            "hash": "a1d347cbe237a37f91f5af08b8a95ba4b0b4916d",
            "messageTitle": "Level-3",
            "messageBody": "",
            "tags": [
              "Level-3"
            ],
            "fileTypesAndContributionMap": {
              "java": {
                "insertions": 19,
                "deletions": 2
              }
            }
          },
          {
            "hash": "0ff0fcfccbae2d9f47313e7af4e0826a7f1fad09",
            "messageTitle": "A-CodingStandard",
            "messageBody": "",
            "tags": [
              "A-CodingStandard"
            ],
            "fileTypesAndContributionMap": {
              "java": {
                "insertions": 1,
                "deletions": 1
              }
            }
          }
        ]
      },
      {
        "date": "2020-09-02",
        "commitResults": [
          {
            "hash": "9312c3f2ef78c3713acf43aea0ae83d1140cd84b",
            "messageTitle": "Level-4 + ACodeQuality",
            "messageBody": "",
            "fileTypesAndContributionMap": {
              "java": {
                "insertions": 138,
                "deletions": 35
              }
            }
          },
          {
            "hash": "b716037baacf88e145ba9eee3517d73d82698a3a",
            "messageTitle": "Level-4 updated",
            "messageBody": "",
            "tags": [
              "Level-4"
            ],
            "fileTypesAndContributionMap": {
              "java": {
                "insertions": 100,
                "deletions": 42
              }
            }
          },
          {
            "hash": "9f9910eb02fc68765c69a34139308230ce9f5608",
            "messageTitle": "Refactored Code",
            "messageBody": "",
            "tags": [
              "A-CodeQuality"
            ],
            "fileTypesAndContributionMap": {
              "java": {
                "insertions": 28,
                "deletions": 20
              }
            }
          },
          {
            "hash": "03cbcee57b7bb975382a3fa525daf2b2c5083e33",
            "messageTitle": "Updated with changes from PR comments",
            "messageBody": "",
            "fileTypesAndContributionMap": {
              "java": {
                "insertions": 18,
                "deletions": 18
              }
            }
          }
        ]
      },
      {
        "date": "2020-09-08",
        "commitResults": [
          {
            "hash": "4375bdc07e16bbdf854b527b90ff6dab75f94b68",
            "messageTitle": "New Branch code initialisation",
            "messageBody": "",
            "fileTypesAndContributionMap": {
              "java": {
                "insertions": 6,
                "deletions": 1
              }
            }
          },
          {
            "hash": "66b023c268c052af3680b221ab6525bcc9b85234",
            "messageTitle": "Error Handling Version 1",
            "messageBody": "",
            "tags": [
              "Level-5"
            ],
            "fileTypesAndContributionMap": {
              "java": {
                "insertions": 28,
                "deletions": 10
              }
            }
          },
          {
            "hash": "ffd41366fe367c099cceb20b770255bbcb1b1985",
            "messageTitle": "Cleaned Up Code",
            "messageBody": "",
            "fileTypesAndContributionMap": {
              "java": {
                "insertions": 92,
                "deletions": 70
              }
            }
          },
          {
            "hash": "a3cd662a1945158b8def8db11a03a811096ea446",
            "messageTitle": "Add packages",
            "messageBody": "",
            "fileTypesAndContributionMap": {
              "java": {
                "insertions": 21,
                "deletions": 4
              }
            }
          },
          {
            "hash": "f8a149eae38abab29b3ce3cc9b3ed7e7b838e9ed",
            "messageTitle": "Error Handling Updated",
            "messageBody": "",
            "tags": [
              "A-Exceptions"
            ],
            "fileTypesAndContributionMap": {
              "java": {
                "insertions": 63,
                "deletions": 36
              }
            }
          }
        ]
      },
      {
        "date": "2020-09-15",
        "commitResults": [
          {
            "hash": "d27998047236ae53944f7200a0dd8dfcf06f8af9",
            "messageTitle": "Implemented an Array List Structure",
            "messageBody": "",
            "fileTypesAndContributionMap": {
              "java": {
                "insertions": 77,
                "deletions": 27
              }
            }
          },
          {
            "hash": "d40a538319cb0d001a3c3e199128b693580e8240",
            "messageTitle": "Delete a Task",
            "messageBody": "",
            "fileTypesAndContributionMap": {
              "java": {
                "insertions": 48,
                "deletions": 3
              }
            }
          },
          {
            "hash": "93bc9fce2f8aabd15f9db1cdcd4464d231b610aa",
            "messageTitle": "Save data to the files",
            "messageBody": "",
            "fileTypesAndContributionMap": {
              "java": {
                "insertions": 72,
                "deletions": 3
              }
            }
          }
        ]
      },
      {
        "date": "2020-09-16",
        "commitResults": [
          {
            "hash": "7084947c608f0d850cbba1e42cdc19efde79bf8b",
            "messageTitle": "Bug Fixes on Level-7",
            "messageBody": "",
            "fileTypesAndContributionMap": {
              "java": {
                "insertions": 3,
                "deletions": 1
              }
            }
          }
        ]
      },
      {
        "date": "2020-09-27",
        "commitResults": [
          {
            "hash": "64fc9a75c6020a8c351dca265487a29d5289bff8",
            "messageTitle": "Add more OOP functionality",
            "messageBody": "",
            "tags": [
              "A-MoreOOP"
            ],
            "fileTypesAndContributionMap": {
              "java": {
                "insertions": 513,
                "deletions": 360
              },
              "bat": {
                "insertions": 2,
                "deletions": 2
              },
              "md": {
                "insertions": 2,
                "deletions": 2
              }
            }
          }
        ]
      },
      {
        "date": "2020-09-28",
        "commitResults": [
          {
            "hash": "b0161990ba5ee5207d2dd5f8b645ce807d15e2ae",
            "messageTitle": "Add the DateTime functionality",
            "messageBody": "",
            "fileTypesAndContributionMap": {
              "java": {
                "insertions": 90,
                "deletions": 30
              }
            }
          }
        ]
      }
    ]
  },
  "authorFileTypeContributionMap": {
    "oasisbeatle": {
      "java": 698,
      "md": 3,
      "sh": 0,
      "bat": 2,
      "gradle": 0,
      "txt": 0
    }
  },
  "authorContributionVariance": {
    "oasisbeatle": 22281.73
  },
  "authorDisplayNameMap": {
    "oasisbeatle": "CS2113T-W13-3 DASH..SHEK"
  }
}
