[
  {
    "path": "src/main/java/Commands.java",
    "fileType": "java",
    "lines": [
      {
        "lineNumber": 1,
        "author": {
          "gitId": "t170815518"
        },
        "content": "public class Commands {"
      },
      {
        "lineNumber": 2,
        "author": {
          "gitId": "t170815518"
        },
        "content": "\tfinal static String TERMINATION_SIGNAL \u003d \"bye\";"
      },
      {
        "lineNumber": 3,
        "author": {
          "gitId": "t170815518"
        },
        "content": "\tfinal static String LIST_PRINT_COMMAND \u003d \"list\";"
      },
      {
        "lineNumber": 4,
        "author": {
          "gitId": "t170815518"
        },
        "content": "\tfinal static String SET_TASK_DONE_COMMAND \u003d \"done\";"
      },
      {
        "lineNumber": 5,
        "author": {
          "gitId": "t170815518"
        },
        "content": "\tfinal static String ADD_TODO_COMMAND \u003d \"todo\";"
      },
      {
        "lineNumber": 6,
        "author": {
          "gitId": "t170815518"
        },
        "content": "\tfinal static String ADD_DEADLINE_COMMAND \u003d \"deadline\";"
      },
      {
        "lineNumber": 7,
        "author": {
          "gitId": "t170815518"
        },
        "content": "\tfinal static String ADD_EVENT_COMMAND \u003d \"event\";"
      },
      {
        "lineNumber": 8,
        "author": {
          "gitId": "t170815518"
        },
        "content": "}"
      }
    ],
    "authorContributionMap": {
      "t170815518": 8
    }
  },
  {
    "path": "src/main/java/Deadline.java",
    "fileType": "java",
    "lines": [
      {
        "lineNumber": 1,
        "author": {
          "gitId": "t170815518"
        },
        "content": "public class Deadline extends Task{"
      },
      {
        "lineNumber": 2,
        "author": {
          "gitId": "t170815518"
        },
        "content": "\tprotected String by;"
      },
      {
        "lineNumber": 3,
        "author": {
          "gitId": "t170815518"
        },
        "content": ""
      },
      {
        "lineNumber": 4,
        "author": {
          "gitId": "t170815518"
        },
        "content": "\tpublic Deadline(String description, String by) {"
      },
      {
        "lineNumber": 5,
        "author": {
          "gitId": "t170815518"
        },
        "content": "\t\tsuper(description);"
      },
      {
        "lineNumber": 6,
        "author": {
          "gitId": "t170815518"
        },
        "content": "\t\tthis.by \u003d by;"
      },
      {
        "lineNumber": 7,
        "author": {
          "gitId": "t170815518"
        },
        "content": "\t}"
      },
      {
        "lineNumber": 8,
        "author": {
          "gitId": "t170815518"
        },
        "content": ""
      },
      {
        "lineNumber": 9,
        "author": {
          "gitId": "t170815518"
        },
        "content": "\tpublic String getBy() {"
      },
      {
        "lineNumber": 10,
        "author": {
          "gitId": "t170815518"
        },
        "content": "\t\treturn by;"
      },
      {
        "lineNumber": 11,
        "author": {
          "gitId": "t170815518"
        },
        "content": "\t}"
      },
      {
        "lineNumber": 12,
        "author": {
          "gitId": "t170815518"
        },
        "content": ""
      },
      {
        "lineNumber": 13,
        "author": {
          "gitId": "t170815518"
        },
        "content": "\tpublic void setBy(String by) {"
      },
      {
        "lineNumber": 14,
        "author": {
          "gitId": "t170815518"
        },
        "content": "\t\tthis.by \u003d by;"
      },
      {
        "lineNumber": 15,
        "author": {
          "gitId": "t170815518"
        },
        "content": "\t}"
      },
      {
        "lineNumber": 16,
        "author": {
          "gitId": "t170815518"
        },
        "content": ""
      },
      {
        "lineNumber": 17,
        "author": {
          "gitId": "t170815518"
        },
        "content": "\t@Override"
      },
      {
        "lineNumber": 18,
        "author": {
          "gitId": "t170815518"
        },
        "content": "\tpublic String toString() {"
      },
      {
        "lineNumber": 19,
        "author": {
          "gitId": "t170815518"
        },
        "content": "\t\treturn \"[D]\" + super.toString() + String.format(\" (by: %s)\",this.getBy());"
      },
      {
        "lineNumber": 20,
        "author": {
          "gitId": "t170815518"
        },
        "content": "\t}"
      },
      {
        "lineNumber": 21,
        "author": {
          "gitId": "t170815518"
        },
        "content": "}"
      }
    ],
    "authorContributionMap": {
      "t170815518": 21
    }
  },
  {
    "path": "src/main/java/Duke.java",
    "fileType": "java",
    "lines": [
      {
        "lineNumber": 1,
        "author": {
          "gitId": "t170815518"
        },
        "content": "import java.lang.System;"
      },
      {
        "lineNumber": 2,
        "author": {
          "gitId": "t170815518"
        },
        "content": "import java.util.Scanner;"
      },
      {
        "lineNumber": 3,
        "author": {
          "gitId": "t170815518"
        },
        "content": ""
      },
      {
        "lineNumber": 4,
        "author": {
          "gitId": "-"
        },
        "content": "public class Duke {"
      },
      {
        "lineNumber": 5,
        "author": {
          "gitId": "t170815518"
        },
        "content": "    private static final String SEPARATOR \u003d \"____________________________________________________________\";"
      },
      {
        "lineNumber": 6,
        "author": {
          "gitId": "t170815518"
        },
        "content": "    protected static final int MAX_NUM_TASKS_STORED \u003d 100;  // maximum number of stored tasks \u003d 100"
      },
      {
        "lineNumber": 7,
        "author": {
          "gitId": "t170815518"
        },
        "content": "    private static Task[] tasks \u003d new Task[MAX_NUM_TASKS_STORED];"
      },
      {
        "lineNumber": 8,
        "author": {
          "gitId": "t170815518"
        },
        "content": "    private static int inputStoredIndex \u003d 0;"
      },
      {
        "lineNumber": 9,
        "author": {
          "gitId": "t170815518"
        },
        "content": "    enum TaskType {"
      },
      {
        "lineNumber": 10,
        "author": {
          "gitId": "t170815518"
        },
        "content": "        TODO, DEADLINE, EVENT, TASK;"
      },
      {
        "lineNumber": 11,
        "author": {
          "gitId": "t170815518"
        },
        "content": "    }"
      },
      {
        "lineNumber": 12,
        "author": {
          "gitId": "t170815518"
        },
        "content": ""
      },
      {
        "lineNumber": 13,
        "author": {
          "gitId": "-"
        },
        "content": "    public static void main(String[] args) {"
      },
      {
        "lineNumber": 14,
        "author": {
          "gitId": "t170815518"
        },
        "content": "        printLogo();"
      },
      {
        "lineNumber": 15,
        "author": {
          "gitId": "t170815518"
        },
        "content": "        greet();"
      },
      {
        "lineNumber": 16,
        "author": {
          "gitId": "t170815518"
        },
        "content": "        echo();"
      },
      {
        "lineNumber": 17,
        "author": {
          "gitId": "t170815518"
        },
        "content": "    }"
      },
      {
        "lineNumber": 18,
        "author": {
          "gitId": "t170815518"
        },
        "content": ""
      },
      {
        "lineNumber": 19,
        "author": {
          "gitId": "t170815518"
        },
        "content": "    public static void printLogo(){"
      },
      {
        "lineNumber": 20,
        "author": {
          "gitId": "-"
        },
        "content": "        String logo \u003d \" ____        _        \\n\""
      },
      {
        "lineNumber": 21,
        "author": {
          "gitId": "-"
        },
        "content": "                + \"|  _ \\\\ _   _| | _____ \\n\""
      },
      {
        "lineNumber": 22,
        "author": {
          "gitId": "-"
        },
        "content": "                + \"| | | | | | | |/ / _ \\\\\\n\""
      },
      {
        "lineNumber": 23,
        "author": {
          "gitId": "-"
        },
        "content": "                + \"| |_| | |_| |   \u003c  __/\\n\""
      },
      {
        "lineNumber": 24,
        "author": {
          "gitId": "-"
        },
        "content": "                + \"|____/ \\\\__,_|_|\\\\_\\\\___|\\n\";"
      },
      {
        "lineNumber": 25,
        "author": {
          "gitId": "-"
        },
        "content": "        System.out.println(\"Hello from\\n\" + logo);"
      },
      {
        "lineNumber": 26,
        "author": {
          "gitId": "-"
        },
        "content": "    }"
      },
      {
        "lineNumber": 27,
        "author": {
          "gitId": "t170815518"
        },
        "content": ""
      },
      {
        "lineNumber": 28,
        "author": {
          "gitId": "t170815518"
        },
        "content": "    public static void greet(){"
      },
      {
        "lineNumber": 29,
        "author": {
          "gitId": "t170815518"
        },
        "content": "        String greeting \u003d \"Hello! I\u0027m Duke\\nWhat can I do for you?\";"
      },
      {
        "lineNumber": 30,
        "author": {
          "gitId": "t170815518"
        },
        "content": ""
      },
      {
        "lineNumber": 31,
        "author": {
          "gitId": "t170815518"
        },
        "content": "        System.out.println(SEPARATOR);"
      },
      {
        "lineNumber": 32,
        "author": {
          "gitId": "t170815518"
        },
        "content": "        System.out.println(greeting);"
      },
      {
        "lineNumber": 33,
        "author": {
          "gitId": "t170815518"
        },
        "content": "        System.out.println(SEPARATOR);"
      },
      {
        "lineNumber": 34,
        "author": {
          "gitId": "t170815518"
        },
        "content": "    }"
      },
      {
        "lineNumber": 35,
        "author": {
          "gitId": "t170815518"
        },
        "content": ""
      },
      {
        "lineNumber": 36,
        "author": {
          "gitId": "t170815518"
        },
        "content": "    public static void echo(){"
      },
      {
        "lineNumber": 37,
        "author": {
          "gitId": "t170815518"
        },
        "content": "        Scanner scanner \u003d new Scanner(System.in);"
      },
      {
        "lineNumber": 38,
        "author": {
          "gitId": "t170815518"
        },
        "content": "        String userInputSentence;"
      },
      {
        "lineNumber": 39,
        "author": {
          "gitId": "t170815518"
        },
        "content": ""
      },
      {
        "lineNumber": 40,
        "author": {
          "gitId": "t170815518"
        },
        "content": "        while (true) {"
      },
      {
        "lineNumber": 41,
        "author": {
          "gitId": "t170815518"
        },
        "content": "            userInputSentence \u003d scanner.nextLine();"
      },
      {
        "lineNumber": 42,
        "author": {
          "gitId": "t170815518"
        },
        "content": "            executeCommand(userInputSentence);"
      },
      {
        "lineNumber": 43,
        "author": {
          "gitId": "t170815518"
        },
        "content": "        }"
      },
      {
        "lineNumber": 44,
        "author": {
          "gitId": "t170815518"
        },
        "content": "    }"
      },
      {
        "lineNumber": 45,
        "author": {
          "gitId": "t170815518"
        },
        "content": ""
      },
      {
        "lineNumber": 46,
        "author": {
          "gitId": "t170815518"
        },
        "content": "    private static void executeCommand(String userInputSentence) {"
      },
      {
        "lineNumber": 47,
        "author": {
          "gitId": "t170815518"
        },
        "content": "        boolean isEqualToTERMIATION_SIGNAL \u003d userInputSentence.toLowerCase().equals(Commands.TERMINATION_SIGNAL);"
      },
      {
        "lineNumber": 48,
        "author": {
          "gitId": "t170815518"
        },
        "content": "        boolean isEqualToLIST_PRINT_COMMAND \u003d userInputSentence.toLowerCase().equals(Commands.LIST_PRINT_COMMAND);"
      },
      {
        "lineNumber": 49,
        "author": {
          "gitId": "t170815518"
        },
        "content": "        boolean isEqualToSET_TASK_DONE_COMMAND \u003d userInputSentence.length() \u003e\u003d Commands.SET_TASK_DONE_COMMAND.length() \u0026\u0026"
      },
      {
        "lineNumber": 50,
        "author": {
          "gitId": "t170815518"
        },
        "content": "                    userInputSentence.substring(0, Commands.SET_TASK_DONE_COMMAND.length()).equals(Commands.SET_TASK_DONE_COMMAND);"
      },
      {
        "lineNumber": 51,
        "author": {
          "gitId": "t170815518"
        },
        "content": ""
      },
      {
        "lineNumber": 52,
        "author": {
          "gitId": "t170815518"
        },
        "content": "        if (isEqualToTERMIATION_SIGNAL){"
      },
      {
        "lineNumber": 53,
        "author": {
          "gitId": "t170815518"
        },
        "content": "            exit();"
      },
      {
        "lineNumber": 54,
        "author": {
          "gitId": "t170815518"
        },
        "content": "        } else if (isEqualToLIST_PRINT_COMMAND) {"
      },
      {
        "lineNumber": 55,
        "author": {
          "gitId": "t170815518"
        },
        "content": "            printTaskList();"
      },
      {
        "lineNumber": 56,
        "author": {
          "gitId": "t170815518"
        },
        "content": "        } else if (isEqualToSET_TASK_DONE_COMMAND) {"
      },
      {
        "lineNumber": 57,
        "author": {
          "gitId": "t170815518"
        },
        "content": "            String[] splitCommand \u003d userInputSentence.split(\" \");"
      },
      {
        "lineNumber": 58,
        "author": {
          "gitId": "t170815518"
        },
        "content": "            Integer setTaskId \u003d Integer.valueOf(splitCommand[1]);"
      },
      {
        "lineNumber": 59,
        "author": {
          "gitId": "t170815518"
        },
        "content": ""
      },
      {
        "lineNumber": 60,
        "author": {
          "gitId": "t170815518"
        },
        "content": "            setTaskDone(setTaskId - 1); // -1 because array\u0027s index starts from 0"
      },
      {
        "lineNumber": 61,
        "author": {
          "gitId": "t170815518"
        },
        "content": "        } else {"
      },
      {
        "lineNumber": 62,
        "author": {
          "gitId": "t170815518"
        },
        "content": "            executeTaskAddingCommand(userInputSentence);"
      },
      {
        "lineNumber": 63,
        "author": {
          "gitId": "t170815518"
        },
        "content": "        }"
      },
      {
        "lineNumber": 64,
        "author": {
          "gitId": "t170815518"
        },
        "content": "    }"
      },
      {
        "lineNumber": 65,
        "author": {
          "gitId": "t170815518"
        },
        "content": ""
      },
      {
        "lineNumber": 66,
        "author": {
          "gitId": "t170815518"
        },
        "content": "    private static void executeTaskAddingCommand(String userInputSentence) {"
      },
      {
        "lineNumber": 67,
        "author": {
          "gitId": "t170815518"
        },
        "content": "        boolean isAddTodo \u003d userInputSentence.length() \u003e\u003d Commands.ADD_TODO_COMMAND.length() \u0026\u0026"
      },
      {
        "lineNumber": 68,
        "author": {
          "gitId": "t170815518"
        },
        "content": "                userInputSentence.substring(0, Commands.ADD_TODO_COMMAND.length()).equals(Commands.ADD_TODO_COMMAND);"
      },
      {
        "lineNumber": 69,
        "author": {
          "gitId": "t170815518"
        },
        "content": "        boolean isAddDeadline \u003d userInputSentence.length() \u003e\u003d Commands.ADD_DEADLINE_COMMAND.length() \u0026\u0026"
      },
      {
        "lineNumber": 70,
        "author": {
          "gitId": "t170815518"
        },
        "content": "                userInputSentence.substring(0, Commands.ADD_DEADLINE_COMMAND.length()).equals(Commands.ADD_DEADLINE_COMMAND);"
      },
      {
        "lineNumber": 71,
        "author": {
          "gitId": "t170815518"
        },
        "content": "        boolean isAddEvent \u003d userInputSentence.length() \u003e\u003d Commands.ADD_EVENT_COMMAND.length() \u0026\u0026"
      },
      {
        "lineNumber": 72,
        "author": {
          "gitId": "t170815518"
        },
        "content": "                userInputSentence.substring(0, Commands.ADD_EVENT_COMMAND.length()).equals(Commands.ADD_EVENT_COMMAND);"
      },
      {
        "lineNumber": 73,
        "author": {
          "gitId": "t170815518"
        },
        "content": ""
      },
      {
        "lineNumber": 74,
        "author": {
          "gitId": "t170815518"
        },
        "content": "        TaskType taskTypeToAdd \u003d TaskType.TASK;"
      },
      {
        "lineNumber": 75,
        "author": {
          "gitId": "t170815518"
        },
        "content": "        if (isAddTodo) {"
      },
      {
        "lineNumber": 76,
        "author": {
          "gitId": "t170815518"
        },
        "content": "            taskTypeToAdd \u003d TaskType.TODO;"
      },
      {
        "lineNumber": 77,
        "author": {
          "gitId": "t170815518"
        },
        "content": "        } else if (isAddDeadline) {"
      },
      {
        "lineNumber": 78,
        "author": {
          "gitId": "t170815518"
        },
        "content": "            taskTypeToAdd \u003d TaskType.DEADLINE;"
      },
      {
        "lineNumber": 79,
        "author": {
          "gitId": "t170815518"
        },
        "content": "        } else if (isAddEvent) {"
      },
      {
        "lineNumber": 80,
        "author": {
          "gitId": "t170815518"
        },
        "content": "            taskTypeToAdd \u003d TaskType.EVENT;"
      },
      {
        "lineNumber": 81,
        "author": {
          "gitId": "t170815518"
        },
        "content": "        }"
      },
      {
        "lineNumber": 82,
        "author": {
          "gitId": "t170815518"
        },
        "content": ""
      },
      {
        "lineNumber": 83,
        "author": {
          "gitId": "t170815518"
        },
        "content": "        switch (taskTypeToAdd) {"
      },
      {
        "lineNumber": 84,
        "author": {
          "gitId": "t170815518"
        },
        "content": "        case TODO: {"
      },
      {
        "lineNumber": 85,
        "author": {
          "gitId": "t170815518"
        },
        "content": "            String description \u003d userInputSentence.substring(Commands.ADD_TODO_COMMAND.length());"
      },
      {
        "lineNumber": 86,
        "author": {
          "gitId": "t170815518"
        },
        "content": "            tasks[inputStoredIndex] \u003d new Todo(description);"
      },
      {
        "lineNumber": 87,
        "author": {
          "gitId": "t170815518"
        },
        "content": "            printSuccessfulAddedMessage();"
      },
      {
        "lineNumber": 88,
        "author": {
          "gitId": "t170815518"
        },
        "content": "            inputStoredIndex++;"
      },
      {
        "lineNumber": 89,
        "author": {
          "gitId": "t170815518"
        },
        "content": "            break;"
      },
      {
        "lineNumber": 90,
        "author": {
          "gitId": "t170815518"
        },
        "content": "        }"
      },
      {
        "lineNumber": 91,
        "author": {
          "gitId": "t170815518"
        },
        "content": "        case DEADLINE: {"
      },
      {
        "lineNumber": 92,
        "author": {
          "gitId": "t170815518"
        },
        "content": "            String[] splitCommands \u003d userInputSentence.substring(Commands.ADD_DEADLINE_COMMAND.length()).split(\"/by \");"
      },
      {
        "lineNumber": 93,
        "author": {
          "gitId": "t170815518"
        },
        "content": "            tasks[inputStoredIndex] \u003d new Deadline(splitCommands[0], splitCommands[1]);"
      },
      {
        "lineNumber": 94,
        "author": {
          "gitId": "t170815518"
        },
        "content": "            printSuccessfulAddedMessage();"
      },
      {
        "lineNumber": 95,
        "author": {
          "gitId": "t170815518"
        },
        "content": "            inputStoredIndex++;"
      },
      {
        "lineNumber": 96,
        "author": {
          "gitId": "t170815518"
        },
        "content": "            break;"
      },
      {
        "lineNumber": 97,
        "author": {
          "gitId": "t170815518"
        },
        "content": "        }"
      },
      {
        "lineNumber": 98,
        "author": {
          "gitId": "t170815518"
        },
        "content": "        case EVENT: {"
      },
      {
        "lineNumber": 99,
        "author": {
          "gitId": "t170815518"
        },
        "content": "            String[] splitCommands \u003d userInputSentence.substring(Commands.ADD_EVENT_COMMAND.length()).split(\"/at \");"
      },
      {
        "lineNumber": 100,
        "author": {
          "gitId": "t170815518"
        },
        "content": "            tasks[inputStoredIndex] \u003d new Event(splitCommands[0],splitCommands[1]);"
      },
      {
        "lineNumber": 101,
        "author": {
          "gitId": "t170815518"
        },
        "content": "            printSuccessfulAddedMessage();"
      },
      {
        "lineNumber": 102,
        "author": {
          "gitId": "t170815518"
        },
        "content": "            inputStoredIndex++;"
      },
      {
        "lineNumber": 103,
        "author": {
          "gitId": "t170815518"
        },
        "content": "            break;"
      },
      {
        "lineNumber": 104,
        "author": {
          "gitId": "t170815518"
        },
        "content": "        }"
      },
      {
        "lineNumber": 105,
        "author": {
          "gitId": "t170815518"
        },
        "content": "        default: {"
      },
      {
        "lineNumber": 106,
        "author": {
          "gitId": "t170815518"
        },
        "content": "            /* If the user doesn\u0027t specify the task type to add, the reminder will be given. */"
      },
      {
        "lineNumber": 107,
        "author": {
          "gitId": "t170815518"
        },
        "content": "            System.out.println(SEPARATOR);"
      },
      {
        "lineNumber": 108,
        "author": {
          "gitId": "t170815518"
        },
        "content": "            System.out.println(\"Please specify the task type.\");"
      },
      {
        "lineNumber": 109,
        "author": {
          "gitId": "t170815518"
        },
        "content": "            System.out.println(SEPARATOR);"
      },
      {
        "lineNumber": 110,
        "author": {
          "gitId": "t170815518"
        },
        "content": "        }"
      },
      {
        "lineNumber": 111,
        "author": {
          "gitId": "t170815518"
        },
        "content": "        }"
      },
      {
        "lineNumber": 112,
        "author": {
          "gitId": "t170815518"
        },
        "content": "    }"
      },
      {
        "lineNumber": 113,
        "author": {
          "gitId": "t170815518"
        },
        "content": ""
      },
      {
        "lineNumber": 114,
        "author": {
          "gitId": "t170815518"
        },
        "content": "    private static void setTaskDone(Integer setTaskId) {"
      },
      {
        "lineNumber": 115,
        "author": {
          "gitId": "t170815518"
        },
        "content": "        try {"
      },
      {
        "lineNumber": 116,
        "author": {
          "gitId": "t170815518"
        },
        "content": "            Task targetTask \u003d tasks[setTaskId];"
      },
      {
        "lineNumber": 117,
        "author": {
          "gitId": "t170815518"
        },
        "content": "            targetTask.setDone();"
      },
      {
        "lineNumber": 118,
        "author": {
          "gitId": "t170815518"
        },
        "content": ""
      },
      {
        "lineNumber": 119,
        "author": {
          "gitId": "t170815518"
        },
        "content": "            System.out.println(SEPARATOR);"
      },
      {
        "lineNumber": 120,
        "author": {
          "gitId": "t170815518"
        },
        "content": "            System.out.printf(\"Nice! I\u0027ve marked this task as done: \\n[%s] %s\\n\","
      },
      {
        "lineNumber": 121,
        "author": {
          "gitId": "t170815518"
        },
        "content": "                    targetTask.getStatusIcon(),targetTask.description);"
      },
      {
        "lineNumber": 122,
        "author": {
          "gitId": "t170815518"
        },
        "content": "            System.out.println(SEPARATOR);"
      },
      {
        "lineNumber": 123,
        "author": {
          "gitId": "t170815518"
        },
        "content": "        }"
      },
      {
        "lineNumber": 124,
        "author": {
          "gitId": "t170815518"
        },
        "content": "        catch (NullPointerException e) {"
      },
      {
        "lineNumber": 125,
        "author": {
          "gitId": "t170815518"
        },
        "content": "            System.out.printf(\"Task %d does not exist.\\n\", setTaskId);"
      },
      {
        "lineNumber": 126,
        "author": {
          "gitId": "t170815518"
        },
        "content": "        }"
      },
      {
        "lineNumber": 127,
        "author": {
          "gitId": "t170815518"
        },
        "content": "    }"
      },
      {
        "lineNumber": 128,
        "author": {
          "gitId": "t170815518"
        },
        "content": ""
      },
      {
        "lineNumber": 129,
        "author": {
          "gitId": "t170815518"
        },
        "content": "    private static void printSuccessfulAddedMessage() {"
      },
      {
        "lineNumber": 130,
        "author": {
          "gitId": "t170815518"
        },
        "content": "        System.out.println(SEPARATOR);"
      },
      {
        "lineNumber": 131,
        "author": {
          "gitId": "t170815518"
        },
        "content": "        System.out.println(\"Got it. I\u0027ve added this task: \");"
      },
      {
        "lineNumber": 132,
        "author": {
          "gitId": "t170815518"
        },
        "content": "        System.out.println(tasks[inputStoredIndex]);"
      },
      {
        "lineNumber": 133,
        "author": {
          "gitId": "t170815518"
        },
        "content": "        System.out.printf(\"Now you have %d tasks in the list.\\n\",Task.getNumTotalTasks());"
      },
      {
        "lineNumber": 134,
        "author": {
          "gitId": "t170815518"
        },
        "content": "        System.out.println(SEPARATOR);"
      },
      {
        "lineNumber": 135,
        "author": {
          "gitId": "t170815518"
        },
        "content": "    }"
      },
      {
        "lineNumber": 136,
        "author": {
          "gitId": "t170815518"
        },
        "content": ""
      },
      {
        "lineNumber": 137,
        "author": {
          "gitId": "t170815518"
        },
        "content": "    public static void sayGoodbye(){"
      },
      {
        "lineNumber": 138,
        "author": {
          "gitId": "t170815518"
        },
        "content": "        String goodbyeWords \u003d \"Bye. Hope to see you again soon!\";"
      },
      {
        "lineNumber": 139,
        "author": {
          "gitId": "t170815518"
        },
        "content": ""
      },
      {
        "lineNumber": 140,
        "author": {
          "gitId": "t170815518"
        },
        "content": "        System.out.println(SEPARATOR);"
      },
      {
        "lineNumber": 141,
        "author": {
          "gitId": "t170815518"
        },
        "content": "        System.out.println(goodbyeWords);"
      },
      {
        "lineNumber": 142,
        "author": {
          "gitId": "t170815518"
        },
        "content": "        System.out.println(SEPARATOR);"
      },
      {
        "lineNumber": 143,
        "author": {
          "gitId": "-"
        },
        "content": "    }"
      },
      {
        "lineNumber": 144,
        "author": {
          "gitId": "t170815518"
        },
        "content": ""
      },
      {
        "lineNumber": 145,
        "author": {
          "gitId": "t170815518"
        },
        "content": "    protected static void exit() {"
      },
      {
        "lineNumber": 146,
        "author": {
          "gitId": "t170815518"
        },
        "content": "        sayGoodbye();"
      },
      {
        "lineNumber": 147,
        "author": {
          "gitId": "t170815518"
        },
        "content": "        System.exit(0);"
      },
      {
        "lineNumber": 148,
        "author": {
          "gitId": "t170815518"
        },
        "content": "    }"
      },
      {
        "lineNumber": 149,
        "author": {
          "gitId": "t170815518"
        },
        "content": ""
      },
      {
        "lineNumber": 150,
        "author": {
          "gitId": "t170815518"
        },
        "content": "    protected static void printTaskList() {"
      },
      {
        "lineNumber": 151,
        "author": {
          "gitId": "t170815518"
        },
        "content": "        int taskId \u003d 1;"
      },
      {
        "lineNumber": 152,
        "author": {
          "gitId": "t170815518"
        },
        "content": ""
      },
      {
        "lineNumber": 153,
        "author": {
          "gitId": "t170815518"
        },
        "content": "        System.out.println(SEPARATOR);"
      },
      {
        "lineNumber": 154,
        "author": {
          "gitId": "t170815518"
        },
        "content": "        System.out.println(\"Here are the tasks in your list:\");"
      },
      {
        "lineNumber": 155,
        "author": {
          "gitId": "t170815518"
        },
        "content": ""
      },
      {
        "lineNumber": 156,
        "author": {
          "gitId": "t170815518"
        },
        "content": "        for (Task task: tasks) {"
      },
      {
        "lineNumber": 157,
        "author": {
          "gitId": "t170815518"
        },
        "content": "            if (task\u003d\u003dnull) {"
      },
      {
        "lineNumber": 158,
        "author": {
          "gitId": "t170815518"
        },
        "content": "                break;"
      },
      {
        "lineNumber": 159,
        "author": {
          "gitId": "t170815518"
        },
        "content": "            } else {"
      },
      {
        "lineNumber": 160,
        "author": {
          "gitId": "t170815518"
        },
        "content": "                System.out.printf(\"%d.%s\\n\", taskId, task);"
      },
      {
        "lineNumber": 161,
        "author": {
          "gitId": "t170815518"
        },
        "content": "                taskId++;"
      },
      {
        "lineNumber": 162,
        "author": {
          "gitId": "t170815518"
        },
        "content": "            }"
      },
      {
        "lineNumber": 163,
        "author": {
          "gitId": "t170815518"
        },
        "content": "        }"
      },
      {
        "lineNumber": 164,
        "author": {
          "gitId": "t170815518"
        },
        "content": ""
      },
      {
        "lineNumber": 165,
        "author": {
          "gitId": "t170815518"
        },
        "content": "        System.out.println(SEPARATOR);"
      },
      {
        "lineNumber": 166,
        "author": {
          "gitId": "t170815518"
        },
        "content": "    }"
      },
      {
        "lineNumber": 167,
        "author": {
          "gitId": "-"
        },
        "content": "}"
      }
    ],
    "authorContributionMap": {
      "t170815518": 156,
      "-": 11
    }
  },
  {
    "path": "src/main/java/Event.java",
    "fileType": "java",
    "lines": [
      {
        "lineNumber": 1,
        "author": {
          "gitId": "t170815518"
        },
        "content": "public class Event extends Task{"
      },
      {
        "lineNumber": 2,
        "author": {
          "gitId": "t170815518"
        },
        "content": "\tprotected String period;"
      },
      {
        "lineNumber": 3,
        "author": {
          "gitId": "t170815518"
        },
        "content": ""
      },
      {
        "lineNumber": 4,
        "author": {
          "gitId": "t170815518"
        },
        "content": "\tpublic Event(String description, String period) {"
      },
      {
        "lineNumber": 5,
        "author": {
          "gitId": "t170815518"
        },
        "content": "\t\tsuper(description);"
      },
      {
        "lineNumber": 6,
        "author": {
          "gitId": "t170815518"
        },
        "content": "\t\tthis.period \u003d period;"
      },
      {
        "lineNumber": 7,
        "author": {
          "gitId": "t170815518"
        },
        "content": "\t}"
      },
      {
        "lineNumber": 8,
        "author": {
          "gitId": "t170815518"
        },
        "content": ""
      },
      {
        "lineNumber": 9,
        "author": {
          "gitId": "t170815518"
        },
        "content": "\tpublic String getPeriod() {"
      },
      {
        "lineNumber": 10,
        "author": {
          "gitId": "t170815518"
        },
        "content": "\t\treturn period;"
      },
      {
        "lineNumber": 11,
        "author": {
          "gitId": "t170815518"
        },
        "content": "\t}"
      },
      {
        "lineNumber": 12,
        "author": {
          "gitId": "t170815518"
        },
        "content": ""
      },
      {
        "lineNumber": 13,
        "author": {
          "gitId": "t170815518"
        },
        "content": "\tpublic void setPeriod(String period) {"
      },
      {
        "lineNumber": 14,
        "author": {
          "gitId": "t170815518"
        },
        "content": "\t\tthis.period \u003d period;"
      },
      {
        "lineNumber": 15,
        "author": {
          "gitId": "t170815518"
        },
        "content": "\t}"
      },
      {
        "lineNumber": 16,
        "author": {
          "gitId": "t170815518"
        },
        "content": ""
      },
      {
        "lineNumber": 17,
        "author": {
          "gitId": "t170815518"
        },
        "content": "\t@Override"
      },
      {
        "lineNumber": 18,
        "author": {
          "gitId": "t170815518"
        },
        "content": "\tpublic String toString() {"
      },
      {
        "lineNumber": 19,
        "author": {
          "gitId": "t170815518"
        },
        "content": "\t\treturn \"[E]\" + super.toString() + String.format(\" (at: %s)\",this.getPeriod());"
      },
      {
        "lineNumber": 20,
        "author": {
          "gitId": "t170815518"
        },
        "content": "\t}"
      },
      {
        "lineNumber": 21,
        "author": {
          "gitId": "t170815518"
        },
        "content": "}"
      }
    ],
    "authorContributionMap": {
      "t170815518": 21
    }
  },
  {
    "path": "src/main/java/Task.java",
    "fileType": "java",
    "lines": [
      {
        "lineNumber": 1,
        "author": {
          "gitId": "t170815518"
        },
        "content": "public class Task {"
      },
      {
        "lineNumber": 2,
        "author": {
          "gitId": "t170815518"
        },
        "content": "    protected String description;"
      },
      {
        "lineNumber": 3,
        "author": {
          "gitId": "t170815518"
        },
        "content": "    protected boolean isDone;"
      },
      {
        "lineNumber": 4,
        "author": {
          "gitId": "t170815518"
        },
        "content": "    protected static int numTotalTasks \u003d 0;"
      },
      {
        "lineNumber": 5,
        "author": {
          "gitId": "t170815518"
        },
        "content": ""
      },
      {
        "lineNumber": 6,
        "author": {
          "gitId": "t170815518"
        },
        "content": "    protected Task(String description) {"
      },
      {
        "lineNumber": 7,
        "author": {
          "gitId": "t170815518"
        },
        "content": "        this.description \u003d description;"
      },
      {
        "lineNumber": 8,
        "author": {
          "gitId": "t170815518"
        },
        "content": "        this.isDone \u003d false;"
      },
      {
        "lineNumber": 9,
        "author": {
          "gitId": "t170815518"
        },
        "content": "        numTotalTasks++;"
      },
      {
        "lineNumber": 10,
        "author": {
          "gitId": "t170815518"
        },
        "content": "    }"
      },
      {
        "lineNumber": 11,
        "author": {
          "gitId": "t170815518"
        },
        "content": ""
      },
      {
        "lineNumber": 12,
        "author": {
          "gitId": "t170815518"
        },
        "content": "    public String getStatusIcon() {"
      },
      {
        "lineNumber": 13,
        "author": {
          "gitId": "t170815518"
        },
        "content": "        return (isDone ? \"\\u2713\" : \"\\u2718\"); //return tick or X symbols"
      },
      {
        "lineNumber": 14,
        "author": {
          "gitId": "t170815518"
        },
        "content": "    }"
      },
      {
        "lineNumber": 15,
        "author": {
          "gitId": "t170815518"
        },
        "content": ""
      },
      {
        "lineNumber": 16,
        "author": {
          "gitId": "t170815518"
        },
        "content": "    public void setDone() {"
      },
      {
        "lineNumber": 17,
        "author": {
          "gitId": "t170815518"
        },
        "content": "        isDone \u003d true;"
      },
      {
        "lineNumber": 18,
        "author": {
          "gitId": "t170815518"
        },
        "content": "    }"
      },
      {
        "lineNumber": 19,
        "author": {
          "gitId": "t170815518"
        },
        "content": ""
      },
      {
        "lineNumber": 20,
        "author": {
          "gitId": "t170815518"
        },
        "content": "    public String getDescription() {"
      },
      {
        "lineNumber": 21,
        "author": {
          "gitId": "t170815518"
        },
        "content": "        return description;"
      },
      {
        "lineNumber": 22,
        "author": {
          "gitId": "t170815518"
        },
        "content": "    }"
      },
      {
        "lineNumber": 23,
        "author": {
          "gitId": "t170815518"
        },
        "content": ""
      },
      {
        "lineNumber": 24,
        "author": {
          "gitId": "t170815518"
        },
        "content": "    public static int getNumTotalTasks() {"
      },
      {
        "lineNumber": 25,
        "author": {
          "gitId": "t170815518"
        },
        "content": "        return numTotalTasks;"
      },
      {
        "lineNumber": 26,
        "author": {
          "gitId": "t170815518"
        },
        "content": "    }"
      },
      {
        "lineNumber": 27,
        "author": {
          "gitId": "t170815518"
        },
        "content": ""
      },
      {
        "lineNumber": 28,
        "author": {
          "gitId": "t170815518"
        },
        "content": "    @Override"
      },
      {
        "lineNumber": 29,
        "author": {
          "gitId": "t170815518"
        },
        "content": "    public String toString(){"
      },
      {
        "lineNumber": 30,
        "author": {
          "gitId": "t170815518"
        },
        "content": "        return \"[\" + this.getStatusIcon() + \"]\" + this.getDescription();"
      },
      {
        "lineNumber": 31,
        "author": {
          "gitId": "t170815518"
        },
        "content": "    }"
      },
      {
        "lineNumber": 32,
        "author": {
          "gitId": "t170815518"
        },
        "content": "}"
      }
    ],
    "authorContributionMap": {
      "t170815518": 32
    }
  },
  {
    "path": "src/main/java/Todo.java",
    "fileType": "java",
    "lines": [
      {
        "lineNumber": 1,
        "author": {
          "gitId": "t170815518"
        },
        "content": "public class Todo extends Task {"
      },
      {
        "lineNumber": 2,
        "author": {
          "gitId": "t170815518"
        },
        "content": "\tpublic Todo(String description) {"
      },
      {
        "lineNumber": 3,
        "author": {
          "gitId": "t170815518"
        },
        "content": "\t\tsuper(description);"
      },
      {
        "lineNumber": 4,
        "author": {
          "gitId": "t170815518"
        },
        "content": "\t}"
      },
      {
        "lineNumber": 5,
        "author": {
          "gitId": "t170815518"
        },
        "content": ""
      },
      {
        "lineNumber": 6,
        "author": {
          "gitId": "t170815518"
        },
        "content": "\t@Override"
      },
      {
        "lineNumber": 7,
        "author": {
          "gitId": "t170815518"
        },
        "content": "\tpublic String toString() {"
      },
      {
        "lineNumber": 8,
        "author": {
          "gitId": "t170815518"
        },
        "content": "\t\treturn \"[T]\" + super.toString();"
      },
      {
        "lineNumber": 9,
        "author": {
          "gitId": "t170815518"
        },
        "content": "\t}"
      },
      {
        "lineNumber": 10,
        "author": {
          "gitId": "t170815518"
        },
        "content": "}"
      }
    ],
    "authorContributionMap": {
      "t170815518": 10
    }
  },
  {
    "path": "text-ui-test/input.txt",
    "fileType": "txt",
    "lines": [
      {
        "lineNumber": 1,
        "author": {
          "gitId": "t170815518"
        },
        "content": "deadline do homework /by no idea :-p"
      },
      {
        "lineNumber": 2,
        "author": {
          "gitId": "t170815518"
        },
        "content": "event project meeting /at Mon 2-4pm"
      },
      {
        "lineNumber": 3,
        "author": {
          "gitId": "t170815518"
        },
        "content": "todo borrow book"
      },
      {
        "lineNumber": 4,
        "author": {
          "gitId": "t170815518"
        },
        "content": "deadline return book /by Sunday"
      },
      {
        "lineNumber": 5,
        "author": {
          "gitId": "t170815518"
        },
        "content": "bye"
      }
    ],
    "authorContributionMap": {
      "t170815518": 5
    }
  },
  {
    "path": "text-ui-test/runtest.sh",
    "fileType": "sh",
    "lines": [
      {
        "lineNumber": 1,
        "author": {
          "gitId": "t170815518"
        },
        "content": "#!/bin/bash"
      },
      {
        "lineNumber": 2,
        "author": {
          "gitId": "-"
        },
        "content": ""
      },
      {
        "lineNumber": 3,
        "author": {
          "gitId": "t170815518"
        },
        "content": "# This script is for testing Duck.class"
      },
      {
        "lineNumber": 4,
        "author": {
          "gitId": "t170815518"
        },
        "content": ""
      },
      {
        "lineNumber": 5,
        "author": {
          "gitId": "t170815518"
        },
        "content": "# Compile all classes"
      },
      {
        "lineNumber": 6,
        "author": {
          "gitId": "t170815518"
        },
        "content": "if ! javac ../src/main/java/*.java"
      },
      {
        "lineNumber": 7,
        "author": {
          "gitId": "-"
        },
        "content": "then"
      },
      {
        "lineNumber": 8,
        "author": {
          "gitId": "t170815518"
        },
        "content": "  echo \"********** BUILD FAILURE **********\""
      },
      {
        "lineNumber": 9,
        "author": {
          "gitId": "t170815518"
        },
        "content": "  exit 1"
      },
      {
        "lineNumber": 10,
        "author": {
          "gitId": "-"
        },
        "content": "fi"
      },
      {
        "lineNumber": 11,
        "author": {
          "gitId": "-"
        },
        "content": ""
      },
      {
        "lineNumber": 12,
        "author": {
          "gitId": "-"
        },
        "content": "# delete output from previous run"
      },
      {
        "lineNumber": 13,
        "author": {
          "gitId": "-"
        },
        "content": "if [ -e \"./ACTUAL.TXT\" ]"
      },
      {
        "lineNumber": 14,
        "author": {
          "gitId": "-"
        },
        "content": "then"
      },
      {
        "lineNumber": 15,
        "author": {
          "gitId": "-"
        },
        "content": "    rm ACTUAL.TXT"
      },
      {
        "lineNumber": 16,
        "author": {
          "gitId": "-"
        },
        "content": "fi"
      },
      {
        "lineNumber": 17,
        "author": {
          "gitId": "-"
        },
        "content": ""
      },
      {
        "lineNumber": 18,
        "author": {
          "gitId": "t170815518"
        },
        "content": "# Run java program and feed the program with input.txt and record output to ACTUAL.txt"
      },
      {
        "lineNumber": 19,
        "author": {
          "gitId": "t170815518"
        },
        "content": "java -classpath ../src/main/java Duke \u003c input.txt \u003e ACTUAL.txt"
      },
      {
        "lineNumber": 20,
        "author": {
          "gitId": "t170815518"
        },
        "content": ""
      },
      {
        "lineNumber": 21,
        "author": {
          "gitId": "t170815518"
        },
        "content": "# Change encoding of ACTUAL.txt"
      },
      {
        "lineNumber": 22,
        "author": {
          "gitId": "t170815518"
        },
        "content": "iconv -f ascii -t utf-8  ACTUAL.txt -o ACTUAL.txt"
      },
      {
        "lineNumber": 23,
        "author": {
          "gitId": "-"
        },
        "content": ""
      },
      {
        "lineNumber": 24,
        "author": {
          "gitId": "t170815518"
        },
        "content": "# Remove white spaces from the files"
      },
      {
        "lineNumber": 25,
        "author": {
          "gitId": "t170815518"
        },
        "content": "#tr -d \" \\t\\n\\r\" \u003c ACTUAL.txt \u003e ACTUAL_WITHOUT_WHITESPACE.txt"
      },
      {
        "lineNumber": 26,
        "author": {
          "gitId": "t170815518"
        },
        "content": "#tr -d \" \\t\\n\\r\" \u003c EXPECTED.txt \u003e EXPECTED_WITHOUT_WHITESPACE.txt"
      },
      {
        "lineNumber": 27,
        "author": {
          "gitId": "-"
        },
        "content": ""
      },
      {
        "lineNumber": 28,
        "author": {
          "gitId": "t170815518"
        },
        "content": "diff ACTUAL.txt EXPECTED.txt"
      },
      {
        "lineNumber": 29,
        "author": {
          "gitId": "-"
        },
        "content": ""
      },
      {
        "lineNumber": 30,
        "author": {
          "gitId": "-"
        },
        "content": "if [ $? -eq 0 ]"
      },
      {
        "lineNumber": 31,
        "author": {
          "gitId": "-"
        },
        "content": "then"
      },
      {
        "lineNumber": 32,
        "author": {
          "gitId": "-"
        },
        "content": "    echo \"Test result: PASSED\""
      },
      {
        "lineNumber": 33,
        "author": {
          "gitId": "-"
        },
        "content": "    exit 0"
      },
      {
        "lineNumber": 34,
        "author": {
          "gitId": "-"
        },
        "content": "else"
      },
      {
        "lineNumber": 35,
        "author": {
          "gitId": "-"
        },
        "content": "    echo \"Test result: FAILED\""
      },
      {
        "lineNumber": 36,
        "author": {
          "gitId": "-"
        },
        "content": "    exit 1"
      },
      {
        "lineNumber": 37,
        "author": {
          "gitId": "-"
        },
        "content": "fi"
      }
    ],
    "authorContributionMap": {
      "t170815518": 16,
      "-": 21
    }
  }
]
