{
  "authorDailyContributionsMap": {
    "t170815518": [
      {
        "date": "2020-08-18",
        "commitResults": [
          {
            "hash": "9449bef282aefc63e1eefb5caea3251472cfc1c2",
            "messageTitle": "Add greets and farewells",
            "messageBody": "",
            "fileTypesAndContributionMap": {
              "java": {
                "insertions": 14,
                "deletions": 0
              }
            }
          }
        ]
      },
      {
        "date": "2020-08-25",
        "commitResults": [
          {
            "hash": "bbdfe4b6929cdd67c601730189e6f596e9acbd7b",
            "messageTitle": "Format functions\u0027 structure for Level-0",
            "messageBody": "",
            "tags": [
              "Level-0"
            ],
            "fileTypesAndContributionMap": {
              "java": {
                "insertions": 13,
                "deletions": 9
              }
            }
          }
        ]
      },
      {
        "date": "2020-08-26",
        "commitResults": [
          {
            "hash": "bf7af9f8db64f7f81cefebc4f077ffbc042b133a",
            "messageTitle": "Add Level-1",
            "messageBody": "Further improvement: to add more situations for good-bye signal\n",
            "tags": [
              "Level-1"
            ],
            "fileTypesAndContributionMap": {
              "java": {
                "insertions": 20,
                "deletions": 1
              }
            }
          }
        ]
      },
      {
        "date": "2020-08-27",
        "commitResults": [
          {
            "hash": "818602684be3b4e746f6df7fb8d83d676dfdafd4",
            "messageTitle": "Add Level-2",
            "messageBody": "",
            "tags": [
              "Level-2"
            ],
            "fileTypesAndContributionMap": {
              "java": {
                "insertions": 23,
                "deletions": 2
              }
            }
          },
          {
            "hash": "5b455a55e19086d45c5bd91936d535174f328060",
            "messageTitle": "Add Task class",
            "messageBody": "",
            "fileTypesAndContributionMap": {
              "java": {
                "insertions": 17,
                "deletions": 0
              }
            }
          },
          {
            "hash": "e961f97da288e1b4bb16b3264b5c912b27354274",
            "messageTitle": "Add Level-3",
            "messageBody": "",
            "fileTypesAndContributionMap": {
              "java": {
                "insertions": 24,
                "deletions": 9
              }
            }
          }
        ]
      },
      {
        "date": "2020-08-28",
        "commitResults": [
          {
            "hash": "3511063416e287d36aba5acb56b4455d60a1c20e",
            "messageTitle": "Add blanked lines",
            "messageBody": "",
            "tags": [
              "Level-3"
            ],
            "fileTypesAndContributionMap": {
              "java": {
                "insertions": 11,
                "deletions": 0
              }
            }
          }
        ]
      },
      {
        "date": "2020-08-31",
        "commitResults": [
          {
            "hash": "5290bc3a2f7bc576c762473212cf929cee64b1a2",
            "messageTitle": "Rename constants in uppercase",
            "messageBody": "",
            "fileTypesAndContributionMap": {
              "java": {
                "insertions": 18,
                "deletions": 17
              }
            }
          },
          {
            "hash": "82c7844ad0fefd801cacb012222826ca64d9e113",
            "messageTitle": "Add Inheritance Class files from Task Class",
            "messageBody": "",
            "fileTypesAndContributionMap": {
              "java": {
                "insertions": 14,
                "deletions": 0
              }
            }
          }
        ]
      },
      {
        "date": "2020-09-01",
        "commitResults": [
          {
            "hash": "d99cc3bedf91c7c195b1c91de542c8b91e3618b4",
            "messageTitle": "Add Level-4",
            "messageBody": "",
            "tags": [
              "Level-4"
            ],
            "fileTypesAndContributionMap": {
              "java": {
                "insertions": 97,
                "deletions": 5
              }
            }
          },
          {
            "hash": "6aa12f539937698f5f86f14ac093e1d63597f8c7",
            "messageTitle": "Refactor to improve Code Quality",
            "messageBody": "More improvements are needed for Method executeTaskAddingCommand()\n",
            "fileTypesAndContributionMap": {
              "java": {
                "insertions": 82,
                "deletions": 46
              }
            }
          },
          {
            "hash": "ff2cc55b42060b9aa25390b1eca93a1dd394a22f",
            "messageTitle": "Improve code quality by using enum",
            "messageBody": "",
            "fileTypesAndContributionMap": {
              "java": {
                "insertions": 38,
                "deletions": 29
              }
            }
          },
          {
            "hash": "e860c4d2ed66f46d90eac29ce7cf801481763730",
            "messageTitle": "Improve code quality by adding SLAP",
            "messageBody": "",
            "fileTypesAndContributionMap": {
              "java": {
                "insertions": 39,
                "deletions": 44
              }
            }
          },
          {
            "hash": "d5e0f5e6442d748074f833372b56ebe22ee271b4",
            "messageTitle": "Change Task\u0027s constructor\u0027s type from public to protected",
            "messageBody": "",
            "fileTypesAndContributionMap": {
              "java": {
                "insertions": 1,
                "deletions": 1
              }
            }
          },
          {
            "hash": "0fa80ff1d61dae81516c46d005e751f49094bd7c",
            "messageTitle": "Prevent User from creating Task object",
            "messageBody": "",
            "tags": [
              "A-CodeQuality"
            ],
            "fileTypesAndContributionMap": {
              "java": {
                "insertions": 4,
                "deletions": 3
              }
            }
          },
          {
            "hash": "8772b2728f332518207bd83e9b3e80fc38b18c6d",
            "messageTitle": "Add Automated Text UI Testing",
            "messageBody": "Problems: whitespace and utf code\n",
            "tags": [
              "A-TextUiTesting"
            ],
            "fileTypesAndContributionMap": {
              "txt": {
                "insertions": 5,
                "deletions": 0
              },
              "sh": {
                "insertions": 16,
                "deletions": 17
              }
            }
          }
        ]
      },
      {
        "date": "2020-09-08",
        "commitResults": [
          {
            "hash": "d29660eeef967952ea98def25b20994ee74bb23a",
            "messageTitle": "Add Exception and its handler for EmptyContentForCommandException",
            "messageBody": "",
            "fileTypesAndContributionMap": {
              "java": {
                "insertions": 22,
                "deletions": 2
              }
            }
          },
          {
            "hash": "d30aa61fb2668ba093541193d62e1843117066be",
            "messageTitle": "Correct EmptyCommand Exception",
            "messageBody": "",
            "fileTypesAndContributionMap": {
              "java": {
                "insertions": 15,
                "deletions": 15
              }
            }
          },
          {
            "hash": "00c073c1c82c149b4b928fd4b62c1c529afbc3b9",
            "messageTitle": "Add exception and its handler for UnknownCommandException",
            "messageBody": "",
            "fileTypesAndContributionMap": {
              "java": {
                "insertions": 2,
                "deletions": 0
              }
            }
          },
          {
            "hash": "7ec34c4658143fb03871dbcbd0317f353fe6470a",
            "messageTitle": "Add Exception handler for IndexOutOfBoundsException when adding tasks",
            "messageBody": "",
            "tags": [
              "A-Exceptions"
            ],
            "fileTypesAndContributionMap": {
              "java": {
                "insertions": 34,
                "deletions": 29
              }
            }
          },
          {
            "hash": "7a8c2ddb070841cc30b30ea552dc89228aa1554e",
            "messageTitle": "Add packages",
            "messageBody": "",
            "fileTypesAndContributionMap": {
              "java": {
                "insertions": 22,
                "deletions": 4
              }
            }
          }
        ]
      },
      {
        "date": "2020-09-16",
        "commitResults": [
          {
            "hash": "87f2fe56be2a8a12c10886a90dd6fadbe6f3b631",
            "messageTitle": "Change Tasks to ArrayList",
            "messageBody": "",
            "tags": [
              "A-Collections"
            ],
            "fileTypesAndContributionMap": {
              "java": {
                "insertions": 10,
                "deletions": 7
              }
            }
          },
          {
            "hash": "465d70020ff53113b4ec9ad4fc422be8157b0e80",
            "messageTitle": "Add delete command",
            "messageBody": "",
            "fileTypesAndContributionMap": {
              "java": {
                "insertions": 19,
                "deletions": 2
              }
            }
          },
          {
            "hash": "889d10f4e754e20cbf812bdd538132aa905f2add",
            "messageTitle": "Add Level-7.save",
            "messageBody": "",
            "fileTypesAndContributionMap": {
              "txt": {
                "insertions": 4,
                "deletions": 0
              },
              "java": {
                "insertions": 122,
                "deletions": 7
              }
            }
          }
        ]
      },
      {
        "date": "2020-09-17",
        "commitResults": [
          {
            "hash": "707f80eb59576e992f71c2db52d871c6304c53c3",
            "messageTitle": "Fix bug of not updating deleted tasks",
            "messageBody": "",
            "tags": [
              "Level-7",
              "A-Jar"
            ],
            "fileTypesAndContributionMap": {
              "java": {
                "insertions": 2,
                "deletions": 0
              }
            }
          }
        ]
      },
      {
        "date": "2020-09-23",
        "commitResults": [
          {
            "hash": "1994ba8e759d15cef3008baf61484de631952da0",
            "messageTitle": "Change Class name from FileHandler to Storage",
            "messageBody": "",
            "fileTypesAndContributionMap": {
              "java": {
                "insertions": 2,
                "deletions": 2
              }
            }
          },
          {
            "hash": "c283307dd832007a95bbeb1ba499179c640cd02c",
            "messageTitle": "Refactor classes and add comments",
            "messageBody": "",
            "fileTypesAndContributionMap": {
              "java": {
                "insertions": 19,
                "deletions": 207
              }
            }
          },
          {
            "hash": "32ff99f44ae2aa7f5360bc677e93967c601f937a",
            "messageTitle": "Add Command-related classes",
            "messageBody": "",
            "fileTypesAndContributionMap": {
              "java": {
                "insertions": 32,
                "deletions": 2
              }
            }
          },
          {
            "hash": "8dd4aabd9f258eeb29b9e1777a8e87d72c331143",
            "messageTitle": "Update Storage Class",
            "messageBody": "",
            "fileTypesAndContributionMap": {
              "java": {
                "insertions": 35,
                "deletions": 29
              }
            }
          }
        ]
      },
      {
        "date": "2020-09-29",
        "commitResults": [
          {
            "hash": "1c6b0666bdcc7e96fc46f6a84f58d46b4a62d174",
            "messageTitle": "Refactor the code for more classes",
            "messageBody": "",
            "tags": [
              "A-MoreOOP"
            ],
            "fileTypesAndContributionMap": {
              "java": {
                "insertions": 408,
                "deletions": 35
              }
            }
          },
          {
            "hash": "852cee56d35a105b8d224d8e4ef29f2f2df6333f",
            "messageTitle": "Add find keyword function",
            "messageBody": "",
            "fileTypesAndContributionMap": {
              "java": {
                "insertions": 71,
                "deletions": 1
              }
            }
          },
          {
            "hash": "a5f9521f04d88dba6d053a96c6683588f5ba8030",
            "messageTitle": "Add docs",
            "messageBody": "",
            "fileTypesAndContributionMap": {
              "java": {
                "insertions": 137,
                "deletions": 93
              }
            }
          },
          {
            "hash": "c6dfa787ee34749d722959da8e20f6f0e3c10e1d",
            "messageTitle": "Add datetime to Task",
            "messageBody": "",
            "fileTypesAndContributionMap": {
              "java": {
                "insertions": 34,
                "deletions": 9
              }
            }
          },
          {
            "hash": "4a96260589abc98e816dc418a692f7c836227340",
            "messageTitle": "Add FindTaskOnDate function",
            "messageBody": "",
            "fileTypesAndContributionMap": {
              "java": {
                "insertions": 74,
                "deletions": 61
              }
            }
          }
        ]
      }
    ]
  },
  "authorFileTypeContributionMap": {
    "t170815518": {
      "java": 871,
      "md": 0,
      "sh": 16,
      "bat": 0,
      "gradle": 0,
      "txt": 9
    }
  },
  "authorContributionVariance": {
    "t170815518": 23394.076
  },
  "authorDisplayNameMap": {
    "t170815518": "CS2113-T13-4 TANG..TING"
  }
}
