{
  "authorDailyContributionsMap": {
    "Varsha3006": [
      {
        "date": "2020-08-21",
        "commitResults": [
          {
            "hash": "c8b1b82af66ea4d0c240787bcbcad0407d9c58a1",
            "messageTitle": "Week 2 ip tasks",
            "messageBody": "",
            "fileTypesAndContributionMap": {
              "java": {
                "insertions": 5,
                "deletions": 0
              }
            }
          }
        ]
      },
      {
        "date": "2020-08-24",
        "commitResults": [
          {
            "hash": "528d3fff299a3c53d4c99f401d679dd1b2ab0542",
            "messageTitle": "Week 3, level 1 complete",
            "messageBody": "",
            "fileTypesAndContributionMap": {
              "java": {
                "insertions": 13,
                "deletions": 11
              }
            }
          },
          {
            "hash": "a303dc0e86da7e4380ec230507c4447fc1460d47",
            "messageTitle": "Program starts by greeting the user, echos commands entered by the user, and exits when the user types \"bye\"",
            "messageBody": "",
            "tags": [
              "Level-1"
            ],
            "fileTypesAndContributionMap": {
              "java": {
                "insertions": 15,
                "deletions": 11
              }
            }
          },
          {
            "hash": "52f06159a6fe278864e65a150bfe7b44bca5b201",
            "messageTitle": "Started on Level 2: Add",
            "messageBody": "",
            "tags": [
              "Level-2"
            ],
            "fileTypesAndContributionMap": {
              "java": {
                "insertions": 6,
                "deletions": 4
              }
            }
          }
        ]
      },
      {
        "date": "2020-08-26",
        "commitResults": [
          {
            "hash": "b57222c79830a0980c85aa8466b1787d93dde6b4",
            "messageTitle": "Added level-3.(Mark as Done)",
            "messageBody": "",
            "tags": [
              "Level-3"
            ],
            "fileTypesAndContributionMap": {
              "java": {
                "insertions": 74,
                "deletions": 5
              }
            }
          },
          {
            "hash": "9c393299a15ea8265b67702c3b476ea76f52b8b9",
            "messageTitle": "Edited to follow the coding standard",
            "messageBody": "",
            "tags": [
              "A-CodingStandard"
            ],
            "fileTypesAndContributionMap": {
              "java": {
                "insertions": 6,
                "deletions": 4
              }
            }
          }
        ]
      },
      {
        "date": "2020-08-28",
        "commitResults": [
          {
            "hash": "b34797eea048e431df701304dbbeabf7b23e3ad3",
            "messageTitle": "Updated codeStyle",
            "messageBody": "",
            "fileTypesAndContributionMap": {
              "java": {
                "insertions": 2,
                "deletions": 2
              }
            }
          },
          {
            "hash": "42e6a9c4186f94aaebd72ee46441a813fd1cc0bd",
            "messageTitle": "Indentation and horizontal lines added",
            "messageBody": "",
            "fileTypesAndContributionMap": {
              "java": {
                "insertions": 16,
                "deletions": 10
              }
            }
          }
        ]
      },
      {
        "date": "2020-09-01",
        "commitResults": [
          {
            "hash": "5290425f1d0ec3b2bdce6a7fa8873162f5800a91",
            "messageTitle": "Added Level 4: ToDos, Events, Deadlines",
            "messageBody": "",
            "tags": [
              "Level-4"
            ],
            "fileTypesAndContributionMap": {
              "txt": {
                "insertions": 2,
                "deletions": 0
              },
              "java": {
                "insertions": 146,
                "deletions": 65
              }
            }
          },
          {
            "hash": "7212d4dfbf238527bd18cf1a9068942aa73a72f4",
            "messageTitle": "Did some minor edit",
            "messageBody": "",
            "tags": [
              "A-CodeQuality"
            ],
            "fileTypesAndContributionMap": {
              "java": {
                "insertions": 17,
                "deletions": 16
              }
            }
          }
        ]
      }
    ]
  },
  "authorFileTypeContributionMap": {
    "Varsha3006": {
      "java": 178,
      "md": 0,
      "sh": 0,
      "bat": 0,
      "gradle": 0,
      "txt": 2
    }
  },
  "authorContributionVariance": {
    "Varsha3006": 3327.917
  },
  "authorDisplayNameMap": {
    "Varsha3006": "CS2113T-F14-1 VARS..A MS"
  }
}
