{
  "authorDailyContributionsMap": {
    "dmbclub": [
      {
        "date": "2020-08-31",
        "commitResults": [
          {
            "hash": "34dfdb3d1275a68b2fd63cfc0c2df61e655c5e9c",
            "messageTitle": "Level-0",
            "messageBody": "",
            "fileTypesAndContributionMap": {
              "java": {
                "insertions": 9,
                "deletions": 0
              }
            }
          },
          {
            "hash": "b8ab623c389ca4689aa503efd77603dc4045fb1f",
            "messageTitle": "Level-0",
            "messageBody": "",
            "tags": [
              "Level-0"
            ],
            "fileTypesAndContributionMap": {
              "java": {
                "insertions": 0,
                "deletions": 9
              }
            }
          },
          {
            "hash": "5c8ebb9a33ed0c275853b58e1f3276c6156e1b61",
            "messageTitle": "Level-1",
            "messageBody": "",
            "tags": [
              "Level-1"
            ],
            "fileTypesAndContributionMap": {
              "java": {
                "insertions": 13,
                "deletions": 1
              }
            }
          },
          {
            "hash": "70e2758325aa93f0609f2178134ccb0fa6393dbc",
            "messageTitle": "Level-2",
            "messageBody": "",
            "tags": [
              "Level-2"
            ],
            "fileTypesAndContributionMap": {
              "java": {
                "insertions": 20,
                "deletions": 5
              }
            }
          },
          {
            "hash": "adf10bd5af4db7be911b6667957b232c261d8a79",
            "messageTitle": "Level-3",
            "messageBody": "",
            "fileTypesAndContributionMap": {
              "java": {
                "insertions": 35,
                "deletions": 3
              }
            }
          },
          {
            "hash": "b553caa84a3d38933d8aefe786c4e2974f06b255",
            "messageTitle": "Level-3",
            "messageBody": "",
            "tags": [
              "Level-3"
            ],
            "fileTypesAndContributionMap": {
              "java": {
                "insertions": 34,
                "deletions": 23
              }
            }
          },
          {
            "hash": "dfccaa30f1b2f41fe182a0822ae621215690cf73",
            "messageTitle": "Level-4",
            "messageBody": "",
            "fileTypesAndContributionMap": {
              "java": {
                "insertions": 83,
                "deletions": 24
              }
            }
          }
        ]
      },
      {
        "date": "2020-09-02",
        "commitResults": [
          {
            "hash": "656306ad588a329a143b5a5f5409ac721d64db1b",
            "messageTitle": "Level-4",
            "messageBody": "",
            "tags": [
              "Level-4"
            ],
            "fileTypesAndContributionMap": {
              "java": {
                "insertions": 21,
                "deletions": 0
              }
            }
          }
        ]
      },
      {
        "date": "2020-09-08",
        "commitResults": [
          {
            "hash": "5e5cb7ead97b7ae1cb35d383271709ed92729d74",
            "messageTitle": "coding standard.",
            "messageBody": "",
            "fileTypesAndContributionMap": {
              "java": {
                "insertions": 10,
                "deletions": 9
              }
            }
          },
          {
            "hash": "85e37293491bccb0cd738521e1bd70090ffc3fdd",
            "messageTitle": "Level-5  A-Exceptions",
            "messageBody": "",
            "fileTypesAndContributionMap": {
              "java": {
                "insertions": 59,
                "deletions": 15
              }
            }
          }
        ]
      },
      {
        "date": "2020-09-09",
        "commitResults": [
          {
            "hash": "7c9c0d247d7823ff4ea6b4c33ad3e91e46875479",
            "messageTitle": "Level5 A-Exceptions",
            "messageBody": "",
            "tags": [
              "A-Exceptions"
            ],
            "fileTypesAndContributionMap": {
              "java": {
                "insertions": 23,
                "deletions": 7
              }
            }
          }
        ]
      }
    ]
  },
  "authorFileTypeContributionMap": {
    "dmbclub": {
      "java": 217,
      "md": 0,
      "sh": 0,
      "bat": 0,
      "gradle": 0,
      "txt": 0
    }
  },
  "authorContributionVariance": {
    "dmbclub": 2631.6985
  },
  "authorDisplayNameMap": {
    "dmbclub": "CS2113T-W13-2 DING..BANG"
  }
}
