{
  "authorDailyContributionsMap": {
    "zongxian-ctrl": [
      {
        "date": "2020-08-26",
        "commitResults": [
          {
            "hash": "97d734d6bdc4a91f2e3b6fe260f4332e86b975f3",
            "messageTitle": "Level 0. Greet",
            "messageBody": "",
            "tags": [
              "Level-0"
            ],
            "fileTypesAndContributionMap": {
              "java": {
                "insertions": 3,
                "deletions": 6
              }
            }
          },
          {
            "hash": "3a615a5da8903d1224f839e55a8dd9c1d2d82a43",
            "messageTitle": "Level 1. Greet, Echo, Exit",
            "messageBody": "",
            "tags": [
              "Level-1"
            ],
            "fileTypesAndContributionMap": {
              "java": {
                "insertions": 25,
                "deletions": 1
              }
            }
          },
          {
            "hash": "460aaf510954de0e9896328c062d13eed06f044d",
            "messageTitle": "Level 2. Add, List",
            "messageBody": "",
            "tags": [
              "Level-2"
            ],
            "fileTypesAndContributionMap": {
              "java": {
                "insertions": 17,
                "deletions": 4
              }
            }
          },
          {
            "hash": "077663e0ef786cab271e094bc149af0950f531c8",
            "messageTitle": "Level 3. Mark as Done",
            "messageBody": "",
            "tags": [
              "Level-3"
            ],
            "fileTypesAndContributionMap": {
              "java": {
                "insertions": 45,
                "deletions": 14
              }
            }
          },
          {
            "hash": "fc1e428160d8ca8ac24cd36d5b6dc78a7f5a4125",
            "messageTitle": "A-CodingStandard",
            "messageBody": "",
            "tags": [
              "A-CodingStandard"
            ],
            "fileTypesAndContributionMap": {
              "java": {
                "insertions": 3,
                "deletions": 4
              }
            }
          }
        ]
      },
      {
        "date": "2020-09-03",
        "commitResults": [
          {
            "hash": "c138790b83810ac4d7fd2ad3a7d91993092fc4b7",
            "messageTitle": "Level 4. ToDos, Events, Deadlines",
            "messageBody": "",
            "tags": [
              "Level-4"
            ],
            "fileTypesAndContributionMap": {
              "java": {
                "insertions": 93,
                "deletions": 12
              }
            }
          },
          {
            "hash": "6f37f5769584540f2d1b1e2dd2b656195962b945",
            "messageTitle": "A-CodeQuality: Improve Code Quality",
            "messageBody": "Change if else statements to cases and refactor methods\n",
            "tags": [
              "A-CodeQuality"
            ],
            "fileTypesAndContributionMap": {
              "java": {
                "insertions": 77,
                "deletions": 38
              }
            }
          }
        ]
      },
      {
        "date": "2020-09-09",
        "commitResults": [
          {
            "hash": "0b260ef64efdaf4b4d67fec0c4749494f81263c0",
            "messageTitle": "Level 5. Handle Errors \u0026 Use Exceptions to handle errors",
            "messageBody": "",
            "tags": [
              "Level-5",
              "A-Exceptions"
            ],
            "fileTypesAndContributionMap": {
              "java": {
                "insertions": 41,
                "deletions": 27
              }
            }
          },
          {
            "hash": "3b05b991b0818779ada01697ce065cd136d4dc44",
            "messageTitle": "Revert \"Level 5. Handle Errors \u0026 Use Exceptions to handle errors\"",
            "messageBody": "This reverts commit 0b260ef64efdaf4b4d67fec0c4749494f81263c0.\n",
            "fileTypesAndContributionMap": {
              "java": {
                "insertions": 27,
                "deletions": 41
              }
            }
          },
          {
            "hash": "5013043d27de167d5b18d96fb9a02b71ab4911b0",
            "messageTitle": "Revert \"Revert \"Level 5. Handle Errors \u0026 Use Exceptions to handle errors\"\"",
            "messageBody": "This reverts commit 3b05b991b0818779ada01697ce065cd136d4dc44.\n",
            "fileTypesAndContributionMap": {
              "java": {
                "insertions": 41,
                "deletions": 27
              }
            }
          },
          {
            "hash": "7eb64bcb3ef8dd328037d795cfc8f6e49ab9891b",
            "messageTitle": "Test using the I/O redirection technique",
            "messageBody": "",
            "tags": [
              "A-TextUiTesting"
            ],
            "fileTypesAndContributionMap": {
              "txt": {
                "insertions": 14,
                "deletions": 0
              },
              "java": {
                "insertions": 5,
                "deletions": 5
              },
              "sh": {
                "insertions": 2,
                "deletions": 2
              }
            }
          },
          {
            "hash": "59f00a0070406c3e3b6566f07661197123b7a889",
            "messageTitle": "Put all classes in one package .duke and update runtest.sh file",
            "messageBody": "",
            "tags": [
              "A-Packages"
            ],
            "fileTypesAndContributionMap": {
              "java": {
                "insertions": 13,
                "deletions": 1
              },
              "sh": {
                "insertions": 1,
                "deletions": 1
              }
            }
          },
          {
            "hash": "2e1da019908c154b0b4bfd43745440975230b94d",
            "messageTitle": "Update indentation",
            "messageBody": "",
            "fileTypesAndContributionMap": {
              "java": {
                "insertions": 2,
                "deletions": 1
              }
            }
          }
        ]
      },
      {
        "date": "2020-09-15",
        "commitResults": [
          {
            "hash": "6590515287518b84806f2d363b5c16143060c9a4",
            "messageTitle": "Update to prevent \" \" being entered as an entry",
            "messageBody": "",
            "fileTypesAndContributionMap": {
              "java": {
                "insertions": 5,
                "deletions": 2
              }
            }
          },
          {
            "hash": "33a9770e6f2913f2bb26001bbbf7fe66d050c6a1",
            "messageTitle": "Add support for deleting tasks from the list.",
            "messageBody": "",
            "fileTypesAndContributionMap": {
              "txt": {
                "insertions": 5,
                "deletions": 11
              },
              "java": {
                "insertions": 54,
                "deletions": 15
              }
            }
          }
        ]
      },
      {
        "date": "2020-09-16",
        "commitResults": [
          {
            "hash": "19d214d5071c15303c3fafbe932f63d59df0265d",
            "messageTitle": "Save the tasks in the hard disk automatically whenever the task list changes. Load the data from the hard disk when Duke starts up.",
            "messageBody": "",
            "tags": [
              "Level-7"
            ],
            "fileTypesAndContributionMap": {
              "java": {
                "insertions": 141,
                "deletions": 3
              }
            }
          },
          {
            "hash": "9382a7f08afaa52a2a6005e5ff5343acb2919411",
            "messageTitle": "Update on syntax and formatting",
            "messageBody": "",
            "fileTypesAndContributionMap": {
              "java": {
                "insertions": 7,
                "deletions": 8
              },
              "sh": {
                "insertions": 1,
                "deletions": 5
              }
            }
          },
          {
            "hash": "2a44dfa6b53644a81ba8e60f2310c43cdc78486a",
            "messageTitle": "Removed comments from past testing",
            "messageBody": "",
            "tags": [
              "A-Jar"
            ],
            "fileTypesAndContributionMap": {
              "java": {
                "insertions": 0,
                "deletions": 9
              }
            }
          }
        ]
      },
      {
        "date": "2020-09-28",
        "commitResults": [
          {
            "hash": "95128203630096888bee24161f600235d0f5094b",
            "messageTitle": "A-MoreOOP: Use More OOP",
            "messageBody": "",
            "tags": [
              "A-MoreOOP"
            ],
            "fileTypesAndContributionMap": {
              "txt": {
                "insertions": 1,
                "deletions": 0
              },
              "java": {
                "insertions": 546,
                "deletions": 268
              }
            }
          }
        ]
      }
    ]
  },
  "authorFileTypeContributionMap": {
    "zongxian-ctrl": {
      "java": 674,
      "md": 0,
      "sh": 2,
      "bat": 0,
      "gradle": 0,
      "txt": 9
    }
  },
  "authorContributionVariance": {
    "zongxian-ctrl": 16702.848
  },
  "authorDisplayNameMap": {
    "zongxian-ctrl": "CS2113-T14-1 ONG ..XIAN"
  }
}
