{
  "authorDailyContributionsMap": {
    "rashien3": [
      {
        "date": "2020-08-21",
        "commitResults": [
          {
            "hash": "d55e7001b1d4701d2e1aa5ec7021cb23bb943740",
            "messageTitle": "level 0",
            "messageBody": "",
            "tags": [
              "Level-0"
            ],
            "fileTypesAndContributionMap": {
              "java": {
                "insertions": 7,
                "deletions": 1
              }
            }
          }
        ]
      },
      {
        "date": "2020-08-25",
        "commitResults": [
          {
            "hash": "3be47726202c05684658331a9c23e65d78037ef4",
            "messageTitle": "add echo and bye function",
            "messageBody": "",
            "tags": [
              "Level-1"
            ],
            "fileTypesAndContributionMap": {
              "java": {
                "insertions": 20,
                "deletions": 12
              }
            }
          },
          {
            "hash": "523c5cd6aa670a711c2ba5b53415f27195addb29",
            "messageTitle": "add add, list",
            "messageBody": "",
            "tags": [
              "Level-2"
            ],
            "fileTypesAndContributionMap": {
              "java": {
                "insertions": 22,
                "deletions": 4
              }
            }
          },
          {
            "hash": "7ba1090bc693f094feaf20a42b8644f38feb7671",
            "messageTitle": "add mark as done",
            "messageBody": "",
            "tags": [
              "Level-3"
            ],
            "fileTypesAndContributionMap": {
              "java": {
                "insertions": 51,
                "deletions": 22
              }
            }
          }
        ]
      },
      {
        "date": "2020-09-01",
        "commitResults": [
          {
            "hash": "e5091a8283fae1836ec48c3e1cf2573dc8a3c208",
            "messageTitle": "improve code quality",
            "messageBody": "",
            "tags": [
              "A-CodingStandard"
            ],
            "fileTypesAndContributionMap": {
              "java": {
                "insertions": 11,
                "deletions": 7
              }
            }
          },
          {
            "hash": "21d6b650871d792055e0354dcf170ac267016f51",
            "messageTitle": "add todo, deadline, event",
            "messageBody": "",
            "fileTypesAndContributionMap": {
              "java": {
                "insertions": 115,
                "deletions": 29
              }
            }
          },
          {
            "hash": "e523b23f863410b89e7b7dccedf5a1d97aaf6b49",
            "messageTitle": "add functionality for todos, events, and deadlines",
            "messageBody": "",
            "tags": [
              "Level-4",
              "A-Inheritance"
            ],
            "fileTypesAndContributionMap": {
              "java": {
                "insertions": 27,
                "deletions": 12
              }
            }
          },
          {
            "hash": "9f58af08c68766a68671cd3216ba8a4b6d8ceba2",
            "messageTitle": "add test case",
            "messageBody": "",
            "tags": [
              "A-TextUiTesting"
            ],
            "fileTypesAndContributionMap": {
              "txt": {
                "insertions": 7,
                "deletions": 0
              }
            }
          },
          {
            "hash": "e5fcb474253839b255a87b99ca814b851f6c7d17",
            "messageTitle": "improve code quality",
            "messageBody": "",
            "tags": [
              "A-CodeQuality"
            ],
            "fileTypesAndContributionMap": {
              "java": {
                "insertions": 4,
                "deletions": 6
              }
            }
          }
        ]
      }
    ]
  },
  "authorFileTypeContributionMap": {
    "rashien3": {
      "java": 170,
      "md": 0,
      "sh": 0,
      "bat": 0,
      "gradle": 0,
      "txt": 7
    }
  },
  "authorContributionVariance": {
    "rashien3": 3054.7979
  },
  "authorDisplayNameMap": {
    "rashien3": "CS2113T-W13-1 HERM.. HAN"
  }
}
