{
  "authorDailyContributionsMap": {
    "sugandha929": [
      {
        "date": "2020-08-26",
        "commitResults": [
          {
            "hash": "0e3e51976617a923162f0d584e211c3b9a1dd921",
            "messageTitle": "Update Duke.java",
            "messageBody": "Level-1\n",
            "tags": [
              "Level-1"
            ],
            "fileTypesAndContributionMap": {
              "java": {
                "insertions": 14,
                "deletions": 3
              }
            }
          },
          {
            "hash": "11a88b10a6f88a8f3d2b0016b111a0421ebbdd9e",
            "messageTitle": "Level-2",
            "messageBody": "",
            "tags": [
              "Level-2"
            ],
            "fileTypesAndContributionMap": {
              "java": {
                "insertions": 15,
                "deletions": 3
              }
            }
          },
          {
            "hash": "d2fc4ed4a3c2e946cadc59bc38b78af0a7d8397c",
            "messageTitle": "Level-3",
            "messageBody": "",
            "tags": [
              "Level-3,-A-CodingStandard",
              "Level-3"
            ],
            "fileTypesAndContributionMap": {
              "java": {
                "insertions": 36,
                "deletions": 8
              }
            }
          }
        ]
      },
      {
        "date": "2020-09-01",
        "commitResults": [
          {
            "hash": "3499d063637be2ee98f750e1215edad0d27cc727",
            "messageTitle": "Level-3 using Classes",
            "messageBody": "",
            "tags": [
              "A-CodingStandard",
              "A-Classes"
            ],
            "fileTypesAndContributionMap": {
              "java": {
                "insertions": 25,
                "deletions": 25
              }
            }
          },
          {
            "hash": "ccba236842d4db3d65bd73550410450937273122",
            "messageTitle": "Level-4, with inheritence",
            "messageBody": "",
            "tags": [
              "Level-4",
              "A-Inheritence"
            ],
            "fileTypesAndContributionMap": {
              "java": {
                "insertions": 82,
                "deletions": 11
              }
            }
          },
          {
            "hash": "7cbfd101222c1615fcc33fcd87a6a84a6c1eb6e4",
            "messageTitle": "update code quality",
            "messageBody": "",
            "tags": [
              "A-CodeQuality"
            ],
            "fileTypesAndContributionMap": {
              "java": {
                "insertions": 10,
                "deletions": 5
              }
            }
          }
        ]
      },
      {
        "date": "2020-09-08",
        "commitResults": [
          {
            "hash": "3318f3c56042e821904f815e0de963d872982e6b",
            "messageTitle": "Level-5",
            "messageBody": "",
            "tags": [
              "Level-5",
              "A-Exception"
            ],
            "fileTypesAndContributionMap": {
              "java": {
                "insertions": 63,
                "deletions": 39
              }
            }
          },
          {
            "hash": "7257fa25ca6367f29e0be40f371202444e158abb",
            "messageTitle": "added catch for dates",
            "messageBody": "",
            "fileTypesAndContributionMap": {
              "java": {
                "insertions": 22,
                "deletions": 3
              }
            }
          },
          {
            "hash": "b6dff1b8a3297446a17ff43d3e7b49e2ad0ccabd",
            "messageTitle": "A-Packages",
            "messageBody": "",
            "tags": [
              "A-Packages"
            ],
            "fileTypesAndContributionMap": {
              "java": {
                "insertions": 15,
                "deletions": 6
              }
            }
          }
        ]
      },
      {
        "date": "2020-09-15",
        "commitResults": [
          {
            "hash": "84ff81002240770b3b5033809289cf5ab6e6d9b1",
            "messageTitle": "Update Duke.java",
            "messageBody": "",
            "tags": [
              "A-Collections"
            ],
            "fileTypesAndContributionMap": {
              "java": {
                "insertions": 11,
                "deletions": 11
              }
            }
          },
          {
            "hash": "82dd07b0d96564799478fe4fa16f618cce73fb63",
            "messageTitle": "add delete",
            "messageBody": "",
            "tags": [
              "Level-6"
            ],
            "fileTypesAndContributionMap": {
              "java": {
                "insertions": 26,
                "deletions": 9
              }
            }
          },
          {
            "hash": "f1cc43f78afc935ad73e3eca963afa76afb9c1d9",
            "messageTitle": "Level-7, add save option",
            "messageBody": "",
            "tags": [
              "Level-7"
            ],
            "fileTypesAndContributionMap": {
              "txt": {
                "insertions": 1,
                "deletions": 0
              },
              "java": {
                "insertions": 132,
                "deletions": 63
              }
            }
          },
          {
            "hash": "b53e22eef1ea396008749ca3b4173761807dbd51",
            "messageTitle": "changes",
            "messageBody": "",
            "fileTypesAndContributionMap": {
              "java": {
                "insertions": 35,
                "deletions": 1
              }
            }
          }
        ]
      }
    ]
  },
  "authorFileTypeContributionMap": {
    "sugandha929": {
      "java": 270,
      "md": 0,
      "sh": 0,
      "bat": 0,
      "gradle": 0,
      "txt": 1
    }
  },
  "authorContributionVariance": {
    "sugandha929": 3723.153
  },
  "authorDisplayNameMap": {
    "sugandha929": "CS2113T-W13-1 TUTE..NDHA"
  }
}
