[
  {
    "path": "data.txt",
    "fileType": "txt",
    "lines": [
      {
        "lineNumber": 1,
        "author": {
          "gitId": "yAOwzers"
        },
        "content": "T|1|event"
      },
      {
        "lineNumber": 2,
        "author": {
          "gitId": "yAOwzers"
        },
        "content": "T|1|project"
      },
      {
        "lineNumber": 3,
        "author": {
          "gitId": "yAOwzers"
        },
        "content": "E|1|deadline|8pm mon"
      },
      {
        "lineNumber": 4,
        "author": {
          "gitId": "yAOwzers"
        },
        "content": "D|0|must do|8pm monday"
      },
      {
        "lineNumber": 5,
        "author": {
          "gitId": "yAOwzers"
        },
        "content": "E|0|help|9pm mon"
      }
    ],
    "authorContributionMap": {
      "yAOwzers": 5
    }
  },
  {
    "path": "src/main/java/Duke.java",
    "fileType": "java",
    "lines": [
      {
        "lineNumber": 1,
        "author": {
          "gitId": "yAOwzers"
        },
        "content": "import exceptions.DukeException;"
      },
      {
        "lineNumber": 2,
        "author": {
          "gitId": "yAOwzers"
        },
        "content": "import task.Deadline;"
      },
      {
        "lineNumber": 3,
        "author": {
          "gitId": "yAOwzers"
        },
        "content": "import task.Event;"
      },
      {
        "lineNumber": 4,
        "author": {
          "gitId": "yAOwzers"
        },
        "content": "import task.Task;"
      },
      {
        "lineNumber": 5,
        "author": {
          "gitId": "yAOwzers"
        },
        "content": "import task.Todo;"
      },
      {
        "lineNumber": 6,
        "author": {
          "gitId": "yAOwzers"
        },
        "content": ""
      },
      {
        "lineNumber": 7,
        "author": {
          "gitId": "yAOwzers"
        },
        "content": "import java.io.FileNotFoundException;"
      },
      {
        "lineNumber": 8,
        "author": {
          "gitId": "yAOwzers"
        },
        "content": "import java.io.IOException;"
      },
      {
        "lineNumber": 9,
        "author": {
          "gitId": "yAOwzers"
        },
        "content": "import java.util.Scanner;"
      },
      {
        "lineNumber": 10,
        "author": {
          "gitId": "yAOwzers"
        },
        "content": "import java.util.ArrayList;"
      },
      {
        "lineNumber": 11,
        "author": {
          "gitId": "yAOwzers"
        },
        "content": ""
      },
      {
        "lineNumber": 12,
        "author": {
          "gitId": "yAOwzers"
        },
        "content": "import static file.FileReader.printFileContents;"
      },
      {
        "lineNumber": 13,
        "author": {
          "gitId": "yAOwzers"
        },
        "content": "import static file.FileReader.appendToFile;"
      },
      {
        "lineNumber": 14,
        "author": {
          "gitId": "yAOwzers"
        },
        "content": ""
      },
      {
        "lineNumber": 15,
        "author": {
          "gitId": "yAOwzers"
        },
        "content": ""
      },
      {
        "lineNumber": 16,
        "author": {
          "gitId": "-"
        },
        "content": "public class Duke {"
      },
      {
        "lineNumber": 17,
        "author": {
          "gitId": "yAOwzers"
        },
        "content": "    private static ArrayList\u003cTask\u003e taskList \u003d new ArrayList\u003c\u003e();"
      },
      {
        "lineNumber": 18,
        "author": {
          "gitId": "yAOwzers"
        },
        "content": "    private static boolean doExit \u003d false;"
      },
      {
        "lineNumber": 19,
        "author": {
          "gitId": "yAOwzers"
        },
        "content": "    private static final String filePath \u003d \"data.txt\";"
      },
      {
        "lineNumber": 20,
        "author": {
          "gitId": "yAOwzers"
        },
        "content": "    private static boolean toAppend \u003d false;"
      },
      {
        "lineNumber": 21,
        "author": {
          "gitId": "yAOwzers"
        },
        "content": ""
      },
      {
        "lineNumber": 22,
        "author": {
          "gitId": "-"
        },
        "content": "    public static void main(String[] args) {"
      },
      {
        "lineNumber": 23,
        "author": {
          "gitId": "-"
        },
        "content": "        String logo \u003d \" ____        _        \\n\""
      },
      {
        "lineNumber": 24,
        "author": {
          "gitId": "-"
        },
        "content": "                + \"|  _ \\\\ _   _| | _____ \\n\""
      },
      {
        "lineNumber": 25,
        "author": {
          "gitId": "-"
        },
        "content": "                + \"| | | | | | | |/ / _ \\\\\\n\""
      },
      {
        "lineNumber": 26,
        "author": {
          "gitId": "-"
        },
        "content": "                + \"| |_| | |_| |   \u003c  __/\\n\""
      },
      {
        "lineNumber": 27,
        "author": {
          "gitId": "-"
        },
        "content": "                + \"|____/ \\\\__,_|_|\\\\_\\\\___|\\n\";"
      },
      {
        "lineNumber": 28,
        "author": {
          "gitId": "-"
        },
        "content": "        System.out.println(\"Hello from\\n\" + logo);"
      },
      {
        "lineNumber": 29,
        "author": {
          "gitId": "yAOwzers"
        },
        "content": "        lineSeparator();"
      },
      {
        "lineNumber": 30,
        "author": {
          "gitId": "yAOwzers"
        },
        "content": "        greet();"
      },
      {
        "lineNumber": 31,
        "author": {
          "gitId": "yAOwzers"
        },
        "content": "        lineSeparator();"
      },
      {
        "lineNumber": 32,
        "author": {
          "gitId": "yAOwzers"
        },
        "content": ""
      },
      {
        "lineNumber": 33,
        "author": {
          "gitId": "yAOwzers"
        },
        "content": "        loadFile();"
      },
      {
        "lineNumber": 34,
        "author": {
          "gitId": "yAOwzers"
        },
        "content": ""
      },
      {
        "lineNumber": 35,
        "author": {
          "gitId": "yAOwzers"
        },
        "content": "        while (!doExit) {"
      },
      {
        "lineNumber": 36,
        "author": {
          "gitId": "yAOwzers"
        },
        "content": "            String userInput \u003d getInput();"
      },
      {
        "lineNumber": 37,
        "author": {
          "gitId": "yAOwzers"
        },
        "content": ""
      },
      {
        "lineNumber": 38,
        "author": {
          "gitId": "yAOwzers"
        },
        "content": "            try {"
      },
      {
        "lineNumber": 39,
        "author": {
          "gitId": "yAOwzers"
        },
        "content": "                String[] userInputArray \u003d checkInput(userInput);"
      },
      {
        "lineNumber": 40,
        "author": {
          "gitId": "yAOwzers"
        },
        "content": ""
      },
      {
        "lineNumber": 41,
        "author": {
          "gitId": "yAOwzers"
        },
        "content": "                //firstWord will decide the actions that will be done"
      },
      {
        "lineNumber": 42,
        "author": {
          "gitId": "yAOwzers"
        },
        "content": "                String firstWord \u003d userInputArray[0];"
      },
      {
        "lineNumber": 43,
        "author": {
          "gitId": "yAOwzers"
        },
        "content": ""
      },
      {
        "lineNumber": 44,
        "author": {
          "gitId": "yAOwzers"
        },
        "content": "                if (firstWord.equals(\"bye\")) {"
      },
      {
        "lineNumber": 45,
        "author": {
          "gitId": "yAOwzers"
        },
        "content": "                    doExit \u003d true;"
      },
      {
        "lineNumber": 46,
        "author": {
          "gitId": "yAOwzers"
        },
        "content": "                    lineSeparator();"
      },
      {
        "lineNumber": 47,
        "author": {
          "gitId": "yAOwzers"
        },
        "content": "                    break;"
      },
      {
        "lineNumber": 48,
        "author": {
          "gitId": "yAOwzers"
        },
        "content": "                }"
      },
      {
        "lineNumber": 49,
        "author": {
          "gitId": "yAOwzers"
        },
        "content": "                    switch (firstWord) {"
      },
      {
        "lineNumber": 50,
        "author": {
          "gitId": "yAOwzers"
        },
        "content": "                        case \"list\":"
      },
      {
        "lineNumber": 51,
        "author": {
          "gitId": "yAOwzers"
        },
        "content": "                            list();"
      },
      {
        "lineNumber": 52,
        "author": {
          "gitId": "yAOwzers"
        },
        "content": "                            break;"
      },
      {
        "lineNumber": 53,
        "author": {
          "gitId": "yAOwzers"
        },
        "content": "                        case \"done\":"
      },
      {
        "lineNumber": 54,
        "author": {
          "gitId": "yAOwzers"
        },
        "content": "                            markDone(userInputArray);"
      },
      {
        "lineNumber": 55,
        "author": {
          "gitId": "yAOwzers"
        },
        "content": "                            break;"
      },
      {
        "lineNumber": 56,
        "author": {
          "gitId": "yAOwzers"
        },
        "content": "                        case \"todo\":"
      },
      {
        "lineNumber": 57,
        "author": {
          "gitId": "yAOwzers"
        },
        "content": "                            markToDo(userInput);"
      },
      {
        "lineNumber": 58,
        "author": {
          "gitId": "yAOwzers"
        },
        "content": "                            break;"
      },
      {
        "lineNumber": 59,
        "author": {
          "gitId": "yAOwzers"
        },
        "content": "                        case \"deadline\":"
      },
      {
        "lineNumber": 60,
        "author": {
          "gitId": "yAOwzers"
        },
        "content": "                            markDeadline(userInput);"
      },
      {
        "lineNumber": 61,
        "author": {
          "gitId": "yAOwzers"
        },
        "content": "                            break;"
      },
      {
        "lineNumber": 62,
        "author": {
          "gitId": "yAOwzers"
        },
        "content": "                        case \"event\":"
      },
      {
        "lineNumber": 63,
        "author": {
          "gitId": "yAOwzers"
        },
        "content": "                            markEvent(userInput);"
      },
      {
        "lineNumber": 64,
        "author": {
          "gitId": "yAOwzers"
        },
        "content": "                            break;"
      },
      {
        "lineNumber": 65,
        "author": {
          "gitId": "yAOwzers"
        },
        "content": "                        case \"delete\":"
      },
      {
        "lineNumber": 66,
        "author": {
          "gitId": "yAOwzers"
        },
        "content": "                            deleteTask(userInputArray);"
      },
      {
        "lineNumber": 67,
        "author": {
          "gitId": "yAOwzers"
        },
        "content": "                            break;"
      },
      {
        "lineNumber": 68,
        "author": {
          "gitId": "yAOwzers"
        },
        "content": "                        default:"
      },
      {
        "lineNumber": 69,
        "author": {
          "gitId": "yAOwzers"
        },
        "content": "                            lineSeparator();"
      },
      {
        "lineNumber": 70,
        "author": {
          "gitId": "yAOwzers"
        },
        "content": "                            System.out.println(\"Sorry that is an invalid Command ! :(\");"
      },
      {
        "lineNumber": 71,
        "author": {
          "gitId": "yAOwzers"
        },
        "content": "                            lineSeparator();"
      },
      {
        "lineNumber": 72,
        "author": {
          "gitId": "yAOwzers"
        },
        "content": "                    }"
      },
      {
        "lineNumber": 73,
        "author": {
          "gitId": "yAOwzers"
        },
        "content": ""
      },
      {
        "lineNumber": 74,
        "author": {
          "gitId": "yAOwzers"
        },
        "content": "            } catch (DukeException e){"
      },
      {
        "lineNumber": 75,
        "author": {
          "gitId": "yAOwzers"
        },
        "content": "                errorMessage(userInput);"
      },
      {
        "lineNumber": 76,
        "author": {
          "gitId": "yAOwzers"
        },
        "content": "            } catch (NumberFormatException e) {"
      },
      {
        "lineNumber": 77,
        "author": {
          "gitId": "yAOwzers"
        },
        "content": "                exceptionErrorMessage(\"Number formatting Error!\");"
      },
      {
        "lineNumber": 78,
        "author": {
          "gitId": "yAOwzers"
        },
        "content": "            } catch (IndexOutOfBoundsException e) {"
      },
      {
        "lineNumber": 79,
        "author": {
          "gitId": "yAOwzers"
        },
        "content": "                exceptionErrorMessage(\"Index out of bounds exception!\");"
      },
      {
        "lineNumber": 80,
        "author": {
          "gitId": "yAOwzers"
        },
        "content": "            } catch (IOException e) {"
      },
      {
        "lineNumber": 81,
        "author": {
          "gitId": "yAOwzers"
        },
        "content": "                System.out.println(\"Something went wrong: \" + e.getMessage());"
      },
      {
        "lineNumber": 82,
        "author": {
          "gitId": "yAOwzers"
        },
        "content": "            }"
      },
      {
        "lineNumber": 83,
        "author": {
          "gitId": "yAOwzers"
        },
        "content": ""
      },
      {
        "lineNumber": 84,
        "author": {
          "gitId": "yAOwzers"
        },
        "content": "            toAppend \u003d true;"
      },
      {
        "lineNumber": 85,
        "author": {
          "gitId": "yAOwzers"
        },
        "content": "        }"
      },
      {
        "lineNumber": 86,
        "author": {
          "gitId": "yAOwzers"
        },
        "content": "        }"
      },
      {
        "lineNumber": 87,
        "author": {
          "gitId": "yAOwzers"
        },
        "content": ""
      },
      {
        "lineNumber": 88,
        "author": {
          "gitId": "yAOwzers"
        },
        "content": "    private static void loadFile() {"
      },
      {
        "lineNumber": 89,
        "author": {
          "gitId": "yAOwzers"
        },
        "content": "        try {"
      },
      {
        "lineNumber": 90,
        "author": {
          "gitId": "yAOwzers"
        },
        "content": "            String output;"
      },
      {
        "lineNumber": 91,
        "author": {
          "gitId": "yAOwzers"
        },
        "content": "            System.out.println(\"Loaded from previous task list:\");"
      },
      {
        "lineNumber": 92,
        "author": {
          "gitId": "yAOwzers"
        },
        "content": "            output \u003d printFileContents(\"data.txt\");"
      },
      {
        "lineNumber": 93,
        "author": {
          "gitId": "yAOwzers"
        },
        "content": "            toAppend \u003d true; // if there is an existing file"
      },
      {
        "lineNumber": 94,
        "author": {
          "gitId": "yAOwzers"
        },
        "content": ""
      },
      {
        "lineNumber": 95,
        "author": {
          "gitId": "yAOwzers"
        },
        "content": "            String[] prevList;"
      },
      {
        "lineNumber": 96,
        "author": {
          "gitId": "yAOwzers"
        },
        "content": "            prevList \u003d output.split(\"\\n\");"
      },
      {
        "lineNumber": 97,
        "author": {
          "gitId": "yAOwzers"
        },
        "content": ""
      },
      {
        "lineNumber": 98,
        "author": {
          "gitId": "yAOwzers"
        },
        "content": "            for(String task : prevList) {"
      },
      {
        "lineNumber": 99,
        "author": {
          "gitId": "yAOwzers"
        },
        "content": "                String taskType \u003d task.substring(0,1); // gets the first character"
      },
      {
        "lineNumber": 100,
        "author": {
          "gitId": "yAOwzers"
        },
        "content": "                String isDoneInteger \u003d task.substring(2,3);"
      },
      {
        "lineNumber": 101,
        "author": {
          "gitId": "yAOwzers"
        },
        "content": "                switch (taskType) {"
      },
      {
        "lineNumber": 102,
        "author": {
          "gitId": "yAOwzers"
        },
        "content": "                    case \"T\":"
      },
      {
        "lineNumber": 103,
        "author": {
          "gitId": "yAOwzers"
        },
        "content": "                        inputTodo(task, isDoneInteger);"
      },
      {
        "lineNumber": 104,
        "author": {
          "gitId": "yAOwzers"
        },
        "content": "                        break;"
      },
      {
        "lineNumber": 105,
        "author": {
          "gitId": "yAOwzers"
        },
        "content": "                    case \"E\":"
      },
      {
        "lineNumber": 106,
        "author": {
          "gitId": "yAOwzers"
        },
        "content": "                        inputEvent(task, isDoneInteger);"
      },
      {
        "lineNumber": 107,
        "author": {
          "gitId": "yAOwzers"
        },
        "content": "                        break;"
      },
      {
        "lineNumber": 108,
        "author": {
          "gitId": "yAOwzers"
        },
        "content": "                    case \"D\":"
      },
      {
        "lineNumber": 109,
        "author": {
          "gitId": "yAOwzers"
        },
        "content": "                        inputDeadline(task, isDoneInteger);"
      },
      {
        "lineNumber": 110,
        "author": {
          "gitId": "yAOwzers"
        },
        "content": "                        break;"
      },
      {
        "lineNumber": 111,
        "author": {
          "gitId": "yAOwzers"
        },
        "content": "                }"
      },
      {
        "lineNumber": 112,
        "author": {
          "gitId": "yAOwzers"
        },
        "content": "            }"
      },
      {
        "lineNumber": 113,
        "author": {
          "gitId": "yAOwzers"
        },
        "content": "            printTaskList();"
      },
      {
        "lineNumber": 114,
        "author": {
          "gitId": "yAOwzers"
        },
        "content": "        } catch (FileNotFoundException e) {"
      },
      {
        "lineNumber": 115,
        "author": {
          "gitId": "yAOwzers"
        },
        "content": "            System.out.println(\"File not found\");"
      },
      {
        "lineNumber": 116,
        "author": {
          "gitId": "yAOwzers"
        },
        "content": "        }"
      },
      {
        "lineNumber": 117,
        "author": {
          "gitId": "yAOwzers"
        },
        "content": "        lineSeparator();"
      },
      {
        "lineNumber": 118,
        "author": {
          "gitId": "yAOwzers"
        },
        "content": "    }"
      },
      {
        "lineNumber": 119,
        "author": {
          "gitId": "yAOwzers"
        },
        "content": ""
      },
      {
        "lineNumber": 120,
        "author": {
          "gitId": "yAOwzers"
        },
        "content": "    private static void printTaskList() {"
      },
      {
        "lineNumber": 121,
        "author": {
          "gitId": "yAOwzers"
        },
        "content": "        for (int i \u003d 0; i \u003c Task.getNumberOfTasks(); i++) {"
      },
      {
        "lineNumber": 122,
        "author": {
          "gitId": "yAOwzers"
        },
        "content": "            System.out.print((i + 1) + \". \");"
      },
      {
        "lineNumber": 123,
        "author": {
          "gitId": "yAOwzers"
        },
        "content": "            System.out.println(taskList.get(i).printTask());"
      },
      {
        "lineNumber": 124,
        "author": {
          "gitId": "yAOwzers"
        },
        "content": "        }"
      },
      {
        "lineNumber": 125,
        "author": {
          "gitId": "yAOwzers"
        },
        "content": "    }"
      },
      {
        "lineNumber": 126,
        "author": {
          "gitId": "yAOwzers"
        },
        "content": ""
      },
      {
        "lineNumber": 127,
        "author": {
          "gitId": "yAOwzers"
        },
        "content": "    private static void inputDeadline(String task, String isDoneInteger) {"
      },
      {
        "lineNumber": 128,
        "author": {
          "gitId": "yAOwzers"
        },
        "content": "        int indexOfSecondBar \u003d 3;"
      },
      {
        "lineNumber": 129,
        "author": {
          "gitId": "yAOwzers"
        },
        "content": "        String taskDescriptionAndDate \u003d task.substring(indexOfSecondBar + 1);"
      },
      {
        "lineNumber": 130,
        "author": {
          "gitId": "yAOwzers"
        },
        "content": "        int indexOfThirdBar \u003d taskDescriptionAndDate.indexOf(\"|\");"
      },
      {
        "lineNumber": 131,
        "author": {
          "gitId": "yAOwzers"
        },
        "content": "        String deadlineDate \u003d taskDescriptionAndDate.substring(indexOfThirdBar + 1);"
      },
      {
        "lineNumber": 132,
        "author": {
          "gitId": "yAOwzers"
        },
        "content": "        String taskDescription \u003d taskDescriptionAndDate.substring(0, indexOfThirdBar);"
      },
      {
        "lineNumber": 133,
        "author": {
          "gitId": "yAOwzers"
        },
        "content": "        Task newTask \u003d new Deadline(taskDescription, deadlineDate);"
      },
      {
        "lineNumber": 134,
        "author": {
          "gitId": "yAOwzers"
        },
        "content": "        taskList.add(newTask);"
      },
      {
        "lineNumber": 135,
        "author": {
          "gitId": "yAOwzers"
        },
        "content": "        if(isDoneInteger.equals(\"1\")) {"
      },
      {
        "lineNumber": 136,
        "author": {
          "gitId": "yAOwzers"
        },
        "content": "            newTask.markAsDone();"
      },
      {
        "lineNumber": 137,
        "author": {
          "gitId": "yAOwzers"
        },
        "content": "        }"
      },
      {
        "lineNumber": 138,
        "author": {
          "gitId": "yAOwzers"
        },
        "content": "    }"
      },
      {
        "lineNumber": 139,
        "author": {
          "gitId": "yAOwzers"
        },
        "content": ""
      },
      {
        "lineNumber": 140,
        "author": {
          "gitId": "yAOwzers"
        },
        "content": "    private static void inputEvent(String task, String isDoneInteger) {"
      },
      {
        "lineNumber": 141,
        "author": {
          "gitId": "yAOwzers"
        },
        "content": "        int indexOfSecondBar \u003d 3;"
      },
      {
        "lineNumber": 142,
        "author": {
          "gitId": "yAOwzers"
        },
        "content": "        String taskDescriptionAndDate \u003d task.substring(indexOfSecondBar + 1);"
      },
      {
        "lineNumber": 143,
        "author": {
          "gitId": "yAOwzers"
        },
        "content": "        int indexOfThirdBar \u003d taskDescriptionAndDate.indexOf(\"|\");"
      },
      {
        "lineNumber": 144,
        "author": {
          "gitId": "yAOwzers"
        },
        "content": "        String eventDate \u003d taskDescriptionAndDate.substring(indexOfThirdBar + 1);"
      },
      {
        "lineNumber": 145,
        "author": {
          "gitId": "yAOwzers"
        },
        "content": "        String taskDescription \u003d taskDescriptionAndDate.substring(0, indexOfThirdBar);"
      },
      {
        "lineNumber": 146,
        "author": {
          "gitId": "yAOwzers"
        },
        "content": "        Task newTask \u003d new Event(taskDescription, eventDate);"
      },
      {
        "lineNumber": 147,
        "author": {
          "gitId": "yAOwzers"
        },
        "content": "        taskList.add(newTask);"
      },
      {
        "lineNumber": 148,
        "author": {
          "gitId": "yAOwzers"
        },
        "content": "        if(isDoneInteger.equals(\"1\")) {"
      },
      {
        "lineNumber": 149,
        "author": {
          "gitId": "yAOwzers"
        },
        "content": "            newTask.markAsDone();"
      },
      {
        "lineNumber": 150,
        "author": {
          "gitId": "yAOwzers"
        },
        "content": "        }"
      },
      {
        "lineNumber": 151,
        "author": {
          "gitId": "yAOwzers"
        },
        "content": "    }"
      },
      {
        "lineNumber": 152,
        "author": {
          "gitId": "yAOwzers"
        },
        "content": ""
      },
      {
        "lineNumber": 153,
        "author": {
          "gitId": "yAOwzers"
        },
        "content": "    private static void inputTodo(String task, String isDoneInteger) {"
      },
      {
        "lineNumber": 154,
        "author": {
          "gitId": "yAOwzers"
        },
        "content": "        int indexOfSecondBar \u003d 3;"
      },
      {
        "lineNumber": 155,
        "author": {
          "gitId": "yAOwzers"
        },
        "content": "        String taskDescription \u003d task.substring(indexOfSecondBar + 1);"
      },
      {
        "lineNumber": 156,
        "author": {
          "gitId": "yAOwzers"
        },
        "content": "        Task newTask \u003d new Todo(taskDescription);"
      },
      {
        "lineNumber": 157,
        "author": {
          "gitId": "yAOwzers"
        },
        "content": "        taskList.add(newTask);"
      },
      {
        "lineNumber": 158,
        "author": {
          "gitId": "yAOwzers"
        },
        "content": "        if(isDoneInteger.equals(\"1\")) {"
      },
      {
        "lineNumber": 159,
        "author": {
          "gitId": "yAOwzers"
        },
        "content": "            newTask.markAsDone();"
      },
      {
        "lineNumber": 160,
        "author": {
          "gitId": "yAOwzers"
        },
        "content": "        }"
      },
      {
        "lineNumber": 161,
        "author": {
          "gitId": "yAOwzers"
        },
        "content": "    }"
      },
      {
        "lineNumber": 162,
        "author": {
          "gitId": "yAOwzers"
        },
        "content": ""
      },
      {
        "lineNumber": 163,
        "author": {
          "gitId": "yAOwzers"
        },
        "content": "    private static void exceptionErrorMessage(String s) {"
      },
      {
        "lineNumber": 164,
        "author": {
          "gitId": "yAOwzers"
        },
        "content": "        lineSeparator();"
      },
      {
        "lineNumber": 165,
        "author": {
          "gitId": "yAOwzers"
        },
        "content": "        System.out.println(s);"
      },
      {
        "lineNumber": 166,
        "author": {
          "gitId": "yAOwzers"
        },
        "content": "        lineSeparator();"
      },
      {
        "lineNumber": 167,
        "author": {
          "gitId": "yAOwzers"
        },
        "content": "    }"
      },
      {
        "lineNumber": 168,
        "author": {
          "gitId": "yAOwzers"
        },
        "content": ""
      },
      {
        "lineNumber": 169,
        "author": {
          "gitId": "yAOwzers"
        },
        "content": "    private static String getInput() {"
      },
      {
        "lineNumber": 170,
        "author": {
          "gitId": "yAOwzers"
        },
        "content": "        Scanner in \u003d new Scanner(System.in);"
      },
      {
        "lineNumber": 171,
        "author": {
          "gitId": "yAOwzers"
        },
        "content": "        return in.nextLine();"
      },
      {
        "lineNumber": 172,
        "author": {
          "gitId": "yAOwzers"
        },
        "content": "    }"
      },
      {
        "lineNumber": 173,
        "author": {
          "gitId": "yAOwzers"
        },
        "content": ""
      },
      {
        "lineNumber": 174,
        "author": {
          "gitId": "yAOwzers"
        },
        "content": "    private static String[] checkInput(String userInput) throws DukeException{"
      },
      {
        "lineNumber": 175,
        "author": {
          "gitId": "yAOwzers"
        },
        "content": "        String[] checkUserInput \u003d userInput.split(\" \");"
      },
      {
        "lineNumber": 176,
        "author": {
          "gitId": "yAOwzers"
        },
        "content": "        if(checkUserInput.length \u003c 2 \u0026\u0026 !checkUserInput[0].equals(\"list\")) {"
      },
      {
        "lineNumber": 177,
        "author": {
          "gitId": "yAOwzers"
        },
        "content": "            throw new DukeException();"
      },
      {
        "lineNumber": 178,
        "author": {
          "gitId": "yAOwzers"
        },
        "content": "        }"
      },
      {
        "lineNumber": 179,
        "author": {
          "gitId": "yAOwzers"
        },
        "content": "        return checkUserInput;"
      },
      {
        "lineNumber": 180,
        "author": {
          "gitId": "yAOwzers"
        },
        "content": "    }"
      },
      {
        "lineNumber": 181,
        "author": {
          "gitId": "yAOwzers"
        },
        "content": ""
      },
      {
        "lineNumber": 182,
        "author": {
          "gitId": "yAOwzers"
        },
        "content": "    private static void errorMessage(String userInput) {"
      },
      {
        "lineNumber": 183,
        "author": {
          "gitId": "yAOwzers"
        },
        "content": "        lineSeparator();"
      },
      {
        "lineNumber": 184,
        "author": {
          "gitId": "yAOwzers"
        },
        "content": "        switch (userInput) {"
      },
      {
        "lineNumber": 185,
        "author": {
          "gitId": "yAOwzers"
        },
        "content": "            case \"todo\":"
      },
      {
        "lineNumber": 186,
        "author": {
          "gitId": "yAOwzers"
        },
        "content": "            case \"deadline\":"
      },
      {
        "lineNumber": 187,
        "author": {
          "gitId": "yAOwzers"
        },
        "content": "            case \"event\":"
      },
      {
        "lineNumber": 188,
        "author": {
          "gitId": "yAOwzers"
        },
        "content": "                System.out.println(\"☹ OOPS!!! The description of a \""
      },
      {
        "lineNumber": 189,
        "author": {
          "gitId": "yAOwzers"
        },
        "content": "                        + userInput + \" cannot be empty.\");"
      },
      {
        "lineNumber": 190,
        "author": {
          "gitId": "yAOwzers"
        },
        "content": "                break;"
      },
      {
        "lineNumber": 191,
        "author": {
          "gitId": "yAOwzers"
        },
        "content": "            case \"bye\":"
      },
      {
        "lineNumber": 192,
        "author": {
          "gitId": "yAOwzers"
        },
        "content": "                doExit \u003d true;"
      },
      {
        "lineNumber": 193,
        "author": {
          "gitId": "yAOwzers"
        },
        "content": "                goodbye();"
      },
      {
        "lineNumber": 194,
        "author": {
          "gitId": "yAOwzers"
        },
        "content": "                break;"
      },
      {
        "lineNumber": 195,
        "author": {
          "gitId": "yAOwzers"
        },
        "content": "            default:"
      },
      {
        "lineNumber": 196,
        "author": {
          "gitId": "yAOwzers"
        },
        "content": "                System.out.println(\"☹ OOPS!!! I\u0027m sorry, but I don\u0027t know what that means :-(\");"
      },
      {
        "lineNumber": 197,
        "author": {
          "gitId": "yAOwzers"
        },
        "content": "        }"
      },
      {
        "lineNumber": 198,
        "author": {
          "gitId": "yAOwzers"
        },
        "content": "        lineSeparator();"
      },
      {
        "lineNumber": 199,
        "author": {
          "gitId": "yAOwzers"
        },
        "content": "    }"
      },
      {
        "lineNumber": 200,
        "author": {
          "gitId": "yAOwzers"
        },
        "content": ""
      },
      {
        "lineNumber": 201,
        "author": {
          "gitId": "yAOwzers"
        },
        "content": "    private static void deleteTask(String[] userInputArray) throws IOException {"
      },
      {
        "lineNumber": 202,
        "author": {
          "gitId": "yAOwzers"
        },
        "content": "        int indexOfDeletedTask;"
      },
      {
        "lineNumber": 203,
        "author": {
          "gitId": "yAOwzers"
        },
        "content": ""
      },
      {
        "lineNumber": 204,
        "author": {
          "gitId": "yAOwzers"
        },
        "content": "        indexOfDeletedTask \u003d Integer.parseInt(userInputArray[1]) - 1;"
      },
      {
        "lineNumber": 205,
        "author": {
          "gitId": "yAOwzers"
        },
        "content": "        Task.decrementNumberOfTask();"
      },
      {
        "lineNumber": 206,
        "author": {
          "gitId": "yAOwzers"
        },
        "content": "        System.out.println(\"Noted. I\u0027ve removed this task:\\n\" + \"  \""
      },
      {
        "lineNumber": 207,
        "author": {
          "gitId": "yAOwzers"
        },
        "content": "                + taskList.get(indexOfDeletedTask).printTask());"
      },
      {
        "lineNumber": 208,
        "author": {
          "gitId": "yAOwzers"
        },
        "content": "        taskList.remove(indexOfDeletedTask);"
      },
      {
        "lineNumber": 209,
        "author": {
          "gitId": "yAOwzers"
        },
        "content": "        getNumberOfTaskMessage();"
      },
      {
        "lineNumber": 210,
        "author": {
          "gitId": "yAOwzers"
        },
        "content": ""
      },
      {
        "lineNumber": 211,
        "author": {
          "gitId": "yAOwzers"
        },
        "content": "        overwritesFile();"
      },
      {
        "lineNumber": 212,
        "author": {
          "gitId": "yAOwzers"
        },
        "content": "    }"
      },
      {
        "lineNumber": 213,
        "author": {
          "gitId": "yAOwzers"
        },
        "content": ""
      },
      {
        "lineNumber": 214,
        "author": {
          "gitId": "yAOwzers"
        },
        "content": "    private static void overwritesFile() throws IOException {"
      },
      {
        "lineNumber": 215,
        "author": {
          "gitId": "yAOwzers"
        },
        "content": "        toAppend \u003d false; // overwrites"
      },
      {
        "lineNumber": 216,
        "author": {
          "gitId": "yAOwzers"
        },
        "content": "        //method to save all"
      },
      {
        "lineNumber": 217,
        "author": {
          "gitId": "yAOwzers"
        },
        "content": "        for (int i \u003d 0; i \u003c Task.getNumberOfTasks(); i++) {"
      },
      {
        "lineNumber": 218,
        "author": {
          "gitId": "yAOwzers"
        },
        "content": "            appendToFile(filePath, taskList.get(i).toString(), toAppend);"
      },
      {
        "lineNumber": 219,
        "author": {
          "gitId": "yAOwzers"
        },
        "content": "            toAppend \u003d true;"
      },
      {
        "lineNumber": 220,
        "author": {
          "gitId": "yAOwzers"
        },
        "content": "        }"
      },
      {
        "lineNumber": 221,
        "author": {
          "gitId": "yAOwzers"
        },
        "content": "    }"
      },
      {
        "lineNumber": 222,
        "author": {
          "gitId": "yAOwzers"
        },
        "content": ""
      },
      {
        "lineNumber": 223,
        "author": {
          "gitId": "yAOwzers"
        },
        "content": ""
      },
      {
        "lineNumber": 224,
        "author": {
          "gitId": "yAOwzers"
        },
        "content": "    private static void markEvent(String userInput ) throws IOException {"
      },
      {
        "lineNumber": 225,
        "author": {
          "gitId": "yAOwzers"
        },
        "content": "        int dividePosAt \u003d userInput.indexOf(\"/at\");"
      },
      {
        "lineNumber": 226,
        "author": {
          "gitId": "yAOwzers"
        },
        "content": "        String description \u003d userInput.substring(0, dividePosAt).replace(\"event\", \"\");"
      },
      {
        "lineNumber": 227,
        "author": {
          "gitId": "yAOwzers"
        },
        "content": "        String eventDate \u003d userInput.substring(dividePosAt + 3);"
      },
      {
        "lineNumber": 228,
        "author": {
          "gitId": "yAOwzers"
        },
        "content": "        Task newTask \u003d new Event(description.trim(), eventDate.trim());"
      },
      {
        "lineNumber": 229,
        "author": {
          "gitId": "yAOwzers"
        },
        "content": "        taskList.add(newTask);"
      },
      {
        "lineNumber": 230,
        "author": {
          "gitId": "yAOwzers"
        },
        "content": "        printAddMessage(newTask);"
      },
      {
        "lineNumber": 231,
        "author": {
          "gitId": "yAOwzers"
        },
        "content": "        appendToFile(filePath, newTask.toString(), toAppend);"
      },
      {
        "lineNumber": 232,
        "author": {
          "gitId": "yAOwzers"
        },
        "content": "    }"
      },
      {
        "lineNumber": 233,
        "author": {
          "gitId": "yAOwzers"
        },
        "content": ""
      },
      {
        "lineNumber": 234,
        "author": {
          "gitId": "yAOwzers"
        },
        "content": "    private static void markDeadline(String userInput) throws IOException {"
      },
      {
        "lineNumber": 235,
        "author": {
          "gitId": "yAOwzers"
        },
        "content": "        int dividePosBy \u003d userInput.indexOf(\"/by\");"
      },
      {
        "lineNumber": 236,
        "author": {
          "gitId": "yAOwzers"
        },
        "content": "        String description \u003d userInput.substring(0, dividePosBy).replace(\"deadline\", \"\");"
      },
      {
        "lineNumber": 237,
        "author": {
          "gitId": "yAOwzers"
        },
        "content": "        String deadlineDate \u003d userInput.substring(dividePosBy + 3);"
      },
      {
        "lineNumber": 238,
        "author": {
          "gitId": "yAOwzers"
        },
        "content": "        Task newTask \u003d new Deadline(description.trim(), deadlineDate.trim());"
      },
      {
        "lineNumber": 239,
        "author": {
          "gitId": "yAOwzers"
        },
        "content": "        taskList.add(newTask);"
      },
      {
        "lineNumber": 240,
        "author": {
          "gitId": "yAOwzers"
        },
        "content": "        printAddMessage(newTask);"
      },
      {
        "lineNumber": 241,
        "author": {
          "gitId": "yAOwzers"
        },
        "content": "        appendToFile(filePath, newTask.toString(), toAppend);"
      },
      {
        "lineNumber": 242,
        "author": {
          "gitId": "yAOwzers"
        },
        "content": "    }"
      },
      {
        "lineNumber": 243,
        "author": {
          "gitId": "yAOwzers"
        },
        "content": ""
      },
      {
        "lineNumber": 244,
        "author": {
          "gitId": "yAOwzers"
        },
        "content": "    private static void markToDo(String userInput) throws IOException {"
      },
      {
        "lineNumber": 245,
        "author": {
          "gitId": "yAOwzers"
        },
        "content": "        String description \u003d userInput.replace(\"todo\", \"\");"
      },
      {
        "lineNumber": 246,
        "author": {
          "gitId": "yAOwzers"
        },
        "content": "        Task newTask \u003d new Todo(description.trim());"
      },
      {
        "lineNumber": 247,
        "author": {
          "gitId": "yAOwzers"
        },
        "content": "        taskList.add(newTask);"
      },
      {
        "lineNumber": 248,
        "author": {
          "gitId": "yAOwzers"
        },
        "content": "        printAddMessage(newTask);"
      },
      {
        "lineNumber": 249,
        "author": {
          "gitId": "yAOwzers"
        },
        "content": "        appendToFile(filePath, newTask.toString(), toAppend);"
      },
      {
        "lineNumber": 250,
        "author": {
          "gitId": "yAOwzers"
        },
        "content": "    }"
      },
      {
        "lineNumber": 251,
        "author": {
          "gitId": "yAOwzers"
        },
        "content": ""
      },
      {
        "lineNumber": 252,
        "author": {
          "gitId": "yAOwzers"
        },
        "content": "    public static void printAddMessage(Task newTask) {"
      },
      {
        "lineNumber": 253,
        "author": {
          "gitId": "yAOwzers"
        },
        "content": "        lineSeparator();"
      },
      {
        "lineNumber": 254,
        "author": {
          "gitId": "yAOwzers"
        },
        "content": "        System.out.println(\"Got it. I\u0027ve added this task:\\n  \" + newTask.printTask());"
      },
      {
        "lineNumber": 255,
        "author": {
          "gitId": "yAOwzers"
        },
        "content": ""
      },
      {
        "lineNumber": 256,
        "author": {
          "gitId": "yAOwzers"
        },
        "content": "        getNumberOfTaskMessage();"
      },
      {
        "lineNumber": 257,
        "author": {
          "gitId": "yAOwzers"
        },
        "content": "    }"
      },
      {
        "lineNumber": 258,
        "author": {
          "gitId": "yAOwzers"
        },
        "content": ""
      },
      {
        "lineNumber": 259,
        "author": {
          "gitId": "yAOwzers"
        },
        "content": "    private static void getNumberOfTaskMessage() {"
      },
      {
        "lineNumber": 260,
        "author": {
          "gitId": "yAOwzers"
        },
        "content": "        //If there is only one task, then task will be singular"
      },
      {
        "lineNumber": 261,
        "author": {
          "gitId": "yAOwzers"
        },
        "content": "        if(Task.getNumberOfTasks() \u003d\u003d 1) {"
      },
      {
        "lineNumber": 262,
        "author": {
          "gitId": "yAOwzers"
        },
        "content": "            System.out.println(\"Now you have \" + Task.getNumberOfTasks() + \" task in the list.\");"
      },
      {
        "lineNumber": 263,
        "author": {
          "gitId": "yAOwzers"
        },
        "content": "        }"
      },
      {
        "lineNumber": 264,
        "author": {
          "gitId": "yAOwzers"
        },
        "content": "        else {"
      },
      {
        "lineNumber": 265,
        "author": {
          "gitId": "yAOwzers"
        },
        "content": "            System.out.println(\"Now you have \" + Task.getNumberOfTasks() + \" tasks in the list.\");"
      },
      {
        "lineNumber": 266,
        "author": {
          "gitId": "yAOwzers"
        },
        "content": "        }"
      },
      {
        "lineNumber": 267,
        "author": {
          "gitId": "yAOwzers"
        },
        "content": "        lineSeparator();"
      },
      {
        "lineNumber": 268,
        "author": {
          "gitId": "yAOwzers"
        },
        "content": "    }"
      },
      {
        "lineNumber": 269,
        "author": {
          "gitId": "yAOwzers"
        },
        "content": ""
      },
      {
        "lineNumber": 270,
        "author": {
          "gitId": "yAOwzers"
        },
        "content": "    private static void markDone(String[] userInputArray) throws IOException {"
      },
      {
        "lineNumber": 271,
        "author": {
          "gitId": "yAOwzers"
        },
        "content": "        lineSeparator();"
      },
      {
        "lineNumber": 272,
        "author": {
          "gitId": "yAOwzers"
        },
        "content": "        //check if it is a valid input eg. \"done 2\" and NOT \"done\""
      },
      {
        "lineNumber": 273,
        "author": {
          "gitId": "yAOwzers"
        },
        "content": "        if (userInputArray.length \u003c 2) {"
      },
      {
        "lineNumber": 274,
        "author": {
          "gitId": "yAOwzers"
        },
        "content": "            System.out.println(\"Invalid input!\");"
      },
      {
        "lineNumber": 275,
        "author": {
          "gitId": "yAOwzers"
        },
        "content": "        }"
      },
      {
        "lineNumber": 276,
        "author": {
          "gitId": "yAOwzers"
        },
        "content": ""
      },
      {
        "lineNumber": 277,
        "author": {
          "gitId": "yAOwzers"
        },
        "content": "        //due to zero indexing, we need to correct the index by deducting 1"
      },
      {
        "lineNumber": 278,
        "author": {
          "gitId": "yAOwzers"
        },
        "content": "        //eg. \"done 2\", index of the task in the array is 1, and NOT 2."
      },
      {
        "lineNumber": 279,
        "author": {
          "gitId": "yAOwzers"
        },
        "content": "        int indexOfDoneTask \u003d Integer.parseInt(userInputArray[1]) - 1;"
      },
      {
        "lineNumber": 280,
        "author": {
          "gitId": "yAOwzers"
        },
        "content": "        // have a method to save all **"
      },
      {
        "lineNumber": 281,
        "author": {
          "gitId": "yAOwzers"
        },
        "content": ""
      },
      {
        "lineNumber": 282,
        "author": {
          "gitId": "yAOwzers"
        },
        "content": "        taskList.get(indexOfDoneTask).markAsDone();"
      },
      {
        "lineNumber": 283,
        "author": {
          "gitId": "yAOwzers"
        },
        "content": "        System.out.println(\"Nice! I\u0027ve marked this task as done:\\n\""
      },
      {
        "lineNumber": 284,
        "author": {
          "gitId": "yAOwzers"
        },
        "content": "                + taskList.get(indexOfDoneTask).printTask());"
      },
      {
        "lineNumber": 285,
        "author": {
          "gitId": "yAOwzers"
        },
        "content": "        lineSeparator();"
      },
      {
        "lineNumber": 286,
        "author": {
          "gitId": "yAOwzers"
        },
        "content": ""
      },
      {
        "lineNumber": 287,
        "author": {
          "gitId": "yAOwzers"
        },
        "content": "        overwritesFile();"
      },
      {
        "lineNumber": 288,
        "author": {
          "gitId": "yAOwzers"
        },
        "content": "    }"
      },
      {
        "lineNumber": 289,
        "author": {
          "gitId": "yAOwzers"
        },
        "content": ""
      },
      {
        "lineNumber": 290,
        "author": {
          "gitId": "yAOwzers"
        },
        "content": "    private static void list() {"
      },
      {
        "lineNumber": 291,
        "author": {
          "gitId": "yAOwzers"
        },
        "content": "        lineSeparator();"
      },
      {
        "lineNumber": 292,
        "author": {
          "gitId": "yAOwzers"
        },
        "content": "        System.out.println(\"Here are the tasks in your list:\");"
      },
      {
        "lineNumber": 293,
        "author": {
          "gitId": "yAOwzers"
        },
        "content": "        printTaskList();"
      },
      {
        "lineNumber": 294,
        "author": {
          "gitId": "yAOwzers"
        },
        "content": "        lineSeparator();"
      },
      {
        "lineNumber": 295,
        "author": {
          "gitId": "yAOwzers"
        },
        "content": "    }"
      },
      {
        "lineNumber": 296,
        "author": {
          "gitId": "yAOwzers"
        },
        "content": ""
      },
      {
        "lineNumber": 297,
        "author": {
          "gitId": "yAOwzers"
        },
        "content": "    public static void greet() {"
      },
      {
        "lineNumber": 298,
        "author": {
          "gitId": "yAOwzers"
        },
        "content": "        System.out.println(\"Hello! I\u0027m Duke\\nWhat can I do for you?\");"
      },
      {
        "lineNumber": 299,
        "author": {
          "gitId": "-"
        },
        "content": "    }"
      },
      {
        "lineNumber": 300,
        "author": {
          "gitId": "yAOwzers"
        },
        "content": ""
      },
      {
        "lineNumber": 301,
        "author": {
          "gitId": "yAOwzers"
        },
        "content": "    public static void lineSeparator() {"
      },
      {
        "lineNumber": 302,
        "author": {
          "gitId": "yAOwzers"
        },
        "content": "        System.out.println(\"____________________________________________________________\");"
      },
      {
        "lineNumber": 303,
        "author": {
          "gitId": "yAOwzers"
        },
        "content": "    }"
      },
      {
        "lineNumber": 304,
        "author": {
          "gitId": "yAOwzers"
        },
        "content": ""
      },
      {
        "lineNumber": 305,
        "author": {
          "gitId": "yAOwzers"
        },
        "content": "    public static void goodbye() {"
      },
      {
        "lineNumber": 306,
        "author": {
          "gitId": "yAOwzers"
        },
        "content": "        System.out.println(\"Bye. Hope to see you again soon!\");"
      },
      {
        "lineNumber": 307,
        "author": {
          "gitId": "-"
        },
        "content": "    }"
      },
      {
        "lineNumber": 308,
        "author": {
          "gitId": "-"
        },
        "content": "}"
      }
    ],
    "authorContributionMap": {
      "yAOwzers": 297,
      "-": 11
    }
  },
  {
    "path": "src/main/java/exceptions/DukeException.java",
    "fileType": "java",
    "lines": [
      {
        "lineNumber": 1,
        "author": {
          "gitId": "yAOwzers"
        },
        "content": "package exceptions;"
      },
      {
        "lineNumber": 2,
        "author": {
          "gitId": "yAOwzers"
        },
        "content": ""
      },
      {
        "lineNumber": 3,
        "author": {
          "gitId": "yAOwzers"
        },
        "content": "public class DukeException extends Exception {"
      },
      {
        "lineNumber": 4,
        "author": {
          "gitId": "yAOwzers"
        },
        "content": ""
      },
      {
        "lineNumber": 5,
        "author": {
          "gitId": "yAOwzers"
        },
        "content": "}"
      }
    ],
    "authorContributionMap": {
      "yAOwzers": 5
    }
  },
  {
    "path": "src/main/java/file/FileReader.java",
    "fileType": "java",
    "lines": [
      {
        "lineNumber": 1,
        "author": {
          "gitId": "yAOwzers"
        },
        "content": "package file;"
      },
      {
        "lineNumber": 2,
        "author": {
          "gitId": "yAOwzers"
        },
        "content": ""
      },
      {
        "lineNumber": 3,
        "author": {
          "gitId": "yAOwzers"
        },
        "content": "import java.io.File;"
      },
      {
        "lineNumber": 4,
        "author": {
          "gitId": "yAOwzers"
        },
        "content": "import java.io.FileNotFoundException;"
      },
      {
        "lineNumber": 5,
        "author": {
          "gitId": "yAOwzers"
        },
        "content": "import java.io.FileWriter;"
      },
      {
        "lineNumber": 6,
        "author": {
          "gitId": "yAOwzers"
        },
        "content": "import java.io.IOException;"
      },
      {
        "lineNumber": 7,
        "author": {
          "gitId": "yAOwzers"
        },
        "content": "import java.util.Scanner;"
      },
      {
        "lineNumber": 8,
        "author": {
          "gitId": "yAOwzers"
        },
        "content": ""
      },
      {
        "lineNumber": 9,
        "author": {
          "gitId": "yAOwzers"
        },
        "content": ""
      },
      {
        "lineNumber": 10,
        "author": {
          "gitId": "yAOwzers"
        },
        "content": "public class FileReader {"
      },
      {
        "lineNumber": 11,
        "author": {
          "gitId": "yAOwzers"
        },
        "content": "    public static String printFileContents(String filePath) throws FileNotFoundException {"
      },
      {
        "lineNumber": 12,
        "author": {
          "gitId": "yAOwzers"
        },
        "content": "        File f \u003d new File(filePath); // create a File for the given file path"
      },
      {
        "lineNumber": 13,
        "author": {
          "gitId": "yAOwzers"
        },
        "content": "        Scanner s \u003d new Scanner(f); // create a Scanner using the File as the source"
      },
      {
        "lineNumber": 14,
        "author": {
          "gitId": "yAOwzers"
        },
        "content": "        String output \u003d \"\";"
      },
      {
        "lineNumber": 15,
        "author": {
          "gitId": "yAOwzers"
        },
        "content": "        while (s.hasNext()) {"
      },
      {
        "lineNumber": 16,
        "author": {
          "gitId": "yAOwzers"
        },
        "content": "          output \u003d output.concat(s.nextLine()) + \"\\n\";"
      },
      {
        "lineNumber": 17,
        "author": {
          "gitId": "yAOwzers"
        },
        "content": "        }"
      },
      {
        "lineNumber": 18,
        "author": {
          "gitId": "yAOwzers"
        },
        "content": "        return output;"
      },
      {
        "lineNumber": 19,
        "author": {
          "gitId": "yAOwzers"
        },
        "content": "    }"
      },
      {
        "lineNumber": 20,
        "author": {
          "gitId": "yAOwzers"
        },
        "content": ""
      },
      {
        "lineNumber": 21,
        "author": {
          "gitId": "yAOwzers"
        },
        "content": "    public static void appendToFile(String filePath, String textToAdd, boolean toAppend) throws IOException {"
      },
      {
        "lineNumber": 22,
        "author": {
          "gitId": "yAOwzers"
        },
        "content": "        FileWriter fw \u003d new FileWriter(filePath, toAppend);"
      },
      {
        "lineNumber": 23,
        "author": {
          "gitId": "yAOwzers"
        },
        "content": "        fw.write(textToAdd);"
      },
      {
        "lineNumber": 24,
        "author": {
          "gitId": "yAOwzers"
        },
        "content": "        fw.close(); // need to call the close() method of the FileWriter object for the writing operation to be completed."
      },
      {
        "lineNumber": 25,
        "author": {
          "gitId": "yAOwzers"
        },
        "content": "    }"
      },
      {
        "lineNumber": 26,
        "author": {
          "gitId": "yAOwzers"
        },
        "content": ""
      },
      {
        "lineNumber": 27,
        "author": {
          "gitId": "yAOwzers"
        },
        "content": "}"
      }
    ],
    "authorContributionMap": {
      "yAOwzers": 27
    }
  },
  {
    "path": "src/main/java/task/Deadline.java",
    "fileType": "java",
    "lines": [
      {
        "lineNumber": 1,
        "author": {
          "gitId": "yAOwzers"
        },
        "content": "package task;"
      },
      {
        "lineNumber": 2,
        "author": {
          "gitId": "yAOwzers"
        },
        "content": ""
      },
      {
        "lineNumber": 3,
        "author": {
          "gitId": "yAOwzers"
        },
        "content": "public class Deadline extends Task {"
      },
      {
        "lineNumber": 4,
        "author": {
          "gitId": "yAOwzers"
        },
        "content": "    protected String by;"
      },
      {
        "lineNumber": 5,
        "author": {
          "gitId": "yAOwzers"
        },
        "content": ""
      },
      {
        "lineNumber": 6,
        "author": {
          "gitId": "yAOwzers"
        },
        "content": "    public Deadline(String description, String by) {"
      },
      {
        "lineNumber": 7,
        "author": {
          "gitId": "yAOwzers"
        },
        "content": "        super(description);"
      },
      {
        "lineNumber": 8,
        "author": {
          "gitId": "yAOwzers"
        },
        "content": "        this.by \u003d by;"
      },
      {
        "lineNumber": 9,
        "author": {
          "gitId": "yAOwzers"
        },
        "content": "    }"
      },
      {
        "lineNumber": 10,
        "author": {
          "gitId": "yAOwzers"
        },
        "content": ""
      },
      {
        "lineNumber": 11,
        "author": {
          "gitId": "yAOwzers"
        },
        "content": "    public String printTask() {"
      },
      {
        "lineNumber": 12,
        "author": {
          "gitId": "yAOwzers"
        },
        "content": "        return \"[\" + getType() + \"]\" + super.printStatus() + \" \" + description + \" (by: \" + by + \")\";"
      },
      {
        "lineNumber": 13,
        "author": {
          "gitId": "yAOwzers"
        },
        "content": "    }"
      },
      {
        "lineNumber": 14,
        "author": {
          "gitId": "yAOwzers"
        },
        "content": ""
      },
      {
        "lineNumber": 15,
        "author": {
          "gitId": "yAOwzers"
        },
        "content": "    public static String getType(){"
      },
      {
        "lineNumber": 16,
        "author": {
          "gitId": "yAOwzers"
        },
        "content": "        return \"D\";"
      },
      {
        "lineNumber": 17,
        "author": {
          "gitId": "yAOwzers"
        },
        "content": "    }"
      },
      {
        "lineNumber": 18,
        "author": {
          "gitId": "yAOwzers"
        },
        "content": ""
      },
      {
        "lineNumber": 19,
        "author": {
          "gitId": "yAOwzers"
        },
        "content": ""
      },
      {
        "lineNumber": 20,
        "author": {
          "gitId": "yAOwzers"
        },
        "content": "    @Override"
      },
      {
        "lineNumber": 21,
        "author": {
          "gitId": "yAOwzers"
        },
        "content": "    public String toString() {"
      },
      {
        "lineNumber": 22,
        "author": {
          "gitId": "yAOwzers"
        },
        "content": "        return getType() + \"|\" + super.isDoneInteger() + \"|\""
      },
      {
        "lineNumber": 23,
        "author": {
          "gitId": "yAOwzers"
        },
        "content": "                + description + \"|\" + by + System.lineSeparator();"
      },
      {
        "lineNumber": 24,
        "author": {
          "gitId": "yAOwzers"
        },
        "content": "    }"
      },
      {
        "lineNumber": 25,
        "author": {
          "gitId": "yAOwzers"
        },
        "content": "}"
      },
      {
        "lineNumber": 26,
        "author": {
          "gitId": "yAOwzers"
        },
        "content": ""
      },
      {
        "lineNumber": 27,
        "author": {
          "gitId": "yAOwzers"
        },
        "content": ""
      }
    ],
    "authorContributionMap": {
      "yAOwzers": 27
    }
  },
  {
    "path": "src/main/java/task/Event.java",
    "fileType": "java",
    "lines": [
      {
        "lineNumber": 1,
        "author": {
          "gitId": "yAOwzers"
        },
        "content": "package task;"
      },
      {
        "lineNumber": 2,
        "author": {
          "gitId": "yAOwzers"
        },
        "content": ""
      },
      {
        "lineNumber": 3,
        "author": {
          "gitId": "yAOwzers"
        },
        "content": "public class Event extends Task {"
      },
      {
        "lineNumber": 4,
        "author": {
          "gitId": "yAOwzers"
        },
        "content": "    protected String at;"
      },
      {
        "lineNumber": 5,
        "author": {
          "gitId": "yAOwzers"
        },
        "content": ""
      },
      {
        "lineNumber": 6,
        "author": {
          "gitId": "yAOwzers"
        },
        "content": "    public Event(String description, String at) {"
      },
      {
        "lineNumber": 7,
        "author": {
          "gitId": "yAOwzers"
        },
        "content": "        super(description);"
      },
      {
        "lineNumber": 8,
        "author": {
          "gitId": "yAOwzers"
        },
        "content": "        this.at \u003d at;"
      },
      {
        "lineNumber": 9,
        "author": {
          "gitId": "yAOwzers"
        },
        "content": "    }"
      },
      {
        "lineNumber": 10,
        "author": {
          "gitId": "yAOwzers"
        },
        "content": ""
      },
      {
        "lineNumber": 11,
        "author": {
          "gitId": "yAOwzers"
        },
        "content": "    public String printTask() {"
      },
      {
        "lineNumber": 12,
        "author": {
          "gitId": "yAOwzers"
        },
        "content": "        return \"[\" + getType() + \"]\" + super.printStatus()"
      },
      {
        "lineNumber": 13,
        "author": {
          "gitId": "yAOwzers"
        },
        "content": "                + \" \" + description + \" (at: \" + at + \")\";"
      },
      {
        "lineNumber": 14,
        "author": {
          "gitId": "yAOwzers"
        },
        "content": "    }"
      },
      {
        "lineNumber": 15,
        "author": {
          "gitId": "yAOwzers"
        },
        "content": ""
      },
      {
        "lineNumber": 16,
        "author": {
          "gitId": "yAOwzers"
        },
        "content": "    public static String getType(){"
      },
      {
        "lineNumber": 17,
        "author": {
          "gitId": "yAOwzers"
        },
        "content": "        return \"E\";"
      },
      {
        "lineNumber": 18,
        "author": {
          "gitId": "yAOwzers"
        },
        "content": "    }"
      },
      {
        "lineNumber": 19,
        "author": {
          "gitId": "yAOwzers"
        },
        "content": ""
      },
      {
        "lineNumber": 20,
        "author": {
          "gitId": "yAOwzers"
        },
        "content": "    @Override"
      },
      {
        "lineNumber": 21,
        "author": {
          "gitId": "yAOwzers"
        },
        "content": "    public String toString() {"
      },
      {
        "lineNumber": 22,
        "author": {
          "gitId": "yAOwzers"
        },
        "content": "        return getType() + \"|\" + super.isDoneInteger() + \"|\""
      },
      {
        "lineNumber": 23,
        "author": {
          "gitId": "yAOwzers"
        },
        "content": "                + description + \"|\" + at + System.lineSeparator();"
      },
      {
        "lineNumber": 24,
        "author": {
          "gitId": "yAOwzers"
        },
        "content": "    }"
      },
      {
        "lineNumber": 25,
        "author": {
          "gitId": "yAOwzers"
        },
        "content": "}"
      },
      {
        "lineNumber": 26,
        "author": {
          "gitId": "yAOwzers"
        },
        "content": ""
      }
    ],
    "authorContributionMap": {
      "yAOwzers": 26
    }
  },
  {
    "path": "src/main/java/task/Task.java",
    "fileType": "java",
    "lines": [
      {
        "lineNumber": 1,
        "author": {
          "gitId": "yAOwzers"
        },
        "content": "package task;"
      },
      {
        "lineNumber": 2,
        "author": {
          "gitId": "yAOwzers"
        },
        "content": ""
      },
      {
        "lineNumber": 3,
        "author": {
          "gitId": "yAOwzers"
        },
        "content": "public abstract class Task {"
      },
      {
        "lineNumber": 4,
        "author": {
          "gitId": "yAOwzers"
        },
        "content": "    protected String description;"
      },
      {
        "lineNumber": 5,
        "author": {
          "gitId": "yAOwzers"
        },
        "content": "    protected boolean isDone;"
      },
      {
        "lineNumber": 6,
        "author": {
          "gitId": "yAOwzers"
        },
        "content": "    protected static int numberOfTasks \u003d 0;"
      },
      {
        "lineNumber": 7,
        "author": {
          "gitId": "yAOwzers"
        },
        "content": ""
      },
      {
        "lineNumber": 8,
        "author": {
          "gitId": "yAOwzers"
        },
        "content": "    public Task(String description) {"
      },
      {
        "lineNumber": 9,
        "author": {
          "gitId": "yAOwzers"
        },
        "content": "        this.description \u003d description;"
      },
      {
        "lineNumber": 10,
        "author": {
          "gitId": "yAOwzers"
        },
        "content": "        this.isDone \u003d false;"
      },
      {
        "lineNumber": 11,
        "author": {
          "gitId": "yAOwzers"
        },
        "content": "        numberOfTasks++;"
      },
      {
        "lineNumber": 12,
        "author": {
          "gitId": "yAOwzers"
        },
        "content": "    }"
      },
      {
        "lineNumber": 13,
        "author": {
          "gitId": "yAOwzers"
        },
        "content": ""
      },
      {
        "lineNumber": 14,
        "author": {
          "gitId": "yAOwzers"
        },
        "content": "    // tick: ✓ , Cross: ✘"
      },
      {
        "lineNumber": 15,
        "author": {
          "gitId": "yAOwzers"
        },
        "content": "    public String getStatusIcon() {"
      },
      {
        "lineNumber": 16,
        "author": {
          "gitId": "yAOwzers"
        },
        "content": "        return (isDone ? \"*\" : \" \"); //return tick or X symbols"
      },
      {
        "lineNumber": 17,
        "author": {
          "gitId": "yAOwzers"
        },
        "content": "    }"
      },
      {
        "lineNumber": 18,
        "author": {
          "gitId": "yAOwzers"
        },
        "content": ""
      },
      {
        "lineNumber": 19,
        "author": {
          "gitId": "yAOwzers"
        },
        "content": "    public static int getNumberOfTasks() {"
      },
      {
        "lineNumber": 20,
        "author": {
          "gitId": "yAOwzers"
        },
        "content": "        return numberOfTasks;"
      },
      {
        "lineNumber": 21,
        "author": {
          "gitId": "yAOwzers"
        },
        "content": "    }"
      },
      {
        "lineNumber": 22,
        "author": {
          "gitId": "yAOwzers"
        },
        "content": ""
      },
      {
        "lineNumber": 23,
        "author": {
          "gitId": "yAOwzers"
        },
        "content": "    public String printTask() {"
      },
      {
        "lineNumber": 24,
        "author": {
          "gitId": "yAOwzers"
        },
        "content": "        return printStatus() + description;"
      },
      {
        "lineNumber": 25,
        "author": {
          "gitId": "yAOwzers"
        },
        "content": "    }"
      },
      {
        "lineNumber": 26,
        "author": {
          "gitId": "yAOwzers"
        },
        "content": ""
      },
      {
        "lineNumber": 27,
        "author": {
          "gitId": "yAOwzers"
        },
        "content": "    public String printStatus() {"
      },
      {
        "lineNumber": 28,
        "author": {
          "gitId": "yAOwzers"
        },
        "content": "        String symbol \u003d getStatusIcon();"
      },
      {
        "lineNumber": 29,
        "author": {
          "gitId": "yAOwzers"
        },
        "content": "        return \"[\" + symbol + \"]\";"
      },
      {
        "lineNumber": 30,
        "author": {
          "gitId": "yAOwzers"
        },
        "content": "    }"
      },
      {
        "lineNumber": 31,
        "author": {
          "gitId": "yAOwzers"
        },
        "content": ""
      },
      {
        "lineNumber": 32,
        "author": {
          "gitId": "yAOwzers"
        },
        "content": "    public void markAsDone() {"
      },
      {
        "lineNumber": 33,
        "author": {
          "gitId": "yAOwzers"
        },
        "content": "        this.isDone \u003d true;"
      },
      {
        "lineNumber": 34,
        "author": {
          "gitId": "yAOwzers"
        },
        "content": "    }"
      },
      {
        "lineNumber": 35,
        "author": {
          "gitId": "yAOwzers"
        },
        "content": ""
      },
      {
        "lineNumber": 36,
        "author": {
          "gitId": "yAOwzers"
        },
        "content": ""
      },
      {
        "lineNumber": 37,
        "author": {
          "gitId": "yAOwzers"
        },
        "content": "    public static void decrementNumberOfTask() {"
      },
      {
        "lineNumber": 38,
        "author": {
          "gitId": "yAOwzers"
        },
        "content": "        numberOfTasks--;"
      },
      {
        "lineNumber": 39,
        "author": {
          "gitId": "yAOwzers"
        },
        "content": "    }"
      },
      {
        "lineNumber": 40,
        "author": {
          "gitId": "yAOwzers"
        },
        "content": ""
      },
      {
        "lineNumber": 41,
        "author": {
          "gitId": "yAOwzers"
        },
        "content": "    public static String getType() {"
      },
      {
        "lineNumber": 42,
        "author": {
          "gitId": "yAOwzers"
        },
        "content": "        return \"\";"
      },
      {
        "lineNumber": 43,
        "author": {
          "gitId": "yAOwzers"
        },
        "content": "    }"
      },
      {
        "lineNumber": 44,
        "author": {
          "gitId": "yAOwzers"
        },
        "content": ""
      },
      {
        "lineNumber": 45,
        "author": {
          "gitId": "yAOwzers"
        },
        "content": "    public int isDoneInteger() {"
      },
      {
        "lineNumber": 46,
        "author": {
          "gitId": "yAOwzers"
        },
        "content": "        if(isDone) {"
      },
      {
        "lineNumber": 47,
        "author": {
          "gitId": "yAOwzers"
        },
        "content": "            return 1;"
      },
      {
        "lineNumber": 48,
        "author": {
          "gitId": "yAOwzers"
        },
        "content": "        }"
      },
      {
        "lineNumber": 49,
        "author": {
          "gitId": "yAOwzers"
        },
        "content": "        return 0;"
      },
      {
        "lineNumber": 50,
        "author": {
          "gitId": "yAOwzers"
        },
        "content": "    }"
      },
      {
        "lineNumber": 51,
        "author": {
          "gitId": "yAOwzers"
        },
        "content": ""
      },
      {
        "lineNumber": 52,
        "author": {
          "gitId": "yAOwzers"
        },
        "content": "    @Override"
      },
      {
        "lineNumber": 53,
        "author": {
          "gitId": "yAOwzers"
        },
        "content": "    public String toString() {"
      },
      {
        "lineNumber": 54,
        "author": {
          "gitId": "yAOwzers"
        },
        "content": "        return \"Task{\" +"
      },
      {
        "lineNumber": 55,
        "author": {
          "gitId": "yAOwzers"
        },
        "content": "                \"description\u003d\u0027\" + description + \u0027\\\u0027\u0027 +"
      },
      {
        "lineNumber": 56,
        "author": {
          "gitId": "yAOwzers"
        },
        "content": "                \", isDone\u003d\" + isDone +"
      },
      {
        "lineNumber": 57,
        "author": {
          "gitId": "yAOwzers"
        },
        "content": "                \u0027}\u0027;"
      },
      {
        "lineNumber": 58,
        "author": {
          "gitId": "yAOwzers"
        },
        "content": ""
      },
      {
        "lineNumber": 59,
        "author": {
          "gitId": "yAOwzers"
        },
        "content": "    }"
      },
      {
        "lineNumber": 60,
        "author": {
          "gitId": "yAOwzers"
        },
        "content": "}"
      },
      {
        "lineNumber": 61,
        "author": {
          "gitId": "yAOwzers"
        },
        "content": ""
      },
      {
        "lineNumber": 62,
        "author": {
          "gitId": "yAOwzers"
        },
        "content": ""
      }
    ],
    "authorContributionMap": {
      "yAOwzers": 62
    }
  },
  {
    "path": "src/main/java/task/Todo.java",
    "fileType": "java",
    "lines": [
      {
        "lineNumber": 1,
        "author": {
          "gitId": "yAOwzers"
        },
        "content": "package task;"
      },
      {
        "lineNumber": 2,
        "author": {
          "gitId": "yAOwzers"
        },
        "content": ""
      },
      {
        "lineNumber": 3,
        "author": {
          "gitId": "yAOwzers"
        },
        "content": "public class Todo extends Task {"
      },
      {
        "lineNumber": 4,
        "author": {
          "gitId": "yAOwzers"
        },
        "content": "    protected boolean isDone;"
      },
      {
        "lineNumber": 5,
        "author": {
          "gitId": "yAOwzers"
        },
        "content": ""
      },
      {
        "lineNumber": 6,
        "author": {
          "gitId": "yAOwzers"
        },
        "content": "    public Todo(String description) {"
      },
      {
        "lineNumber": 7,
        "author": {
          "gitId": "yAOwzers"
        },
        "content": "        super(description);"
      },
      {
        "lineNumber": 8,
        "author": {
          "gitId": "yAOwzers"
        },
        "content": "        isDone \u003d false;"
      },
      {
        "lineNumber": 9,
        "author": {
          "gitId": "yAOwzers"
        },
        "content": "    }"
      },
      {
        "lineNumber": 10,
        "author": {
          "gitId": "yAOwzers"
        },
        "content": ""
      },
      {
        "lineNumber": 11,
        "author": {
          "gitId": "yAOwzers"
        },
        "content": "    public void setDone(boolean done) {"
      },
      {
        "lineNumber": 12,
        "author": {
          "gitId": "yAOwzers"
        },
        "content": "        isDone \u003d done;"
      },
      {
        "lineNumber": 13,
        "author": {
          "gitId": "yAOwzers"
        },
        "content": "    }"
      },
      {
        "lineNumber": 14,
        "author": {
          "gitId": "yAOwzers"
        },
        "content": ""
      },
      {
        "lineNumber": 15,
        "author": {
          "gitId": "yAOwzers"
        },
        "content": "    public boolean isDone() {"
      },
      {
        "lineNumber": 16,
        "author": {
          "gitId": "yAOwzers"
        },
        "content": "        return isDone;"
      },
      {
        "lineNumber": 17,
        "author": {
          "gitId": "yAOwzers"
        },
        "content": "    }"
      },
      {
        "lineNumber": 18,
        "author": {
          "gitId": "yAOwzers"
        },
        "content": ""
      },
      {
        "lineNumber": 19,
        "author": {
          "gitId": "yAOwzers"
        },
        "content": "    public String printTask() {"
      },
      {
        "lineNumber": 20,
        "author": {
          "gitId": "yAOwzers"
        },
        "content": "        return \"[\" + getType() + \"]\""
      },
      {
        "lineNumber": 21,
        "author": {
          "gitId": "yAOwzers"
        },
        "content": "                + super.printStatus() + \" \" + description;"
      },
      {
        "lineNumber": 22,
        "author": {
          "gitId": "yAOwzers"
        },
        "content": "    }"
      },
      {
        "lineNumber": 23,
        "author": {
          "gitId": "yAOwzers"
        },
        "content": ""
      },
      {
        "lineNumber": 24,
        "author": {
          "gitId": "yAOwzers"
        },
        "content": "    public static String getType(){"
      },
      {
        "lineNumber": 25,
        "author": {
          "gitId": "yAOwzers"
        },
        "content": "        return \"T\";"
      },
      {
        "lineNumber": 26,
        "author": {
          "gitId": "yAOwzers"
        },
        "content": "    }"
      },
      {
        "lineNumber": 27,
        "author": {
          "gitId": "yAOwzers"
        },
        "content": ""
      },
      {
        "lineNumber": 28,
        "author": {
          "gitId": "yAOwzers"
        },
        "content": "    @Override"
      },
      {
        "lineNumber": 29,
        "author": {
          "gitId": "yAOwzers"
        },
        "content": "    public String toString() {"
      },
      {
        "lineNumber": 30,
        "author": {
          "gitId": "yAOwzers"
        },
        "content": "        return getType() + \"|\" + super.isDoneInteger() + \"|\""
      },
      {
        "lineNumber": 31,
        "author": {
          "gitId": "yAOwzers"
        },
        "content": "                + description + System.lineSeparator();"
      },
      {
        "lineNumber": 32,
        "author": {
          "gitId": "yAOwzers"
        },
        "content": "    }"
      },
      {
        "lineNumber": 33,
        "author": {
          "gitId": "yAOwzers"
        },
        "content": "}"
      }
    ],
    "authorContributionMap": {
      "yAOwzers": 33
    }
  },
  {
    "path": "text-ui-test/input.txt",
    "fileType": "txt",
    "lines": [
      {
        "lineNumber": 1,
        "author": {
          "gitId": "yAOwzers"
        },
        "content": "todo borrow book"
      },
      {
        "lineNumber": 2,
        "author": {
          "gitId": "yAOwzers"
        },
        "content": "list"
      },
      {
        "lineNumber": 3,
        "author": {
          "gitId": "yAOwzers"
        },
        "content": "deadline return book /by Sunday"
      },
      {
        "lineNumber": 4,
        "author": {
          "gitId": "yAOwzers"
        },
        "content": "event project meeting /at Mon 2-4pm"
      }
    ],
    "authorContributionMap": {
      "yAOwzers": 4
    }
  }
]
