{
  "authorDailyContributionsMap": {
    "yAOwzers": [
      {
        "date": "2020-08-27",
        "commitResults": [
          {
            "hash": "c231b68086f46d88069047abf45303bcb6ecb2ef",
            "messageTitle": "add Duke.java",
            "messageBody": "",
            "fileTypesAndContributionMap": {
              "java": {
                "insertions": 19,
                "deletions": 0
              }
            }
          }
        ]
      },
      {
        "date": "2020-08-28",
        "commitResults": [
          {
            "hash": "bb8069e8928ee39cefe57b440de16d93479c4f15",
            "messageTitle": "Level 1 Duke Echo",
            "messageBody": "",
            "tags": [
              "Level-1"
            ],
            "fileTypesAndContributionMap": {
              "java": {
                "insertions": 22,
                "deletions": 0
              }
            }
          },
          {
            "hash": "21c26bcabf9c1394c8338ce9abb424ef3e6fc1a4",
            "messageTitle": "Level 2 - Add, List",
            "messageBody": "",
            "tags": [
              "Level-2"
            ],
            "fileTypesAndContributionMap": {
              "java": {
                "insertions": 7,
                "deletions": 1
              }
            }
          },
          {
            "hash": "936735ae976b7d1c6196e08801a0c927d958a2ad",
            "messageTitle": "Level 3: Mark as done",
            "messageBody": "",
            "fileTypesAndContributionMap": {
              "java": {
                "insertions": 42,
                "deletions": 17
              }
            }
          },
          {
            "hash": "58d6b4d677d2e870b853ef089ff334c2b91dd80f",
            "messageTitle": "add Task File",
            "messageBody": "",
            "tags": [
              "Level-3",
              "A-CodingStandard"
            ],
            "fileTypesAndContributionMap": {
              "java": {
                "insertions": 23,
                "deletions": 1
              }
            }
          }
        ]
      },
      {
        "date": "2020-09-05",
        "commitResults": [
          {
            "hash": "db1752d589551ee5261edf28f860e99959c505ab",
            "messageTitle": "level 4: ToDos, Events, Deadlines",
            "messageBody": "",
            "fileTypesAndContributionMap": {
              "java": {
                "insertions": 201,
                "deletions": 54
              }
            }
          },
          {
            "hash": "54e2f8dab79658ed4f675f882b087bfce495afd1",
            "messageTitle": "A-TestUiTesting",
            "messageBody": "",
            "tags": [
              "A-TextUiTesting"
            ],
            "fileTypesAndContributionMap": {
              "txt": {
                "insertions": 4,
                "deletions": 0
              },
              "java": {
                "insertions": 1,
                "deletions": 1
              }
            }
          },
          {
            "hash": "4b9728c84c7198e0c59240a8c2660da58aff835d",
            "messageTitle": "A-CodeQuality",
            "messageBody": "",
            "tags": [
              "A-CodeQuality"
            ],
            "fileTypesAndContributionMap": {
              "java": {
                "insertions": 6,
                "deletions": 11
              }
            }
          },
          {
            "hash": "18cac118b97b9804d61b6d54454bd39d6292fcd3",
            "messageTitle": "testing",
            "messageBody": "",
            "fileTypesAndContributionMap": {
              "java": {
                "insertions": 2,
                "deletions": 1
              }
            }
          },
          {
            "hash": "a9239e591648f17b5ffc119f01d6025c9c67d481",
            "messageTitle": "Testing master",
            "messageBody": "",
            "fileTypesAndContributionMap": {
              "java": {
                "insertions": 1,
                "deletions": 0
              }
            }
          }
        ]
      }
    ]
  },
  "authorFileTypeContributionMap": {
    "yAOwzers": {
      "java": 237,
      "md": 0,
      "sh": 0,
      "bat": 0,
      "gradle": 0,
      "txt": 4
    }
  },
  "authorContributionVariance": {
    "yAOwzers": 3704.4348
  },
  "authorDisplayNameMap": {
    "yAOwzers": "CS2113T-T12-3 NEO ..JOEL"
  }
}
