[
  {
    "path": "src/main/java/duke/Duke.java",
    "fileType": "java",
    "lines": [
      {
        "lineNumber": 1,
        "author": {
          "gitId": "chloesyy"
        },
        "content": "package duke;"
      },
      {
        "lineNumber": 2,
        "author": {
          "gitId": "chloesyy"
        },
        "content": ""
      },
      {
        "lineNumber": 3,
        "author": {
          "gitId": "chloesyy"
        },
        "content": "import duke.task.Deadline;"
      },
      {
        "lineNumber": 4,
        "author": {
          "gitId": "chloesyy"
        },
        "content": "import duke.task.Event;"
      },
      {
        "lineNumber": 5,
        "author": {
          "gitId": "chloesyy"
        },
        "content": "import duke.task.Task;"
      },
      {
        "lineNumber": 6,
        "author": {
          "gitId": "chloesyy"
        },
        "content": "import duke.task.Todo;"
      },
      {
        "lineNumber": 7,
        "author": {
          "gitId": "chloesyy"
        },
        "content": ""
      },
      {
        "lineNumber": 8,
        "author": {
          "gitId": "chloesyy"
        },
        "content": "import java.util.Scanner;"
      },
      {
        "lineNumber": 9,
        "author": {
          "gitId": "chloesyy"
        },
        "content": ""
      },
      {
        "lineNumber": 10,
        "author": {
          "gitId": "-"
        },
        "content": "public class Duke {"
      },
      {
        "lineNumber": 11,
        "author": {
          "gitId": "chloesyy"
        },
        "content": "    public static final int MAX_TASKS \u003d 100;"
      },
      {
        "lineNumber": 12,
        "author": {
          "gitId": "chloesyy"
        },
        "content": "    public static Task[] tasks \u003d new Task[MAX_TASKS];"
      },
      {
        "lineNumber": 13,
        "author": {
          "gitId": "chloesyy"
        },
        "content": "    public static int count \u003d 0;"
      },
      {
        "lineNumber": 14,
        "author": {
          "gitId": "chloesyy"
        },
        "content": ""
      },
      {
        "lineNumber": 15,
        "author": {
          "gitId": "chloesyy"
        },
        "content": "    /*"
      },
      {
        "lineNumber": 16,
        "author": {
          "gitId": "chloesyy"
        },
        "content": "    MAIN METHOD"
      },
      {
        "lineNumber": 17,
        "author": {
          "gitId": "chloesyy"
        },
        "content": "     */"
      },
      {
        "lineNumber": 18,
        "author": {
          "gitId": "chloesyy"
        },
        "content": "    public static void main(String[] args) {"
      },
      {
        "lineNumber": 19,
        "author": {
          "gitId": "chloesyy"
        },
        "content": "        String line;"
      },
      {
        "lineNumber": 20,
        "author": {
          "gitId": "chloesyy"
        },
        "content": "        Scanner in \u003d new Scanner(System.in);"
      },
      {
        "lineNumber": 21,
        "author": {
          "gitId": "chloesyy"
        },
        "content": ""
      },
      {
        "lineNumber": 22,
        "author": {
          "gitId": "chloesyy"
        },
        "content": "        printWelcomeMessage();"
      },
      {
        "lineNumber": 23,
        "author": {
          "gitId": "chloesyy"
        },
        "content": "        line \u003d in.nextLine();"
      },
      {
        "lineNumber": 24,
        "author": {
          "gitId": "chloesyy"
        },
        "content": ""
      },
      {
        "lineNumber": 25,
        "author": {
          "gitId": "chloesyy"
        },
        "content": "        while (!line.equals(\"bye\")) {"
      },
      {
        "lineNumber": 26,
        "author": {
          "gitId": "chloesyy"
        },
        "content": "            handleLine(line);"
      },
      {
        "lineNumber": 27,
        "author": {
          "gitId": "chloesyy"
        },
        "content": "            line \u003d in.nextLine();"
      },
      {
        "lineNumber": 28,
        "author": {
          "gitId": "chloesyy"
        },
        "content": "        }"
      },
      {
        "lineNumber": 29,
        "author": {
          "gitId": "chloesyy"
        },
        "content": ""
      },
      {
        "lineNumber": 30,
        "author": {
          "gitId": "chloesyy"
        },
        "content": "        printExitMessage();"
      },
      {
        "lineNumber": 31,
        "author": {
          "gitId": "chloesyy"
        },
        "content": "    }"
      },
      {
        "lineNumber": 32,
        "author": {
          "gitId": "chloesyy"
        },
        "content": ""
      },
      {
        "lineNumber": 33,
        "author": {
          "gitId": "chloesyy"
        },
        "content": "    public static void printWelcomeMessage() {"
      },
      {
        "lineNumber": 34,
        "author": {
          "gitId": "chloesyy"
        },
        "content": "        System.out.println(\"Welcome! :D This is TaskThomas.\");"
      },
      {
        "lineNumber": 35,
        "author": {
          "gitId": "chloesyy"
        },
        "content": "        System.out.println(\"What are you doing today?\");"
      },
      {
        "lineNumber": 36,
        "author": {
          "gitId": "chloesyy"
        },
        "content": "    }"
      },
      {
        "lineNumber": 37,
        "author": {
          "gitId": "chloesyy"
        },
        "content": ""
      },
      {
        "lineNumber": 38,
        "author": {
          "gitId": "chloesyy"
        },
        "content": "    public static void printExitMessage() {"
      },
      {
        "lineNumber": 39,
        "author": {
          "gitId": "chloesyy"
        },
        "content": "        System.out.println(\"Bye bye :( Hope to see you again soon!\");"
      },
      {
        "lineNumber": 40,
        "author": {
          "gitId": "chloesyy"
        },
        "content": "    }"
      },
      {
        "lineNumber": 41,
        "author": {
          "gitId": "chloesyy"
        },
        "content": ""
      },
      {
        "lineNumber": 42,
        "author": {
          "gitId": "chloesyy"
        },
        "content": "    public static void handleLine(String line) {"
      },
      {
        "lineNumber": 43,
        "author": {
          "gitId": "chloesyy"
        },
        "content": "        if (line.equals(\"list\")) {"
      },
      {
        "lineNumber": 44,
        "author": {
          "gitId": "chloesyy"
        },
        "content": "            printList();"
      },
      {
        "lineNumber": 45,
        "author": {
          "gitId": "chloesyy"
        },
        "content": "        } else if (line.startsWith(\"done\")) {"
      },
      {
        "lineNumber": 46,
        "author": {
          "gitId": "chloesyy"
        },
        "content": "            markAsDone(line);"
      },
      {
        "lineNumber": 47,
        "author": {
          "gitId": "chloesyy"
        },
        "content": "        } else {"
      },
      {
        "lineNumber": 48,
        "author": {
          "gitId": "chloesyy"
        },
        "content": "            addTask(line);"
      },
      {
        "lineNumber": 49,
        "author": {
          "gitId": "chloesyy"
        },
        "content": "        }"
      },
      {
        "lineNumber": 50,
        "author": {
          "gitId": "chloesyy"
        },
        "content": "    }"
      },
      {
        "lineNumber": 51,
        "author": {
          "gitId": "chloesyy"
        },
        "content": ""
      },
      {
        "lineNumber": 52,
        "author": {
          "gitId": "chloesyy"
        },
        "content": "    /*"
      },
      {
        "lineNumber": 53,
        "author": {
          "gitId": "chloesyy"
        },
        "content": "    Prints the list of tasks and indicates whether they are done."
      },
      {
        "lineNumber": 54,
        "author": {
          "gitId": "chloesyy"
        },
        "content": "    */"
      },
      {
        "lineNumber": 55,
        "author": {
          "gitId": "chloesyy"
        },
        "content": "    public static void printList() {"
      },
      {
        "lineNumber": 56,
        "author": {
          "gitId": "chloesyy"
        },
        "content": "        if (count \u003d\u003d 0) {"
      },
      {
        "lineNumber": 57,
        "author": {
          "gitId": "chloesyy"
        },
        "content": "            System.out.println(\"Oops! You have no tasks in your list.\");"
      },
      {
        "lineNumber": 58,
        "author": {
          "gitId": "chloesyy"
        },
        "content": "            return;"
      },
      {
        "lineNumber": 59,
        "author": {
          "gitId": "chloesyy"
        },
        "content": "        }"
      },
      {
        "lineNumber": 60,
        "author": {
          "gitId": "chloesyy"
        },
        "content": ""
      },
      {
        "lineNumber": 61,
        "author": {
          "gitId": "chloesyy"
        },
        "content": "        System.out.println(\"These are the tasks you have now!\");"
      },
      {
        "lineNumber": 62,
        "author": {
          "gitId": "chloesyy"
        },
        "content": "        for (int i \u003d 0; i\u003ccount; i++) {"
      },
      {
        "lineNumber": 63,
        "author": {
          "gitId": "chloesyy"
        },
        "content": "            int taskNum \u003d i + 1;"
      },
      {
        "lineNumber": 64,
        "author": {
          "gitId": "chloesyy"
        },
        "content": "            System.out.print(taskNum + \".\");"
      },
      {
        "lineNumber": 65,
        "author": {
          "gitId": "chloesyy"
        },
        "content": "            tasks[i].printTask();"
      },
      {
        "lineNumber": 66,
        "author": {
          "gitId": "chloesyy"
        },
        "content": "        }"
      },
      {
        "lineNumber": 67,
        "author": {
          "gitId": "chloesyy"
        },
        "content": "    }"
      },
      {
        "lineNumber": 68,
        "author": {
          "gitId": "chloesyy"
        },
        "content": ""
      },
      {
        "lineNumber": 69,
        "author": {
          "gitId": "chloesyy"
        },
        "content": "    /*"
      },
      {
        "lineNumber": 70,
        "author": {
          "gitId": "chloesyy"
        },
        "content": "    Marks a task as done."
      },
      {
        "lineNumber": 71,
        "author": {
          "gitId": "chloesyy"
        },
        "content": "     */"
      },
      {
        "lineNumber": 72,
        "author": {
          "gitId": "chloesyy"
        },
        "content": "    public static void markAsDone(String line) {"
      },
      {
        "lineNumber": 73,
        "author": {
          "gitId": "chloesyy"
        },
        "content": "        int taskNum \u003d 0;"
      },
      {
        "lineNumber": 74,
        "author": {
          "gitId": "chloesyy"
        },
        "content": "        try {"
      },
      {
        "lineNumber": 75,
        "author": {
          "gitId": "chloesyy"
        },
        "content": "            taskNum \u003d Integer.parseInt(line.substring(5));"
      },
      {
        "lineNumber": 76,
        "author": {
          "gitId": "chloesyy"
        },
        "content": "        } catch (NumberFormatException e) {"
      },
      {
        "lineNumber": 77,
        "author": {
          "gitId": "chloesyy"
        },
        "content": "            System.out.println(\"Ohno! Please list a task number to be marked done :(\");"
      },
      {
        "lineNumber": 78,
        "author": {
          "gitId": "chloesyy"
        },
        "content": "            return;"
      },
      {
        "lineNumber": 79,
        "author": {
          "gitId": "chloesyy"
        },
        "content": "        } catch (StringIndexOutOfBoundsException e) {"
      },
      {
        "lineNumber": 80,
        "author": {
          "gitId": "chloesyy"
        },
        "content": "            System.out.println(\"Ohno! You didn\u0027t list the task number :(\");"
      },
      {
        "lineNumber": 81,
        "author": {
          "gitId": "chloesyy"
        },
        "content": "            return;"
      },
      {
        "lineNumber": 82,
        "author": {
          "gitId": "chloesyy"
        },
        "content": "        }"
      },
      {
        "lineNumber": 83,
        "author": {
          "gitId": "chloesyy"
        },
        "content": ""
      },
      {
        "lineNumber": 84,
        "author": {
          "gitId": "chloesyy"
        },
        "content": "        try {"
      },
      {
        "lineNumber": 85,
        "author": {
          "gitId": "chloesyy"
        },
        "content": "            tasks[taskNum-1].isDone \u003d true;"
      },
      {
        "lineNumber": 86,
        "author": {
          "gitId": "chloesyy"
        },
        "content": "            System.out.println(\"Good job! You\u0027ve completed: \");"
      },
      {
        "lineNumber": 87,
        "author": {
          "gitId": "chloesyy"
        },
        "content": "            tasks[taskNum-1].printTask();"
      },
      {
        "lineNumber": 88,
        "author": {
          "gitId": "chloesyy"
        },
        "content": "        } catch (NullPointerException e) {"
      },
      {
        "lineNumber": 89,
        "author": {
          "gitId": "chloesyy"
        },
        "content": "            System.out.println(\"Ohno! This is an invalid task number :(\");"
      },
      {
        "lineNumber": 90,
        "author": {
          "gitId": "chloesyy"
        },
        "content": "            return;"
      },
      {
        "lineNumber": 91,
        "author": {
          "gitId": "chloesyy"
        },
        "content": "        } catch (ArrayIndexOutOfBoundsException e) {"
      },
      {
        "lineNumber": 92,
        "author": {
          "gitId": "chloesyy"
        },
        "content": "            System.out.println(\"Ohno! duke.task.Task numbers start from 1 :(\");"
      },
      {
        "lineNumber": 93,
        "author": {
          "gitId": "chloesyy"
        },
        "content": "            return;"
      },
      {
        "lineNumber": 94,
        "author": {
          "gitId": "chloesyy"
        },
        "content": "        }"
      },
      {
        "lineNumber": 95,
        "author": {
          "gitId": "chloesyy"
        },
        "content": "    }"
      },
      {
        "lineNumber": 96,
        "author": {
          "gitId": "chloesyy"
        },
        "content": ""
      },
      {
        "lineNumber": 97,
        "author": {
          "gitId": "chloesyy"
        },
        "content": "    /*"
      },
      {
        "lineNumber": 98,
        "author": {
          "gitId": "chloesyy"
        },
        "content": "    Adds a task to the list."
      },
      {
        "lineNumber": 99,
        "author": {
          "gitId": "chloesyy"
        },
        "content": "     */"
      },
      {
        "lineNumber": 100,
        "author": {
          "gitId": "chloesyy"
        },
        "content": "    public static void addTask(String line) {"
      },
      {
        "lineNumber": 101,
        "author": {
          "gitId": "chloesyy"
        },
        "content": "        if (line.startsWith(\"todo\")) {"
      },
      {
        "lineNumber": 102,
        "author": {
          "gitId": "chloesyy"
        },
        "content": "            try {"
      },
      {
        "lineNumber": 103,
        "author": {
          "gitId": "chloesyy"
        },
        "content": "                addTodo(line.substring(5));"
      },
      {
        "lineNumber": 104,
        "author": {
          "gitId": "chloesyy"
        },
        "content": "            } catch (StringIndexOutOfBoundsException e) {"
      },
      {
        "lineNumber": 105,
        "author": {
          "gitId": "chloesyy"
        },
        "content": "                System.out.println(\"Ohno! The todo description cannot be empty :(\");"
      },
      {
        "lineNumber": 106,
        "author": {
          "gitId": "chloesyy"
        },
        "content": "                return;"
      },
      {
        "lineNumber": 107,
        "author": {
          "gitId": "chloesyy"
        },
        "content": "            }"
      },
      {
        "lineNumber": 108,
        "author": {
          "gitId": "chloesyy"
        },
        "content": "        } else if (line.startsWith(\"deadline\")) {"
      },
      {
        "lineNumber": 109,
        "author": {
          "gitId": "chloesyy"
        },
        "content": "            try {"
      },
      {
        "lineNumber": 110,
        "author": {
          "gitId": "chloesyy"
        },
        "content": "                addDeadline(line.substring(9));"
      },
      {
        "lineNumber": 111,
        "author": {
          "gitId": "chloesyy"
        },
        "content": "            } catch (StringIndexOutOfBoundsException e) {"
      },
      {
        "lineNumber": 112,
        "author": {
          "gitId": "chloesyy"
        },
        "content": "                System.out.println(\"Ohno! The deadline needs a description and a /by :(\");"
      },
      {
        "lineNumber": 113,
        "author": {
          "gitId": "chloesyy"
        },
        "content": "                return;"
      },
      {
        "lineNumber": 114,
        "author": {
          "gitId": "chloesyy"
        },
        "content": "            } catch (ArrayIndexOutOfBoundsException e) {"
      },
      {
        "lineNumber": 115,
        "author": {
          "gitId": "chloesyy"
        },
        "content": "                System.out.println(\"Ohno! Your deadline needs a /by :(\");"
      },
      {
        "lineNumber": 116,
        "author": {
          "gitId": "chloesyy"
        },
        "content": "                return;"
      },
      {
        "lineNumber": 117,
        "author": {
          "gitId": "chloesyy"
        },
        "content": "            }"
      },
      {
        "lineNumber": 118,
        "author": {
          "gitId": "chloesyy"
        },
        "content": "        } else if (line.startsWith(\"event\")) {"
      },
      {
        "lineNumber": 119,
        "author": {
          "gitId": "chloesyy"
        },
        "content": "            try {"
      },
      {
        "lineNumber": 120,
        "author": {
          "gitId": "chloesyy"
        },
        "content": "                addEvent(line.substring(6));"
      },
      {
        "lineNumber": 121,
        "author": {
          "gitId": "chloesyy"
        },
        "content": "            } catch (StringIndexOutOfBoundsException e) {"
      },
      {
        "lineNumber": 122,
        "author": {
          "gitId": "chloesyy"
        },
        "content": "                System.out.println(\"Ohno! The event needs a description and an /at :(\");"
      },
      {
        "lineNumber": 123,
        "author": {
          "gitId": "chloesyy"
        },
        "content": "                return;"
      },
      {
        "lineNumber": 124,
        "author": {
          "gitId": "chloesyy"
        },
        "content": "            } catch (ArrayIndexOutOfBoundsException e) {"
      },
      {
        "lineNumber": 125,
        "author": {
          "gitId": "chloesyy"
        },
        "content": "                System.out.println(\"Ohno! Your event needs an /at :(\");"
      },
      {
        "lineNumber": 126,
        "author": {
          "gitId": "chloesyy"
        },
        "content": "                return;"
      },
      {
        "lineNumber": 127,
        "author": {
          "gitId": "chloesyy"
        },
        "content": "            }"
      },
      {
        "lineNumber": 128,
        "author": {
          "gitId": "chloesyy"
        },
        "content": "        } else {"
      },
      {
        "lineNumber": 129,
        "author": {
          "gitId": "chloesyy"
        },
        "content": "            // Happens if the task is not labeled"
      },
      {
        "lineNumber": 130,
        "author": {
          "gitId": "chloesyy"
        },
        "content": "            System.out.println(\"Ohno! You should label your task with \u0027todo\u0027, \u0027deadline\u0027, or \u0027event\u0027...\");"
      },
      {
        "lineNumber": 131,
        "author": {
          "gitId": "chloesyy"
        },
        "content": "            return;"
      },
      {
        "lineNumber": 132,
        "author": {
          "gitId": "chloesyy"
        },
        "content": "        }"
      },
      {
        "lineNumber": 133,
        "author": {
          "gitId": "chloesyy"
        },
        "content": ""
      },
      {
        "lineNumber": 134,
        "author": {
          "gitId": "chloesyy"
        },
        "content": "        System.out.println(\"Okay! I added:\");"
      },
      {
        "lineNumber": 135,
        "author": {
          "gitId": "chloesyy"
        },
        "content": "        tasks[count-1].printTask();"
      },
      {
        "lineNumber": 136,
        "author": {
          "gitId": "chloesyy"
        },
        "content": "        System.out.println(\"Now you have \" + count + \" tasks in the list!\");"
      },
      {
        "lineNumber": 137,
        "author": {
          "gitId": "chloesyy"
        },
        "content": "    }"
      },
      {
        "lineNumber": 138,
        "author": {
          "gitId": "chloesyy"
        },
        "content": ""
      },
      {
        "lineNumber": 139,
        "author": {
          "gitId": "chloesyy"
        },
        "content": "    /*"
      },
      {
        "lineNumber": 140,
        "author": {
          "gitId": "chloesyy"
        },
        "content": "    Adds either a to-do task, deadline task or event task to the list."
      },
      {
        "lineNumber": 141,
        "author": {
          "gitId": "chloesyy"
        },
        "content": "     */"
      },
      {
        "lineNumber": 142,
        "author": {
          "gitId": "chloesyy"
        },
        "content": "    public static void addTodo(String line) {"
      },
      {
        "lineNumber": 143,
        "author": {
          "gitId": "chloesyy"
        },
        "content": "        tasks[count++] \u003d new Todo(line);"
      },
      {
        "lineNumber": 144,
        "author": {
          "gitId": "chloesyy"
        },
        "content": "    }"
      },
      {
        "lineNumber": 145,
        "author": {
          "gitId": "chloesyy"
        },
        "content": ""
      },
      {
        "lineNumber": 146,
        "author": {
          "gitId": "chloesyy"
        },
        "content": "    public static void addDeadline(String line) {"
      },
      {
        "lineNumber": 147,
        "author": {
          "gitId": "chloesyy"
        },
        "content": "        String[] descriptionAndBy \u003d line.split(\" /by \");"
      },
      {
        "lineNumber": 148,
        "author": {
          "gitId": "chloesyy"
        },
        "content": "        tasks[count++] \u003d new Deadline(descriptionAndBy[0], descriptionAndBy[1]);"
      },
      {
        "lineNumber": 149,
        "author": {
          "gitId": "chloesyy"
        },
        "content": "    }"
      },
      {
        "lineNumber": 150,
        "author": {
          "gitId": "chloesyy"
        },
        "content": ""
      },
      {
        "lineNumber": 151,
        "author": {
          "gitId": "chloesyy"
        },
        "content": "    public static void addEvent(String line) {"
      },
      {
        "lineNumber": 152,
        "author": {
          "gitId": "chloesyy"
        },
        "content": "        String[] descriptionAndAt \u003d line.split(\" /at \");"
      },
      {
        "lineNumber": 153,
        "author": {
          "gitId": "chloesyy"
        },
        "content": "        tasks[count++] \u003d new Event(descriptionAndAt[0], descriptionAndAt[1]);"
      },
      {
        "lineNumber": 154,
        "author": {
          "gitId": "chloesyy"
        },
        "content": "    }"
      },
      {
        "lineNumber": 155,
        "author": {
          "gitId": "-"
        },
        "content": "}"
      }
    ],
    "authorContributionMap": {
      "chloesyy": 153,
      "-": 2
    }
  },
  {
    "path": "src/main/java/duke/task/Deadline.java",
    "fileType": "java",
    "lines": [
      {
        "lineNumber": 1,
        "author": {
          "gitId": "chloesyy"
        },
        "content": "package duke.task;"
      },
      {
        "lineNumber": 2,
        "author": {
          "gitId": "chloesyy"
        },
        "content": ""
      },
      {
        "lineNumber": 3,
        "author": {
          "gitId": "chloesyy"
        },
        "content": "public class Deadline extends Task {"
      },
      {
        "lineNumber": 4,
        "author": {
          "gitId": "chloesyy"
        },
        "content": "    private static final String DESCRIPTOR \u003d \"[D]\";"
      },
      {
        "lineNumber": 5,
        "author": {
          "gitId": "chloesyy"
        },
        "content": "    private String by;"
      },
      {
        "lineNumber": 6,
        "author": {
          "gitId": "chloesyy"
        },
        "content": ""
      },
      {
        "lineNumber": 7,
        "author": {
          "gitId": "chloesyy"
        },
        "content": "    public Deadline(String description, String by) {"
      },
      {
        "lineNumber": 8,
        "author": {
          "gitId": "chloesyy"
        },
        "content": "        super(description);"
      },
      {
        "lineNumber": 9,
        "author": {
          "gitId": "chloesyy"
        },
        "content": "        this.by \u003d by;"
      },
      {
        "lineNumber": 10,
        "author": {
          "gitId": "chloesyy"
        },
        "content": "    }"
      },
      {
        "lineNumber": 11,
        "author": {
          "gitId": "chloesyy"
        },
        "content": ""
      },
      {
        "lineNumber": 12,
        "author": {
          "gitId": "chloesyy"
        },
        "content": "    @Override"
      },
      {
        "lineNumber": 13,
        "author": {
          "gitId": "chloesyy"
        },
        "content": "    public void printTask() {"
      },
      {
        "lineNumber": 14,
        "author": {
          "gitId": "chloesyy"
        },
        "content": "        System.out.print(\"  \" + DESCRIPTOR);"
      },
      {
        "lineNumber": 15,
        "author": {
          "gitId": "chloesyy"
        },
        "content": "        System.out.print(\"[\" + this.getStatusIcon() + \"] \" + this.description);"
      },
      {
        "lineNumber": 16,
        "author": {
          "gitId": "chloesyy"
        },
        "content": "        System.out.println(\" (by: \" + this.by + \")\");"
      },
      {
        "lineNumber": 17,
        "author": {
          "gitId": "chloesyy"
        },
        "content": "    }"
      },
      {
        "lineNumber": 18,
        "author": {
          "gitId": "chloesyy"
        },
        "content": "}"
      }
    ],
    "authorContributionMap": {
      "chloesyy": 18
    }
  },
  {
    "path": "src/main/java/duke/task/Event.java",
    "fileType": "java",
    "lines": [
      {
        "lineNumber": 1,
        "author": {
          "gitId": "chloesyy"
        },
        "content": "package duke.task;"
      },
      {
        "lineNumber": 2,
        "author": {
          "gitId": "chloesyy"
        },
        "content": ""
      },
      {
        "lineNumber": 3,
        "author": {
          "gitId": "chloesyy"
        },
        "content": "public class Event extends Task {"
      },
      {
        "lineNumber": 4,
        "author": {
          "gitId": "chloesyy"
        },
        "content": "    private static final String DESCRIPTOR \u003d \"[E]\";"
      },
      {
        "lineNumber": 5,
        "author": {
          "gitId": "chloesyy"
        },
        "content": "    private String at;"
      },
      {
        "lineNumber": 6,
        "author": {
          "gitId": "chloesyy"
        },
        "content": ""
      },
      {
        "lineNumber": 7,
        "author": {
          "gitId": "chloesyy"
        },
        "content": "    public Event(String description, String at) {"
      },
      {
        "lineNumber": 8,
        "author": {
          "gitId": "chloesyy"
        },
        "content": "        super(description);"
      },
      {
        "lineNumber": 9,
        "author": {
          "gitId": "chloesyy"
        },
        "content": "        this.at \u003d at;"
      },
      {
        "lineNumber": 10,
        "author": {
          "gitId": "chloesyy"
        },
        "content": "    }"
      },
      {
        "lineNumber": 11,
        "author": {
          "gitId": "chloesyy"
        },
        "content": ""
      },
      {
        "lineNumber": 12,
        "author": {
          "gitId": "chloesyy"
        },
        "content": "    @Override"
      },
      {
        "lineNumber": 13,
        "author": {
          "gitId": "chloesyy"
        },
        "content": "    public void printTask() {"
      },
      {
        "lineNumber": 14,
        "author": {
          "gitId": "chloesyy"
        },
        "content": "        System.out.print(\"  \" + DESCRIPTOR);"
      },
      {
        "lineNumber": 15,
        "author": {
          "gitId": "chloesyy"
        },
        "content": "        System.out.print(\"[\" + this.getStatusIcon() + \"] \" + this.description);"
      },
      {
        "lineNumber": 16,
        "author": {
          "gitId": "chloesyy"
        },
        "content": "        System.out.println(\" (at: \" + this.at + \")\");"
      },
      {
        "lineNumber": 17,
        "author": {
          "gitId": "chloesyy"
        },
        "content": "    }"
      },
      {
        "lineNumber": 18,
        "author": {
          "gitId": "chloesyy"
        },
        "content": "}"
      }
    ],
    "authorContributionMap": {
      "chloesyy": 18
    }
  },
  {
    "path": "src/main/java/duke/task/Task.java",
    "fileType": "java",
    "lines": [
      {
        "lineNumber": 1,
        "author": {
          "gitId": "chloesyy"
        },
        "content": "package duke.task;"
      },
      {
        "lineNumber": 2,
        "author": {
          "gitId": "chloesyy"
        },
        "content": ""
      },
      {
        "lineNumber": 3,
        "author": {
          "gitId": "chloesyy"
        },
        "content": "public class Task {"
      },
      {
        "lineNumber": 4,
        "author": {
          "gitId": "chloesyy"
        },
        "content": "    protected String description;"
      },
      {
        "lineNumber": 5,
        "author": {
          "gitId": "chloesyy"
        },
        "content": "    public boolean isDone;"
      },
      {
        "lineNumber": 6,
        "author": {
          "gitId": "chloesyy"
        },
        "content": ""
      },
      {
        "lineNumber": 7,
        "author": {
          "gitId": "chloesyy"
        },
        "content": "    public Task(String description) {"
      },
      {
        "lineNumber": 8,
        "author": {
          "gitId": "chloesyy"
        },
        "content": "        this.description \u003d description;"
      },
      {
        "lineNumber": 9,
        "author": {
          "gitId": "chloesyy"
        },
        "content": "        this.isDone \u003d false;"
      },
      {
        "lineNumber": 10,
        "author": {
          "gitId": "chloesyy"
        },
        "content": "    }"
      },
      {
        "lineNumber": 11,
        "author": {
          "gitId": "chloesyy"
        },
        "content": ""
      },
      {
        "lineNumber": 12,
        "author": {
          "gitId": "chloesyy"
        },
        "content": "    public String getStatusIcon() {"
      },
      {
        "lineNumber": 13,
        "author": {
          "gitId": "chloesyy"
        },
        "content": "        // Return tick or X symbols"
      },
      {
        "lineNumber": 14,
        "author": {
          "gitId": "chloesyy"
        },
        "content": "        return (isDone ? \"\\u2713\" : \"\\u2718\");"
      },
      {
        "lineNumber": 15,
        "author": {
          "gitId": "chloesyy"
        },
        "content": "    }"
      },
      {
        "lineNumber": 16,
        "author": {
          "gitId": "chloesyy"
        },
        "content": ""
      },
      {
        "lineNumber": 17,
        "author": {
          "gitId": "chloesyy"
        },
        "content": "    public void printTask() {"
      },
      {
        "lineNumber": 18,
        "author": {
          "gitId": "chloesyy"
        },
        "content": "        System.out.println(\"[\" + this.getStatusIcon() + \"] \" + this.description);"
      },
      {
        "lineNumber": 19,
        "author": {
          "gitId": "chloesyy"
        },
        "content": "    }"
      },
      {
        "lineNumber": 20,
        "author": {
          "gitId": "chloesyy"
        },
        "content": "}"
      }
    ],
    "authorContributionMap": {
      "chloesyy": 20
    }
  },
  {
    "path": "src/main/java/duke/task/Todo.java",
    "fileType": "java",
    "lines": [
      {
        "lineNumber": 1,
        "author": {
          "gitId": "chloesyy"
        },
        "content": "package duke.task;"
      },
      {
        "lineNumber": 2,
        "author": {
          "gitId": "chloesyy"
        },
        "content": ""
      },
      {
        "lineNumber": 3,
        "author": {
          "gitId": "chloesyy"
        },
        "content": "public class Todo extends Task {"
      },
      {
        "lineNumber": 4,
        "author": {
          "gitId": "chloesyy"
        },
        "content": "    private static final String DESCRIPTOR \u003d \"[T]\";"
      },
      {
        "lineNumber": 5,
        "author": {
          "gitId": "chloesyy"
        },
        "content": ""
      },
      {
        "lineNumber": 6,
        "author": {
          "gitId": "chloesyy"
        },
        "content": "    public Todo(String description) {"
      },
      {
        "lineNumber": 7,
        "author": {
          "gitId": "chloesyy"
        },
        "content": "        super(description);"
      },
      {
        "lineNumber": 8,
        "author": {
          "gitId": "chloesyy"
        },
        "content": "    }"
      },
      {
        "lineNumber": 9,
        "author": {
          "gitId": "chloesyy"
        },
        "content": ""
      },
      {
        "lineNumber": 10,
        "author": {
          "gitId": "chloesyy"
        },
        "content": "    @Override"
      },
      {
        "lineNumber": 11,
        "author": {
          "gitId": "chloesyy"
        },
        "content": "    public void printTask() {"
      },
      {
        "lineNumber": 12,
        "author": {
          "gitId": "chloesyy"
        },
        "content": "        System.out.print(\"  \" + DESCRIPTOR);"
      },
      {
        "lineNumber": 13,
        "author": {
          "gitId": "chloesyy"
        },
        "content": "        super.printTask();"
      },
      {
        "lineNumber": 14,
        "author": {
          "gitId": "chloesyy"
        },
        "content": "    }"
      },
      {
        "lineNumber": 15,
        "author": {
          "gitId": "chloesyy"
        },
        "content": "}"
      }
    ],
    "authorContributionMap": {
      "chloesyy": 15
    }
  }
]
