[
  {
    "path": "duke.txt",
    "fileType": "txt",
    "lines": [
      {
        "lineNumber": 1,
        "author": {
          "gitId": "chloesyy"
        },
        "content": ""
      },
      {
        "lineNumber": 2,
        "author": {
          "gitId": "chloesyy"
        },
        "content": "[D] | 0 | nothing | today"
      },
      {
        "lineNumber": 3,
        "author": {
          "gitId": "chloesyy"
        },
        "content": "[E] | 1 | nothing | today"
      },
      {
        "lineNumber": 4,
        "author": {
          "gitId": "chloesyy"
        },
        "content": ""
      },
      {
        "lineNumber": 5,
        "author": {
          "gitId": "chloesyy"
        },
        "content": ""
      },
      {
        "lineNumber": 6,
        "author": {
          "gitId": "chloesyy"
        },
        "content": ""
      }
    ],
    "authorContributionMap": {
      "chloesyy": 6
    }
  },
  {
    "path": "src/main/java/duke/Duke.java",
    "fileType": "java",
    "lines": [
      {
        "lineNumber": 1,
        "author": {
          "gitId": "chloesyy"
        },
        "content": "package duke;"
      },
      {
        "lineNumber": 2,
        "author": {
          "gitId": "chloesyy"
        },
        "content": ""
      },
      {
        "lineNumber": 3,
        "author": {
          "gitId": "chloesyy"
        },
        "content": "import duke.task.Deadline;"
      },
      {
        "lineNumber": 4,
        "author": {
          "gitId": "chloesyy"
        },
        "content": "import duke.task.Event;"
      },
      {
        "lineNumber": 5,
        "author": {
          "gitId": "chloesyy"
        },
        "content": "import duke.task.Task;"
      },
      {
        "lineNumber": 6,
        "author": {
          "gitId": "chloesyy"
        },
        "content": "import duke.task.Todo;"
      },
      {
        "lineNumber": 7,
        "author": {
          "gitId": "chloesyy"
        },
        "content": ""
      },
      {
        "lineNumber": 8,
        "author": {
          "gitId": "chloesyy"
        },
        "content": "import java.util.ArrayList;"
      },
      {
        "lineNumber": 9,
        "author": {
          "gitId": "chloesyy"
        },
        "content": "import java.io.File;"
      },
      {
        "lineNumber": 10,
        "author": {
          "gitId": "chloesyy"
        },
        "content": "import java.io.FileWriter;"
      },
      {
        "lineNumber": 11,
        "author": {
          "gitId": "chloesyy"
        },
        "content": "import java.io.IOException;"
      },
      {
        "lineNumber": 12,
        "author": {
          "gitId": "chloesyy"
        },
        "content": "import java.util.Scanner;"
      },
      {
        "lineNumber": 13,
        "author": {
          "gitId": "chloesyy"
        },
        "content": ""
      },
      {
        "lineNumber": 14,
        "author": {
          "gitId": "-"
        },
        "content": "public class Duke {"
      },
      {
        "lineNumber": 15,
        "author": {
          "gitId": "chloesyy"
        },
        "content": "    public static ArrayList\u003cTask\u003e tasks \u003d new ArrayList\u003c\u003e();"
      },
      {
        "lineNumber": 16,
        "author": {
          "gitId": "chloesyy"
        },
        "content": ""
      },
      {
        "lineNumber": 17,
        "author": {
          "gitId": "chloesyy"
        },
        "content": "    /*"
      },
      {
        "lineNumber": 18,
        "author": {
          "gitId": "chloesyy"
        },
        "content": "    MAIN METHOD"
      },
      {
        "lineNumber": 19,
        "author": {
          "gitId": "chloesyy"
        },
        "content": "     */"
      },
      {
        "lineNumber": 20,
        "author": {
          "gitId": "chloesyy"
        },
        "content": "    public static void main(String[] args) {"
      },
      {
        "lineNumber": 21,
        "author": {
          "gitId": "chloesyy"
        },
        "content": "        String line;"
      },
      {
        "lineNumber": 22,
        "author": {
          "gitId": "chloesyy"
        },
        "content": "        Scanner in \u003d new Scanner(System.in);"
      },
      {
        "lineNumber": 23,
        "author": {
          "gitId": "chloesyy"
        },
        "content": ""
      },
      {
        "lineNumber": 24,
        "author": {
          "gitId": "chloesyy"
        },
        "content": "        try {"
      },
      {
        "lineNumber": 25,
        "author": {
          "gitId": "chloesyy"
        },
        "content": "            loadFile();"
      },
      {
        "lineNumber": 26,
        "author": {
          "gitId": "chloesyy"
        },
        "content": "        } catch (IOException e) {"
      },
      {
        "lineNumber": 27,
        "author": {
          "gitId": "chloesyy"
        },
        "content": "            System.out.println(\"Something went wrong: \" + e.getMessage());"
      },
      {
        "lineNumber": 28,
        "author": {
          "gitId": "chloesyy"
        },
        "content": "        }"
      },
      {
        "lineNumber": 29,
        "author": {
          "gitId": "chloesyy"
        },
        "content": ""
      },
      {
        "lineNumber": 30,
        "author": {
          "gitId": "chloesyy"
        },
        "content": "        printWelcomeMessage();"
      },
      {
        "lineNumber": 31,
        "author": {
          "gitId": "chloesyy"
        },
        "content": "        line \u003d in.nextLine();"
      },
      {
        "lineNumber": 32,
        "author": {
          "gitId": "chloesyy"
        },
        "content": ""
      },
      {
        "lineNumber": 33,
        "author": {
          "gitId": "chloesyy"
        },
        "content": "        while (!line.equals(\"bye\")) {"
      },
      {
        "lineNumber": 34,
        "author": {
          "gitId": "chloesyy"
        },
        "content": "            handleLine(line);"
      },
      {
        "lineNumber": 35,
        "author": {
          "gitId": "chloesyy"
        },
        "content": "            line \u003d in.nextLine();"
      },
      {
        "lineNumber": 36,
        "author": {
          "gitId": "chloesyy"
        },
        "content": "        }"
      },
      {
        "lineNumber": 37,
        "author": {
          "gitId": "chloesyy"
        },
        "content": ""
      },
      {
        "lineNumber": 38,
        "author": {
          "gitId": "chloesyy"
        },
        "content": "        printExitMessage();"
      },
      {
        "lineNumber": 39,
        "author": {
          "gitId": "chloesyy"
        },
        "content": "    }"
      },
      {
        "lineNumber": 40,
        "author": {
          "gitId": "chloesyy"
        },
        "content": ""
      },
      {
        "lineNumber": 41,
        "author": {
          "gitId": "chloesyy"
        },
        "content": ""
      },
      {
        "lineNumber": 42,
        "author": {
          "gitId": "chloesyy"
        },
        "content": "    /*"
      },
      {
        "lineNumber": 43,
        "author": {
          "gitId": "chloesyy"
        },
        "content": "    Loads the file and creates new file if file does not exist"
      },
      {
        "lineNumber": 44,
        "author": {
          "gitId": "chloesyy"
        },
        "content": "     */"
      },
      {
        "lineNumber": 45,
        "author": {
          "gitId": "chloesyy"
        },
        "content": "    public static void loadFile() throws IOException {"
      },
      {
        "lineNumber": 46,
        "author": {
          "gitId": "chloesyy"
        },
        "content": "        File file \u003d new File(\"duke.txt\");"
      },
      {
        "lineNumber": 47,
        "author": {
          "gitId": "chloesyy"
        },
        "content": "        if (!file.exists()) {"
      },
      {
        "lineNumber": 48,
        "author": {
          "gitId": "chloesyy"
        },
        "content": "            file.createNewFile();"
      },
      {
        "lineNumber": 49,
        "author": {
          "gitId": "chloesyy"
        },
        "content": "        }"
      },
      {
        "lineNumber": 50,
        "author": {
          "gitId": "chloesyy"
        },
        "content": ""
      },
      {
        "lineNumber": 51,
        "author": {
          "gitId": "chloesyy"
        },
        "content": "        Scanner read \u003d new Scanner(file);"
      },
      {
        "lineNumber": 52,
        "author": {
          "gitId": "chloesyy"
        },
        "content": "        while (read.hasNext()) {"
      },
      {
        "lineNumber": 53,
        "author": {
          "gitId": "chloesyy"
        },
        "content": "            loadFileTask(read.nextLine());"
      },
      {
        "lineNumber": 54,
        "author": {
          "gitId": "chloesyy"
        },
        "content": "        }"
      },
      {
        "lineNumber": 55,
        "author": {
          "gitId": "chloesyy"
        },
        "content": "        read.close();"
      },
      {
        "lineNumber": 56,
        "author": {
          "gitId": "chloesyy"
        },
        "content": "    }"
      },
      {
        "lineNumber": 57,
        "author": {
          "gitId": "chloesyy"
        },
        "content": ""
      },
      {
        "lineNumber": 58,
        "author": {
          "gitId": "chloesyy"
        },
        "content": "    /*"
      },
      {
        "lineNumber": 59,
        "author": {
          "gitId": "chloesyy"
        },
        "content": "    Adds individual tasks into the array"
      },
      {
        "lineNumber": 60,
        "author": {
          "gitId": "chloesyy"
        },
        "content": "     */"
      },
      {
        "lineNumber": 61,
        "author": {
          "gitId": "chloesyy"
        },
        "content": "    public static void loadFileTask(String line) {"
      },
      {
        "lineNumber": 62,
        "author": {
          "gitId": "chloesyy"
        },
        "content": "        String[] taskDetails \u003d line.split(\" \\\\| \");"
      },
      {
        "lineNumber": 63,
        "author": {
          "gitId": "chloesyy"
        },
        "content": ""
      },
      {
        "lineNumber": 64,
        "author": {
          "gitId": "chloesyy"
        },
        "content": "        switch (taskDetails[0]) {"
      },
      {
        "lineNumber": 65,
        "author": {
          "gitId": "chloesyy"
        },
        "content": "        case \"[T]\":"
      },
      {
        "lineNumber": 66,
        "author": {
          "gitId": "chloesyy"
        },
        "content": "            addTodo(taskDetails[2], true);"
      },
      {
        "lineNumber": 67,
        "author": {
          "gitId": "chloesyy"
        },
        "content": "            break;"
      },
      {
        "lineNumber": 68,
        "author": {
          "gitId": "chloesyy"
        },
        "content": "        case \"[D]\":"
      },
      {
        "lineNumber": 69,
        "author": {
          "gitId": "chloesyy"
        },
        "content": "            addDeadline(taskDetails[2] + \" /by \" + taskDetails[3], true);"
      },
      {
        "lineNumber": 70,
        "author": {
          "gitId": "chloesyy"
        },
        "content": "            break;"
      },
      {
        "lineNumber": 71,
        "author": {
          "gitId": "chloesyy"
        },
        "content": "        case \"[E]\":"
      },
      {
        "lineNumber": 72,
        "author": {
          "gitId": "chloesyy"
        },
        "content": "            addEvent(taskDetails[2] + \" /at \" + taskDetails[3], true);"
      },
      {
        "lineNumber": 73,
        "author": {
          "gitId": "chloesyy"
        },
        "content": "            break;"
      },
      {
        "lineNumber": 74,
        "author": {
          "gitId": "chloesyy"
        },
        "content": "        default:"
      },
      {
        "lineNumber": 75,
        "author": {
          "gitId": "chloesyy"
        },
        "content": "            // Happens if there is nothing in the list (or any garbage text)"
      },
      {
        "lineNumber": 76,
        "author": {
          "gitId": "chloesyy"
        },
        "content": "            return;"
      },
      {
        "lineNumber": 77,
        "author": {
          "gitId": "chloesyy"
        },
        "content": "        }"
      },
      {
        "lineNumber": 78,
        "author": {
          "gitId": "chloesyy"
        },
        "content": ""
      },
      {
        "lineNumber": 79,
        "author": {
          "gitId": "chloesyy"
        },
        "content": "        // Mark as done if the task is already done"
      },
      {
        "lineNumber": 80,
        "author": {
          "gitId": "chloesyy"
        },
        "content": "        if (taskDetails[1].equals(\"1\")) {"
      },
      {
        "lineNumber": 81,
        "author": {
          "gitId": "chloesyy"
        },
        "content": "            tasks.get(tasks.size()-1).isDone \u003d true;"
      },
      {
        "lineNumber": 82,
        "author": {
          "gitId": "chloesyy"
        },
        "content": "        }"
      },
      {
        "lineNumber": 83,
        "author": {
          "gitId": "chloesyy"
        },
        "content": "    }"
      },
      {
        "lineNumber": 84,
        "author": {
          "gitId": "chloesyy"
        },
        "content": ""
      },
      {
        "lineNumber": 85,
        "author": {
          "gitId": "chloesyy"
        },
        "content": ""
      },
      {
        "lineNumber": 86,
        "author": {
          "gitId": "chloesyy"
        },
        "content": ""
      },
      {
        "lineNumber": 87,
        "author": {
          "gitId": "chloesyy"
        },
        "content": "    public static void printWelcomeMessage() {"
      },
      {
        "lineNumber": 88,
        "author": {
          "gitId": "chloesyy"
        },
        "content": "        System.out.println(\"Welcome! :D This is TaskThomas.\");"
      },
      {
        "lineNumber": 89,
        "author": {
          "gitId": "chloesyy"
        },
        "content": "        System.out.println(\"What are you doing today? \\n\");"
      },
      {
        "lineNumber": 90,
        "author": {
          "gitId": "chloesyy"
        },
        "content": "    }"
      },
      {
        "lineNumber": 91,
        "author": {
          "gitId": "chloesyy"
        },
        "content": ""
      },
      {
        "lineNumber": 92,
        "author": {
          "gitId": "chloesyy"
        },
        "content": "    public static void printExitMessage() {"
      },
      {
        "lineNumber": 93,
        "author": {
          "gitId": "chloesyy"
        },
        "content": "        System.out.println(\"Bye bye :( Hope to see you again soon!\");"
      },
      {
        "lineNumber": 94,
        "author": {
          "gitId": "chloesyy"
        },
        "content": "    }"
      },
      {
        "lineNumber": 95,
        "author": {
          "gitId": "chloesyy"
        },
        "content": ""
      },
      {
        "lineNumber": 96,
        "author": {
          "gitId": "chloesyy"
        },
        "content": "    public static void handleLine(String line) {"
      },
      {
        "lineNumber": 97,
        "author": {
          "gitId": "chloesyy"
        },
        "content": "        if (line.equals(\"list\")) {"
      },
      {
        "lineNumber": 98,
        "author": {
          "gitId": "chloesyy"
        },
        "content": "            printList();"
      },
      {
        "lineNumber": 99,
        "author": {
          "gitId": "chloesyy"
        },
        "content": "        } else if (line.startsWith(\"done\")) {"
      },
      {
        "lineNumber": 100,
        "author": {
          "gitId": "chloesyy"
        },
        "content": "            markAsDone(line);"
      },
      {
        "lineNumber": 101,
        "author": {
          "gitId": "chloesyy"
        },
        "content": "        } else if (line.startsWith(\"delete\")) {"
      },
      {
        "lineNumber": 102,
        "author": {
          "gitId": "chloesyy"
        },
        "content": "            deleteTask(line);"
      },
      {
        "lineNumber": 103,
        "author": {
          "gitId": "chloesyy"
        },
        "content": "        } else {"
      },
      {
        "lineNumber": 104,
        "author": {
          "gitId": "chloesyy"
        },
        "content": "            addTask(line);"
      },
      {
        "lineNumber": 105,
        "author": {
          "gitId": "chloesyy"
        },
        "content": "        }"
      },
      {
        "lineNumber": 106,
        "author": {
          "gitId": "chloesyy"
        },
        "content": "    }"
      },
      {
        "lineNumber": 107,
        "author": {
          "gitId": "chloesyy"
        },
        "content": ""
      },
      {
        "lineNumber": 108,
        "author": {
          "gitId": "chloesyy"
        },
        "content": ""
      },
      {
        "lineNumber": 109,
        "author": {
          "gitId": "chloesyy"
        },
        "content": ""
      },
      {
        "lineNumber": 110,
        "author": {
          "gitId": "chloesyy"
        },
        "content": "    /*"
      },
      {
        "lineNumber": 111,
        "author": {
          "gitId": "chloesyy"
        },
        "content": "    Prints the list of tasks and indicates whether they are done."
      },
      {
        "lineNumber": 112,
        "author": {
          "gitId": "chloesyy"
        },
        "content": "    */"
      },
      {
        "lineNumber": 113,
        "author": {
          "gitId": "chloesyy"
        },
        "content": "    public static void printList() {"
      },
      {
        "lineNumber": 114,
        "author": {
          "gitId": "chloesyy"
        },
        "content": "        if (tasks.size() \u003d\u003d 0) {"
      },
      {
        "lineNumber": 115,
        "author": {
          "gitId": "chloesyy"
        },
        "content": "            System.out.println(\"Oops! You have no tasks in your list. \\n\");"
      },
      {
        "lineNumber": 116,
        "author": {
          "gitId": "chloesyy"
        },
        "content": "            return;"
      },
      {
        "lineNumber": 117,
        "author": {
          "gitId": "chloesyy"
        },
        "content": "        }"
      },
      {
        "lineNumber": 118,
        "author": {
          "gitId": "chloesyy"
        },
        "content": ""
      },
      {
        "lineNumber": 119,
        "author": {
          "gitId": "chloesyy"
        },
        "content": "        System.out.println(\"These are the tasks you have now!\");"
      },
      {
        "lineNumber": 120,
        "author": {
          "gitId": "chloesyy"
        },
        "content": "        for (Task task : tasks) {"
      },
      {
        "lineNumber": 121,
        "author": {
          "gitId": "chloesyy"
        },
        "content": "            System.out.print(tasks.indexOf(task)+1 + \".\");"
      },
      {
        "lineNumber": 122,
        "author": {
          "gitId": "chloesyy"
        },
        "content": "            task.printTask();"
      },
      {
        "lineNumber": 123,
        "author": {
          "gitId": "chloesyy"
        },
        "content": "        }"
      },
      {
        "lineNumber": 124,
        "author": {
          "gitId": "chloesyy"
        },
        "content": "        System.out.println();"
      },
      {
        "lineNumber": 125,
        "author": {
          "gitId": "chloesyy"
        },
        "content": "    }"
      },
      {
        "lineNumber": 126,
        "author": {
          "gitId": "chloesyy"
        },
        "content": ""
      },
      {
        "lineNumber": 127,
        "author": {
          "gitId": "chloesyy"
        },
        "content": "    /*"
      },
      {
        "lineNumber": 128,
        "author": {
          "gitId": "chloesyy"
        },
        "content": "    Marks a task as done."
      },
      {
        "lineNumber": 129,
        "author": {
          "gitId": "chloesyy"
        },
        "content": "     */"
      },
      {
        "lineNumber": 130,
        "author": {
          "gitId": "chloesyy"
        },
        "content": "    public static void markAsDone(String line) {"
      },
      {
        "lineNumber": 131,
        "author": {
          "gitId": "chloesyy"
        },
        "content": "        int taskNum \u003d 0;"
      },
      {
        "lineNumber": 132,
        "author": {
          "gitId": "chloesyy"
        },
        "content": "        try {"
      },
      {
        "lineNumber": 133,
        "author": {
          "gitId": "chloesyy"
        },
        "content": "            taskNum \u003d Integer.parseInt(line.substring(5));"
      },
      {
        "lineNumber": 134,
        "author": {
          "gitId": "chloesyy"
        },
        "content": "        } catch (NumberFormatException e) {"
      },
      {
        "lineNumber": 135,
        "author": {
          "gitId": "chloesyy"
        },
        "content": "            System.out.println(\"Ohno! Please list a task number to be marked done :( \\n\");"
      },
      {
        "lineNumber": 136,
        "author": {
          "gitId": "chloesyy"
        },
        "content": "            return;"
      },
      {
        "lineNumber": 137,
        "author": {
          "gitId": "chloesyy"
        },
        "content": "        } catch (StringIndexOutOfBoundsException e) {"
      },
      {
        "lineNumber": 138,
        "author": {
          "gitId": "chloesyy"
        },
        "content": "            System.out.println(\"Ohno! You didn\u0027t list the task number :( \\n\");"
      },
      {
        "lineNumber": 139,
        "author": {
          "gitId": "chloesyy"
        },
        "content": "            return;"
      },
      {
        "lineNumber": 140,
        "author": {
          "gitId": "chloesyy"
        },
        "content": "        }"
      },
      {
        "lineNumber": 141,
        "author": {
          "gitId": "chloesyy"
        },
        "content": ""
      },
      {
        "lineNumber": 142,
        "author": {
          "gitId": "chloesyy"
        },
        "content": "        try {"
      },
      {
        "lineNumber": 143,
        "author": {
          "gitId": "chloesyy"
        },
        "content": "            Task task \u003d tasks.get(taskNum-1);"
      },
      {
        "lineNumber": 144,
        "author": {
          "gitId": "chloesyy"
        },
        "content": "            String oldTaskString \u003d task.toString();"
      },
      {
        "lineNumber": 145,
        "author": {
          "gitId": "chloesyy"
        },
        "content": ""
      },
      {
        "lineNumber": 146,
        "author": {
          "gitId": "chloesyy"
        },
        "content": "            // Update task arraylist and the file"
      },
      {
        "lineNumber": 147,
        "author": {
          "gitId": "chloesyy"
        },
        "content": "            task.isDone \u003d true;"
      },
      {
        "lineNumber": 148,
        "author": {
          "gitId": "chloesyy"
        },
        "content": "            updateFile(oldTaskString, task.toString());"
      },
      {
        "lineNumber": 149,
        "author": {
          "gitId": "chloesyy"
        },
        "content": ""
      },
      {
        "lineNumber": 150,
        "author": {
          "gitId": "chloesyy"
        },
        "content": "            // Prints output message"
      },
      {
        "lineNumber": 151,
        "author": {
          "gitId": "chloesyy"
        },
        "content": "            System.out.println(\"Good job! You\u0027ve completed:\");"
      },
      {
        "lineNumber": 152,
        "author": {
          "gitId": "chloesyy"
        },
        "content": "            task.printTask();"
      },
      {
        "lineNumber": 153,
        "author": {
          "gitId": "chloesyy"
        },
        "content": "            System.out.println();"
      },
      {
        "lineNumber": 154,
        "author": {
          "gitId": "chloesyy"
        },
        "content": "        } catch (IndexOutOfBoundsException e) {"
      },
      {
        "lineNumber": 155,
        "author": {
          "gitId": "chloesyy"
        },
        "content": "            System.out.println(\"Ohno! This is an invalid task number :( \\n\");"
      },
      {
        "lineNumber": 156,
        "author": {
          "gitId": "chloesyy"
        },
        "content": "            return;"
      },
      {
        "lineNumber": 157,
        "author": {
          "gitId": "chloesyy"
        },
        "content": "        } catch (IOException e) {"
      },
      {
        "lineNumber": 158,
        "author": {
          "gitId": "chloesyy"
        },
        "content": "            System.out.println(\"Something went wrong: \" + e.getMessage() + \"\\n\");"
      },
      {
        "lineNumber": 159,
        "author": {
          "gitId": "chloesyy"
        },
        "content": "        }"
      },
      {
        "lineNumber": 160,
        "author": {
          "gitId": "chloesyy"
        },
        "content": "    }"
      },
      {
        "lineNumber": 161,
        "author": {
          "gitId": "chloesyy"
        },
        "content": ""
      },
      {
        "lineNumber": 162,
        "author": {
          "gitId": "chloesyy"
        },
        "content": "    /*"
      },
      {
        "lineNumber": 163,
        "author": {
          "gitId": "chloesyy"
        },
        "content": "    Deletes a task from list."
      },
      {
        "lineNumber": 164,
        "author": {
          "gitId": "chloesyy"
        },
        "content": "     */"
      },
      {
        "lineNumber": 165,
        "author": {
          "gitId": "chloesyy"
        },
        "content": "    public static void deleteTask(String line) {"
      },
      {
        "lineNumber": 166,
        "author": {
          "gitId": "chloesyy"
        },
        "content": "        int taskNum \u003d 0;"
      },
      {
        "lineNumber": 167,
        "author": {
          "gitId": "chloesyy"
        },
        "content": "        try {"
      },
      {
        "lineNumber": 168,
        "author": {
          "gitId": "chloesyy"
        },
        "content": "            taskNum \u003d Integer.parseInt(line.substring(7));"
      },
      {
        "lineNumber": 169,
        "author": {
          "gitId": "chloesyy"
        },
        "content": "        } catch (NumberFormatException e) {"
      },
      {
        "lineNumber": 170,
        "author": {
          "gitId": "chloesyy"
        },
        "content": "            System.out.println(\"Ohno! Please list a task number to be marked done :( \\n\");"
      },
      {
        "lineNumber": 171,
        "author": {
          "gitId": "chloesyy"
        },
        "content": "            return;"
      },
      {
        "lineNumber": 172,
        "author": {
          "gitId": "chloesyy"
        },
        "content": "        } catch (StringIndexOutOfBoundsException e) {"
      },
      {
        "lineNumber": 173,
        "author": {
          "gitId": "chloesyy"
        },
        "content": "            System.out.println(\"Ohno! You didn\u0027t list the task number :( \\n\");"
      },
      {
        "lineNumber": 174,
        "author": {
          "gitId": "chloesyy"
        },
        "content": "            return;"
      },
      {
        "lineNumber": 175,
        "author": {
          "gitId": "chloesyy"
        },
        "content": "        }"
      },
      {
        "lineNumber": 176,
        "author": {
          "gitId": "chloesyy"
        },
        "content": ""
      },
      {
        "lineNumber": 177,
        "author": {
          "gitId": "chloesyy"
        },
        "content": "        try {"
      },
      {
        "lineNumber": 178,
        "author": {
          "gitId": "chloesyy"
        },
        "content": "            Task task \u003d tasks.get(taskNum - 1);"
      },
      {
        "lineNumber": 179,
        "author": {
          "gitId": "chloesyy"
        },
        "content": "            String oldTaskString \u003d task.toString();"
      },
      {
        "lineNumber": 180,
        "author": {
          "gitId": "chloesyy"
        },
        "content": ""
      },
      {
        "lineNumber": 181,
        "author": {
          "gitId": "chloesyy"
        },
        "content": "            // Updates task arraylist and file"
      },
      {
        "lineNumber": 182,
        "author": {
          "gitId": "chloesyy"
        },
        "content": "            tasks.remove(task);"
      },
      {
        "lineNumber": 183,
        "author": {
          "gitId": "chloesyy"
        },
        "content": "            updateFile(oldTaskString, \"\");"
      },
      {
        "lineNumber": 184,
        "author": {
          "gitId": "chloesyy"
        },
        "content": ""
      },
      {
        "lineNumber": 185,
        "author": {
          "gitId": "chloesyy"
        },
        "content": "            // Print output message"
      },
      {
        "lineNumber": 186,
        "author": {
          "gitId": "chloesyy"
        },
        "content": "            System.out.println(\"Alright lazy bum... I\u0027ll delete this:\");"
      },
      {
        "lineNumber": 187,
        "author": {
          "gitId": "chloesyy"
        },
        "content": "            task.printTask();"
      },
      {
        "lineNumber": 188,
        "author": {
          "gitId": "chloesyy"
        },
        "content": "            System.out.println(\"Now you have \" + tasks.size() + \" tasks in the list! \\n\");"
      },
      {
        "lineNumber": 189,
        "author": {
          "gitId": "chloesyy"
        },
        "content": "        } catch (IndexOutOfBoundsException e) {"
      },
      {
        "lineNumber": 190,
        "author": {
          "gitId": "chloesyy"
        },
        "content": "            System.out.println(\"Ohno! This is an invalid task number :( \\n\");"
      },
      {
        "lineNumber": 191,
        "author": {
          "gitId": "chloesyy"
        },
        "content": "            return;"
      },
      {
        "lineNumber": 192,
        "author": {
          "gitId": "chloesyy"
        },
        "content": "        } catch (IOException e) {"
      },
      {
        "lineNumber": 193,
        "author": {
          "gitId": "chloesyy"
        },
        "content": "            System.out.println(\"Something went wrong: \" + e.getMessage() + \"\\n\");"
      },
      {
        "lineNumber": 194,
        "author": {
          "gitId": "chloesyy"
        },
        "content": "            return;"
      },
      {
        "lineNumber": 195,
        "author": {
          "gitId": "chloesyy"
        },
        "content": "        }"
      },
      {
        "lineNumber": 196,
        "author": {
          "gitId": "chloesyy"
        },
        "content": "    }"
      },
      {
        "lineNumber": 197,
        "author": {
          "gitId": "chloesyy"
        },
        "content": ""
      },
      {
        "lineNumber": 198,
        "author": {
          "gitId": "chloesyy"
        },
        "content": "    /*"
      },
      {
        "lineNumber": 199,
        "author": {
          "gitId": "chloesyy"
        },
        "content": "    Adds a task to the list."
      },
      {
        "lineNumber": 200,
        "author": {
          "gitId": "chloesyy"
        },
        "content": "     */"
      },
      {
        "lineNumber": 201,
        "author": {
          "gitId": "chloesyy"
        },
        "content": "    public static void addTask(String line) {"
      },
      {
        "lineNumber": 202,
        "author": {
          "gitId": "chloesyy"
        },
        "content": "        if (line.startsWith(\"todo\")) {"
      },
      {
        "lineNumber": 203,
        "author": {
          "gitId": "chloesyy"
        },
        "content": "            try {"
      },
      {
        "lineNumber": 204,
        "author": {
          "gitId": "chloesyy"
        },
        "content": "                addTodo(line.substring(5), false);"
      },
      {
        "lineNumber": 205,
        "author": {
          "gitId": "chloesyy"
        },
        "content": "            } catch (StringIndexOutOfBoundsException e) {"
      },
      {
        "lineNumber": 206,
        "author": {
          "gitId": "chloesyy"
        },
        "content": "                System.out.println(\"Ohno! The todo description cannot be empty :( \\n\");"
      },
      {
        "lineNumber": 207,
        "author": {
          "gitId": "chloesyy"
        },
        "content": "                return;"
      },
      {
        "lineNumber": 208,
        "author": {
          "gitId": "chloesyy"
        },
        "content": "            }"
      },
      {
        "lineNumber": 209,
        "author": {
          "gitId": "chloesyy"
        },
        "content": "        } else if (line.startsWith(\"deadline\")) {"
      },
      {
        "lineNumber": 210,
        "author": {
          "gitId": "chloesyy"
        },
        "content": "            try {"
      },
      {
        "lineNumber": 211,
        "author": {
          "gitId": "chloesyy"
        },
        "content": "                addDeadline(line.substring(9), false);"
      },
      {
        "lineNumber": 212,
        "author": {
          "gitId": "chloesyy"
        },
        "content": "            } catch (StringIndexOutOfBoundsException e) {"
      },
      {
        "lineNumber": 213,
        "author": {
          "gitId": "chloesyy"
        },
        "content": "                System.out.println(\"Ohno! The deadline needs a description and a /by :( \\n\");"
      },
      {
        "lineNumber": 214,
        "author": {
          "gitId": "chloesyy"
        },
        "content": "                return;"
      },
      {
        "lineNumber": 215,
        "author": {
          "gitId": "chloesyy"
        },
        "content": "            } catch (ArrayIndexOutOfBoundsException e) {"
      },
      {
        "lineNumber": 216,
        "author": {
          "gitId": "chloesyy"
        },
        "content": "                System.out.println(\"Ohno! Your deadline needs a /by :( \\n\");"
      },
      {
        "lineNumber": 217,
        "author": {
          "gitId": "chloesyy"
        },
        "content": "                return;"
      },
      {
        "lineNumber": 218,
        "author": {
          "gitId": "chloesyy"
        },
        "content": "            }"
      },
      {
        "lineNumber": 219,
        "author": {
          "gitId": "chloesyy"
        },
        "content": "        } else if (line.startsWith(\"event\")) {"
      },
      {
        "lineNumber": 220,
        "author": {
          "gitId": "chloesyy"
        },
        "content": "            try {"
      },
      {
        "lineNumber": 221,
        "author": {
          "gitId": "chloesyy"
        },
        "content": "                addEvent(line.substring(6), false);"
      },
      {
        "lineNumber": 222,
        "author": {
          "gitId": "chloesyy"
        },
        "content": "            } catch (StringIndexOutOfBoundsException e) {"
      },
      {
        "lineNumber": 223,
        "author": {
          "gitId": "chloesyy"
        },
        "content": "                System.out.println(\"Ohno! The event needs a description and an /at :( \\n\");"
      },
      {
        "lineNumber": 224,
        "author": {
          "gitId": "chloesyy"
        },
        "content": "                return;"
      },
      {
        "lineNumber": 225,
        "author": {
          "gitId": "chloesyy"
        },
        "content": "            } catch (ArrayIndexOutOfBoundsException e) {"
      },
      {
        "lineNumber": 226,
        "author": {
          "gitId": "chloesyy"
        },
        "content": "                System.out.println(\"Ohno! Your event needs an /at :( \\n\");"
      },
      {
        "lineNumber": 227,
        "author": {
          "gitId": "chloesyy"
        },
        "content": "                return;"
      },
      {
        "lineNumber": 228,
        "author": {
          "gitId": "chloesyy"
        },
        "content": "            }"
      },
      {
        "lineNumber": 229,
        "author": {
          "gitId": "chloesyy"
        },
        "content": "        } else {"
      },
      {
        "lineNumber": 230,
        "author": {
          "gitId": "chloesyy"
        },
        "content": "            // Happens if the task is not labeled"
      },
      {
        "lineNumber": 231,
        "author": {
          "gitId": "chloesyy"
        },
        "content": "            System.out.println(\"Ohno! You should label your task with \u0027todo\u0027, \u0027deadline\u0027, or \u0027event\u0027... \\n\");"
      },
      {
        "lineNumber": 232,
        "author": {
          "gitId": "chloesyy"
        },
        "content": "            return;"
      },
      {
        "lineNumber": 233,
        "author": {
          "gitId": "chloesyy"
        },
        "content": "        }"
      },
      {
        "lineNumber": 234,
        "author": {
          "gitId": "chloesyy"
        },
        "content": ""
      },
      {
        "lineNumber": 235,
        "author": {
          "gitId": "chloesyy"
        },
        "content": "        System.out.println(\"Okay! I added:\");"
      },
      {
        "lineNumber": 236,
        "author": {
          "gitId": "chloesyy"
        },
        "content": "        tasks.get(tasks.size()-1).printTask();"
      },
      {
        "lineNumber": 237,
        "author": {
          "gitId": "chloesyy"
        },
        "content": "        System.out.println(\"Now you have \" + tasks.size() + \" tasks in the list! \\n\");"
      },
      {
        "lineNumber": 238,
        "author": {
          "gitId": "chloesyy"
        },
        "content": "    }"
      },
      {
        "lineNumber": 239,
        "author": {
          "gitId": "chloesyy"
        },
        "content": ""
      },
      {
        "lineNumber": 240,
        "author": {
          "gitId": "chloesyy"
        },
        "content": ""
      },
      {
        "lineNumber": 241,
        "author": {
          "gitId": "chloesyy"
        },
        "content": ""
      },
      {
        "lineNumber": 242,
        "author": {
          "gitId": "chloesyy"
        },
        "content": "    /*"
      },
      {
        "lineNumber": 243,
        "author": {
          "gitId": "chloesyy"
        },
        "content": "    Adds either a to-do task, deadline task or event task to the list."
      },
      {
        "lineNumber": 244,
        "author": {
          "gitId": "chloesyy"
        },
        "content": "     */"
      },
      {
        "lineNumber": 245,
        "author": {
          "gitId": "chloesyy"
        },
        "content": "    public static void addTodo(String line, Boolean fromFile) {"
      },
      {
        "lineNumber": 246,
        "author": {
          "gitId": "chloesyy"
        },
        "content": "        tasks.add(new Todo(line));"
      },
      {
        "lineNumber": 247,
        "author": {
          "gitId": "chloesyy"
        },
        "content": ""
      },
      {
        "lineNumber": 248,
        "author": {
          "gitId": "chloesyy"
        },
        "content": "        if (!fromFile) {"
      },
      {
        "lineNumber": 249,
        "author": {
          "gitId": "chloesyy"
        },
        "content": "            writeToFile(\"duke.txt\", tasks.get(tasks.size()-1).toString());"
      },
      {
        "lineNumber": 250,
        "author": {
          "gitId": "chloesyy"
        },
        "content": "        }"
      },
      {
        "lineNumber": 251,
        "author": {
          "gitId": "chloesyy"
        },
        "content": "    }"
      },
      {
        "lineNumber": 252,
        "author": {
          "gitId": "chloesyy"
        },
        "content": ""
      },
      {
        "lineNumber": 253,
        "author": {
          "gitId": "chloesyy"
        },
        "content": "    public static void addDeadline(String line, Boolean fromFile) {"
      },
      {
        "lineNumber": 254,
        "author": {
          "gitId": "chloesyy"
        },
        "content": "        String[] descriptionAndBy \u003d line.split(\" /by \");"
      },
      {
        "lineNumber": 255,
        "author": {
          "gitId": "chloesyy"
        },
        "content": "        tasks.add(new Deadline(descriptionAndBy[0], descriptionAndBy[1]));"
      },
      {
        "lineNumber": 256,
        "author": {
          "gitId": "chloesyy"
        },
        "content": ""
      },
      {
        "lineNumber": 257,
        "author": {
          "gitId": "chloesyy"
        },
        "content": "        if (!fromFile) {"
      },
      {
        "lineNumber": 258,
        "author": {
          "gitId": "chloesyy"
        },
        "content": "            writeToFile(\"duke.txt\", tasks.get(tasks.size()-1).toString());"
      },
      {
        "lineNumber": 259,
        "author": {
          "gitId": "chloesyy"
        },
        "content": "        }"
      },
      {
        "lineNumber": 260,
        "author": {
          "gitId": "chloesyy"
        },
        "content": "    }"
      },
      {
        "lineNumber": 261,
        "author": {
          "gitId": "chloesyy"
        },
        "content": ""
      },
      {
        "lineNumber": 262,
        "author": {
          "gitId": "chloesyy"
        },
        "content": "    public static void addEvent(String line, Boolean fromFile) {"
      },
      {
        "lineNumber": 263,
        "author": {
          "gitId": "chloesyy"
        },
        "content": "        String[] descriptionAndAt \u003d line.split(\" /at \");"
      },
      {
        "lineNumber": 264,
        "author": {
          "gitId": "chloesyy"
        },
        "content": "        tasks.add(new Event(descriptionAndAt[1], descriptionAndAt[1]));"
      },
      {
        "lineNumber": 265,
        "author": {
          "gitId": "chloesyy"
        },
        "content": ""
      },
      {
        "lineNumber": 266,
        "author": {
          "gitId": "chloesyy"
        },
        "content": "        if (!fromFile) {"
      },
      {
        "lineNumber": 267,
        "author": {
          "gitId": "chloesyy"
        },
        "content": "            writeToFile(\"duke.txt\", tasks.get(tasks.size()-1).toString());"
      },
      {
        "lineNumber": 268,
        "author": {
          "gitId": "chloesyy"
        },
        "content": "        }"
      },
      {
        "lineNumber": 269,
        "author": {
          "gitId": "chloesyy"
        },
        "content": "    }"
      },
      {
        "lineNumber": 270,
        "author": {
          "gitId": "chloesyy"
        },
        "content": ""
      },
      {
        "lineNumber": 271,
        "author": {
          "gitId": "chloesyy"
        },
        "content": ""
      },
      {
        "lineNumber": 272,
        "author": {
          "gitId": "chloesyy"
        },
        "content": "    /*"
      },
      {
        "lineNumber": 273,
        "author": {
          "gitId": "chloesyy"
        },
        "content": ""
      },
      {
        "lineNumber": 274,
        "author": {
          "gitId": "chloesyy"
        },
        "content": "    FILE UPDATE AND EDIT METHODS"
      },
      {
        "lineNumber": 275,
        "author": {
          "gitId": "chloesyy"
        },
        "content": ""
      },
      {
        "lineNumber": 276,
        "author": {
          "gitId": "chloesyy"
        },
        "content": "     */"
      },
      {
        "lineNumber": 277,
        "author": {
          "gitId": "chloesyy"
        },
        "content": "    /*"
      },
      {
        "lineNumber": 278,
        "author": {
          "gitId": "chloesyy"
        },
        "content": "    Writes data to file"
      },
      {
        "lineNumber": 279,
        "author": {
          "gitId": "chloesyy"
        },
        "content": "     */"
      },
      {
        "lineNumber": 280,
        "author": {
          "gitId": "chloesyy"
        },
        "content": "    public static void writeToFile(String filePath, String line) {"
      },
      {
        "lineNumber": 281,
        "author": {
          "gitId": "chloesyy"
        },
        "content": "        try {"
      },
      {
        "lineNumber": 282,
        "author": {
          "gitId": "chloesyy"
        },
        "content": "            FileWriter writer \u003d new FileWriter(filePath, true);"
      },
      {
        "lineNumber": 283,
        "author": {
          "gitId": "chloesyy"
        },
        "content": "            writer.write(System.lineSeparator() + line);"
      },
      {
        "lineNumber": 284,
        "author": {
          "gitId": "chloesyy"
        },
        "content": "            writer.close();"
      },
      {
        "lineNumber": 285,
        "author": {
          "gitId": "chloesyy"
        },
        "content": "        } catch (IOException e) {"
      },
      {
        "lineNumber": 286,
        "author": {
          "gitId": "chloesyy"
        },
        "content": "            System.out.println(\"Something went wrong: \" + e.getMessage() + \"\\n\");"
      },
      {
        "lineNumber": 287,
        "author": {
          "gitId": "chloesyy"
        },
        "content": "        }"
      },
      {
        "lineNumber": 288,
        "author": {
          "gitId": "chloesyy"
        },
        "content": "    }"
      },
      {
        "lineNumber": 289,
        "author": {
          "gitId": "chloesyy"
        },
        "content": ""
      },
      {
        "lineNumber": 290,
        "author": {
          "gitId": "chloesyy"
        },
        "content": "    /*"
      },
      {
        "lineNumber": 291,
        "author": {
          "gitId": "chloesyy"
        },
        "content": "    Updates the file"
      },
      {
        "lineNumber": 292,
        "author": {
          "gitId": "chloesyy"
        },
        "content": "     */"
      },
      {
        "lineNumber": 293,
        "author": {
          "gitId": "chloesyy"
        },
        "content": "    public static void updateFile(String oldTaskString, String newTaskString) throws IOException {"
      },
      {
        "lineNumber": 294,
        "author": {
          "gitId": "chloesyy"
        },
        "content": "        File file \u003d new File(\"duke.txt\");"
      },
      {
        "lineNumber": 295,
        "author": {
          "gitId": "chloesyy"
        },
        "content": "        Scanner read \u003d new Scanner(file);"
      },
      {
        "lineNumber": 296,
        "author": {
          "gitId": "chloesyy"
        },
        "content": "        StringBuffer buffer \u003d new StringBuffer();"
      },
      {
        "lineNumber": 297,
        "author": {
          "gitId": "chloesyy"
        },
        "content": ""
      },
      {
        "lineNumber": 298,
        "author": {
          "gitId": "chloesyy"
        },
        "content": "        // Puts everything from file into buffer"
      },
      {
        "lineNumber": 299,
        "author": {
          "gitId": "chloesyy"
        },
        "content": "        while (read.hasNext()) {"
      },
      {
        "lineNumber": 300,
        "author": {
          "gitId": "chloesyy"
        },
        "content": "            buffer.append(read.nextLine() + System.lineSeparator());"
      },
      {
        "lineNumber": 301,
        "author": {
          "gitId": "chloesyy"
        },
        "content": "        }"
      },
      {
        "lineNumber": 302,
        "author": {
          "gitId": "chloesyy"
        },
        "content": ""
      },
      {
        "lineNumber": 303,
        "author": {
          "gitId": "chloesyy"
        },
        "content": "        read.close();"
      },
      {
        "lineNumber": 304,
        "author": {
          "gitId": "chloesyy"
        },
        "content": ""
      },
      {
        "lineNumber": 305,
        "author": {
          "gitId": "chloesyy"
        },
        "content": "        // Puts everything from buffer into String"
      },
      {
        "lineNumber": 306,
        "author": {
          "gitId": "chloesyy"
        },
        "content": "        String fileContents \u003d buffer.toString();"
      },
      {
        "lineNumber": 307,
        "author": {
          "gitId": "chloesyy"
        },
        "content": ""
      },
      {
        "lineNumber": 308,
        "author": {
          "gitId": "chloesyy"
        },
        "content": "        // Update the file"
      },
      {
        "lineNumber": 309,
        "author": {
          "gitId": "chloesyy"
        },
        "content": "        fileContents \u003d fileContents.replace(oldTaskString, newTaskString);"
      },
      {
        "lineNumber": 310,
        "author": {
          "gitId": "chloesyy"
        },
        "content": "        FileWriter writer \u003d new FileWriter(\"duke.txt\");"
      },
      {
        "lineNumber": 311,
        "author": {
          "gitId": "chloesyy"
        },
        "content": "        writer.append(fileContents);"
      },
      {
        "lineNumber": 312,
        "author": {
          "gitId": "chloesyy"
        },
        "content": "        writer.flush();"
      },
      {
        "lineNumber": 313,
        "author": {
          "gitId": "chloesyy"
        },
        "content": "    }"
      },
      {
        "lineNumber": 314,
        "author": {
          "gitId": "-"
        },
        "content": "}"
      }
    ],
    "authorContributionMap": {
      "chloesyy": 312,
      "-": 2
    }
  },
  {
    "path": "src/main/java/duke/task/Deadline.java",
    "fileType": "java",
    "lines": [
      {
        "lineNumber": 1,
        "author": {
          "gitId": "chloesyy"
        },
        "content": "package duke.task;"
      },
      {
        "lineNumber": 2,
        "author": {
          "gitId": "chloesyy"
        },
        "content": ""
      },
      {
        "lineNumber": 3,
        "author": {
          "gitId": "chloesyy"
        },
        "content": "public class Deadline extends Task {"
      },
      {
        "lineNumber": 4,
        "author": {
          "gitId": "chloesyy"
        },
        "content": "    private String by;"
      },
      {
        "lineNumber": 5,
        "author": {
          "gitId": "chloesyy"
        },
        "content": ""
      },
      {
        "lineNumber": 6,
        "author": {
          "gitId": "chloesyy"
        },
        "content": "    public Deadline(String description, String by) {"
      },
      {
        "lineNumber": 7,
        "author": {
          "gitId": "chloesyy"
        },
        "content": "        super(description);"
      },
      {
        "lineNumber": 8,
        "author": {
          "gitId": "chloesyy"
        },
        "content": "        this.by \u003d by;"
      },
      {
        "lineNumber": 9,
        "author": {
          "gitId": "chloesyy"
        },
        "content": "        this.DESCRIPTOR \u003d \"[D]\";"
      },
      {
        "lineNumber": 10,
        "author": {
          "gitId": "chloesyy"
        },
        "content": "    }"
      },
      {
        "lineNumber": 11,
        "author": {
          "gitId": "chloesyy"
        },
        "content": ""
      },
      {
        "lineNumber": 12,
        "author": {
          "gitId": "chloesyy"
        },
        "content": "    @Override"
      },
      {
        "lineNumber": 13,
        "author": {
          "gitId": "chloesyy"
        },
        "content": "    public String getDescriptor() {"
      },
      {
        "lineNumber": 14,
        "author": {
          "gitId": "chloesyy"
        },
        "content": "        return DESCRIPTOR;"
      },
      {
        "lineNumber": 15,
        "author": {
          "gitId": "chloesyy"
        },
        "content": "    }"
      },
      {
        "lineNumber": 16,
        "author": {
          "gitId": "chloesyy"
        },
        "content": ""
      },
      {
        "lineNumber": 17,
        "author": {
          "gitId": "chloesyy"
        },
        "content": "    @Override"
      },
      {
        "lineNumber": 18,
        "author": {
          "gitId": "chloesyy"
        },
        "content": "    public String toString() {"
      },
      {
        "lineNumber": 19,
        "author": {
          "gitId": "chloesyy"
        },
        "content": "        return DESCRIPTOR + \" | \" + (this.isDone ? \"1 | \" : \"0 | \") + this.description + \" | \" + this.by;"
      },
      {
        "lineNumber": 20,
        "author": {
          "gitId": "chloesyy"
        },
        "content": "    }"
      },
      {
        "lineNumber": 21,
        "author": {
          "gitId": "chloesyy"
        },
        "content": ""
      },
      {
        "lineNumber": 22,
        "author": {
          "gitId": "chloesyy"
        },
        "content": "    @Override"
      },
      {
        "lineNumber": 23,
        "author": {
          "gitId": "chloesyy"
        },
        "content": "    public void printTask() {"
      },
      {
        "lineNumber": 24,
        "author": {
          "gitId": "chloesyy"
        },
        "content": "        System.out.print(\"  \" + DESCRIPTOR);"
      },
      {
        "lineNumber": 25,
        "author": {
          "gitId": "chloesyy"
        },
        "content": "        System.out.print(this.getStatusIcon() + \" \" + this.description);"
      },
      {
        "lineNumber": 26,
        "author": {
          "gitId": "chloesyy"
        },
        "content": "        System.out.println(\" (by: \" + this.by + \")\");"
      },
      {
        "lineNumber": 27,
        "author": {
          "gitId": "chloesyy"
        },
        "content": "    }"
      },
      {
        "lineNumber": 28,
        "author": {
          "gitId": "chloesyy"
        },
        "content": "}"
      }
    ],
    "authorContributionMap": {
      "chloesyy": 28
    }
  },
  {
    "path": "src/main/java/duke/task/Event.java",
    "fileType": "java",
    "lines": [
      {
        "lineNumber": 1,
        "author": {
          "gitId": "chloesyy"
        },
        "content": "package duke.task;"
      },
      {
        "lineNumber": 2,
        "author": {
          "gitId": "chloesyy"
        },
        "content": ""
      },
      {
        "lineNumber": 3,
        "author": {
          "gitId": "chloesyy"
        },
        "content": "public class Event extends Task {"
      },
      {
        "lineNumber": 4,
        "author": {
          "gitId": "chloesyy"
        },
        "content": "    private String at;"
      },
      {
        "lineNumber": 5,
        "author": {
          "gitId": "chloesyy"
        },
        "content": ""
      },
      {
        "lineNumber": 6,
        "author": {
          "gitId": "chloesyy"
        },
        "content": "    public Event(String description, String at) {"
      },
      {
        "lineNumber": 7,
        "author": {
          "gitId": "chloesyy"
        },
        "content": "        super(description);"
      },
      {
        "lineNumber": 8,
        "author": {
          "gitId": "chloesyy"
        },
        "content": "        this.at \u003d at;"
      },
      {
        "lineNumber": 9,
        "author": {
          "gitId": "chloesyy"
        },
        "content": "        this.DESCRIPTOR \u003d \"[E]\";"
      },
      {
        "lineNumber": 10,
        "author": {
          "gitId": "chloesyy"
        },
        "content": "    }"
      },
      {
        "lineNumber": 11,
        "author": {
          "gitId": "chloesyy"
        },
        "content": ""
      },
      {
        "lineNumber": 12,
        "author": {
          "gitId": "chloesyy"
        },
        "content": "    @Override"
      },
      {
        "lineNumber": 13,
        "author": {
          "gitId": "chloesyy"
        },
        "content": "    public String getDescriptor() {"
      },
      {
        "lineNumber": 14,
        "author": {
          "gitId": "chloesyy"
        },
        "content": "        return DESCRIPTOR;"
      },
      {
        "lineNumber": 15,
        "author": {
          "gitId": "chloesyy"
        },
        "content": "    }"
      },
      {
        "lineNumber": 16,
        "author": {
          "gitId": "chloesyy"
        },
        "content": ""
      },
      {
        "lineNumber": 17,
        "author": {
          "gitId": "chloesyy"
        },
        "content": "    @Override"
      },
      {
        "lineNumber": 18,
        "author": {
          "gitId": "chloesyy"
        },
        "content": "    public String toString() {"
      },
      {
        "lineNumber": 19,
        "author": {
          "gitId": "chloesyy"
        },
        "content": "        return DESCRIPTOR + \" | \" + (this.isDone ? \"1 | \" : \"0 | \") + this.description + this.at;"
      },
      {
        "lineNumber": 20,
        "author": {
          "gitId": "chloesyy"
        },
        "content": "    }"
      },
      {
        "lineNumber": 21,
        "author": {
          "gitId": "chloesyy"
        },
        "content": ""
      },
      {
        "lineNumber": 22,
        "author": {
          "gitId": "chloesyy"
        },
        "content": "    @Override"
      },
      {
        "lineNumber": 23,
        "author": {
          "gitId": "chloesyy"
        },
        "content": "    public void printTask() {"
      },
      {
        "lineNumber": 24,
        "author": {
          "gitId": "chloesyy"
        },
        "content": "        System.out.print(\"  \" + DESCRIPTOR);"
      },
      {
        "lineNumber": 25,
        "author": {
          "gitId": "chloesyy"
        },
        "content": "        System.out.print(this.getStatusIcon() + \" \" + this.description);"
      },
      {
        "lineNumber": 26,
        "author": {
          "gitId": "chloesyy"
        },
        "content": "        System.out.println(\" (at: \" + this.at + \")\");"
      },
      {
        "lineNumber": 27,
        "author": {
          "gitId": "chloesyy"
        },
        "content": "    }"
      },
      {
        "lineNumber": 28,
        "author": {
          "gitId": "chloesyy"
        },
        "content": "}"
      }
    ],
    "authorContributionMap": {
      "chloesyy": 28
    }
  },
  {
    "path": "src/main/java/duke/task/Task.java",
    "fileType": "java",
    "lines": [
      {
        "lineNumber": 1,
        "author": {
          "gitId": "chloesyy"
        },
        "content": "package duke.task;"
      },
      {
        "lineNumber": 2,
        "author": {
          "gitId": "chloesyy"
        },
        "content": ""
      },
      {
        "lineNumber": 3,
        "author": {
          "gitId": "chloesyy"
        },
        "content": "public abstract class Task {"
      },
      {
        "lineNumber": 4,
        "author": {
          "gitId": "chloesyy"
        },
        "content": "    protected String description;"
      },
      {
        "lineNumber": 5,
        "author": {
          "gitId": "chloesyy"
        },
        "content": "    public boolean isDone;"
      },
      {
        "lineNumber": 6,
        "author": {
          "gitId": "chloesyy"
        },
        "content": "    protected String DESCRIPTOR;"
      },
      {
        "lineNumber": 7,
        "author": {
          "gitId": "chloesyy"
        },
        "content": ""
      },
      {
        "lineNumber": 8,
        "author": {
          "gitId": "chloesyy"
        },
        "content": "    public Task(String description) {"
      },
      {
        "lineNumber": 9,
        "author": {
          "gitId": "chloesyy"
        },
        "content": "        this.description \u003d description;"
      },
      {
        "lineNumber": 10,
        "author": {
          "gitId": "chloesyy"
        },
        "content": "        this.isDone \u003d false;"
      },
      {
        "lineNumber": 11,
        "author": {
          "gitId": "chloesyy"
        },
        "content": "    }"
      },
      {
        "lineNumber": 12,
        "author": {
          "gitId": "chloesyy"
        },
        "content": ""
      },
      {
        "lineNumber": 13,
        "author": {
          "gitId": "chloesyy"
        },
        "content": "    public String getStatusIcon() {"
      },
      {
        "lineNumber": 14,
        "author": {
          "gitId": "chloesyy"
        },
        "content": "        // Return tick or cross symbols"
      },
      {
        "lineNumber": 15,
        "author": {
          "gitId": "chloesyy"
        },
        "content": "        return (isDone ? \"[\\u2713]\" : \"[\\u2718]\");"
      },
      {
        "lineNumber": 16,
        "author": {
          "gitId": "chloesyy"
        },
        "content": "    }"
      },
      {
        "lineNumber": 17,
        "author": {
          "gitId": "chloesyy"
        },
        "content": ""
      },
      {
        "lineNumber": 18,
        "author": {
          "gitId": "chloesyy"
        },
        "content": "    public abstract String getDescriptor();"
      },
      {
        "lineNumber": 19,
        "author": {
          "gitId": "chloesyy"
        },
        "content": ""
      },
      {
        "lineNumber": 20,
        "author": {
          "gitId": "chloesyy"
        },
        "content": "    public abstract String toString();"
      },
      {
        "lineNumber": 21,
        "author": {
          "gitId": "chloesyy"
        },
        "content": ""
      },
      {
        "lineNumber": 22,
        "author": {
          "gitId": "chloesyy"
        },
        "content": "    public void printTask() {"
      },
      {
        "lineNumber": 23,
        "author": {
          "gitId": "chloesyy"
        },
        "content": "        System.out.println(this.getStatusIcon() + \" \" + this.description);"
      },
      {
        "lineNumber": 24,
        "author": {
          "gitId": "chloesyy"
        },
        "content": "    }"
      },
      {
        "lineNumber": 25,
        "author": {
          "gitId": "chloesyy"
        },
        "content": "}"
      }
    ],
    "authorContributionMap": {
      "chloesyy": 25
    }
  },
  {
    "path": "src/main/java/duke/task/Todo.java",
    "fileType": "java",
    "lines": [
      {
        "lineNumber": 1,
        "author": {
          "gitId": "chloesyy"
        },
        "content": "package duke.task;"
      },
      {
        "lineNumber": 2,
        "author": {
          "gitId": "chloesyy"
        },
        "content": ""
      },
      {
        "lineNumber": 3,
        "author": {
          "gitId": "chloesyy"
        },
        "content": "public class Todo extends Task {"
      },
      {
        "lineNumber": 4,
        "author": {
          "gitId": "chloesyy"
        },
        "content": "    public Todo(String description) {"
      },
      {
        "lineNumber": 5,
        "author": {
          "gitId": "chloesyy"
        },
        "content": "        super(description);"
      },
      {
        "lineNumber": 6,
        "author": {
          "gitId": "chloesyy"
        },
        "content": "        this.DESCRIPTOR \u003d \"[T]\";"
      },
      {
        "lineNumber": 7,
        "author": {
          "gitId": "chloesyy"
        },
        "content": "    }"
      },
      {
        "lineNumber": 8,
        "author": {
          "gitId": "chloesyy"
        },
        "content": ""
      },
      {
        "lineNumber": 9,
        "author": {
          "gitId": "chloesyy"
        },
        "content": "    @Override"
      },
      {
        "lineNumber": 10,
        "author": {
          "gitId": "chloesyy"
        },
        "content": "    public String getDescriptor() {"
      },
      {
        "lineNumber": 11,
        "author": {
          "gitId": "chloesyy"
        },
        "content": "        return DESCRIPTOR;"
      },
      {
        "lineNumber": 12,
        "author": {
          "gitId": "chloesyy"
        },
        "content": "    }"
      },
      {
        "lineNumber": 13,
        "author": {
          "gitId": "chloesyy"
        },
        "content": ""
      },
      {
        "lineNumber": 14,
        "author": {
          "gitId": "chloesyy"
        },
        "content": "    @Override"
      },
      {
        "lineNumber": 15,
        "author": {
          "gitId": "chloesyy"
        },
        "content": "    public String toString() {"
      },
      {
        "lineNumber": 16,
        "author": {
          "gitId": "chloesyy"
        },
        "content": "        return DESCRIPTOR + \" | \" + (this.isDone ? \"1 | \" : \"0 | \") + this.description;"
      },
      {
        "lineNumber": 17,
        "author": {
          "gitId": "chloesyy"
        },
        "content": "    }"
      },
      {
        "lineNumber": 18,
        "author": {
          "gitId": "chloesyy"
        },
        "content": ""
      },
      {
        "lineNumber": 19,
        "author": {
          "gitId": "chloesyy"
        },
        "content": "    @Override"
      },
      {
        "lineNumber": 20,
        "author": {
          "gitId": "chloesyy"
        },
        "content": "    public void printTask() {"
      },
      {
        "lineNumber": 21,
        "author": {
          "gitId": "chloesyy"
        },
        "content": "        System.out.print(\"  \" + DESCRIPTOR);"
      },
      {
        "lineNumber": 22,
        "author": {
          "gitId": "chloesyy"
        },
        "content": "        super.printTask();"
      },
      {
        "lineNumber": 23,
        "author": {
          "gitId": "chloesyy"
        },
        "content": "    }"
      },
      {
        "lineNumber": 24,
        "author": {
          "gitId": "chloesyy"
        },
        "content": "}"
      }
    ],
    "authorContributionMap": {
      "chloesyy": 24
    }
  }
]
