{
  "authorDailyContributionsMap": {
    "scjx123": [
      {
        "date": "2020-08-19",
        "commitResults": [
          {
            "hash": "f383ce423c50fab742b41b7f59c8c7b10d76ecad",
            "messageTitle": "Greet",
            "messageBody": "",
            "tags": [
              "Level-0"
            ],
            "fileTypesAndContributionMap": {
              "java": {
                "insertions": 5,
                "deletions": 0
              }
            }
          }
        ]
      },
      {
        "date": "2020-08-26",
        "commitResults": [
          {
            "hash": "9cd250a53e814629e82561ee088088d158aaf115",
            "messageTitle": "Greet, Echo, Exit",
            "messageBody": "",
            "tags": [
              "Level-1"
            ],
            "fileTypesAndContributionMap": {
              "java": {
                "insertions": 32,
                "deletions": 3
              }
            }
          },
          {
            "hash": "a1cc0384c019890230e0c58b740bf1a44606eff9",
            "messageTitle": "Add, List",
            "messageBody": "",
            "tags": [
              "Level-2"
            ],
            "fileTypesAndContributionMap": {
              "java": {
                "insertions": 41,
                "deletions": 12
              }
            }
          },
          {
            "hash": "1d5769061ce0189673eb63bac88c1bd3317f628d",
            "messageTitle": "Mark as Done",
            "messageBody": "",
            "tags": [
              "Level-3",
              "A-CodingStandard"
            ],
            "fileTypesAndContributionMap": {
              "java": {
                "insertions": 28,
                "deletions": 11
              }
            }
          }
        ]
      },
      {
        "date": "2020-09-01",
        "commitResults": [
          {
            "hash": "4a9291260c837964628ab0309d7f0fb968c93ded",
            "messageTitle": "add ToDos, Events, Deadlines",
            "messageBody": "",
            "tags": [
              "Level-4",
              "A-TextUiTesting",
              "A-CodeQuality"
            ],
            "fileTypesAndContributionMap": {
              "java": {
                "insertions": 89,
                "deletions": 39
              }
            }
          }
        ]
      },
      {
        "date": "2020-09-03",
        "commitResults": [
          {
            "hash": "fd5044a1a2cf53c0b77f6c6e2148696ff815c5d7",
            "messageTitle": "Add Coding Standards",
            "messageBody": "",
            "tags": [
              "Level-4-updated"
            ],
            "fileTypesAndContributionMap": {
              "java": {
                "insertions": 100,
                "deletions": 75
              }
            }
          }
        ]
      },
      {
        "date": "2020-09-04",
        "commitResults": [
          {
            "hash": "464dc5893e350a7d9ee3ca7ebee2d5da349569ff",
            "messageTitle": "Handle Errors",
            "messageBody": "",
            "fileTypesAndContributionMap": {
              "java": {
                "insertions": 201,
                "deletions": 145
              }
            }
          }
        ]
      },
      {
        "date": "2020-09-10",
        "commitResults": [
          {
            "hash": "94614460840c56f24532146d1e66031c23af85e1",
            "messageTitle": "Delete",
            "messageBody": "",
            "tags": [
              "Level-6",
              "A-Collections"
            ],
            "fileTypesAndContributionMap": {
              "java": {
                "insertions": 32,
                "deletions": 6
              }
            }
          },
          {
            "hash": "b83158db329b7577d7cfb406f99e7b398b333ea2",
            "messageTitle": "Save",
            "messageBody": "",
            "tags": [
              "Level-7"
            ],
            "fileTypesAndContributionMap": {
              "txt": {
                "insertions": 2,
                "deletions": 0
              },
              "java": {
                "insertions": 86,
                "deletions": 10
              }
            }
          },
          {
            "hash": "f6d225fa2899d8f4bc053e2165b387915fe84234",
            "messageTitle": "Added I/O files",
            "messageBody": "",
            "fileTypesAndContributionMap": {
              "txt": {
                "insertions": 2,
                "deletions": 0
              }
            }
          },
          {
            "hash": "38064478ae0bab63626936f3c03860b03f7a2bf3",
            "messageTitle": "update Coding Standards",
            "messageBody": "",
            "tags": [
              "v0.1",
              "A-Jar"
            ],
            "fileTypesAndContributionMap": {
              "txt": {
                "insertions": 4,
                "deletions": 2
              },
              "java": {
                "insertions": 22,
                "deletions": 22
              }
            }
          }
        ]
      },
      {
        "date": "2020-09-15",
        "commitResults": [
          {
            "hash": "a2776a71ab6986874fe1bcd0870e02c2b692b0ff",
            "messageTitle": "Re-add File Checking",
            "messageBody": "",
            "fileTypesAndContributionMap": {
              "txt": {
                "insertions": 1,
                "deletions": 4
              },
              "java": {
                "insertions": 53,
                "deletions": 44
              }
            }
          }
        ]
      }
    ]
  },
  "authorFileTypeContributionMap": {
    "scjx123": {
      "java": 321,
      "md": 0,
      "sh": 0,
      "bat": 0,
      "gradle": 0,
      "txt": 1
    }
  },
  "authorContributionVariance": {
    "scjx123": 5874.794
  },
  "authorDisplayNameMap": {
    "scjx123": "CS2113-T13-2 CHAN..IANG"
  }
}
