[
  {
    "path": "src/main/java/Deadline.java",
    "fileType": "java",
    "lines": [
      {
        "lineNumber": 1,
        "author": {
          "gitId": "jlifah"
        },
        "content": "public class Deadline extends Task {"
      },
      {
        "lineNumber": 2,
        "author": {
          "gitId": "jlifah"
        },
        "content": "    protected String by;"
      },
      {
        "lineNumber": 3,
        "author": {
          "gitId": "jlifah"
        },
        "content": ""
      },
      {
        "lineNumber": 4,
        "author": {
          "gitId": "jlifah"
        },
        "content": ""
      },
      {
        "lineNumber": 5,
        "author": {
          "gitId": "jlifah"
        },
        "content": "    public Deadline(String description, String by) {"
      },
      {
        "lineNumber": 6,
        "author": {
          "gitId": "jlifah"
        },
        "content": "        super(description);"
      },
      {
        "lineNumber": 7,
        "author": {
          "gitId": "jlifah"
        },
        "content": "        this.by \u003d by;"
      },
      {
        "lineNumber": 8,
        "author": {
          "gitId": "jlifah"
        },
        "content": "    }"
      },
      {
        "lineNumber": 9,
        "author": {
          "gitId": "jlifah"
        },
        "content": ""
      },
      {
        "lineNumber": 10,
        "author": {
          "gitId": "jlifah"
        },
        "content": "    @Override"
      },
      {
        "lineNumber": 11,
        "author": {
          "gitId": "jlifah"
        },
        "content": "    public String getTypeIcon(){"
      },
      {
        "lineNumber": 12,
        "author": {
          "gitId": "jlifah"
        },
        "content": "        return \"[D]\";"
      },
      {
        "lineNumber": 13,
        "author": {
          "gitId": "jlifah"
        },
        "content": "    }"
      },
      {
        "lineNumber": 14,
        "author": {
          "gitId": "jlifah"
        },
        "content": ""
      },
      {
        "lineNumber": 15,
        "author": {
          "gitId": "jlifah"
        },
        "content": ""
      },
      {
        "lineNumber": 16,
        "author": {
          "gitId": "jlifah"
        },
        "content": "    @Override"
      },
      {
        "lineNumber": 17,
        "author": {
          "gitId": "jlifah"
        },
        "content": "    public String toString() {"
      },
      {
        "lineNumber": 18,
        "author": {
          "gitId": "jlifah"
        },
        "content": "        return \"[D][\" + getStatusIcon() + \"] \" + description + \" (by: \" + by + \")\";"
      },
      {
        "lineNumber": 19,
        "author": {
          "gitId": "jlifah"
        },
        "content": "    }"
      },
      {
        "lineNumber": 20,
        "author": {
          "gitId": "jlifah"
        },
        "content": ""
      },
      {
        "lineNumber": 21,
        "author": {
          "gitId": "jlifah"
        },
        "content": ""
      },
      {
        "lineNumber": 22,
        "author": {
          "gitId": "jlifah"
        },
        "content": ""
      },
      {
        "lineNumber": 23,
        "author": {
          "gitId": "jlifah"
        },
        "content": "}"
      }
    ],
    "authorContributionMap": {
      "jlifah": 23
    }
  },
  {
    "path": "src/main/java/Duke.java",
    "fileType": "java",
    "lines": [
      {
        "lineNumber": 1,
        "author": {
          "gitId": "jlifah"
        },
        "content": ""
      },
      {
        "lineNumber": 2,
        "author": {
          "gitId": "jlifah"
        },
        "content": "import java.util.Scanner;"
      },
      {
        "lineNumber": 3,
        "author": {
          "gitId": "jlifah"
        },
        "content": ""
      },
      {
        "lineNumber": 4,
        "author": {
          "gitId": "-"
        },
        "content": "public class Duke {"
      },
      {
        "lineNumber": 5,
        "author": {
          "gitId": "jlifah"
        },
        "content": ""
      },
      {
        "lineNumber": 6,
        "author": {
          "gitId": "-"
        },
        "content": "    public static void main(String[] args) {"
      },
      {
        "lineNumber": 7,
        "author": {
          "gitId": "jlifah"
        },
        "content": "        Scanner in \u003d new Scanner(System.in);"
      },
      {
        "lineNumber": 8,
        "author": {
          "gitId": "jlifah"
        },
        "content": "        List list \u003d new List();"
      },
      {
        "lineNumber": 9,
        "author": {
          "gitId": "jlifah"
        },
        "content": ""
      },
      {
        "lineNumber": 10,
        "author": {
          "gitId": "jlifah"
        },
        "content": ""
      },
      {
        "lineNumber": 11,
        "author": {
          "gitId": "jlifah"
        },
        "content": "        System.out.println(\"Hello! I\u0027m Duke\");"
      },
      {
        "lineNumber": 12,
        "author": {
          "gitId": "jlifah"
        },
        "content": "        System.out.println(\"What can I do for you?\\n\");"
      },
      {
        "lineNumber": 13,
        "author": {
          "gitId": "jlifah"
        },
        "content": ""
      },
      {
        "lineNumber": 14,
        "author": {
          "gitId": "jlifah"
        },
        "content": ""
      },
      {
        "lineNumber": 15,
        "author": {
          "gitId": "jlifah"
        },
        "content": "        String userInput \u003d in.nextLine();"
      },
      {
        "lineNumber": 16,
        "author": {
          "gitId": "jlifah"
        },
        "content": ""
      },
      {
        "lineNumber": 17,
        "author": {
          "gitId": "jlifah"
        },
        "content": "        while (!userInput.equals(\"bye\")) {"
      },
      {
        "lineNumber": 18,
        "author": {
          "gitId": "jlifah"
        },
        "content": "            if (userInput.equals(\"list\")) {"
      },
      {
        "lineNumber": 19,
        "author": {
          "gitId": "jlifah"
        },
        "content": "                list.printList();"
      },
      {
        "lineNumber": 20,
        "author": {
          "gitId": "jlifah"
        },
        "content": "            }"
      },
      {
        "lineNumber": 21,
        "author": {
          "gitId": "jlifah"
        },
        "content": ""
      },
      {
        "lineNumber": 22,
        "author": {
          "gitId": "jlifah"
        },
        "content": "            else if(userInput.startsWith(\"done\")){   //cannot use command.equals since user is entering more than just \"done\""
      },
      {
        "lineNumber": 23,
        "author": {
          "gitId": "jlifah"
        },
        "content": "                list.isComplete(userInput);"
      },
      {
        "lineNumber": 24,
        "author": {
          "gitId": "jlifah"
        },
        "content": "            }"
      },
      {
        "lineNumber": 25,
        "author": {
          "gitId": "jlifah"
        },
        "content": ""
      },
      {
        "lineNumber": 26,
        "author": {
          "gitId": "jlifah"
        },
        "content": ""
      },
      {
        "lineNumber": 27,
        "author": {
          "gitId": "jlifah"
        },
        "content": "            else if (userInput.startsWith(\"deadline\")) {"
      },
      {
        "lineNumber": 28,
        "author": {
          "gitId": "jlifah"
        },
        "content": "                list.addDeadline(getDeadlineDescription(userInput),getStringAfterByAt(userInput));"
      },
      {
        "lineNumber": 29,
        "author": {
          "gitId": "jlifah"
        },
        "content": "            }"
      },
      {
        "lineNumber": 30,
        "author": {
          "gitId": "jlifah"
        },
        "content": ""
      },
      {
        "lineNumber": 31,
        "author": {
          "gitId": "jlifah"
        },
        "content": ""
      },
      {
        "lineNumber": 32,
        "author": {
          "gitId": "jlifah"
        },
        "content": "            else if (userInput.startsWith(\"event\")) {"
      },
      {
        "lineNumber": 33,
        "author": {
          "gitId": "jlifah"
        },
        "content": "                list.addEvent(getEventDescription(userInput),getStringAfterByAt(userInput));"
      },
      {
        "lineNumber": 34,
        "author": {
          "gitId": "jlifah"
        },
        "content": "            }"
      },
      {
        "lineNumber": 35,
        "author": {
          "gitId": "jlifah"
        },
        "content": ""
      },
      {
        "lineNumber": 36,
        "author": {
          "gitId": "jlifah"
        },
        "content": "            else if (userInput.startsWith(\"todo\")) {"
      },
      {
        "lineNumber": 37,
        "author": {
          "gitId": "jlifah"
        },
        "content": "                list.addTodo(userInput.substring(5));"
      },
      {
        "lineNumber": 38,
        "author": {
          "gitId": "jlifah"
        },
        "content": "            }"
      },
      {
        "lineNumber": 39,
        "author": {
          "gitId": "jlifah"
        },
        "content": ""
      },
      {
        "lineNumber": 40,
        "author": {
          "gitId": "jlifah"
        },
        "content": "            else {"
      },
      {
        "lineNumber": 41,
        "author": {
          "gitId": "jlifah"
        },
        "content": "                list.addTask(userInput);"
      },
      {
        "lineNumber": 42,
        "author": {
          "gitId": "jlifah"
        },
        "content": "                System.out.println(\"added: \" + userInput + \"\\n\");"
      },
      {
        "lineNumber": 43,
        "author": {
          "gitId": "jlifah"
        },
        "content": "            }"
      },
      {
        "lineNumber": 44,
        "author": {
          "gitId": "jlifah"
        },
        "content": ""
      },
      {
        "lineNumber": 45,
        "author": {
          "gitId": "jlifah"
        },
        "content": "            userInput \u003d in.nextLine(); //read next user input"
      },
      {
        "lineNumber": 46,
        "author": {
          "gitId": "jlifah"
        },
        "content": "        }"
      },
      {
        "lineNumber": 47,
        "author": {
          "gitId": "jlifah"
        },
        "content": ""
      },
      {
        "lineNumber": 48,
        "author": {
          "gitId": "jlifah"
        },
        "content": "        System.out.println(\"Bye. Hope to see you again soon!\");"
      },
      {
        "lineNumber": 49,
        "author": {
          "gitId": "jlifah"
        },
        "content": ""
      },
      {
        "lineNumber": 50,
        "author": {
          "gitId": "-"
        },
        "content": "    }"
      },
      {
        "lineNumber": 51,
        "author": {
          "gitId": "jlifah"
        },
        "content": ""
      },
      {
        "lineNumber": 52,
        "author": {
          "gitId": "jlifah"
        },
        "content": ""
      },
      {
        "lineNumber": 53,
        "author": {
          "gitId": "jlifah"
        },
        "content": ""
      },
      {
        "lineNumber": 54,
        "author": {
          "gitId": "jlifah"
        },
        "content": "    public static String getDeadlineDescription (String input) {"
      },
      {
        "lineNumber": 55,
        "author": {
          "gitId": "jlifah"
        },
        "content": "        String description \u003d input.substring(9);"
      },
      {
        "lineNumber": 56,
        "author": {
          "gitId": "jlifah"
        },
        "content": "        int index \u003d description.indexOf(\u0027/\u0027);"
      },
      {
        "lineNumber": 57,
        "author": {
          "gitId": "jlifah"
        },
        "content": "        description\u003ddescription.substring(0, index-1);"
      },
      {
        "lineNumber": 58,
        "author": {
          "gitId": "jlifah"
        },
        "content": "        return description;"
      },
      {
        "lineNumber": 59,
        "author": {
          "gitId": "jlifah"
        },
        "content": "    }"
      },
      {
        "lineNumber": 60,
        "author": {
          "gitId": "jlifah"
        },
        "content": ""
      },
      {
        "lineNumber": 61,
        "author": {
          "gitId": "jlifah"
        },
        "content": "    public static String getStringAfterByAt (String input) {"
      },
      {
        "lineNumber": 62,
        "author": {
          "gitId": "jlifah"
        },
        "content": "        String by \u003d input.substring(input.indexOf(\u0027/\u0027)+4); //keep those after \u0027/\u0027"
      },
      {
        "lineNumber": 63,
        "author": {
          "gitId": "jlifah"
        },
        "content": "        return by;"
      },
      {
        "lineNumber": 64,
        "author": {
          "gitId": "jlifah"
        },
        "content": "    }"
      },
      {
        "lineNumber": 65,
        "author": {
          "gitId": "jlifah"
        },
        "content": ""
      },
      {
        "lineNumber": 66,
        "author": {
          "gitId": "jlifah"
        },
        "content": "    public static String getEventDescription (String input) {"
      },
      {
        "lineNumber": 67,
        "author": {
          "gitId": "jlifah"
        },
        "content": "        String description \u003d input.substring(6);"
      },
      {
        "lineNumber": 68,
        "author": {
          "gitId": "jlifah"
        },
        "content": "        int index \u003d description.indexOf(\u0027/\u0027);"
      },
      {
        "lineNumber": 69,
        "author": {
          "gitId": "jlifah"
        },
        "content": "        description\u003ddescription.substring(0, index-1);"
      },
      {
        "lineNumber": 70,
        "author": {
          "gitId": "jlifah"
        },
        "content": "        return description;"
      },
      {
        "lineNumber": 71,
        "author": {
          "gitId": "jlifah"
        },
        "content": "    }"
      },
      {
        "lineNumber": 72,
        "author": {
          "gitId": "jlifah"
        },
        "content": ""
      },
      {
        "lineNumber": 73,
        "author": {
          "gitId": "jlifah"
        },
        "content": ""
      },
      {
        "lineNumber": 74,
        "author": {
          "gitId": "-"
        },
        "content": "}"
      },
      {
        "lineNumber": 75,
        "author": {
          "gitId": "jlifah"
        },
        "content": ""
      }
    ],
    "authorContributionMap": {
      "jlifah": 71,
      "-": 4
    }
  },
  {
    "path": "src/main/java/Event.java",
    "fileType": "java",
    "lines": [
      {
        "lineNumber": 1,
        "author": {
          "gitId": "jlifah"
        },
        "content": "public class Event extends Task {"
      },
      {
        "lineNumber": 2,
        "author": {
          "gitId": "jlifah"
        },
        "content": "    protected String at;"
      },
      {
        "lineNumber": 3,
        "author": {
          "gitId": "jlifah"
        },
        "content": ""
      },
      {
        "lineNumber": 4,
        "author": {
          "gitId": "jlifah"
        },
        "content": ""
      },
      {
        "lineNumber": 5,
        "author": {
          "gitId": "jlifah"
        },
        "content": "    public Event (String description, String at) {"
      },
      {
        "lineNumber": 6,
        "author": {
          "gitId": "jlifah"
        },
        "content": "        super(description);"
      },
      {
        "lineNumber": 7,
        "author": {
          "gitId": "jlifah"
        },
        "content": "        this.at \u003d at;"
      },
      {
        "lineNumber": 8,
        "author": {
          "gitId": "jlifah"
        },
        "content": ""
      },
      {
        "lineNumber": 9,
        "author": {
          "gitId": "jlifah"
        },
        "content": "    }"
      },
      {
        "lineNumber": 10,
        "author": {
          "gitId": "jlifah"
        },
        "content": ""
      },
      {
        "lineNumber": 11,
        "author": {
          "gitId": "jlifah"
        },
        "content": "    public String getSituation () {"
      },
      {
        "lineNumber": 12,
        "author": {
          "gitId": "jlifah"
        },
        "content": "        return (\"[E]\");"
      },
      {
        "lineNumber": 13,
        "author": {
          "gitId": "jlifah"
        },
        "content": "    }"
      },
      {
        "lineNumber": 14,
        "author": {
          "gitId": "jlifah"
        },
        "content": ""
      },
      {
        "lineNumber": 15,
        "author": {
          "gitId": "jlifah"
        },
        "content": "    @Override"
      },
      {
        "lineNumber": 16,
        "author": {
          "gitId": "jlifah"
        },
        "content": "    public String toString() {"
      },
      {
        "lineNumber": 17,
        "author": {
          "gitId": "jlifah"
        },
        "content": "        return \"[E][\" + getStatusIcon() + \"] \" + description + \" (at: \" + at + \")\";"
      },
      {
        "lineNumber": 18,
        "author": {
          "gitId": "jlifah"
        },
        "content": "    }"
      },
      {
        "lineNumber": 19,
        "author": {
          "gitId": "jlifah"
        },
        "content": ""
      },
      {
        "lineNumber": 20,
        "author": {
          "gitId": "jlifah"
        },
        "content": "    @Override"
      },
      {
        "lineNumber": 21,
        "author": {
          "gitId": "jlifah"
        },
        "content": "    public String getTypeIcon(){"
      },
      {
        "lineNumber": 22,
        "author": {
          "gitId": "jlifah"
        },
        "content": "        return \"[E]\";"
      },
      {
        "lineNumber": 23,
        "author": {
          "gitId": "jlifah"
        },
        "content": "    }"
      },
      {
        "lineNumber": 24,
        "author": {
          "gitId": "jlifah"
        },
        "content": ""
      },
      {
        "lineNumber": 25,
        "author": {
          "gitId": "jlifah"
        },
        "content": "}"
      }
    ],
    "authorContributionMap": {
      "jlifah": 25
    }
  },
  {
    "path": "src/main/java/List.java",
    "fileType": "java",
    "lines": [
      {
        "lineNumber": 1,
        "author": {
          "gitId": "jlifah"
        },
        "content": ""
      },
      {
        "lineNumber": 2,
        "author": {
          "gitId": "jlifah"
        },
        "content": "public class List {"
      },
      {
        "lineNumber": 3,
        "author": {
          "gitId": "jlifah"
        },
        "content": "    private Task[] list;"
      },
      {
        "lineNumber": 4,
        "author": {
          "gitId": "jlifah"
        },
        "content": "    private static int size;"
      },
      {
        "lineNumber": 5,
        "author": {
          "gitId": "jlifah"
        },
        "content": ""
      },
      {
        "lineNumber": 6,
        "author": {
          "gitId": "jlifah"
        },
        "content": "    public List() {                             //constructor"
      },
      {
        "lineNumber": 7,
        "author": {
          "gitId": "jlifah"
        },
        "content": "        this.list \u003d new Task[100];"
      },
      {
        "lineNumber": 8,
        "author": {
          "gitId": "jlifah"
        },
        "content": "        this.size \u003d 0;"
      },
      {
        "lineNumber": 9,
        "author": {
          "gitId": "jlifah"
        },
        "content": "    }"
      },
      {
        "lineNumber": 10,
        "author": {
          "gitId": "jlifah"
        },
        "content": ""
      },
      {
        "lineNumber": 11,
        "author": {
          "gitId": "jlifah"
        },
        "content": "    public void printList() {"
      },
      {
        "lineNumber": 12,
        "author": {
          "gitId": "jlifah"
        },
        "content": "        System.out.println(\"Here are the tasks in your list:\");"
      },
      {
        "lineNumber": 13,
        "author": {
          "gitId": "jlifah"
        },
        "content": "        for (int i \u003d 0; i \u003c size; i++) {"
      },
      {
        "lineNumber": 14,
        "author": {
          "gitId": "jlifah"
        },
        "content": "//            System.out.println((i+1) + \". [\" + this.list[i].getStatusIcon() + \"]\"  + this.list[i].description);"
      },
      {
        "lineNumber": 15,
        "author": {
          "gitId": "jlifah"
        },
        "content": "            System.out.println(i+1 + \". \" + this.list[i].toString());"
      },
      {
        "lineNumber": 16,
        "author": {
          "gitId": "jlifah"
        },
        "content": "        }"
      },
      {
        "lineNumber": 17,
        "author": {
          "gitId": "jlifah"
        },
        "content": "        System.out.println(\"\");"
      },
      {
        "lineNumber": 18,
        "author": {
          "gitId": "jlifah"
        },
        "content": "    }"
      },
      {
        "lineNumber": 19,
        "author": {
          "gitId": "jlifah"
        },
        "content": ""
      },
      {
        "lineNumber": 20,
        "author": {
          "gitId": "jlifah"
        },
        "content": ""
      },
      {
        "lineNumber": 21,
        "author": {
          "gitId": "jlifah"
        },
        "content": "    public void addTask(String description) {"
      },
      {
        "lineNumber": 22,
        "author": {
          "gitId": "jlifah"
        },
        "content": "        this.list[size] \u003d new Task(description);"
      },
      {
        "lineNumber": 23,
        "author": {
          "gitId": "jlifah"
        },
        "content": "        this.size++;"
      },
      {
        "lineNumber": 24,
        "author": {
          "gitId": "jlifah"
        },
        "content": "    }"
      },
      {
        "lineNumber": 25,
        "author": {
          "gitId": "jlifah"
        },
        "content": ""
      },
      {
        "lineNumber": 26,
        "author": {
          "gitId": "jlifah"
        },
        "content": ""
      },
      {
        "lineNumber": 27,
        "author": {
          "gitId": "jlifah"
        },
        "content": "    public void addDeadline (String description, String by) {"
      },
      {
        "lineNumber": 28,
        "author": {
          "gitId": "jlifah"
        },
        "content": "        this.list[size] \u003d new Deadline(description, by);"
      },
      {
        "lineNumber": 29,
        "author": {
          "gitId": "jlifah"
        },
        "content": "        System.out.println(\"Got it. I\u0027ve added this task:\");"
      },
      {
        "lineNumber": 30,
        "author": {
          "gitId": "jlifah"
        },
        "content": "//        System.out.println(\"[D][\" + this.list[this.size].getStatusIcon() + \"] \" + description + \" (by: \" + by + \")\");"
      },
      {
        "lineNumber": 31,
        "author": {
          "gitId": "jlifah"
        },
        "content": "        System.out.println(list[this.size].toString());"
      },
      {
        "lineNumber": 32,
        "author": {
          "gitId": "jlifah"
        },
        "content": "        this.size++;"
      },
      {
        "lineNumber": 33,
        "author": {
          "gitId": "jlifah"
        },
        "content": "        System.out.println(\"Now you have \" + this.size + \" tasks in the list.\\n\");"
      },
      {
        "lineNumber": 34,
        "author": {
          "gitId": "jlifah"
        },
        "content": "    }"
      },
      {
        "lineNumber": 35,
        "author": {
          "gitId": "jlifah"
        },
        "content": ""
      },
      {
        "lineNumber": 36,
        "author": {
          "gitId": "jlifah"
        },
        "content": ""
      },
      {
        "lineNumber": 37,
        "author": {
          "gitId": "jlifah"
        },
        "content": "    public void addEvent(String description, String at) {"
      },
      {
        "lineNumber": 38,
        "author": {
          "gitId": "jlifah"
        },
        "content": "        this.list[size] \u003d new Event(description, at);"
      },
      {
        "lineNumber": 39,
        "author": {
          "gitId": "jlifah"
        },
        "content": "        System.out.println(\"Got it. I\u0027ve added this task:\");"
      },
      {
        "lineNumber": 40,
        "author": {
          "gitId": "jlifah"
        },
        "content": "        System.out.println(list[this.size].toString());"
      },
      {
        "lineNumber": 41,
        "author": {
          "gitId": "jlifah"
        },
        "content": "        this.size++;"
      },
      {
        "lineNumber": 42,
        "author": {
          "gitId": "jlifah"
        },
        "content": "        System.out.println(\"Now you have \" + this.size + \" tasks in the list.\\n\");"
      },
      {
        "lineNumber": 43,
        "author": {
          "gitId": "jlifah"
        },
        "content": "    }"
      },
      {
        "lineNumber": 44,
        "author": {
          "gitId": "jlifah"
        },
        "content": ""
      },
      {
        "lineNumber": 45,
        "author": {
          "gitId": "jlifah"
        },
        "content": "    public void addTodo (String description) {"
      },
      {
        "lineNumber": 46,
        "author": {
          "gitId": "jlifah"
        },
        "content": "        this.list[size] \u003d new Todo(description);"
      },
      {
        "lineNumber": 47,
        "author": {
          "gitId": "jlifah"
        },
        "content": "        System.out.println(\"Got it. I\u0027ve added this task:\");"
      },
      {
        "lineNumber": 48,
        "author": {
          "gitId": "jlifah"
        },
        "content": "        System.out.println(list[this.size].toString());"
      },
      {
        "lineNumber": 49,
        "author": {
          "gitId": "jlifah"
        },
        "content": "        this.size++;"
      },
      {
        "lineNumber": 50,
        "author": {
          "gitId": "jlifah"
        },
        "content": "        System.out.println(\"Now you have \" + this.size + \" tasks in the list.\\n\");"
      },
      {
        "lineNumber": 51,
        "author": {
          "gitId": "jlifah"
        },
        "content": "    }"
      },
      {
        "lineNumber": 52,
        "author": {
          "gitId": "jlifah"
        },
        "content": ""
      },
      {
        "lineNumber": 53,
        "author": {
          "gitId": "jlifah"
        },
        "content": ""
      },
      {
        "lineNumber": 54,
        "author": {
          "gitId": "jlifah"
        },
        "content": "    public void isComplete(String command) {"
      },
      {
        "lineNumber": 55,
        "author": {
          "gitId": "jlifah"
        },
        "content": "        command \u003d command.replace(\"done\", \" \");"
      },
      {
        "lineNumber": 56,
        "author": {
          "gitId": "jlifah"
        },
        "content": "        command \u003d command.strip(); //removes white space"
      },
      {
        "lineNumber": 57,
        "author": {
          "gitId": "jlifah"
        },
        "content": "        int index;"
      },
      {
        "lineNumber": 58,
        "author": {
          "gitId": "jlifah"
        },
        "content": "        index \u003d Integer.parseInt(command);"
      },
      {
        "lineNumber": 59,
        "author": {
          "gitId": "jlifah"
        },
        "content": "        index--;"
      },
      {
        "lineNumber": 60,
        "author": {
          "gitId": "jlifah"
        },
        "content": ""
      },
      {
        "lineNumber": 61,
        "author": {
          "gitId": "jlifah"
        },
        "content": "        this.list[index].markTaskAsDone();"
      },
      {
        "lineNumber": 62,
        "author": {
          "gitId": "jlifah"
        },
        "content": "        System.out.println(\"Nice! I\u0027ve marked this task as done:\");"
      },
      {
        "lineNumber": 63,
        "author": {
          "gitId": "jlifah"
        },
        "content": "        System.out.println(this.list[index].toString() + \"\\n\");"
      },
      {
        "lineNumber": 64,
        "author": {
          "gitId": "jlifah"
        },
        "content": "    }"
      },
      {
        "lineNumber": 65,
        "author": {
          "gitId": "jlifah"
        },
        "content": "}"
      },
      {
        "lineNumber": 66,
        "author": {
          "gitId": "jlifah"
        },
        "content": ""
      },
      {
        "lineNumber": 67,
        "author": {
          "gitId": "jlifah"
        },
        "content": ""
      },
      {
        "lineNumber": 68,
        "author": {
          "gitId": "jlifah"
        },
        "content": ""
      },
      {
        "lineNumber": 69,
        "author": {
          "gitId": "jlifah"
        },
        "content": ""
      }
    ],
    "authorContributionMap": {
      "jlifah": 69
    }
  },
  {
    "path": "src/main/java/Task.java",
    "fileType": "java",
    "lines": [
      {
        "lineNumber": 1,
        "author": {
          "gitId": "jlifah"
        },
        "content": "public class Task {"
      },
      {
        "lineNumber": 2,
        "author": {
          "gitId": "jlifah"
        },
        "content": "    protected String description;"
      },
      {
        "lineNumber": 3,
        "author": {
          "gitId": "jlifah"
        },
        "content": "    protected boolean isDone;"
      },
      {
        "lineNumber": 4,
        "author": {
          "gitId": "jlifah"
        },
        "content": ""
      },
      {
        "lineNumber": 5,
        "author": {
          "gitId": "jlifah"
        },
        "content": "    public void markTaskAsDone() {"
      },
      {
        "lineNumber": 6,
        "author": {
          "gitId": "jlifah"
        },
        "content": "        this.isDone \u003d true;"
      },
      {
        "lineNumber": 7,
        "author": {
          "gitId": "jlifah"
        },
        "content": "    }"
      },
      {
        "lineNumber": 8,
        "author": {
          "gitId": "jlifah"
        },
        "content": "    public Task(String description) {"
      },
      {
        "lineNumber": 9,
        "author": {
          "gitId": "jlifah"
        },
        "content": "        this.description \u003d description;"
      },
      {
        "lineNumber": 10,
        "author": {
          "gitId": "jlifah"
        },
        "content": "        this.isDone \u003d false;"
      },
      {
        "lineNumber": 11,
        "author": {
          "gitId": "jlifah"
        },
        "content": "    }"
      },
      {
        "lineNumber": 12,
        "author": {
          "gitId": "jlifah"
        },
        "content": ""
      },
      {
        "lineNumber": 13,
        "author": {
          "gitId": "jlifah"
        },
        "content": "    public String getStatusIcon() {"
      },
      {
        "lineNumber": 14,
        "author": {
          "gitId": "jlifah"
        },
        "content": "        return (isDone ? \"\\u2713\" : \"\\u2718\"); //return tick or X symbols"
      },
      {
        "lineNumber": 15,
        "author": {
          "gitId": "jlifah"
        },
        "content": "    }"
      },
      {
        "lineNumber": 16,
        "author": {
          "gitId": "jlifah"
        },
        "content": ""
      },
      {
        "lineNumber": 17,
        "author": {
          "gitId": "jlifah"
        },
        "content": "    public String getTypeIcon() {"
      },
      {
        "lineNumber": 18,
        "author": {
          "gitId": "jlifah"
        },
        "content": "        return null;"
      },
      {
        "lineNumber": 19,
        "author": {
          "gitId": "jlifah"
        },
        "content": "    }"
      },
      {
        "lineNumber": 20,
        "author": {
          "gitId": "jlifah"
        },
        "content": ""
      },
      {
        "lineNumber": 21,
        "author": {
          "gitId": "jlifah"
        },
        "content": "    @Override"
      },
      {
        "lineNumber": 22,
        "author": {
          "gitId": "jlifah"
        },
        "content": "    public String toString(){"
      },
      {
        "lineNumber": 23,
        "author": {
          "gitId": "jlifah"
        },
        "content": ""
      },
      {
        "lineNumber": 24,
        "author": {
          "gitId": "jlifah"
        },
        "content": "        return  getTypeIcon() + getStatusIcon() + description;"
      },
      {
        "lineNumber": 25,
        "author": {
          "gitId": "jlifah"
        },
        "content": "    }"
      },
      {
        "lineNumber": 26,
        "author": {
          "gitId": "jlifah"
        },
        "content": ""
      },
      {
        "lineNumber": 27,
        "author": {
          "gitId": "jlifah"
        },
        "content": ""
      },
      {
        "lineNumber": 28,
        "author": {
          "gitId": "jlifah"
        },
        "content": ""
      },
      {
        "lineNumber": 29,
        "author": {
          "gitId": "jlifah"
        },
        "content": ""
      },
      {
        "lineNumber": 30,
        "author": {
          "gitId": "jlifah"
        },
        "content": "}"
      }
    ],
    "authorContributionMap": {
      "jlifah": 30
    }
  },
  {
    "path": "src/main/java/Todo.java",
    "fileType": "java",
    "lines": [
      {
        "lineNumber": 1,
        "author": {
          "gitId": "jlifah"
        },
        "content": "public class Todo extends Task{"
      },
      {
        "lineNumber": 2,
        "author": {
          "gitId": "jlifah"
        },
        "content": ""
      },
      {
        "lineNumber": 3,
        "author": {
          "gitId": "jlifah"
        },
        "content": "    public Todo (String description) {"
      },
      {
        "lineNumber": 4,
        "author": {
          "gitId": "jlifah"
        },
        "content": "        super(description);"
      },
      {
        "lineNumber": 5,
        "author": {
          "gitId": "jlifah"
        },
        "content": ""
      },
      {
        "lineNumber": 6,
        "author": {
          "gitId": "jlifah"
        },
        "content": "    }"
      },
      {
        "lineNumber": 7,
        "author": {
          "gitId": "jlifah"
        },
        "content": ""
      },
      {
        "lineNumber": 8,
        "author": {
          "gitId": "jlifah"
        },
        "content": "    public String getSituation () {"
      },
      {
        "lineNumber": 9,
        "author": {
          "gitId": "jlifah"
        },
        "content": "        return (\"[T]\");"
      },
      {
        "lineNumber": 10,
        "author": {
          "gitId": "jlifah"
        },
        "content": "    }"
      },
      {
        "lineNumber": 11,
        "author": {
          "gitId": "jlifah"
        },
        "content": ""
      },
      {
        "lineNumber": 12,
        "author": {
          "gitId": "jlifah"
        },
        "content": "    @Override"
      },
      {
        "lineNumber": 13,
        "author": {
          "gitId": "jlifah"
        },
        "content": "    public String toString() {"
      },
      {
        "lineNumber": 14,
        "author": {
          "gitId": "jlifah"
        },
        "content": "        return \"[T][\" + getStatusIcon() + \"] \" + description;"
      },
      {
        "lineNumber": 15,
        "author": {
          "gitId": "jlifah"
        },
        "content": "    }"
      },
      {
        "lineNumber": 16,
        "author": {
          "gitId": "jlifah"
        },
        "content": ""
      },
      {
        "lineNumber": 17,
        "author": {
          "gitId": "jlifah"
        },
        "content": "    @Override"
      },
      {
        "lineNumber": 18,
        "author": {
          "gitId": "jlifah"
        },
        "content": "    public String getTypeIcon(){"
      },
      {
        "lineNumber": 19,
        "author": {
          "gitId": "jlifah"
        },
        "content": "        return \"[T]\";"
      },
      {
        "lineNumber": 20,
        "author": {
          "gitId": "jlifah"
        },
        "content": "    }"
      },
      {
        "lineNumber": 21,
        "author": {
          "gitId": "jlifah"
        },
        "content": ""
      },
      {
        "lineNumber": 22,
        "author": {
          "gitId": "jlifah"
        },
        "content": ""
      },
      {
        "lineNumber": 23,
        "author": {
          "gitId": "jlifah"
        },
        "content": "}"
      }
    ],
    "authorContributionMap": {
      "jlifah": 23
    }
  }
]
