{
  "authorDailyContributionsMap": {
    "jlifah": [
      {
        "date": "2020-08-20",
        "commitResults": [
          {
            "hash": "da33798baa353712f6c28e34837b5935b93d3a85",
            "messageTitle": "message for level 0 done",
            "messageBody": "",
            "tags": [
              "—delete",
              "—-delete"
            ],
            "fileTypesAndContributionMap": {
              "java": {
                "insertions": 9,
                "deletions": 0
              }
            }
          }
        ]
      },
      {
        "date": "2020-08-25",
        "commitResults": [
          {
            "hash": "4c4dae4c13404ddc0096fb26c9e40e908d615093",
            "messageTitle": "Level 1",
            "messageBody": "",
            "fileTypesAndContributionMap": {
              "java": {
                "insertions": 147,
                "deletions": 12
              }
            }
          },
          {
            "hash": "abd3f77dfb9dedb5d296d26e2815fcc8511e6853",
            "messageTitle": "Level0-25Aug2020Test1",
            "messageBody": "",
            "tags": [
              "Level0-25Aug2020Test1"
            ],
            "fileTypesAndContributionMap": {
              "java": {
                "insertions": 83,
                "deletions": 20
              }
            }
          },
          {
            "hash": "d1cca895aa61e302376aa38ed7d13aaa6c42877a",
            "messageTitle": "Level1-25Aug2020Test1",
            "messageBody": "",
            "tags": [
              "Level1-25Aug2020Test1"
            ],
            "fileTypesAndContributionMap": {
              "java": {
                "insertions": 67,
                "deletions": 19
              }
            }
          },
          {
            "hash": "52e48ab9800dac5a7abc5d5485280892b6211b61",
            "messageTitle": "Level2-25Aug2020Test1",
            "messageBody": "",
            "tags": [
              "Level2-25Aug2020Test1"
            ],
            "fileTypesAndContributionMap": {
              "java": {
                "insertions": 44,
                "deletions": 100
              }
            }
          },
          {
            "hash": "c9a4a49d7a7c3589869ea1996635d9a2bbce4e12",
            "messageTitle": "Level3-25Aug2020Test1",
            "messageBody": "",
            "tags": [
              "Level3-25Aug2020Test1"
            ],
            "fileTypesAndContributionMap": {
              "java": {
                "insertions": 52,
                "deletions": 55
              }
            }
          },
          {
            "hash": "d8d487a43ed52e4e009de0ab41cf389c1ade2749",
            "messageTitle": "ACodingStandard(switch)-25Aug2020Test1",
            "messageBody": "",
            "tags": [
              "ACodingStandard-25Aug2020Test1"
            ],
            "fileTypesAndContributionMap": {
              "java": {
                "insertions": 1,
                "deletions": 0
              }
            }
          }
        ]
      },
      {
        "date": "2020-09-01",
        "commitResults": [
          {
            "hash": "787b8c4829c4884cfda3f5cd37906df16ba0aced",
            "messageTitle": "Level-4_01Sep2020",
            "messageBody": "",
            "tags": [
              "Level-4_01Sep2020"
            ],
            "fileTypesAndContributionMap": {
              "java": {
                "insertions": 206,
                "deletions": 178
              }
            }
          },
          {
            "hash": "769d7cfffbbba265fcc01fb1dde3e114db0e0140",
            "messageTitle": "A-CodeQuality_01Sep2020",
            "messageBody": "",
            "tags": [
              "A-CodeQuality_01Sep2020"
            ],
            "fileTypesAndContributionMap": {
              "java": {
                "insertions": 25,
                "deletions": 15
              }
            }
          }
        ]
      },
      {
        "date": "2020-09-06",
        "commitResults": [
          {
            "hash": "dff11e585bfa71f5954532ba5634ee6ef33910aa",
            "messageTitle": "Level-5",
            "messageBody": "",
            "tags": [
              "Level-5"
            ],
            "fileTypesAndContributionMap": {
              "java": {
                "insertions": 23,
                "deletions": 8
              }
            }
          }
        ]
      },
      {
        "date": "2020-09-11",
        "commitResults": [
          {
            "hash": "a901ce28d4ff09a0d311fd9d4171c6cf5fa768bf",
            "messageTitle": "test change",
            "messageBody": "",
            "fileTypesAndContributionMap": {
              "java": {
                "insertions": 8,
                "deletions": 23
              }
            }
          }
        ]
      },
      {
        "date": "2020-09-13",
        "commitResults": [
          {
            "hash": "cbb94cb03fcb7981325f28431a487b324e8ba813",
            "messageTitle": "Level-6",
            "messageBody": "",
            "tags": [
              "Level-6"
            ],
            "fileTypesAndContributionMap": {
              "java": {
                "insertions": 94,
                "deletions": 31
              }
            }
          },
          {
            "hash": "96a711e366fe55ebdbf8a6b4e041d5d70e3c4433",
            "messageTitle": "Level-7",
            "messageBody": "",
            "tags": [
              "Level-7",
              "A-Jar"
            ],
            "fileTypesAndContributionMap": {
              "java": {
                "insertions": 1,
                "deletions": 1
              }
            }
          }
        ]
      },
      {
        "date": "2020-09-16",
        "commitResults": [
          {
            "hash": "d84a9fd42042b3420201842d2f1c99b5ed1634a7",
            "messageTitle": "Level-7-1609",
            "messageBody": "",
            "fileTypesAndContributionMap": {
              "txt": {
                "insertions": 1,
                "deletions": 0
              },
              "java": {
                "insertions": 36,
                "deletions": 23
              }
            }
          },
          {
            "hash": "e0affaea98c961430d935fafbd9145cfcace1257",
            "messageTitle": "Level-7-Test",
            "messageBody": "",
            "fileTypesAndContributionMap": {
              "txt": {
                "insertions": 2,
                "deletions": 1
              }
            }
          },
          {
            "hash": "6208710a75a762c27193d756af94caf9c0743bbb",
            "messageTitle": "Level-7-Test2",
            "messageBody": "",
            "fileTypesAndContributionMap": {
              "txt": {
                "insertions": 1,
                "deletions": 2
              },
              "java": {
                "insertions": 2,
                "deletions": 1
              }
            }
          }
        ]
      },
      {
        "date": "2020-09-17",
        "commitResults": [
          {
            "hash": "96affd6a58dcc0d55d45158ca83b2949ea2ad515",
            "messageTitle": "Level-7-Test3",
            "messageBody": "",
            "fileTypesAndContributionMap": {
              "txt": {
                "insertions": 4,
                "deletions": 1
              },
              "java": {
                "insertions": 86,
                "deletions": 58
              }
            }
          },
          {
            "hash": "3ab12534912cbe42283c6e2ac85ef282b35f02d5",
            "messageTitle": "Level-5-Changes",
            "messageBody": "",
            "fileTypesAndContributionMap": {
              "java": {
                "insertions": 0,
                "deletions": 4
              }
            }
          }
        ]
      },
      {
        "date": "2020-09-18",
        "commitResults": [
          {
            "hash": "273d8b7595082ab2c83db7645aa429278b83b936",
            "messageTitle": "Revert to level7",
            "messageBody": "",
            "fileTypesAndContributionMap": {
              "java": {
                "insertions": 2,
                "deletions": 0
              }
            }
          },
          {
            "hash": "3882d0810116d8a93e65c407ea571086317dc976",
            "messageTitle": "Revert-deleted seedu",
            "messageBody": "",
            "fileTypesAndContributionMap": {
              "gradle": {
                "insertions": 1,
                "deletions": 24
              },
              "java": {
                "insertions": 1,
                "deletions": 22
              }
            }
          },
          {
            "hash": "43a3f6d0655933c21746f5139f184d3336acc36a",
            "messageTitle": "Level-7 fixed",
            "messageBody": "",
            "tags": [
              "Level-7-fixed"
            ],
            "fileTypesAndContributionMap": {
              "txt": {
                "insertions": 0,
                "deletions": 4
              },
              "java": {
                "insertions": 80,
                "deletions": 88
              }
            }
          }
        ]
      },
      {
        "date": "2020-09-21",
        "commitResults": [
          {
            "hash": "f471d990d9760fac633d0883790dc6811c0e79c8",
            "messageTitle": "Updated till Level-7 (21st Sept)",
            "messageBody": "",
            "tags": [
              "Updated_till_level-7(21stSept)"
            ],
            "fileTypesAndContributionMap": {
              "java": {
                "insertions": 19,
                "deletions": 9
              }
            }
          },
          {
            "hash": "7cf73f20c20378819435cc47eabb0ef443552e66",
            "messageTitle": "Remove gradle-21 sept",
            "messageBody": "",
            "tags": [
              "removeGradle"
            ],
            "fileTypesAndContributionMap": {
              "gradle": {
                "insertions": 0,
                "deletions": 46
              },
              "txt": {
                "insertions": 0,
                "deletions": 1
              },
              "java": {
                "insertions": 3,
                "deletions": 22
              },
              "bat": {
                "insertions": 0,
                "deletions": 103
              },
              "sh": {
                "insertions": 26,
                "deletions": 15
              },
              "md": {
                "insertions": 24,
                "deletions": 39
              }
            }
          },
          {
            "hash": "4681239cdb3f0bb6c4e998475f06b2b2ae546fa6",
            "messageTitle": "level-7 w/o branches",
            "messageBody": "",
            "tags": [
              "w/oBranches(level-7)"
            ],
            "fileTypesAndContributionMap": {
              "java": {
                "insertions": 25,
                "deletions": 39
              }
            }
          }
        ]
      },
      {
        "date": "2020-09-24",
        "commitResults": [
          {
            "hash": "012035039e4bf8eff880280bdf91bc1b87640f0e",
            "messageTitle": "A-MoreOOP",
            "messageBody": "",
            "tags": [
              "A-MoreOOP"
            ],
            "fileTypesAndContributionMap": {
              "java": {
                "insertions": 372,
                "deletions": 209
              }
            }
          }
        ]
      }
    ]
  },
  "authorFileTypeContributionMap": {
    "jlifah": {
      "java": 489,
      "md": 37,
      "sh": 0,
      "bat": 0,
      "gradle": 0,
      "txt": 0
    }
  },
  "authorContributionVariance": {
    "jlifah": 22556.553
  },
  "authorDisplayNameMap": {
    "jlifah": "CS2113T-T09-4 JENN.. LIN"
  }
}
