{
  "authorDailyContributionsMap": {
    "jlifah": [
      {
        "date": "2020-08-20",
        "commitResults": [
          {
            "hash": "da33798baa353712f6c28e34837b5935b93d3a85",
            "messageTitle": "message for level 0 done",
            "messageBody": "",
            "tags": [
              "—delete",
              "—-delete"
            ],
            "fileTypesAndContributionMap": {
              "java": {
                "insertions": 9,
                "deletions": 0
              }
            }
          }
        ]
      },
      {
        "date": "2020-08-25",
        "commitResults": [
          {
            "hash": "4c4dae4c13404ddc0096fb26c9e40e908d615093",
            "messageTitle": "Level 1",
            "messageBody": "",
            "fileTypesAndContributionMap": {
              "java": {
                "insertions": 147,
                "deletions": 12
              }
            }
          },
          {
            "hash": "abd3f77dfb9dedb5d296d26e2815fcc8511e6853",
            "messageTitle": "Level0-25Aug2020Test1",
            "messageBody": "",
            "tags": [
              "Level0-25Aug2020Test1"
            ],
            "fileTypesAndContributionMap": {
              "java": {
                "insertions": 83,
                "deletions": 20
              }
            }
          },
          {
            "hash": "d1cca895aa61e302376aa38ed7d13aaa6c42877a",
            "messageTitle": "Level1-25Aug2020Test1",
            "messageBody": "",
            "tags": [
              "Level1-25Aug2020Test1"
            ],
            "fileTypesAndContributionMap": {
              "java": {
                "insertions": 67,
                "deletions": 19
              }
            }
          },
          {
            "hash": "52e48ab9800dac5a7abc5d5485280892b6211b61",
            "messageTitle": "Level2-25Aug2020Test1",
            "messageBody": "",
            "tags": [
              "Level2-25Aug2020Test1"
            ],
            "fileTypesAndContributionMap": {
              "java": {
                "insertions": 44,
                "deletions": 100
              }
            }
          },
          {
            "hash": "c9a4a49d7a7c3589869ea1996635d9a2bbce4e12",
            "messageTitle": "Level3-25Aug2020Test1",
            "messageBody": "",
            "tags": [
              "Level3-25Aug2020Test1"
            ],
            "fileTypesAndContributionMap": {
              "java": {
                "insertions": 52,
                "deletions": 55
              }
            }
          },
          {
            "hash": "d8d487a43ed52e4e009de0ab41cf389c1ade2749",
            "messageTitle": "ACodingStandard(switch)-25Aug2020Test1",
            "messageBody": "",
            "tags": [
              "ACodingStandard-25Aug2020Test1"
            ],
            "fileTypesAndContributionMap": {
              "java": {
                "insertions": 1,
                "deletions": 0
              }
            }
          }
        ]
      },
      {
        "date": "2020-09-01",
        "commitResults": [
          {
            "hash": "787b8c4829c4884cfda3f5cd37906df16ba0aced",
            "messageTitle": "Level-4_01Sep2020",
            "messageBody": "",
            "tags": [
              "Level-4_01Sep2020"
            ],
            "fileTypesAndContributionMap": {
              "java": {
                "insertions": 206,
                "deletions": 178
              }
            }
          },
          {
            "hash": "769d7cfffbbba265fcc01fb1dde3e114db0e0140",
            "messageTitle": "A-CodeQuality_01Sep2020",
            "messageBody": "",
            "tags": [
              "A-CodeQuality_01Sep2020"
            ],
            "fileTypesAndContributionMap": {
              "java": {
                "insertions": 25,
                "deletions": 15
              }
            }
          }
        ]
      },
      {
        "date": "2020-09-06",
        "commitResults": [
          {
            "hash": "dff11e585bfa71f5954532ba5634ee6ef33910aa",
            "messageTitle": "Level-5",
            "messageBody": "",
            "tags": [
              "Level-5"
            ],
            "fileTypesAndContributionMap": {
              "java": {
                "insertions": 23,
                "deletions": 8
              }
            }
          }
        ]
      },
      {
        "date": "2020-09-11",
        "commitResults": [
          {
            "hash": "a901ce28d4ff09a0d311fd9d4171c6cf5fa768bf",
            "messageTitle": "test change",
            "messageBody": "",
            "fileTypesAndContributionMap": {
              "java": {
                "insertions": 8,
                "deletions": 23
              }
            }
          }
        ]
      },
      {
        "date": "2020-09-13",
        "commitResults": [
          {
            "hash": "cbb94cb03fcb7981325f28431a487b324e8ba813",
            "messageTitle": "Level-6",
            "messageBody": "",
            "tags": [
              "Level-6"
            ],
            "fileTypesAndContributionMap": {
              "java": {
                "insertions": 94,
                "deletions": 31
              }
            }
          },
          {
            "hash": "96a711e366fe55ebdbf8a6b4e041d5d70e3c4433",
            "messageTitle": "Level-7",
            "messageBody": "",
            "tags": [
              "Level-7",
              "A-Jar"
            ],
            "fileTypesAndContributionMap": {
              "java": {
                "insertions": 1,
                "deletions": 1
              }
            }
          }
        ]
      },
      {
        "date": "2020-09-16",
        "commitResults": [
          {
            "hash": "d84a9fd42042b3420201842d2f1c99b5ed1634a7",
            "messageTitle": "Level-7-1609",
            "messageBody": "",
            "fileTypesAndContributionMap": {
              "txt": {
                "insertions": 1,
                "deletions": 0
              },
              "java": {
                "insertions": 36,
                "deletions": 23
              }
            }
          },
          {
            "hash": "e0affaea98c961430d935fafbd9145cfcace1257",
            "messageTitle": "Level-7-Test",
            "messageBody": "",
            "fileTypesAndContributionMap": {
              "txt": {
                "insertions": 2,
                "deletions": 1
              }
            }
          },
          {
            "hash": "6208710a75a762c27193d756af94caf9c0743bbb",
            "messageTitle": "Level-7-Test2",
            "messageBody": "",
            "fileTypesAndContributionMap": {
              "txt": {
                "insertions": 1,
                "deletions": 2
              },
              "java": {
                "insertions": 2,
                "deletions": 1
              }
            }
          }
        ]
      },
      {
        "date": "2020-09-17",
        "commitResults": [
          {
            "hash": "96affd6a58dcc0d55d45158ca83b2949ea2ad515",
            "messageTitle": "Level-7-Test3",
            "messageBody": "",
            "fileTypesAndContributionMap": {
              "txt": {
                "insertions": 4,
                "deletions": 1
              },
              "java": {
                "insertions": 86,
                "deletions": 58
              }
            }
          },
          {
            "hash": "3ab12534912cbe42283c6e2ac85ef282b35f02d5",
            "messageTitle": "Level-5-Changes",
            "messageBody": "",
            "fileTypesAndContributionMap": {
              "java": {
                "insertions": 0,
                "deletions": 4
              }
            }
          }
        ]
      },
      {
        "date": "2020-09-18",
        "commitResults": [
          {
            "hash": "273d8b7595082ab2c83db7645aa429278b83b936",
            "messageTitle": "Revert to level7",
            "messageBody": "",
            "fileTypesAndContributionMap": {
              "java": {
                "insertions": 2,
                "deletions": 0
              }
            }
          },
          {
            "hash": "3882d0810116d8a93e65c407ea571086317dc976",
            "messageTitle": "Revert-deleted seedu",
            "messageBody": "",
            "fileTypesAndContributionMap": {
              "gradle": {
                "insertions": 1,
                "deletions": 24
              },
              "java": {
                "insertions": 1,
                "deletions": 22
              }
            }
          },
          {
            "hash": "43a3f6d0655933c21746f5139f184d3336acc36a",
            "messageTitle": "Level-7 fixed",
            "messageBody": "",
            "tags": [
              "Level-7-fixed"
            ],
            "fileTypesAndContributionMap": {
              "txt": {
                "insertions": 0,
                "deletions": 4
              },
              "java": {
                "insertions": 80,
                "deletions": 88
              }
            }
          }
        ]
      },
      {
        "date": "2020-09-21",
        "commitResults": [
          {
            "hash": "f471d990d9760fac633d0883790dc6811c0e79c8",
            "messageTitle": "Updated till Level-7 (21st Sept)",
            "messageBody": "",
            "tags": [
              "Updated_till_level-7(21stSept)"
            ],
            "fileTypesAndContributionMap": {
              "java": {
                "insertions": 19,
                "deletions": 9
              }
            }
          },
          {
            "hash": "7cf73f20c20378819435cc47eabb0ef443552e66",
            "messageTitle": "Remove gradle-21 sept",
            "messageBody": "",
            "tags": [
              "removeGradle"
            ],
            "fileTypesAndContributionMap": {
              "gradle": {
                "insertions": 0,
                "deletions": 46
              },
              "txt": {
                "insertions": 0,
                "deletions": 1
              },
              "java": {
                "insertions": 3,
                "deletions": 22
              },
              "bat": {
                "insertions": 0,
                "deletions": 103
              },
              "sh": {
                "insertions": 26,
                "deletions": 15
              },
              "md": {
                "insertions": 24,
                "deletions": 39
              }
            }
          },
          {
            "hash": "4681239cdb3f0bb6c4e998475f06b2b2ae546fa6",
            "messageTitle": "level-7 w/o branches",
            "messageBody": "",
            "tags": [
              "w/oBranches(level-7)"
            ],
            "fileTypesAndContributionMap": {
              "java": {
                "insertions": 25,
                "deletions": 39
              }
            }
          }
        ]
      },
      {
        "date": "2020-09-24",
        "commitResults": [
          {
            "hash": "012035039e4bf8eff880280bdf91bc1b87640f0e",
            "messageTitle": "A-MoreOOP",
            "messageBody": "",
            "tags": [
              "A-MoreOOP"
            ],
            "fileTypesAndContributionMap": {
              "java": {
                "insertions": 372,
                "deletions": 209
              }
            }
          }
        ]
      },
      {
        "date": "2020-09-26",
        "commitResults": [
          {
            "hash": "e62f559d412fc666929093d4d4a5649f82ea6666",
            "messageTitle": "-",
            "messageBody": "",
            "fileTypesAndContributionMap": {
              "java": {
                "insertions": 20,
                "deletions": 2
              },
              "md": {
                "insertions": 4,
                "deletions": 10
              }
            }
          },
          {
            "hash": "ac7a33bad94469de120d1c5cf20926891e021ccf",
            "messageTitle": "Update README_1",
            "messageBody": "",
            "fileTypesAndContributionMap": {
              "java": {
                "insertions": 1,
                "deletions": 1
              },
              "md": {
                "insertions": 217,
                "deletions": 11
              }
            }
          },
          {
            "hash": "fd1ddec8fe00bf78647a17e0d1ecab6f7bf4ad2e",
            "messageTitle": "Update README_2",
            "messageBody": "",
            "fileTypesAndContributionMap": {
              "md": {
                "insertions": 16,
                "deletions": 16
              }
            }
          },
          {
            "hash": "30196de95764a275c81030dc7af8ebad182d17da",
            "messageTitle": "Update README_3",
            "messageBody": "",
            "fileTypesAndContributionMap": {
              "md": {
                "insertions": 2,
                "deletions": 1
              }
            }
          },
          {
            "hash": "5d53a12eebd4591f6bdcc91ac91ce1c34ecaa57e",
            "messageTitle": "Update README_4",
            "messageBody": "",
            "fileTypesAndContributionMap": {
              "java": {
                "insertions": 6,
                "deletions": 1
              },
              "md": {
                "insertions": 15,
                "deletions": 8
              }
            }
          },
          {
            "hash": "c70e8a2c1f3089af256e1891b8d67555bd6c3fec",
            "messageTitle": "Update README_5",
            "messageBody": "",
            "fileTypesAndContributionMap": {
              "md": {
                "insertions": 1,
                "deletions": 1
              }
            }
          },
          {
            "hash": "da15560540aafc1c459174ca1474e465e1bdc909",
            "messageTitle": "Update README_6",
            "messageBody": "",
            "fileTypesAndContributionMap": {
              "md": {
                "insertions": 8,
                "deletions": 8
              }
            }
          }
        ]
      },
      {
        "date": "2020-09-28",
        "commitResults": [
          {
            "hash": "277e7cedcb27dc0f4b1b63f4691fc0eb4bead80c",
            "messageTitle": "Update README_7",
            "messageBody": "",
            "fileTypesAndContributionMap": {
              "java": {
                "insertions": 1,
                "deletions": 1
              },
              "md": {
                "insertions": 44,
                "deletions": 37
              }
            }
          },
          {
            "hash": "17cd79bc110bee430ea18226b9f27c8d614aa7e3",
            "messageTitle": "Update README_8",
            "messageBody": "",
            "fileTypesAndContributionMap": {
              "md": {
                "insertions": 36,
                "deletions": 36
              }
            }
          },
          {
            "hash": "34f8110a658ff0324dbdcfe1e2b00e722584db56",
            "messageTitle": "Update README_9",
            "messageBody": "",
            "tags": [
              "A-Exceptions"
            ],
            "fileTypesAndContributionMap": {
              "md": {
                "insertions": 0,
                "deletions": 3
              }
            }
          },
          {
            "hash": "003aae351c59fb18491578856f107cd3b0b5cb32",
            "messageTitle": "Tag A-Exceptions",
            "messageBody": "",
            "fileTypesAndContributionMap": {
              "java": {
                "insertions": 2,
                "deletions": 5
              }
            }
          },
          {
            "hash": "48abdd62a445ecf4738535683fd27157c7e78f53",
            "messageTitle": "branch-Level-7",
            "messageBody": "",
            "tags": [
              "branch-Level-7"
            ],
            "fileTypesAndContributionMap": {
              "md": {
                "insertions": 4,
                "deletions": 0
              }
            }
          },
          {
            "hash": "ab6467a436a2ee5d66166b4fdb52342bdb0c8ab5",
            "messageTitle": "A-UserGuide",
            "messageBody": "",
            "fileTypesAndContributionMap": {
              "java": {
                "insertions": 1,
                "deletions": 1
              }
            }
          },
          {
            "hash": "e8e1bdbd4f83931228e9487b8fc1c60552f8a1f1",
            "messageTitle": "Level-9",
            "messageBody": "",
            "fileTypesAndContributionMap": {
              "java": {
                "insertions": 15,
                "deletions": 15
              }
            }
          }
        ]
      },
      {
        "date": "2020-09-29",
        "commitResults": [
          {
            "hash": "1527ff48595f24a6a9ab059c61c2506be9fa1c87",
            "messageTitle": "A-JavaDoc",
            "messageBody": "",
            "fileTypesAndContributionMap": {
              "java": {
                "insertions": 40,
                "deletions": 2
              }
            }
          },
          {
            "hash": "eebfab44fddd600221dc8f2b0b9b2e5f9c594acd",
            "messageTitle": "A-UserGuide",
            "messageBody": "",
            "tags": [
              "A-UserGuide",
              "A-Collections"
            ],
            "fileTypesAndContributionMap": {
              "md": {
                "insertions": 1,
                "deletions": 31
              }
            }
          },
          {
            "hash": "4d23f5f7f464f210422fc44ee1967de7fecf8fc1",
            "messageTitle": "Update README_10",
            "messageBody": "",
            "tags": [
              "ip.jar-v0.2"
            ],
            "fileTypesAndContributionMap": {
              "java": {
                "insertions": 1,
                "deletions": 0
              },
              "md": {
                "insertions": 25,
                "deletions": 40
              }
            }
          },
          {
            "hash": "d82bacada82fe9911656dd43de5c15274ea098c5",
            "messageTitle": "Update README_11",
            "messageBody": "",
            "fileTypesAndContributionMap": {
              "md": {
                "insertions": 5,
                "deletions": 5
              }
            }
          },
          {
            "hash": "f3a9c5eb247475c9213bf91014f073a4e5d4363d",
            "messageTitle": "Update README_12",
            "messageBody": "",
            "fileTypesAndContributionMap": {
              "md": {
                "insertions": 2,
                "deletions": 2
              }
            }
          },
          {
            "hash": "091fd1fcd6a61f68633a71475680b8031e33d4f9",
            "messageTitle": "Update README_13",
            "messageBody": "",
            "fileTypesAndContributionMap": {
              "md": {
                "insertions": 1,
                "deletions": 1
              }
            }
          },
          {
            "hash": "9d3bad6ea9c0e88b69635a28c75501ff5628d2f8",
            "messageTitle": "Update README_14",
            "messageBody": "",
            "fileTypesAndContributionMap": {
              "md": {
                "insertions": 13,
                "deletions": 13
              }
            }
          },
          {
            "hash": "41416f3bbf4512a609b382ec3d7bd8de3c1277fc",
            "messageTitle": "Update README_15",
            "messageBody": "",
            "fileTypesAndContributionMap": {
              "md": {
                "insertions": 10,
                "deletions": 2
              }
            }
          },
          {
            "hash": "eaf7fa77e9937e6ddb79dd986920dd6b96722188",
            "messageTitle": "Update README_16",
            "messageBody": "",
            "fileTypesAndContributionMap": {
              "md": {
                "insertions": 2,
                "deletions": 2
              }
            }
          }
        ]
      },
      {
        "date": "2020-10-02",
        "commitResults": [
          {
            "hash": "2f71a3c7161b401e5b878fc93f8088bfde43b3de",
            "messageTitle": "Added help menu",
            "messageBody": "",
            "tags": [
              "v0.2"
            ],
            "fileTypesAndContributionMap": {
              "java": {
                "insertions": 24,
                "deletions": 22
              },
              "md": {
                "insertions": 0,
                "deletions": 13
              }
            }
          },
          {
            "hash": "8e6f6772526bdee7b9dc06ff38bda8e044be6913",
            "messageTitle": "Added ip.jar file in README",
            "messageBody": "",
            "fileTypesAndContributionMap": {
              "java": {
                "insertions": 2,
                "deletions": 2
              },
              "md": {
                "insertions": 1,
                "deletions": 1
              }
            }
          }
        ]
      }
    ]
  },
  "authorFileTypeContributionMap": {
    "jlifah": {
      "java": 550,
      "md": 209,
      "sh": 0,
      "bat": 0,
      "gradle": 0,
      "txt": 0
    }
  },
  "authorContributionVariance": {
    "jlifah": 21615.197
  },
  "authorDisplayNameMap": {
    "jlifah": "CS2113T-T09-4 JENN.. LIN"
  }
}
