{
  "authorDailyContributionsMap": {
    "chuckiex3": [
      {
        "date": "2020-08-16",
        "commitResults": [
          {
            "hash": "8703f4290e015c7cb67a142e2a8c73ef7a37aef2",
            "messageTitle": "created a character",
            "messageBody": "Changed Duke to my own character Toto\n",
            "fileTypesAndContributionMap": {
              "java": {
                "insertions": 12,
                "deletions": 2
              }
            }
          },
          {
            "hash": "d220200ff5169e3a5c5e957200b0e7b351e2a35a",
            "messageTitle": "added a bye message",
            "messageBody": "Toto exits\n",
            "fileTypesAndContributionMap": {
              "java": {
                "insertions": 6,
                "deletions": 4
              }
            }
          }
        ]
      },
      {
        "date": "2020-08-22",
        "commitResults": [
          {
            "hash": "4c1bc634534e61ef4eda72f85aea990574bf1692",
            "messageTitle": "edited general coding style",
            "messageBody": "followed indentation for wrapped lines\n",
            "tags": [
              "Level-0"
            ],
            "fileTypesAndContributionMap": {
              "java": {
                "insertions": 21,
                "deletions": 15
              }
            }
          },
          {
            "hash": "b14a51bbd828a2d038ddcd20e571a19a2484ef8c",
            "messageTitle": "greet, echo, exit",
            "messageBody": "",
            "tags": [
              "Level-1"
            ],
            "fileTypesAndContributionMap": {
              "java": {
                "insertions": 37,
                "deletions": 2
              }
            }
          },
          {
            "hash": "7d21a7e20ed579259e75d47af6172b7ccc4c3c1f",
            "messageTitle": "Add, list",
            "messageBody": "level 2 requirements :no_mouth:\n",
            "tags": [
              "Level-2"
            ],
            "fileTypesAndContributionMap": {
              "java": {
                "insertions": 23,
                "deletions": 5
              }
            }
          },
          {
            "hash": "a6315609eac1ef165f77c6beb433bff7894484c8",
            "messageTitle": "added class Task",
            "messageBody": "in the midst of editing the code to fit the new class\n",
            "fileTypesAndContributionMap": {
              "java": {
                "insertions": 34,
                "deletions": 18
              }
            }
          }
        ]
      },
      {
        "date": "2020-08-24",
        "commitResults": [
          {
            "hash": "277463c7d5e1d9dda992185b27f2f7e1c13da8fa",
            "messageTitle": "created Task.java for the class Task",
            "messageBody": "",
            "fileTypesAndContributionMap": {
              "java": {
                "insertions": 44,
                "deletions": 34
              }
            }
          },
          {
            "hash": "22300b6bfa2206a82492c2dc370fe0c5c6f15f6c",
            "messageTitle": "fixed markAsDone",
            "messageBody": "",
            "tags": [
              "A-Classes"
            ],
            "fileTypesAndContributionMap": {
              "java": {
                "insertions": 31,
                "deletions": 15
              }
            }
          }
        ]
      },
      {
        "date": "2020-08-26",
        "commitResults": [
          {
            "hash": "205666b7809fd50fc2a8c9be00d0cf81db47200c",
            "messageTitle": "corrected bad import statement",
            "messageBody": "",
            "tags": [
              "Level-3",
              "A-CodingStandard"
            ],
            "fileTypesAndContributionMap": {
              "java": {
                "insertions": 1,
                "deletions": 1
              }
            }
          }
        ]
      },
      {
        "date": "2020-08-28",
        "commitResults": [
          {
            "hash": "1b40814aedb32da21cf15958abed43b8d41f0807",
            "messageTitle": "edited bad coding style",
            "messageBody": "added more curly braces for if-else statements\n",
            "fileTypesAndContributionMap": {
              "java": {
                "insertions": 6,
                "deletions": 6
              }
            }
          }
        ]
      },
      {
        "date": "2020-08-30",
        "commitResults": [
          {
            "hash": "c4935a84b5deec70666e117fa07581579b5d24dd",
            "messageTitle": "created different classes for deadline, event and todo",
            "messageBody": "",
            "fileTypesAndContributionMap": {
              "java": {
                "insertions": 53,
                "deletions": 6
              }
            }
          },
          {
            "hash": "15d3a9f0f8553442cfba5bc9bddf27a5deac3476",
            "messageTitle": "added methods addEvent, addToDo, addDeadline",
            "messageBody": "",
            "fileTypesAndContributionMap": {
              "java": {
                "insertions": 89,
                "deletions": 45
              }
            }
          },
          {
            "hash": "d2075ede66069d877b86aec692e24afe912e6129",
            "messageTitle": "fixed deadline, event and java classes",
            "messageBody": "",
            "tags": [
              "A-Inheritance"
            ],
            "fileTypesAndContributionMap": {
              "java": {
                "insertions": 28,
                "deletions": 27
              }
            }
          },
          {
            "hash": "53889aff494d6f6d8c246f286b81866b0832ae7f",
            "messageTitle": "polished code according to conventions",
            "messageBody": "",
            "fileTypesAndContributionMap": {
              "java": {
                "insertions": 34,
                "deletions": 39
              }
            }
          },
          {
            "hash": "4bf502efa4b85c6d70063f3a65149239bf017740",
            "messageTitle": "added some comments",
            "messageBody": "",
            "tags": [
              "A-CodeQuality"
            ],
            "fileTypesAndContributionMap": {
              "java": {
                "insertions": 5,
                "deletions": 1
              }
            }
          }
        ]
      },
      {
        "date": "2020-09-01",
        "commitResults": [
          {
            "hash": "dab5f8ea16c1d83c7ada374495e409ef3602ab36",
            "messageTitle": "tried out automated testing",
            "messageBody": "cannot find class....\n",
            "fileTypesAndContributionMap": {
              "txt": {
                "insertions": 4,
                "deletions": 0
              },
              "bat": {
                "insertions": 2,
                "deletions": 1
              }
            }
          },
          {
            "hash": "a6e2f2e955382f6f05043117bed8376cf4524c0f",
            "messageTitle": "made minor changes",
            "messageBody": "",
            "tags": [
              "Level-4"
            ],
            "fileTypesAndContributionMap": {
              "java": {
                "insertions": 0,
                "deletions": 9
              },
              "bat": {
                "insertions": 0,
                "deletions": 1
              }
            }
          },
          {
            "hash": "5d1ce9cfa1f13e518ecb5359e1337f7f70b3f1d8",
            "messageTitle": "fixed yay",
            "messageBody": "",
            "tags": [
              "A-TextUiTesting"
            ],
            "fileTypesAndContributionMap": {
              "bat": {
                "insertions": 1,
                "deletions": 1
              }
            }
          }
        ]
      },
      {
        "date": "2020-09-05",
        "commitResults": [
          {
            "hash": "1693dc2f507321f9e1267ac57cb10fc6f23f180d",
            "messageTitle": "added comments",
            "messageBody": "recommended by PR review\n",
            "fileTypesAndContributionMap": {
              "java": {
                "insertions": 21,
                "deletions": 21
              }
            }
          },
          {
            "hash": "8e377b627c53cb21436d6b1ce57aa728cf186521",
            "messageTitle": "added TaskException class",
            "messageBody": "",
            "fileTypesAndContributionMap": {
              "java": {
                "insertions": 231,
                "deletions": 9
              }
            }
          },
          {
            "hash": "8fae4a7a6defa49059a702951d5bc8c2c20b27f4",
            "messageTitle": "added methods to print error messages",
            "messageBody": "",
            "fileTypesAndContributionMap": {
              "java": {
                "insertions": 9,
                "deletions": 8
              }
            }
          },
          {
            "hash": "d18cbc5693a29ab5c47f99c0cf6105bef9ace705",
            "messageTitle": "added comments",
            "messageBody": "",
            "fileTypesAndContributionMap": {
              "java": {
                "insertions": 46,
                "deletions": 13
              }
            }
          },
          {
            "hash": "be446ca9749d2805428bb6a98a0a69e7fd386db9",
            "messageTitle": "added more try-catch for exceptions",
            "messageBody": "",
            "fileTypesAndContributionMap": {
              "java": {
                "insertions": 100,
                "deletions": 37
              }
            }
          },
          {
            "hash": "660eb3d55894071186b2742aa49e6934a99c5bbe",
            "messageTitle": "added more exceptions, made changes to expected.txt",
            "messageBody": "",
            "tags": [
              "Level-5",
              "A-Exceptions"
            ],
            "fileTypesAndContributionMap": {
              "java": {
                "insertions": 54,
                "deletions": 64
              }
            }
          },
          {
            "hash": "d59278c61584b12cf9b21e3a95059062dff8f31a",
            "messageTitle": "add packages",
            "messageBody": ":alien: ... wowza\n",
            "tags": [
              "A-Packages"
            ],
            "fileTypesAndContributionMap": {
              "java": {
                "insertions": 22,
                "deletions": 1
              },
              "bat": {
                "insertions": 2,
                "deletions": 2
              },
              "sh": {
                "insertions": 2,
                "deletions": 2
              },
              "md": {
                "insertions": 2,
                "deletions": 2
              }
            }
          }
        ]
      },
      {
        "date": "2020-09-06",
        "commitResults": [
          {
            "hash": "a787e3ac4dcfd72664f33accb91e28a3c67db675",
            "messageTitle": "added more comments",
            "messageBody": "",
            "fileTypesAndContributionMap": {
              "java": {
                "insertions": 5,
                "deletions": 5
              }
            }
          }
        ]
      },
      {
        "date": "2020-09-12",
        "commitResults": [
          {
            "hash": "8fbfc582739808808018c02c097b5b57e5c2642e",
            "messageTitle": "Changed to arraylist",
            "messageBody": "",
            "tags": [
              "A-Collections"
            ],
            "fileTypesAndContributionMap": {
              "java": {
                "insertions": 337,
                "deletions": 10
              }
            }
          },
          {
            "hash": "0a355e30e41210fa14090341a30ad0c26815b60d",
            "messageTitle": "added delete method",
            "messageBody": "",
            "tags": [
              "Level-6"
            ],
            "fileTypesAndContributionMap": {
              "java": {
                "insertions": 41,
                "deletions": 5
              }
            }
          }
        ]
      },
      {
        "date": "2020-09-15",
        "commitResults": [
          {
            "hash": "7c22ee08a779e75fa8f22bf8e5353f719b20a5a0",
            "messageTitle": "Created Save.java to help with saving function",
            "messageBody": "",
            "fileTypesAndContributionMap": {
              "txt": {
                "insertions": 4,
                "deletions": 0
              },
              "java": {
                "insertions": 523,
                "deletions": 10
              },
              "bat": {
                "insertions": 1,
                "deletions": 1
              },
              "sh": {
                "insertions": 1,
                "deletions": 1
              },
              "md": {
                "insertions": 0,
                "deletions": 26
              }
            }
          }
        ]
      },
      {
        "date": "2020-09-16",
        "commitResults": [
          {
            "hash": "ce09829f44de8a7a6311de5537dae246c1a3a7e0",
            "messageTitle": "Refactored print methods into printer class, change filePath",
            "messageBody": "",
            "tags": [
              "Level-7"
            ],
            "fileTypesAndContributionMap": {
              "txt": {
                "insertions": 9,
                "deletions": 4
              },
              "java": {
                "insertions": 148,
                "deletions": 137
              }
            }
          },
          {
            "hash": "d059efc98178eecefa1590b1871518748b6e3bb7",
            "messageTitle": "made slight changes to the code",
            "messageBody": "",
            "tags": [
              "A-Jar"
            ],
            "fileTypesAndContributionMap": {
              "java": {
                "insertions": 1,
                "deletions": 1
              }
            }
          }
        ]
      },
      {
        "date": "2020-09-19",
        "commitResults": [
          {
            "hash": "ef73729f2ab95d83629f693ec54c1f6259c8a918",
            "messageTitle": "Update code according to review",
            "messageBody": "",
            "fileTypesAndContributionMap": {
              "txt": {
                "insertions": 3,
                "deletions": 9
              },
              "java": {
                "insertions": 22,
                "deletions": 22
              }
            }
          },
          {
            "hash": "5a385e85c4f8f6f97f522d38f6c52eeed72b9f61",
            "messageTitle": "Add comments",
            "messageBody": "",
            "fileTypesAndContributionMap": {
              "java": {
                "insertions": 11,
                "deletions": 0
              }
            }
          }
        ]
      },
      {
        "date": "2020-09-20",
        "commitResults": [
          {
            "hash": "94daa2e69a0f3ffe2330fe7409742af6356ca04d",
            "messageTitle": "Format Javadoc comments",
            "messageBody": "Referred to teh se-edu guide on how to write Javadoc comments\n",
            "fileTypesAndContributionMap": {
              "txt": {
                "insertions": 3,
                "deletions": 0
              },
              "java": {
                "insertions": 257,
                "deletions": 241
              }
            }
          }
        ]
      },
      {
        "date": "2020-09-21",
        "commitResults": [
          {
            "hash": "e31f4274a4a5c16814e875fcb961bf5b07939cc7",
            "messageTitle": "Extract classes",
            "messageBody": "more OOP\n",
            "fileTypesAndContributionMap": {
              "txt": {
                "insertions": 3,
                "deletions": 0
              },
              "java": {
                "insertions": 330,
                "deletions": 253
              }
            }
          },
          {
            "hash": "ba97758d893423269bf8d2b1c856fa1a1b42bbe2",
            "messageTitle": "Extract storage class further, create TasksListDecoder and TasksListEncoder",
            "messageBody": "",
            "fileTypesAndContributionMap": {
              "java": {
                "insertions": 82,
                "deletions": 68
              }
            }
          },
          {
            "hash": "3a76654ba86025eb728b203bcfad01d9392bf0b6",
            "messageTitle": "Make changes to TaskList.java",
            "messageBody": "",
            "fileTypesAndContributionMap": {
              "java": {
                "insertions": 80,
                "deletions": 48
              }
            }
          },
          {
            "hash": "91343702844aa99981bea27a61bba027b8c32228",
            "messageTitle": "Change Parser.java to use switch",
            "messageBody": "",
            "fileTypesAndContributionMap": {
              "txt": {
                "insertions": 1,
                "deletions": 0
              },
              "java": {
                "insertions": 51,
                "deletions": 23
              }
            }
          },
          {
            "hash": "45f4c60bf7f538255c5e22e0fdfd78aa4a630d62",
            "messageTitle": "Add methods to FindCommand",
            "messageBody": "",
            "fileTypesAndContributionMap": {
              "java": {
                "insertions": 55,
                "deletions": 1
              }
            }
          },
          {
            "hash": "f33e3fab46252c049812dd2820800aeb0c5413a7",
            "messageTitle": "Correct logic of switch statement",
            "messageBody": "",
            "fileTypesAndContributionMap": {
              "java": {
                "insertions": 1,
                "deletions": 0
              }
            }
          },
          {
            "hash": "9062f52a752e79459c36d32e0e68fbd382c95b8a",
            "messageTitle": "Remove unnecessary code and white spaces",
            "messageBody": "",
            "fileTypesAndContributionMap": {
              "txt": {
                "insertions": 1,
                "deletions": 1
              },
              "java": {
                "insertions": 15,
                "deletions": 19
              }
            }
          }
        ]
      },
      {
        "date": "2020-09-22",
        "commitResults": [
          {
            "hash": "6272ab87c2c8654374b85fba1c8e30b8a0f952ac",
            "messageTitle": "Remove unnecessary code in FindCommand",
            "messageBody": "",
            "tags": [
              "Level-9"
            ],
            "fileTypesAndContributionMap": {
              "java": {
                "insertions": 5,
                "deletions": 13
              }
            }
          },
          {
            "hash": "ba805cd5357296d104811e5b7f5e9a0eccd05a2c",
            "messageTitle": "Add JavaDoc comments",
            "messageBody": "",
            "fileTypesAndContributionMap": {
              "java": {
                "insertions": 43,
                "deletions": 11
              }
            }
          },
          {
            "hash": "425f7fdb42a6ca7263a46365db3a5772e7c71eb4",
            "messageTitle": "Add methods in deadline and event to read time in dd-mm-yyyy hhmm format",
            "messageBody": "",
            "fileTypesAndContributionMap": {
              "txt": {
                "insertions": 2,
                "deletions": 6
              },
              "java": {
                "insertions": 106,
                "deletions": 9
              }
            }
          },
          {
            "hash": "bc60e3c0164c12541765035438ccc3775053ee06",
            "messageTitle": "Change library used from SimpleDateFormat to DateTimeFormatter",
            "messageBody": "",
            "fileTypesAndContributionMap": {
              "txt": {
                "insertions": 2,
                "deletions": 0
              },
              "java": {
                "insertions": 18,
                "deletions": 18
              }
            }
          },
          {
            "hash": "0d9d40d10752449cdcd0031bd129195e9da38e81",
            "messageTitle": "Add function to list tasks on a specific date",
            "messageBody": "",
            "fileTypesAndContributionMap": {
              "txt": {
                "insertions": 1,
                "deletions": 0
              },
              "java": {
                "insertions": 118,
                "deletions": 16
              }
            }
          },
          {
            "hash": "88c73dc222431eb9360663b09a9d5000996ea844",
            "messageTitle": "Remove white space",
            "messageBody": "",
            "fileTypesAndContributionMap": {
              "txt": {
                "insertions": 1,
                "deletions": 2
              },
              "java": {
                "insertions": 50,
                "deletions": 40
              }
            }
          },
          {
            "hash": "b8d5e1b642cfee9cd47930d86085fa11e14742f4",
            "messageTitle": "Edit JavaDoc comment",
            "messageBody": "",
            "fileTypesAndContributionMap": {
              "java": {
                "insertions": 1,
                "deletions": 1
              }
            }
          },
          {
            "hash": "08649442f6b7bd14038b9d4b48903e7e6736b5a2",
            "messageTitle": "Edit JavaDoc comments",
            "messageBody": "",
            "fileTypesAndContributionMap": {
              "java": {
                "insertions": 3,
                "deletions": 10
              }
            }
          }
        ]
      },
      {
        "date": "2020-09-23",
        "commitResults": [
          {
            "hash": "d3e668ee35f8e00cf05d25282ab09303be68e911",
            "messageTitle": "Update README.md",
            "messageBody": "",
            "fileTypesAndContributionMap": {
              "md": {
                "insertions": 19,
                "deletions": 5
              }
            }
          },
          {
            "hash": "e6e078f3dc9e575953d9c58a7a3826830abf4609",
            "messageTitle": "Update README.md",
            "messageBody": "",
            "fileTypesAndContributionMap": {
              "md": {
                "insertions": 9,
                "deletions": 3
              }
            }
          },
          {
            "hash": "526c170fc18dd0fce8e1a08aceab1616e39b11c8",
            "messageTitle": "Edit comment: change \"/\" to \"and\"",
            "messageBody": "",
            "fileTypesAndContributionMap": {
              "java": {
                "insertions": 1,
                "deletions": 1
              }
            }
          },
          {
            "hash": "ae97a62df87978232a5424ed2daccf48a66545d3",
            "messageTitle": "Update README.md",
            "messageBody": "",
            "fileTypesAndContributionMap": {
              "md": {
                "insertions": 26,
                "deletions": 2
              }
            }
          }
        ]
      },
      {
        "date": "2020-09-24",
        "commitResults": [
          {
            "hash": "b5833ac9963c557dd043c0e1246b9daaf42dcad1",
            "messageTitle": "Update README.md to reflect change in image url",
            "messageBody": "",
            "fileTypesAndContributionMap": {
              "md": {
                "insertions": 1,
                "deletions": 1
              }
            }
          },
          {
            "hash": "1cbc20976e4e9eb1da11e37dea7c81605edb5e4e",
            "messageTitle": "Update README.md",
            "messageBody": "",
            "fileTypesAndContributionMap": {
              "txt": {
                "insertions": 1,
                "deletions": 4
              },
              "md": {
                "insertions": 208,
                "deletions": 27
              }
            }
          }
        ]
      },
      {
        "date": "2020-09-25",
        "commitResults": [
          {
            "hash": "3e90034de077d6ee92cf14061f7ded5e02e0efaf",
            "messageTitle": "Update README.md using code fencing",
            "messageBody": "",
            "fileTypesAndContributionMap": {
              "md": {
                "insertions": 50,
                "deletions": 27
              }
            }
          },
          {
            "hash": "e3abc386a5d92c7b0b5538cc62765c181e9191b8",
            "messageTitle": "Update README.md: Fix table",
            "messageBody": "",
            "fileTypesAndContributionMap": {
              "md": {
                "insertions": 7,
                "deletions": 6
              }
            }
          },
          {
            "hash": "f4d2c5684fed79c1a2caae1cea1986405635d366",
            "messageTitle": "Update README.md: fix format",
            "messageBody": "",
            "fileTypesAndContributionMap": {
              "md": {
                "insertions": 3,
                "deletions": 3
              }
            }
          },
          {
            "hash": "d543ab6624b11e82f8d921b69d05a90b8f0152b1",
            "messageTitle": "Update README.md",
            "messageBody": "Add more information, try to fix table format.\n",
            "fileTypesAndContributionMap": {
              "md": {
                "insertions": 7,
                "deletions": 3
              }
            }
          },
          {
            "hash": "fd097e0f3b0b83c29d408aee1272a7cfe75087b4",
            "messageTitle": "Update README.md",
            "messageBody": "Added more white space\n",
            "fileTypesAndContributionMap": {
              "md": {
                "insertions": 3,
                "deletions": 3
              }
            }
          },
          {
            "hash": "8a418ae936770868b589915dac244d28340d67e2",
            "messageTitle": "Revert \"Update README.md\"",
            "messageBody": "This reverts commit fd097e0f3b0b83c29d408aee1272a7cfe75087b4.\n",
            "fileTypesAndContributionMap": {
              "md": {
                "insertions": 3,
                "deletions": 3
              }
            }
          },
          {
            "hash": "b9faa662881d9ebb47cf7a95221aa2b0bdd1f046",
            "messageTitle": "Update README.md: add more images",
            "messageBody": "",
            "fileTypesAndContributionMap": {
              "md": {
                "insertions": 9,
                "deletions": 3
              }
            }
          },
          {
            "hash": "7b09e1ae7e586ecf793a6eaf18390e14def5c46d",
            "messageTitle": "Update README.md: fix table and images",
            "messageBody": "",
            "fileTypesAndContributionMap": {
              "md": {
                "insertions": 5,
                "deletions": 6
              }
            }
          },
          {
            "hash": "03a938a42d62e6577c1a8b4c39146e487d33b5fe",
            "messageTitle": "Remove unneccessary white space",
            "messageBody": "",
            "fileTypesAndContributionMap": {
              "md": {
                "insertions": 3,
                "deletions": 23
              }
            }
          }
        ]
      },
      {
        "date": "2020-09-27",
        "commitResults": [
          {
            "hash": "32272f5f1ad59775ef0497d3a21e6afff093702a",
            "messageTitle": "Add images into README.md",
            "messageBody": "",
            "fileTypesAndContributionMap": {
              "md": {
                "insertions": 3,
                "deletions": 3
              }
            }
          },
          {
            "hash": "8009f16428889b869234dd4378f6af58d7198357",
            "messageTitle": "Add emoji",
            "messageBody": "",
            "fileTypesAndContributionMap": {
              "md": {
                "insertions": 2,
                "deletions": 0
              }
            }
          },
          {
            "hash": "b0e2b8198b644c5df426197bc1e28850aa547931",
            "messageTitle": "Add emojis",
            "messageBody": "",
            "fileTypesAndContributionMap": {
              "md": {
                "insertions": 15,
                "deletions": 5
              }
            }
          },
          {
            "hash": "d4190fc867f426657e995e27490add88fa2bae96",
            "messageTitle": "Add navigation panel",
            "messageBody": "",
            "fileTypesAndContributionMap": {
              "md": {
                "insertions": 29,
                "deletions": 24
              }
            }
          },
          {
            "hash": "5b089690e66a15d05dba629f1be2a4b0d9400edb",
            "messageTitle": "Add whitespace",
            "messageBody": "",
            "fileTypesAndContributionMap": {
              "md": {
                "insertions": 10,
                "deletions": 2
              }
            }
          },
          {
            "hash": "3aa3f50d58df64edc4f3bdcd5ecd63c41b8ce517",
            "messageTitle": "Correct mistake",
            "messageBody": "",
            "fileTypesAndContributionMap": {
              "md": {
                "insertions": 1,
                "deletions": 1
              }
            }
          }
        ]
      },
      {
        "date": "2020-09-28",
        "commitResults": [
          {
            "hash": "dc4480fca266a7512c624b551d15f46a3c74e278",
            "messageTitle": "Update navigation panel",
            "messageBody": "",
            "fileTypesAndContributionMap": {
              "md": {
                "insertions": 14,
                "deletions": 15
              }
            }
          },
          {
            "hash": "6c74beff038025a568e5fb5a8f0ea8d03d568a18",
            "messageTitle": "Fix navigation panel",
            "messageBody": "",
            "fileTypesAndContributionMap": {
              "md": {
                "insertions": 13,
                "deletions": 13
              }
            }
          },
          {
            "hash": "76d98438ce83345cd091ddfa58de5bd3adefe40c",
            "messageTitle": "Fix navigation panel",
            "messageBody": "",
            "tags": [
              "A-UserGuide"
            ],
            "fileTypesAndContributionMap": {
              "md": {
                "insertions": 13,
                "deletions": 13
              }
            }
          }
        ]
      }
    ]
  },
  "authorFileTypeContributionMap": {
    "chuckiex3": {
      "java": 1039,
      "md": 269,
      "sh": 2,
      "bat": 2,
      "gradle": 0,
      "txt": 8
    }
  },
  "authorContributionVariance": {
    "chuckiex3": 47268.363
  },
  "authorDisplayNameMap": {
    "chuckiex3": "CS2113T-T12-3 MOOI..CENE"
  }
}
