{
  "authorDailyContributionsMap": {
    "neojiaern": [
      {
        "date": "2020-08-15",
        "commitResults": [
          {
            "hash": "11f37697d55c131f11ea23aaef7330e0c0f7782b",
            "messageTitle": "Add Level-0: Greet",
            "messageBody": "",
            "tags": [
              "Level-0"
            ],
            "fileTypesAndContributionMap": {
              "java": {
                "insertions": 8,
                "deletions": 1
              }
            }
          }
        ]
      },
      {
        "date": "2020-08-22",
        "commitResults": [
          {
            "hash": "c54768715514e4fb0d48d36ddcc6887078fe3bf9",
            "messageTitle": "Add user input, echo and exit",
            "messageBody": "",
            "tags": [
              "Level-1"
            ],
            "fileTypesAndContributionMap": {
              "java": {
                "insertions": 21,
                "deletions": 6
              }
            }
          },
          {
            "hash": "1e93b9861ae815f92c57b108cb84117e22ad6fe9",
            "messageTitle": "Implement add and list",
            "messageBody": "",
            "tags": [
              "Level-2"
            ],
            "fileTypesAndContributionMap": {
              "java": {
                "insertions": 29,
                "deletions": 3
              }
            }
          }
        ]
      },
      {
        "date": "2020-08-23",
        "commitResults": [
          {
            "hash": "ef22b013b74cffd3772c3b89998a35c45e9ddf9b",
            "messageTitle": "Implement Task class",
            "messageBody": "",
            "fileTypesAndContributionMap": {
              "java": {
                "insertions": 24,
                "deletions": 5
              }
            }
          },
          {
            "hash": "4fddc02e0077dbff7e09c8fc34b3f8674fcde9c4",
            "messageTitle": "Revert \"Implement Task class\"",
            "messageBody": "This reverts commit ef22b013b74cffd3772c3b89998a35c45e9ddf9b.\n",
            "fileTypesAndContributionMap": {
              "java": {
                "insertions": 5,
                "deletions": 24
              }
            }
          },
          {
            "hash": "7a667fb25edf86e0af52f376b9eb7829a0048e95",
            "messageTitle": "Implement Task class",
            "messageBody": "",
            "tags": [
              "A-Classes"
            ],
            "fileTypesAndContributionMap": {
              "java": {
                "insertions": 30,
                "deletions": 9
              }
            }
          },
          {
            "hash": "6abc4f7cc5de8ead1d78d1ba9dc80e3a78cd62ca",
            "messageTitle": "Add the ability to mark tasks as done",
            "messageBody": "",
            "tags": [
              "Level-3"
            ],
            "fileTypesAndContributionMap": {
              "java": {
                "insertions": 13,
                "deletions": 2
              }
            }
          },
          {
            "hash": "0f2015fc171189785b1dd1e3f4a3e4c1efa94f56",
            "messageTitle": "Modify code to comply with coding standard",
            "messageBody": "",
            "tags": [
              "A-CodingStandard"
            ],
            "fileTypesAndContributionMap": {
              "java": {
                "insertions": 5,
                "deletions": 8
              }
            }
          }
        ]
      },
      {
        "date": "2020-08-28",
        "commitResults": [
          {
            "hash": "304ecc61c2a195bbf0060f5c122481c116cc2037",
            "messageTitle": "Refactor code by introducing new constants and methods",
            "messageBody": "",
            "fileTypesAndContributionMap": {
              "java": {
                "insertions": 70,
                "deletions": 41
              }
            }
          },
          {
            "hash": "3be26cd7faed6c292563e213838674ded2a0d60b",
            "messageTitle": "Add color code and emojis to printed statements",
            "messageBody": "",
            "fileTypesAndContributionMap": {
              "java": {
                "insertions": 30,
                "deletions": 11
              }
            }
          }
        ]
      },
      {
        "date": "2020-08-30",
        "commitResults": [
          {
            "hash": "38a1a5ee2770820b762114808d3a42ab33ce758b",
            "messageTitle": "Change tasks and count to class variables",
            "messageBody": "",
            "fileTypesAndContributionMap": {
              "java": {
                "insertions": 10,
                "deletions": 8
              }
            }
          },
          {
            "hash": "60f15049b7a4c4e8474066a1a41b1e584eb1cadf",
            "messageTitle": "Implement Todo, Event and Deadline",
            "messageBody": "",
            "tags": [
              "A-Inheritance"
            ],
            "fileTypesAndContributionMap": {
              "java": {
                "insertions": 89,
                "deletions": 29
              }
            }
          }
        ]
      },
      {
        "date": "2020-08-31",
        "commitResults": [
          {
            "hash": "8ff343d51a99f92dd3c48c8efadd850c69e6a1c9",
            "messageTitle": "Removed color and emoji in printed message",
            "messageBody": "",
            "fileTypesAndContributionMap": {
              "java": {
                "insertions": 11,
                "deletions": 28
              }
            }
          },
          {
            "hash": "dc626591be1ff08c1f55d5d0558e0f33436a774e",
            "messageTitle": "Add Automated Text UI Testing",
            "messageBody": "",
            "tags": [
              "A-TextUiTesting"
            ],
            "fileTypesAndContributionMap": {
              "txt": {
                "insertions": 8,
                "deletions": 0
              },
              "java": {
                "insertions": 1,
                "deletions": 2
              },
              "bat": {
                "insertions": 2,
                "deletions": 2
              }
            }
          },
          {
            "hash": "0c8ac3f7e897874d6c23ad698eee6a905cd92933",
            "messageTitle": "Change to use of switch statements for processing user input",
            "messageBody": "",
            "fileTypesAndContributionMap": {
              "java": {
                "insertions": 19,
                "deletions": 21
              },
              "sh": {
                "insertions": 0,
                "deletions": 38
              }
            }
          },
          {
            "hash": "c5018d3e7c784ecf71b4688a6d55f6f3700f4142",
            "messageTitle": "Reduce printing list of tasks to one line instead of two separate print statements",
            "messageBody": "",
            "fileTypesAndContributionMap": {
              "java": {
                "insertions": 2,
                "deletions": 2
              }
            }
          },
          {
            "hash": "c169c22cc84809af40618d76ac374dfb798283d8",
            "messageTitle": "Remove unnecessary indentation",
            "messageBody": "",
            "tags": [
              "A-CodeQuality"
            ],
            "fileTypesAndContributionMap": {
              "java": {
                "insertions": 1,
                "deletions": 2
              }
            }
          }
        ]
      },
      {
        "date": "2020-09-03",
        "commitResults": [
          {
            "hash": "15e83a1d7ed90fe64965d5e4d0ff6c31cfaf71cd",
            "messageTitle": "Modified processing user input to convert only the first word of input to lower case",
            "messageBody": "",
            "tags": [
              "Level-4"
            ],
            "fileTypesAndContributionMap": {
              "java": {
                "insertions": 4,
                "deletions": 5
              }
            }
          }
        ]
      },
      {
        "date": "2020-09-04",
        "commitResults": [
          {
            "hash": "3decaafbf51743f85c384a400ca274a1443bc731",
            "messageTitle": "Add comments in Duke.java",
            "messageBody": "",
            "fileTypesAndContributionMap": {
              "java": {
                "insertions": 19,
                "deletions": 0
              }
            }
          },
          {
            "hash": "0a7d192d39197c9131743e4601f91e359998a197",
            "messageTitle": "Add error handling for addition and completion of Tasks",
            "messageBody": "",
            "fileTypesAndContributionMap": {
              "java": {
                "insertions": 44,
                "deletions": 26
              }
            }
          }
        ]
      },
      {
        "date": "2020-09-05",
        "commitResults": [
          {
            "hash": "2447fb499d0ca62ade18c52509e796dd22ffcd68",
            "messageTitle": "Add printing of example user input if command is invalid",
            "messageBody": "",
            "fileTypesAndContributionMap": {
              "java": {
                "insertions": 56,
                "deletions": 4
              }
            }
          },
          {
            "hash": "09e929b84c709c340699698ec9e5c32bc04ca3c1",
            "messageTitle": "Modify expected output with updated error handling messages",
            "messageBody": "",
            "fileTypesAndContributionMap": {
              "txt": {
                "insertions": 8,
                "deletions": 0
              }
            }
          }
        ]
      },
      {
        "date": "2020-09-06",
        "commitResults": [
          {
            "hash": "5ec71977e8eb2aef4f56f6e29ba92cef515ffc2b",
            "messageTitle": "Move files into duke and duke.task package",
            "messageBody": "",
            "fileTypesAndContributionMap": {
              "java": {
                "insertions": 16,
                "deletions": 1
              }
            }
          },
          {
            "hash": "2ce0f673cbf50342a44251535c3f06f291bfb769",
            "messageTitle": "Modify location of file",
            "messageBody": "",
            "fileTypesAndContributionMap": {
              "bat": {
                "insertions": 1,
                "deletions": 1
              }
            }
          }
        ]
      },
      {
        "date": "2020-09-11",
        "commitResults": [
          {
            "hash": "cd37b45784fe2c6a15ac477846bc632b9e098999",
            "messageTitle": "Remove global variables which will be passed as parameters",
            "messageBody": "",
            "fileTypesAndContributionMap": {
              "java": {
                "insertions": 12,
                "deletions": 12
              }
            }
          },
          {
            "hash": "0479dbc92277609e3717c3a16d8dfe6f949f53c4",
            "messageTitle": "Change to use of ArrayList\u003cTask\u003e to store tasks",
            "messageBody": "",
            "fileTypesAndContributionMap": {
              "java": {
                "insertions": 24,
                "deletions": 18
              }
            }
          },
          {
            "hash": "5d382d6f46fc4a68cb1d2af5b93477ec73b4070b",
            "messageTitle": "Modify @param in comments for the additional parameters",
            "messageBody": "",
            "tags": [
              "A-Collections"
            ],
            "fileTypesAndContributionMap": {
              "java": {
                "insertions": 12,
                "deletions": 1
              }
            }
          },
          {
            "hash": "c786b98439aae7de9d5301af828e082870f970c5",
            "messageTitle": "Modify default clause in switch statement for processingUserInput and refactor code for catching of empty description for addTask",
            "messageBody": "",
            "fileTypesAndContributionMap": {
              "java": {
                "insertions": 36,
                "deletions": 24
              }
            }
          }
        ]
      },
      {
        "date": "2020-09-12",
        "commitResults": [
          {
            "hash": "56d8b85e8d7df40b2b6878b2fd4b10f26a987896",
            "messageTitle": "Implement deletion of tasks and modify text ui testing",
            "messageBody": "",
            "fileTypesAndContributionMap": {
              "txt": {
                "insertions": 7,
                "deletions": 1
              },
              "java": {
                "insertions": 83,
                "deletions": 37
              },
              "bat": {
                "insertions": 1,
                "deletions": 1
              }
            }
          }
        ]
      },
      {
        "date": "2020-09-15",
        "commitResults": [
          {
            "hash": "04f0967df0e3018acaf46b006d3eb5543488396e",
            "messageTitle": "Implement saving of tasks to a file and loading tasks from file when Duke starts",
            "messageBody": "",
            "fileTypesAndContributionMap": {
              "java": {
                "insertions": 248,
                "deletions": 21
              },
              "bat": {
                "insertions": 1,
                "deletions": 1
              }
            }
          },
          {
            "hash": "9518edc13a019b76382748d406de54373787a4c9",
            "messageTitle": "Modify tick and cross to unicode characters",
            "messageBody": "",
            "fileTypesAndContributionMap": {
              "java": {
                "insertions": 3,
                "deletions": 3
              }
            }
          },
          {
            "hash": "ec5143bb987d834c2ad4f1d1e3553ba3e1e266cb",
            "messageTitle": "Refactor code for proessing of user input and add comments for new methods",
            "messageBody": "",
            "fileTypesAndContributionMap": {
              "java": {
                "insertions": 78,
                "deletions": 30
              }
            }
          },
          {
            "hash": "a91163758a194a6994021ef58b0b9b25b21b5999",
            "messageTitle": "Modify automated text ui testing to show tick and cross",
            "messageBody": "",
            "tags": [
              "A-Jar"
            ],
            "fileTypesAndContributionMap": {
              "java": {
                "insertions": 4,
                "deletions": 4
              },
              "bat": {
                "insertions": 1,
                "deletions": 1
              }
            }
          }
        ]
      },
      {
        "date": "2020-09-18",
        "commitResults": [
          {
            "hash": "8282046f259e6d84e218aec718cff147e4d08cc5",
            "messageTitle": "Replace variable count to using tasks.size()",
            "messageBody": "",
            "fileTypesAndContributionMap": {
              "java": {
                "insertions": 17,
                "deletions": 29
              }
            }
          },
          {
            "hash": "6570d27d7b30805163f859954bef92420f92a778",
            "messageTitle": "Replace duke commands as constants",
            "messageBody": "",
            "fileTypesAndContributionMap": {
              "java": {
                "insertions": 24,
                "deletions": 20
              }
            }
          },
          {
            "hash": "b3947bc7ae87dced7d6ceee8496b6e4ca5235625",
            "messageTitle": "Strip \u0027[\u0027 from switch cases",
            "messageBody": "",
            "fileTypesAndContributionMap": {
              "java": {
                "insertions": 7,
                "deletions": 5
              }
            }
          },
          {
            "hash": "ec1303ecc2692b26d6eeea07313d482ac32e6ffe",
            "messageTitle": "Introduce variables for inputParts",
            "messageBody": "",
            "fileTypesAndContributionMap": {
              "java": {
                "insertions": 19,
                "deletions": 15
              }
            }
          }
        ]
      },
      {
        "date": "2020-09-23",
        "commitResults": [
          {
            "hash": "6c3708991751dd9dd47c7099e2885d605ee63eda",
            "messageTitle": "Add Command, Storage, Ui, Parser, TaskList, DukeFileException to make code more OOP",
            "messageBody": "",
            "tags": [
              "A-MoreOOP"
            ],
            "fileTypesAndContributionMap": {
              "java": {
                "insertions": 851,
                "deletions": 520
              },
              "bat": {
                "insertions": 1,
                "deletions": 1
              }
            }
          },
          {
            "hash": "5223b41e9baf6aa4ac91ff61d29d607af35dbdce",
            "messageTitle": "Store deadline and event dates as java.time.LocalDate in deadline and event task objects",
            "messageBody": "",
            "fileTypesAndContributionMap": {
              "java": {
                "insertions": 57,
                "deletions": 9
              }
            }
          },
          {
            "hash": "ebf650acd570f7301a6c9ba78e0589f60b313b85",
            "messageTitle": "Add due command to show deadlines and events due on a specific date",
            "messageBody": "",
            "fileTypesAndContributionMap": {
              "java": {
                "insertions": 83,
                "deletions": 12
              }
            }
          },
          {
            "hash": "ef177299cd917992e02213120fbecec125a5e91d",
            "messageTitle": "Add find command to search for related tasks to keyword",
            "messageBody": "",
            "fileTypesAndContributionMap": {
              "java": {
                "insertions": 35,
                "deletions": 1
              }
            }
          },
          {
            "hash": "3019993e8640a9b652e0b36808d7a2519751035b",
            "messageTitle": "Add find command",
            "messageBody": "",
            "fileTypesAndContributionMap": {
              "java": {
                "insertions": 20,
                "deletions": 0
              }
            }
          },
          {
            "hash": "ad27a9b96f9beac8aaa0b62b35f5e9b9a03b21fe",
            "messageTitle": "Modify saving of deadline and event into file",
            "messageBody": "",
            "fileTypesAndContributionMap": {
              "java": {
                "insertions": 21,
                "deletions": 4
              }
            }
          }
        ]
      }
    ]
  },
  "authorFileTypeContributionMap": {
    "neojiaern": {
      "java": 1138,
      "md": 0,
      "sh": 0,
      "bat": 3,
      "gradle": 0,
      "txt": 22
    }
  },
  "authorContributionVariance": {
    "neojiaern": 64857.902
  },
  "authorDisplayNameMap": {
    "neojiaern": "CS2113T-F11-3 NEO .. ERN"
  }
}
