{
  "authorDailyContributionsMap": {
    "e0426051": [
      {
        "date": "2020-08-29",
        "commitResults": [
          {
            "hash": "ff4c9ffbf6c83004f84a51bfe994e561632477ea",
            "messageTitle": "Level-0 : Greet",
            "messageBody": "",
            "tags": [
              "Level-0"
            ],
            "fileTypesAndContributionMap": {
              "java": {
                "insertions": 2,
                "deletions": 0
              }
            }
          },
          {
            "hash": "523cad015ea0e041767240bd382dfb9aa86437d7",
            "messageTitle": "Level-1 : Greet, Echo, Exit",
            "messageBody": "",
            "tags": [
              "Level-1"
            ],
            "fileTypesAndContributionMap": {
              "java": {
                "insertions": 15,
                "deletions": 1
              }
            }
          },
          {
            "hash": "39d40140d507ebd94b4a1fef2b671ce77e98b90e",
            "messageTitle": "Level-2 : Add, List",
            "messageBody": "",
            "tags": [
              "Level-2"
            ],
            "fileTypesAndContributionMap": {
              "java": {
                "insertions": 20,
                "deletions": 2
              }
            }
          }
        ]
      },
      {
        "date": "2020-08-30",
        "commitResults": [
          {
            "hash": "eed4f629cbe1db7a250d6a8c3384e050b5a7e56a",
            "messageTitle": "Level-3 : Mark as done + A-Classes",
            "messageBody": "",
            "tags": [
              "Level-3",
              "A-Classes"
            ],
            "fileTypesAndContributionMap": {
              "java": {
                "insertions": 54,
                "deletions": 6
              }
            }
          },
          {
            "hash": "aeb746be13a525ddcd47f23b53d093cab8efb217",
            "messageTitle": "A-CodingStandard",
            "messageBody": "",
            "tags": [
              "A-CodingStandard"
            ],
            "fileTypesAndContributionMap": {
              "java": {
                "insertions": 17,
                "deletions": 29
              }
            }
          }
        ]
      },
      {
        "date": "2020-09-01",
        "commitResults": [
          {
            "hash": "3750e49c9b5591f4e056da552c6dec6d022f2629",
            "messageTitle": "Level-4: To-Dos, Events, Deadlines with A-Inheritance implementation. Traditional Level-2 task functions are retained.",
            "messageBody": "",
            "tags": [
              "Level-4",
              "A-Inheritance"
            ],
            "fileTypesAndContributionMap": {
              "java": {
                "insertions": 148,
                "deletions": 13
              }
            }
          },
          {
            "hash": "c09da5f3ed8764e6391b5bb681ae9953217b13bf",
            "messageTitle": "A-TextUiTesting",
            "messageBody": "",
            "tags": [
              "A-TextUiTesting"
            ],
            "fileTypesAndContributionMap": {
              "txt": {
                "insertions": 11,
                "deletions": 0
              },
              "bat": {
                "insertions": 6,
                "deletions": 2
              },
              "sh": {
                "insertions": 1,
                "deletions": 1
              }
            }
          }
        ]
      },
      {
        "date": "2020-09-02",
        "commitResults": [
          {
            "hash": "616b11194f237db31bdeea366657db68bc7e4d99",
            "messageTitle": "A-CodeQuality",
            "messageBody": "",
            "tags": [
              "A-CodeQuality"
            ],
            "fileTypesAndContributionMap": {
              "java": {
                "insertions": 119,
                "deletions": 85
              }
            }
          }
        ]
      },
      {
        "date": "2020-09-06",
        "commitResults": [
          {
            "hash": "9bbba0eaebad001f3361dc6fd7959ff1e6361f82",
            "messageTitle": "branch-Level-5 with partial error implementation using the A-Exceptions method",
            "messageBody": "",
            "fileTypesAndContributionMap": {
              "java": {
                "insertions": 98,
                "deletions": 26
              }
            }
          }
        ]
      },
      {
        "date": "2020-09-07",
        "commitResults": [
          {
            "hash": "f274a25f6f7b5879b108e145094e31d3e508a7ae",
            "messageTitle": "branch-Level-5 improved",
            "messageBody": "",
            "fileTypesAndContributionMap": {
              "java": {
                "insertions": 104,
                "deletions": 39
              }
            }
          }
        ]
      },
      {
        "date": "2020-09-10",
        "commitResults": [
          {
            "hash": "4b3ef943ee57684ca896c0a94b332f3c2ae98f76",
            "messageTitle": "A-Packages and improved error detection.",
            "messageBody": "",
            "tags": [
              "A-Packages"
            ],
            "fileTypesAndContributionMap": {
              "java": {
                "insertions": 25,
                "deletions": 3
              }
            }
          }
        ]
      },
      {
        "date": "2020-09-14",
        "commitResults": [
          {
            "hash": "b354f769e60e5058f1c52a2e6fe9014244c02ecf",
            "messageTitle": "A-Collections without Level-6 and Level-7",
            "messageBody": "",
            "fileTypesAndContributionMap": {
              "java": {
                "insertions": 34,
                "deletions": 36
              }
            }
          }
        ]
      },
      {
        "date": "2020-09-17",
        "commitResults": [
          {
            "hash": "4e71a2d152de36c6edf7f1d5f944f01f0277e432",
            "messageTitle": "Level-6 with previously implemented A-Collections feature.",
            "messageBody": "",
            "fileTypesAndContributionMap": {
              "java": {
                "insertions": 49,
                "deletions": 4
              }
            }
          },
          {
            "hash": "5b73f1db27c180684c7169b4e884801c21916a8f",
            "messageTitle": "Level-7 implemention, without support for saving done status, and with rudimentary file modification functions. Needs improvement.",
            "messageBody": "",
            "fileTypesAndContributionMap": {
              "txt": {
                "insertions": 0,
                "deletions": 0
              },
              "java": {
                "insertions": 102,
                "deletions": 14
              }
            }
          },
          {
            "hash": "ea2ab013db295836b5b946aeb2f7e20c8059aadb",
            "messageTitle": "Interim commit to resolve errors due to presence of duke.txt",
            "messageBody": "",
            "fileTypesAndContributionMap": {
              "txt": {
                "insertions": 0,
                "deletions": 0
              }
            }
          },
          {
            "hash": "ced81c6511ebe7246ec3d20dbfb8ada8e3e4e56d",
            "messageTitle": "Some bug fixes.",
            "messageBody": "",
            "fileTypesAndContributionMap": {
              "java": {
                "insertions": 6,
                "deletions": 3
              }
            }
          },
          {
            "hash": "2c32a51952df798e63122a94d29317ac3a5d2f37",
            "messageTitle": "Modification to packages",
            "messageBody": "",
            "fileTypesAndContributionMap": {
              "txt": {
                "insertions": 1,
                "deletions": 0
              },
              "java": {
                "insertions": 14,
                "deletions": 12
              }
            }
          },
          {
            "hash": "0d3accd945ac164ff86f92c1576106010c298e8a",
            "messageTitle": "More updates",
            "messageBody": "",
            "tags": [
              "A-Jar"
            ],
            "fileTypesAndContributionMap": {
              "txt": {
                "insertions": 0,
                "deletions": 1
              },
              "java": {
                "insertions": 16,
                "deletions": 0
              }
            }
          }
        ]
      },
      {
        "date": "2020-09-25",
        "commitResults": [
          {
            "hash": "b7d116de4eb651a2ef7121573fc60a4760fd6b4a",
            "messageTitle": "Fixing issues as recommended by TA. #1: Usage of ENUM",
            "messageBody": "",
            "fileTypesAndContributionMap": {
              "txt": {
                "insertions": 1,
                "deletions": 0
              },
              "java": {
                "insertions": 53,
                "deletions": 30
              }
            }
          }
        ]
      },
      {
        "date": "2020-09-26",
        "commitResults": [
          {
            "hash": "f5783aaa1cce85efd4deb8b5522807698c7a8635",
            "messageTitle": "Fixed file access issues related to file deletion. The task done status is also saved in the file.",
            "messageBody": "",
            "fileTypesAndContributionMap": {
              "txt": {
                "insertions": 5,
                "deletions": 1
              },
              "java": {
                "insertions": 147,
                "deletions": 46
              }
            }
          }
        ]
      },
      {
        "date": "2020-09-28",
        "commitResults": [
          {
            "hash": "62796ace2be65c832671a38bcd08edf0cd879308",
            "messageTitle": "A-MoreOOP (1) UI extracted.",
            "messageBody": "",
            "fileTypesAndContributionMap": {
              "txt": {
                "insertions": 4,
                "deletions": 3
              },
              "java": {
                "insertions": 241,
                "deletions": 149
              }
            }
          }
        ]
      },
      {
        "date": "2020-09-29",
        "commitResults": [
          {
            "hash": "cec85c19675c4da105218a6e684828749f288c4d",
            "messageTitle": "A-MoreOOP (2) Parser extracted.",
            "messageBody": "",
            "fileTypesAndContributionMap": {
              "txt": {
                "insertions": 4,
                "deletions": 0
              },
              "java": {
                "insertions": 141,
                "deletions": 66
              }
            }
          },
          {
            "hash": "80c6eb87d44350c92c534df07b06de1dfbc00669",
            "messageTitle": "A-MoreOOP (3) TaskList and Storage extracted.",
            "messageBody": "",
            "tags": [
              "A-MoreOOP"
            ],
            "fileTypesAndContributionMap": {
              "txt": {
                "insertions": 2,
                "deletions": 0
              },
              "java": {
                "insertions": 509,
                "deletions": 138
              }
            }
          },
          {
            "hash": "62944c8186ca915e9fd37a2993ba6274a1fd3c2d",
            "messageTitle": "Fixes related to file access",
            "messageBody": "",
            "fileTypesAndContributionMap": {
              "txt": {
                "insertions": 0,
                "deletions": 1
              },
              "java": {
                "insertions": 32,
                "deletions": 440
              }
            }
          },
          {
            "hash": "a88c6dc7a4a2028773c57251d84100821707f777",
            "messageTitle": "Level-9 : Added find functionality.",
            "messageBody": "",
            "fileTypesAndContributionMap": {
              "java": {
                "insertions": 29,
                "deletions": 5
              }
            }
          }
        ]
      },
      {
        "date": "2020-09-30",
        "commitResults": [
          {
            "hash": "5f924e065215285c719972e7bb7acd09d3df08f3",
            "messageTitle": "A-JavaDoc on majority of classes/methods.",
            "messageBody": "",
            "fileTypesAndContributionMap": {
              "txt": {
                "insertions": 3,
                "deletions": 0
              },
              "java": {
                "insertions": 250,
                "deletions": 11
              }
            }
          },
          {
            "hash": "3c16aa00d154761aa6435850e1ef6c1fa8c22314",
            "messageTitle": "Additional fixes.",
            "messageBody": "",
            "fileTypesAndContributionMap": {
              "txt": {
                "insertions": 3,
                "deletions": 2
              },
              "java": {
                "insertions": 15,
                "deletions": 17
              }
            }
          },
          {
            "hash": "a20ca29849f1d035fd8664d7d639016e151a9b4b",
            "messageTitle": "More fixes related to delete and done",
            "messageBody": "",
            "fileTypesAndContributionMap": {
              "txt": {
                "insertions": 19,
                "deletions": 15
              },
              "java": {
                "insertions": 123,
                "deletions": 106
              },
              "bat": {
                "insertions": 2,
                "deletions": 2
              },
              "md": {
                "insertions": 2,
                "deletions": 2
              }
            }
          },
          {
            "hash": "0b364968a588b0421cb68670e2bcfdb5f8814acb",
            "messageTitle": "Update README.md",
            "messageBody": "",
            "fileTypesAndContributionMap": {
              "md": {
                "insertions": 2,
                "deletions": 0
              }
            }
          },
          {
            "hash": "9549510ef1bc61c6d017422b06848c7915c5d269",
            "messageTitle": "Update README.md",
            "messageBody": "Update 1",
            "fileTypesAndContributionMap": {
              "md": {
                "insertions": 123,
                "deletions": 9
              }
            }
          },
          {
            "hash": "66e51ba87e718250252297c19af7b258fbeae628",
            "messageTitle": "Update README.md",
            "messageBody": "",
            "fileTypesAndContributionMap": {
              "md": {
                "insertions": 3,
                "deletions": 1
              }
            }
          },
          {
            "hash": "a5135c2679d175392f8fe8284017c1f1cdc5fe6f",
            "messageTitle": "Update README.md",
            "messageBody": "",
            "fileTypesAndContributionMap": {
              "md": {
                "insertions": 14,
                "deletions": 1
              }
            }
          },
          {
            "hash": "543645ca830d671050d3e0aace57b5b429bf3bc6",
            "messageTitle": "Update README.md",
            "messageBody": "",
            "fileTypesAndContributionMap": {
              "md": {
                "insertions": 76,
                "deletions": 4
              }
            }
          },
          {
            "hash": "f95b8342383932cc1b930ce948ab802d26218cd6",
            "messageTitle": "Update README.md",
            "messageBody": "",
            "fileTypesAndContributionMap": {
              "md": {
                "insertions": 1,
                "deletions": 2
              }
            }
          },
          {
            "hash": "7ed11c51a83ce6cf5b45bde618517a5a055ec293",
            "messageTitle": "Update README.md",
            "messageBody": "",
            "fileTypesAndContributionMap": {
              "md": {
                "insertions": 1,
                "deletions": 1
              }
            }
          },
          {
            "hash": "6d1cfa1d85ca95c0c8d02df621795a3dbfb6e4e1",
            "messageTitle": "Update README.md",
            "messageBody": "",
            "fileTypesAndContributionMap": {
              "md": {
                "insertions": 10,
                "deletions": 10
              }
            }
          },
          {
            "hash": "c02970dcb537c0a9c993ee0249d02569a837efdb",
            "messageTitle": "Update README.md",
            "messageBody": "",
            "fileTypesAndContributionMap": {
              "md": {
                "insertions": 3,
                "deletions": 3
              }
            }
          },
          {
            "hash": "c949923877ca43ff13200cc58992c286471f9cb8",
            "messageTitle": "Update README.md",
            "messageBody": "",
            "fileTypesAndContributionMap": {
              "md": {
                "insertions": 7,
                "deletions": 7
              }
            }
          },
          {
            "hash": "b9f374522cec265764c77a826fb9d867ce9ba1dd",
            "messageTitle": "Update README.md",
            "messageBody": "",
            "fileTypesAndContributionMap": {
              "md": {
                "insertions": 1,
                "deletions": 1
              }
            }
          },
          {
            "hash": "adc3d34eb2651cc9ddb38862d81ef0bf6b1a0864",
            "messageTitle": "Commit.",
            "messageBody": "",
            "fileTypesAndContributionMap": {
              "txt": {
                "insertions": 5,
                "deletions": 1
              }
            }
          },
          {
            "hash": "60aca75e1fd96759c4492d2ca6dec98bb7c12fc1",
            "messageTitle": "Update README.md",
            "messageBody": "",
            "fileTypesAndContributionMap": {
              "md": {
                "insertions": 27,
                "deletions": 0
              }
            }
          },
          {
            "hash": "351eef58c763432834461d61592efebb25dc1721",
            "messageTitle": "Update README.md",
            "messageBody": "",
            "fileTypesAndContributionMap": {
              "md": {
                "insertions": 0,
                "deletions": 11
              }
            }
          },
          {
            "hash": "6af4b38e16e298a1fbadfec0d3ad3404e69d2bd8",
            "messageTitle": "Update README.md",
            "messageBody": "",
            "fileTypesAndContributionMap": {
              "md": {
                "insertions": 11,
                "deletions": 0
              }
            }
          },
          {
            "hash": "ffce9b5d6646c8f1ef0d2c037a42631c31ce579f",
            "messageTitle": "More fixes",
            "messageBody": "",
            "fileTypesAndContributionMap": {
              "txt": {
                "insertions": 3,
                "deletions": 2
              },
              "java": {
                "insertions": 10,
                "deletions": 3
              }
            }
          },
          {
            "hash": "3f82b9e8167d249a87210d5a67b388d688525942",
            "messageTitle": "More fixes again",
            "messageBody": "",
            "fileTypesAndContributionMap": {
              "txt": {
                "insertions": 1,
                "deletions": 1
              },
              "java": {
                "insertions": 5,
                "deletions": 0
              }
            }
          },
          {
            "hash": "546cad37905076a1210063df273e392a476c16f2",
            "messageTitle": "Update README.md",
            "messageBody": "",
            "fileTypesAndContributionMap": {
              "md": {
                "insertions": 3,
                "deletions": 2
              }
            }
          },
          {
            "hash": "fcf0bfbfc7567d226131027a4f58221d11988861",
            "messageTitle": "Update README.md",
            "messageBody": "",
            "tags": [
              "A-Release"
            ],
            "fileTypesAndContributionMap": {
              "md": {
                "insertions": 1,
                "deletions": 1
              }
            }
          },
          {
            "hash": "637f093d91a87ce8d1af5044f7fe40e190dfeeb7",
            "messageTitle": "Update README.md",
            "messageBody": "",
            "tags": [
              "A-UserGuide"
            ],
            "fileTypesAndContributionMap": {
              "md": {
                "insertions": 3,
                "deletions": 3
              }
            }
          }
        ]
      },
      {
        "date": "2020-10-15",
        "commitResults": [
          {
            "hash": "a79b6dcda6077bce57d915a269742fe6b08f1864",
            "messageTitle": "Partial refactoring of coding to meet requirement: [abstraction] minimum expectation: No very-long methods or too-deep nesting.",
            "messageBody": "",
            "fileTypesAndContributionMap": {
              "txt": {
                "insertions": 13,
                "deletions": 3
              },
              "java": {
                "insertions": 193,
                "deletions": 172
              }
            }
          },
          {
            "hash": "ad375546932d5c5709421a2829e92585f3c8f236",
            "messageTitle": "More refactoring of coding to meet requirement: [abstraction] minimum expectation: No very-long methods or too-deep nesting.",
            "messageBody": "",
            "tags": [
              "Remediation"
            ],
            "fileTypesAndContributionMap": {
              "txt": {
                "insertions": 3,
                "deletions": 1
              },
              "java": {
                "insertions": 126,
                "deletions": 76
              }
            }
          },
          {
            "hash": "52eb936bb454d6ba175f0dcd1e5be230ea4a2c3f",
            "messageTitle": "Minor fixes.",
            "messageBody": "",
            "fileTypesAndContributionMap": {
              "java": {
                "insertions": 42,
                "deletions": 42
              }
            }
          },
          {
            "hash": "a0c5972f9c3908e4ac759bd0b890c907253878a5",
            "messageTitle": "Resolved issue where lowercase packages are not reflected in GitHub",
            "messageBody": "",
            "fileTypesAndContributionMap": {
              "txt": {
                "insertions": 2,
                "deletions": 1
              },
              "java": {
                "insertions": 1184,
                "deletions": 1
              }
            }
          },
          {
            "hash": "939752af02b87b767e4939d2ab0ce6efaa4b7a58",
            "messageTitle": "Fix duplicate directory issue attempt",
            "messageBody": "",
            "fileTypesAndContributionMap": {
              "java": {
                "insertions": 0,
                "deletions": 2366
              }
            }
          },
          {
            "hash": "1be73a80e1cd2793468ae1d5ffc7975a3c056fc8",
            "messageTitle": "Reinstate files to mitigate duplicate directory Duke and duke issue",
            "messageBody": "",
            "fileTypesAndContributionMap": {
              "java": {
                "insertions": 1183,
                "deletions": 0
              }
            }
          },
          {
            "hash": "63f31c20e7476edd3bbbe8e871d263afdd2c1c7f",
            "messageTitle": "Fixes minor indentation issues.",
            "messageBody": "",
            "fileTypesAndContributionMap": {
              "java": {
                "insertions": 3,
                "deletions": 4
              }
            }
          }
        ]
      }
    ]
  },
  "authorFileTypeContributionMap": {
    "e0426051": {
      "java": 1182,
      "md": 239,
      "sh": 1,
      "bat": 6,
      "gradle": 0,
      "txt": 48
    }
  },
  "authorContributionVariance": {
    "e0426051": 492479.03
  },
  "authorDisplayNameMap": {
    "e0426051": "CS2113T-F11-4 ZHAO..IANG"
  }
}
