[
  {
    "path": "src/main/java/CorruptedFileException.java",
    "fileType": "java",
    "lines": [
      {
        "lineNumber": 1,
        "author": {
          "gitId": "matthewgani"
        },
        "content": "public class CorruptedFileException extends DukeException {"
      },
      {
        "lineNumber": 2,
        "author": {
          "gitId": "matthewgani"
        },
        "content": ""
      },
      {
        "lineNumber": 3,
        "author": {
          "gitId": "matthewgani"
        },
        "content": ""
      },
      {
        "lineNumber": 4,
        "author": {
          "gitId": "matthewgani"
        },
        "content": "    private String exceptionMessage;"
      },
      {
        "lineNumber": 5,
        "author": {
          "gitId": "matthewgani"
        },
        "content": ""
      },
      {
        "lineNumber": 6,
        "author": {
          "gitId": "matthewgani"
        },
        "content": "    public CorruptedFileException(String exceptionMessage) {"
      },
      {
        "lineNumber": 7,
        "author": {
          "gitId": "matthewgani"
        },
        "content": "        this.exceptionMessage \u003d exceptionMessage;"
      },
      {
        "lineNumber": 8,
        "author": {
          "gitId": "matthewgani"
        },
        "content": "    }"
      },
      {
        "lineNumber": 9,
        "author": {
          "gitId": "matthewgani"
        },
        "content": ""
      },
      {
        "lineNumber": 10,
        "author": {
          "gitId": "matthewgani"
        },
        "content": "    @Override"
      },
      {
        "lineNumber": 11,
        "author": {
          "gitId": "matthewgani"
        },
        "content": "    public String toString() {"
      },
      {
        "lineNumber": 12,
        "author": {
          "gitId": "matthewgani"
        },
        "content": "        return \"Oh no!\" + exceptionMessage;"
      },
      {
        "lineNumber": 13,
        "author": {
          "gitId": "matthewgani"
        },
        "content": "    }"
      },
      {
        "lineNumber": 14,
        "author": {
          "gitId": "matthewgani"
        },
        "content": ""
      },
      {
        "lineNumber": 15,
        "author": {
          "gitId": "matthewgani"
        },
        "content": ""
      },
      {
        "lineNumber": 16,
        "author": {
          "gitId": "matthewgani"
        },
        "content": "}"
      }
    ],
    "authorContributionMap": {
      "matthewgani": 16
    }
  },
  {
    "path": "src/main/java/Deadline.java",
    "fileType": "java",
    "lines": [
      {
        "lineNumber": 1,
        "author": {
          "gitId": "matthewgani"
        },
        "content": "public class Deadline extends Task {"
      },
      {
        "lineNumber": 2,
        "author": {
          "gitId": "matthewgani"
        },
        "content": ""
      },
      {
        "lineNumber": 3,
        "author": {
          "gitId": "matthewgani"
        },
        "content": "    private String by;"
      },
      {
        "lineNumber": 4,
        "author": {
          "gitId": "matthewgani"
        },
        "content": ""
      },
      {
        "lineNumber": 5,
        "author": {
          "gitId": "matthewgani"
        },
        "content": "    public Deadline(String description, String by) {"
      },
      {
        "lineNumber": 6,
        "author": {
          "gitId": "matthewgani"
        },
        "content": "        super(description);"
      },
      {
        "lineNumber": 7,
        "author": {
          "gitId": "matthewgani"
        },
        "content": "        this.by \u003d by;"
      },
      {
        "lineNumber": 8,
        "author": {
          "gitId": "matthewgani"
        },
        "content": "        this.taskType \u003d \"deadline\";"
      },
      {
        "lineNumber": 9,
        "author": {
          "gitId": "matthewgani"
        },
        "content": "    }"
      },
      {
        "lineNumber": 10,
        "author": {
          "gitId": "matthewgani"
        },
        "content": ""
      },
      {
        "lineNumber": 11,
        "author": {
          "gitId": "matthewgani"
        },
        "content": "    public String getBy() {"
      },
      {
        "lineNumber": 12,
        "author": {
          "gitId": "matthewgani"
        },
        "content": "        return by;"
      },
      {
        "lineNumber": 13,
        "author": {
          "gitId": "matthewgani"
        },
        "content": "    }"
      },
      {
        "lineNumber": 14,
        "author": {
          "gitId": "matthewgani"
        },
        "content": ""
      },
      {
        "lineNumber": 15,
        "author": {
          "gitId": "matthewgani"
        },
        "content": "    @Override"
      },
      {
        "lineNumber": 16,
        "author": {
          "gitId": "matthewgani"
        },
        "content": "    public String toString() {"
      },
      {
        "lineNumber": 17,
        "author": {
          "gitId": "matthewgani"
        },
        "content": "        return \"[D]\" + super.toString() + \" (by: \" + by + \")\";"
      },
      {
        "lineNumber": 18,
        "author": {
          "gitId": "matthewgani"
        },
        "content": "    }"
      },
      {
        "lineNumber": 19,
        "author": {
          "gitId": "matthewgani"
        },
        "content": ""
      },
      {
        "lineNumber": 20,
        "author": {
          "gitId": "matthewgani"
        },
        "content": "}"
      }
    ],
    "authorContributionMap": {
      "matthewgani": 20
    }
  },
  {
    "path": "src/main/java/Duke.java",
    "fileType": "java",
    "lines": [
      {
        "lineNumber": 1,
        "author": {
          "gitId": "matthewgani"
        },
        "content": "import java.util.ArrayList;"
      },
      {
        "lineNumber": 2,
        "author": {
          "gitId": "matthewgani"
        },
        "content": "import java.util.Scanner;"
      },
      {
        "lineNumber": 3,
        "author": {
          "gitId": "matthewgani"
        },
        "content": ""
      },
      {
        "lineNumber": 4,
        "author": {
          "gitId": "-"
        },
        "content": "public class Duke {"
      },
      {
        "lineNumber": 5,
        "author": {
          "gitId": "matthewgani"
        },
        "content": ""
      },
      {
        "lineNumber": 6,
        "author": {
          "gitId": "-"
        },
        "content": "    public static void main(String[] args) {"
      },
      {
        "lineNumber": 7,
        "author": {
          "gitId": "matthewgani"
        },
        "content": "        runDuke();"
      },
      {
        "lineNumber": 8,
        "author": {
          "gitId": "matthewgani"
        },
        "content": "    }"
      },
      {
        "lineNumber": 9,
        "author": {
          "gitId": "matthewgani"
        },
        "content": ""
      },
      {
        "lineNumber": 10,
        "author": {
          "gitId": "matthewgani"
        },
        "content": "    public static void printWelcome() {"
      },
      {
        "lineNumber": 11,
        "author": {
          "gitId": "-"
        },
        "content": "        String logo \u003d \" ____        _        \\n\""
      },
      {
        "lineNumber": 12,
        "author": {
          "gitId": "-"
        },
        "content": "                + \"|  _ \\\\ _   _| | _____ \\n\""
      },
      {
        "lineNumber": 13,
        "author": {
          "gitId": "-"
        },
        "content": "                + \"| | | | | | | |/ / _ \\\\\\n\""
      },
      {
        "lineNumber": 14,
        "author": {
          "gitId": "-"
        },
        "content": "                + \"| |_| | |_| |   \u003c  __/\\n\""
      },
      {
        "lineNumber": 15,
        "author": {
          "gitId": "-"
        },
        "content": "                + \"|____/ \\\\__,_|_|\\\\_\\\\___|\\n\";"
      },
      {
        "lineNumber": 16,
        "author": {
          "gitId": "matthewgani"
        },
        "content": ""
      },
      {
        "lineNumber": 17,
        "author": {
          "gitId": "matthewgani"
        },
        "content": "        printDividerLine();"
      },
      {
        "lineNumber": 18,
        "author": {
          "gitId": "matthewgani"
        },
        "content": "        System.out.println(\"Hello! I\u0027m Duke! \\n \" + logo);"
      },
      {
        "lineNumber": 19,
        "author": {
          "gitId": "matthewgani"
        },
        "content": "        System.out.println(\"What can I do for you?\");"
      },
      {
        "lineNumber": 20,
        "author": {
          "gitId": "matthewgani"
        },
        "content": "        printDividerLine();"
      },
      {
        "lineNumber": 21,
        "author": {
          "gitId": "matthewgani"
        },
        "content": ""
      },
      {
        "lineNumber": 22,
        "author": {
          "gitId": "matthewgani"
        },
        "content": "    }"
      },
      {
        "lineNumber": 23,
        "author": {
          "gitId": "matthewgani"
        },
        "content": ""
      },
      {
        "lineNumber": 24,
        "author": {
          "gitId": "matthewgani"
        },
        "content": "    public static void printDividerLine() {"
      },
      {
        "lineNumber": 25,
        "author": {
          "gitId": "matthewgani"
        },
        "content": "        System.out.println(\"___________________________________ \\n\");"
      },
      {
        "lineNumber": 26,
        "author": {
          "gitId": "matthewgani"
        },
        "content": "    }"
      },
      {
        "lineNumber": 27,
        "author": {
          "gitId": "matthewgani"
        },
        "content": ""
      },
      {
        "lineNumber": 28,
        "author": {
          "gitId": "matthewgani"
        },
        "content": "    public static void printGoodbye() {"
      },
      {
        "lineNumber": 29,
        "author": {
          "gitId": "matthewgani"
        },
        "content": "        printDividerLine();"
      },
      {
        "lineNumber": 30,
        "author": {
          "gitId": "matthewgani"
        },
        "content": "        System.out.println(\"Bye. Hope to see you again soon! :)\");"
      },
      {
        "lineNumber": 31,
        "author": {
          "gitId": "matthewgani"
        },
        "content": "        printDividerLine();"
      },
      {
        "lineNumber": 32,
        "author": {
          "gitId": "matthewgani"
        },
        "content": "    }"
      },
      {
        "lineNumber": 33,
        "author": {
          "gitId": "matthewgani"
        },
        "content": ""
      },
      {
        "lineNumber": 34,
        "author": {
          "gitId": "matthewgani"
        },
        "content": "    public static ArrayList\u003cTask\u003e loadDukeMemory() {"
      },
      {
        "lineNumber": 35,
        "author": {
          "gitId": "matthewgani"
        },
        "content": "        printDividerLine();"
      },
      {
        "lineNumber": 36,
        "author": {
          "gitId": "matthewgani"
        },
        "content": "        ArrayList\u003cTask\u003e taskList \u003d FileHelper.retrieveData();"
      },
      {
        "lineNumber": 37,
        "author": {
          "gitId": "matthewgani"
        },
        "content": "        TaskHelper.printTaskNumberMessage();"
      },
      {
        "lineNumber": 38,
        "author": {
          "gitId": "matthewgani"
        },
        "content": "        return taskList;"
      },
      {
        "lineNumber": 39,
        "author": {
          "gitId": "matthewgani"
        },
        "content": "    }"
      },
      {
        "lineNumber": 40,
        "author": {
          "gitId": "matthewgani"
        },
        "content": ""
      },
      {
        "lineNumber": 41,
        "author": {
          "gitId": "matthewgani"
        },
        "content": "    public static void runDuke(){"
      },
      {
        "lineNumber": 42,
        "author": {
          "gitId": "matthewgani"
        },
        "content": "        Scanner userResponseScanner \u003d new Scanner(System.in);"
      },
      {
        "lineNumber": 43,
        "author": {
          "gitId": "matthewgani"
        },
        "content": "        String command;"
      },
      {
        "lineNumber": 44,
        "author": {
          "gitId": "matthewgani"
        },
        "content": "        boolean quitResponseLoop \u003d false;"
      },
      {
        "lineNumber": 45,
        "author": {
          "gitId": "matthewgani"
        },
        "content": "        ArrayList\u003cTask\u003e taskList \u003d loadDukeMemory();"
      },
      {
        "lineNumber": 46,
        "author": {
          "gitId": "matthewgani"
        },
        "content": "        printWelcome();"
      },
      {
        "lineNumber": 47,
        "author": {
          "gitId": "matthewgani"
        },
        "content": ""
      },
      {
        "lineNumber": 48,
        "author": {
          "gitId": "matthewgani"
        },
        "content": "        while (!quitResponseLoop) {"
      },
      {
        "lineNumber": 49,
        "author": {
          "gitId": "matthewgani"
        },
        "content": "            command \u003d userResponseScanner.nextLine().trim();"
      },
      {
        "lineNumber": 50,
        "author": {
          "gitId": "matthewgani"
        },
        "content": ""
      },
      {
        "lineNumber": 51,
        "author": {
          "gitId": "matthewgani"
        },
        "content": "            if (command.equals(\"bye\")) {"
      },
      {
        "lineNumber": 52,
        "author": {
          "gitId": "matthewgani"
        },
        "content": "                quitResponseLoop \u003d true;"
      },
      {
        "lineNumber": 53,
        "author": {
          "gitId": "matthewgani"
        },
        "content": "            } else if (command.equals(\"list\")) {"
      },
      {
        "lineNumber": 54,
        "author": {
          "gitId": "matthewgani"
        },
        "content": "                TaskHelper.printTaskList(taskList);"
      },
      {
        "lineNumber": 55,
        "author": {
          "gitId": "matthewgani"
        },
        "content": "            } else if (command.startsWith(\"done\")) {"
      },
      {
        "lineNumber": 56,
        "author": {
          "gitId": "matthewgani"
        },
        "content": "                try {"
      },
      {
        "lineNumber": 57,
        "author": {
          "gitId": "matthewgani"
        },
        "content": "                    int taskNumber \u003d TaskHelper.getTaskNumberFromCommand(command);"
      },
      {
        "lineNumber": 58,
        "author": {
          "gitId": "matthewgani"
        },
        "content": "                    TaskHelper.setTaskAsDone(taskNumber, taskList);"
      },
      {
        "lineNumber": 59,
        "author": {
          "gitId": "matthewgani"
        },
        "content": "                } catch (NumberFormatException e) {"
      },
      {
        "lineNumber": 60,
        "author": {
          "gitId": "matthewgani"
        },
        "content": "                    TaskHelper.printTaskNumberParseError();"
      },
      {
        "lineNumber": 61,
        "author": {
          "gitId": "matthewgani"
        },
        "content": "                } catch (IndexOutOfBoundsException e) {"
      },
      {
        "lineNumber": 62,
        "author": {
          "gitId": "matthewgani"
        },
        "content": "                    TaskHelper.printTaskNumberNotFound();"
      },
      {
        "lineNumber": 63,
        "author": {
          "gitId": "matthewgani"
        },
        "content": "                }"
      },
      {
        "lineNumber": 64,
        "author": {
          "gitId": "matthewgani"
        },
        "content": "            } else if (command.startsWith(\"todo\") || command.startsWith(\"deadline\") || command.startsWith(\"event\")) {"
      },
      {
        "lineNumber": 65,
        "author": {
          "gitId": "matthewgani"
        },
        "content": "                try {"
      },
      {
        "lineNumber": 66,
        "author": {
          "gitId": "matthewgani"
        },
        "content": "                    String[] taskCommand \u003d TaskHelper.splitTaskCommand(command);"
      },
      {
        "lineNumber": 67,
        "author": {
          "gitId": "matthewgani"
        },
        "content": "                    TaskHelper.addTaskToList(taskCommand, taskList, false);"
      },
      {
        "lineNumber": 68,
        "author": {
          "gitId": "matthewgani"
        },
        "content": "                } catch (DukeException e) {"
      },
      {
        "lineNumber": 69,
        "author": {
          "gitId": "matthewgani"
        },
        "content": "                    TaskHelper.printExceptionMessage(e.toString());"
      },
      {
        "lineNumber": 70,
        "author": {
          "gitId": "matthewgani"
        },
        "content": "                }"
      },
      {
        "lineNumber": 71,
        "author": {
          "gitId": "matthewgani"
        },
        "content": "            } else if (command.startsWith(\"delete\")) {"
      },
      {
        "lineNumber": 72,
        "author": {
          "gitId": "matthewgani"
        },
        "content": "                try {"
      },
      {
        "lineNumber": 73,
        "author": {
          "gitId": "matthewgani"
        },
        "content": "                    int taskNumber \u003d TaskHelper.getTaskNumberFromCommand(command);"
      },
      {
        "lineNumber": 74,
        "author": {
          "gitId": "matthewgani"
        },
        "content": "                    TaskHelper.deleteTask(taskNumber, taskList);"
      },
      {
        "lineNumber": 75,
        "author": {
          "gitId": "matthewgani"
        },
        "content": "                } catch (NumberFormatException e) {"
      },
      {
        "lineNumber": 76,
        "author": {
          "gitId": "matthewgani"
        },
        "content": "                    TaskHelper.printTaskNumberParseError();"
      },
      {
        "lineNumber": 77,
        "author": {
          "gitId": "matthewgani"
        },
        "content": "                } catch (IndexOutOfBoundsException e) {"
      },
      {
        "lineNumber": 78,
        "author": {
          "gitId": "matthewgani"
        },
        "content": "                    TaskHelper.printTaskNumberNotFound();"
      },
      {
        "lineNumber": 79,
        "author": {
          "gitId": "matthewgani"
        },
        "content": "                }"
      },
      {
        "lineNumber": 80,
        "author": {
          "gitId": "matthewgani"
        },
        "content": "            } else {"
      },
      {
        "lineNumber": 81,
        "author": {
          "gitId": "matthewgani"
        },
        "content": "                TaskHelper.printInvalidCommand();"
      },
      {
        "lineNumber": 82,
        "author": {
          "gitId": "matthewgani"
        },
        "content": "            }"
      },
      {
        "lineNumber": 83,
        "author": {
          "gitId": "matthewgani"
        },
        "content": "        }"
      },
      {
        "lineNumber": 84,
        "author": {
          "gitId": "matthewgani"
        },
        "content": ""
      },
      {
        "lineNumber": 85,
        "author": {
          "gitId": "matthewgani"
        },
        "content": "        FileHelper.convertTaskListToFile(\"data/dukeMemory.txt\", taskList);"
      },
      {
        "lineNumber": 86,
        "author": {
          "gitId": "matthewgani"
        },
        "content": "        printGoodbye();"
      },
      {
        "lineNumber": 87,
        "author": {
          "gitId": "matthewgani"
        },
        "content": ""
      },
      {
        "lineNumber": 88,
        "author": {
          "gitId": "-"
        },
        "content": "    }"
      },
      {
        "lineNumber": 89,
        "author": {
          "gitId": "matthewgani"
        },
        "content": ""
      },
      {
        "lineNumber": 90,
        "author": {
          "gitId": "-"
        },
        "content": "}"
      }
    ],
    "authorContributionMap": {
      "matthewgani": 81,
      "-": 9
    }
  },
  {
    "path": "src/main/java/DukeException.java",
    "fileType": "java",
    "lines": [
      {
        "lineNumber": 1,
        "author": {
          "gitId": "matthewgani"
        },
        "content": "public class DukeException extends Exception {"
      },
      {
        "lineNumber": 2,
        "author": {
          "gitId": "matthewgani"
        },
        "content": "}"
      }
    ],
    "authorContributionMap": {
      "matthewgani": 2
    }
  },
  {
    "path": "src/main/java/Event.java",
    "fileType": "java",
    "lines": [
      {
        "lineNumber": 1,
        "author": {
          "gitId": "matthewgani"
        },
        "content": "public class Event extends Task {"
      },
      {
        "lineNumber": 2,
        "author": {
          "gitId": "matthewgani"
        },
        "content": ""
      },
      {
        "lineNumber": 3,
        "author": {
          "gitId": "matthewgani"
        },
        "content": "    private String at;"
      },
      {
        "lineNumber": 4,
        "author": {
          "gitId": "matthewgani"
        },
        "content": ""
      },
      {
        "lineNumber": 5,
        "author": {
          "gitId": "matthewgani"
        },
        "content": "    public Event(String description, String at) {"
      },
      {
        "lineNumber": 6,
        "author": {
          "gitId": "matthewgani"
        },
        "content": "        super(description);"
      },
      {
        "lineNumber": 7,
        "author": {
          "gitId": "matthewgani"
        },
        "content": "        this.at \u003d at;"
      },
      {
        "lineNumber": 8,
        "author": {
          "gitId": "matthewgani"
        },
        "content": "        this.taskType \u003d \"event\";"
      },
      {
        "lineNumber": 9,
        "author": {
          "gitId": "matthewgani"
        },
        "content": "    }"
      },
      {
        "lineNumber": 10,
        "author": {
          "gitId": "matthewgani"
        },
        "content": ""
      },
      {
        "lineNumber": 11,
        "author": {
          "gitId": "matthewgani"
        },
        "content": "    public String getAt() {"
      },
      {
        "lineNumber": 12,
        "author": {
          "gitId": "matthewgani"
        },
        "content": "        return at;"
      },
      {
        "lineNumber": 13,
        "author": {
          "gitId": "matthewgani"
        },
        "content": "    }"
      },
      {
        "lineNumber": 14,
        "author": {
          "gitId": "matthewgani"
        },
        "content": ""
      },
      {
        "lineNumber": 15,
        "author": {
          "gitId": "matthewgani"
        },
        "content": "    @Override"
      },
      {
        "lineNumber": 16,
        "author": {
          "gitId": "matthewgani"
        },
        "content": "    public String toString() {"
      },
      {
        "lineNumber": 17,
        "author": {
          "gitId": "matthewgani"
        },
        "content": "        return \"[E]\" + super.toString() + \" (at: \" + at + \")\";"
      },
      {
        "lineNumber": 18,
        "author": {
          "gitId": "matthewgani"
        },
        "content": "    }"
      },
      {
        "lineNumber": 19,
        "author": {
          "gitId": "matthewgani"
        },
        "content": ""
      },
      {
        "lineNumber": 20,
        "author": {
          "gitId": "matthewgani"
        },
        "content": "}"
      }
    ],
    "authorContributionMap": {
      "matthewgani": 20
    }
  },
  {
    "path": "src/main/java/FileHelper.java",
    "fileType": "java",
    "lines": [
      {
        "lineNumber": 1,
        "author": {
          "gitId": "matthewgani"
        },
        "content": "import java.io.File;"
      },
      {
        "lineNumber": 2,
        "author": {
          "gitId": "matthewgani"
        },
        "content": "import java.io.FileWriter;"
      },
      {
        "lineNumber": 3,
        "author": {
          "gitId": "matthewgani"
        },
        "content": "import java.io.IOException;"
      },
      {
        "lineNumber": 4,
        "author": {
          "gitId": "matthewgani"
        },
        "content": "import java.nio.file.FileAlreadyExistsException;"
      },
      {
        "lineNumber": 5,
        "author": {
          "gitId": "matthewgani"
        },
        "content": "import java.nio.file.Files;"
      },
      {
        "lineNumber": 6,
        "author": {
          "gitId": "matthewgani"
        },
        "content": "import java.nio.file.Path;"
      },
      {
        "lineNumber": 7,
        "author": {
          "gitId": "matthewgani"
        },
        "content": "import java.nio.file.Paths;"
      },
      {
        "lineNumber": 8,
        "author": {
          "gitId": "matthewgani"
        },
        "content": "import java.util.ArrayList;"
      },
      {
        "lineNumber": 9,
        "author": {
          "gitId": "matthewgani"
        },
        "content": "import java.util.Scanner;"
      },
      {
        "lineNumber": 10,
        "author": {
          "gitId": "matthewgani"
        },
        "content": ""
      },
      {
        "lineNumber": 11,
        "author": {
          "gitId": "matthewgani"
        },
        "content": "public class FileHelper {"
      },
      {
        "lineNumber": 12,
        "author": {
          "gitId": "matthewgani"
        },
        "content": ""
      },
      {
        "lineNumber": 13,
        "author": {
          "gitId": "matthewgani"
        },
        "content": "    public static ArrayList\u003cTask\u003e retrieveData() {"
      },
      {
        "lineNumber": 14,
        "author": {
          "gitId": "matthewgani"
        },
        "content": "        ArrayList\u003cString\u003e fileData \u003d new ArrayList\u003c\u003e();"
      },
      {
        "lineNumber": 15,
        "author": {
          "gitId": "matthewgani"
        },
        "content": "        ArrayList\u003cTask\u003e taskList \u003d new ArrayList\u003c\u003e();"
      },
      {
        "lineNumber": 16,
        "author": {
          "gitId": "matthewgani"
        },
        "content": ""
      },
      {
        "lineNumber": 17,
        "author": {
          "gitId": "matthewgani"
        },
        "content": "        manageDataDirectory();"
      },
      {
        "lineNumber": 18,
        "author": {
          "gitId": "matthewgani"
        },
        "content": "        manageDukeMemory();"
      },
      {
        "lineNumber": 19,
        "author": {
          "gitId": "matthewgani"
        },
        "content": ""
      },
      {
        "lineNumber": 20,
        "author": {
          "gitId": "matthewgani"
        },
        "content": "        try {"
      },
      {
        "lineNumber": 21,
        "author": {
          "gitId": "matthewgani"
        },
        "content": "            File f \u003d new File(\"data/dukeMemory.txt\"); // create a File for the given file path"
      },
      {
        "lineNumber": 22,
        "author": {
          "gitId": "matthewgani"
        },
        "content": "            Scanner fileScanner \u003d new Scanner(f); // create a Scanner using the File as the source"
      },
      {
        "lineNumber": 23,
        "author": {
          "gitId": "matthewgani"
        },
        "content": "            while (fileScanner.hasNext()) {"
      },
      {
        "lineNumber": 24,
        "author": {
          "gitId": "matthewgani"
        },
        "content": "                fileData.add(fileScanner.nextLine());"
      },
      {
        "lineNumber": 25,
        "author": {
          "gitId": "matthewgani"
        },
        "content": "            }"
      },
      {
        "lineNumber": 26,
        "author": {
          "gitId": "matthewgani"
        },
        "content": "            taskList \u003d convertFileToTaskList(fileData);"
      },
      {
        "lineNumber": 27,
        "author": {
          "gitId": "matthewgani"
        },
        "content": ""
      },
      {
        "lineNumber": 28,
        "author": {
          "gitId": "matthewgani"
        },
        "content": "        } catch (IOException e) {"
      },
      {
        "lineNumber": 29,
        "author": {
          "gitId": "matthewgani"
        },
        "content": "            printFileScannerIOError();"
      },
      {
        "lineNumber": 30,
        "author": {
          "gitId": "matthewgani"
        },
        "content": "            resetTaskList(taskList);"
      },
      {
        "lineNumber": 31,
        "author": {
          "gitId": "matthewgani"
        },
        "content": "        } catch (ArrayIndexOutOfBoundsException e) {"
      },
      {
        "lineNumber": 32,
        "author": {
          "gitId": "matthewgani"
        },
        "content": "            printReadError();"
      },
      {
        "lineNumber": 33,
        "author": {
          "gitId": "matthewgani"
        },
        "content": "            resetTaskList(taskList);"
      },
      {
        "lineNumber": 34,
        "author": {
          "gitId": "matthewgani"
        },
        "content": "        } catch (DukeException e) {"
      },
      {
        "lineNumber": 35,
        "author": {
          "gitId": "matthewgani"
        },
        "content": "            TaskHelper.printExceptionMessage(e.toString());"
      },
      {
        "lineNumber": 36,
        "author": {
          "gitId": "matthewgani"
        },
        "content": "            resetTaskList(taskList);"
      },
      {
        "lineNumber": 37,
        "author": {
          "gitId": "matthewgani"
        },
        "content": "        }"
      },
      {
        "lineNumber": 38,
        "author": {
          "gitId": "matthewgani"
        },
        "content": ""
      },
      {
        "lineNumber": 39,
        "author": {
          "gitId": "matthewgani"
        },
        "content": "        return taskList;"
      },
      {
        "lineNumber": 40,
        "author": {
          "gitId": "matthewgani"
        },
        "content": ""
      },
      {
        "lineNumber": 41,
        "author": {
          "gitId": "matthewgani"
        },
        "content": "    }"
      },
      {
        "lineNumber": 42,
        "author": {
          "gitId": "matthewgani"
        },
        "content": ""
      },
      {
        "lineNumber": 43,
        "author": {
          "gitId": "matthewgani"
        },
        "content": "    public static void resetTaskList(ArrayList\u003cTask\u003e taskList) {"
      },
      {
        "lineNumber": 44,
        "author": {
          "gitId": "matthewgani"
        },
        "content": "        taskList.clear();"
      },
      {
        "lineNumber": 45,
        "author": {
          "gitId": "matthewgani"
        },
        "content": "        Task.resetNumberOfTasks();"
      },
      {
        "lineNumber": 46,
        "author": {
          "gitId": "matthewgani"
        },
        "content": "    }"
      },
      {
        "lineNumber": 47,
        "author": {
          "gitId": "matthewgani"
        },
        "content": ""
      },
      {
        "lineNumber": 48,
        "author": {
          "gitId": "matthewgani"
        },
        "content": "    public static void printFileScannerIOError() {"
      },
      {
        "lineNumber": 49,
        "author": {
          "gitId": "matthewgani"
        },
        "content": "        Duke.printDividerLine();"
      },
      {
        "lineNumber": 50,
        "author": {
          "gitId": "matthewgani"
        },
        "content": "        System.out.println(\"Unable to find dukeMemory file!\");"
      },
      {
        "lineNumber": 51,
        "author": {
          "gitId": "matthewgani"
        },
        "content": "        Duke.printDividerLine();"
      },
      {
        "lineNumber": 52,
        "author": {
          "gitId": "matthewgani"
        },
        "content": "    }"
      },
      {
        "lineNumber": 53,
        "author": {
          "gitId": "matthewgani"
        },
        "content": ""
      },
      {
        "lineNumber": 54,
        "author": {
          "gitId": "matthewgani"
        },
        "content": "    public static void printReadError() {"
      },
      {
        "lineNumber": 55,
        "author": {
          "gitId": "matthewgani"
        },
        "content": "        Duke.printDividerLine();"
      },
      {
        "lineNumber": 56,
        "author": {
          "gitId": "matthewgani"
        },
        "content": "        System.out.println(\"Problems with reading file!\");"
      },
      {
        "lineNumber": 57,
        "author": {
          "gitId": "matthewgani"
        },
        "content": "        Duke.printDividerLine();"
      },
      {
        "lineNumber": 58,
        "author": {
          "gitId": "matthewgani"
        },
        "content": "    }"
      },
      {
        "lineNumber": 59,
        "author": {
          "gitId": "matthewgani"
        },
        "content": ""
      },
      {
        "lineNumber": 60,
        "author": {
          "gitId": "matthewgani"
        },
        "content": "    public static void manageDataDirectory() {"
      },
      {
        "lineNumber": 61,
        "author": {
          "gitId": "matthewgani"
        },
        "content": "        try {"
      },
      {
        "lineNumber": 62,
        "author": {
          "gitId": "matthewgani"
        },
        "content": "            Path directoryPath \u003d Paths.get(\"data\");"
      },
      {
        "lineNumber": 63,
        "author": {
          "gitId": "matthewgani"
        },
        "content": "            Files.createDirectory(directoryPath);"
      },
      {
        "lineNumber": 64,
        "author": {
          "gitId": "matthewgani"
        },
        "content": "            System.out.println(\"data directory was created!\");"
      },
      {
        "lineNumber": 65,
        "author": {
          "gitId": "matthewgani"
        },
        "content": "        } catch (FileAlreadyExistsException e) {"
      },
      {
        "lineNumber": 66,
        "author": {
          "gitId": "matthewgani"
        },
        "content": "            System.out.println(\"data Directory exists and is being loaded!\");"
      },
      {
        "lineNumber": 67,
        "author": {
          "gitId": "matthewgani"
        },
        "content": "        } catch (IOException e) {"
      },
      {
        "lineNumber": 68,
        "author": {
          "gitId": "matthewgani"
        },
        "content": "            System.out.println(\"IO exception while creating directory!\");"
      },
      {
        "lineNumber": 69,
        "author": {
          "gitId": "matthewgani"
        },
        "content": "        }"
      },
      {
        "lineNumber": 70,
        "author": {
          "gitId": "matthewgani"
        },
        "content": "    }"
      },
      {
        "lineNumber": 71,
        "author": {
          "gitId": "matthewgani"
        },
        "content": ""
      },
      {
        "lineNumber": 72,
        "author": {
          "gitId": "matthewgani"
        },
        "content": "    public static void manageDukeMemory() {"
      },
      {
        "lineNumber": 73,
        "author": {
          "gitId": "matthewgani"
        },
        "content": "        try {"
      },
      {
        "lineNumber": 74,
        "author": {
          "gitId": "matthewgani"
        },
        "content": "            Path dukeMemoryPath \u003d Paths.get(\"data/dukeMemory.txt\");"
      },
      {
        "lineNumber": 75,
        "author": {
          "gitId": "matthewgani"
        },
        "content": "            Files.createFile(dukeMemoryPath);"
      },
      {
        "lineNumber": 76,
        "author": {
          "gitId": "matthewgani"
        },
        "content": "            System.out.println(\"dukeMemory file was created!\");"
      },
      {
        "lineNumber": 77,
        "author": {
          "gitId": "matthewgani"
        },
        "content": "        } catch (FileAlreadyExistsException e) {"
      },
      {
        "lineNumber": 78,
        "author": {
          "gitId": "matthewgani"
        },
        "content": "            System.out.println(\"dukeMemory file exists and is being loaded!\");"
      },
      {
        "lineNumber": 79,
        "author": {
          "gitId": "matthewgani"
        },
        "content": "        } catch (IOException e) {"
      },
      {
        "lineNumber": 80,
        "author": {
          "gitId": "matthewgani"
        },
        "content": "            System.out.println(\"IO exception when creating file!\");"
      },
      {
        "lineNumber": 81,
        "author": {
          "gitId": "matthewgani"
        },
        "content": "        }"
      },
      {
        "lineNumber": 82,
        "author": {
          "gitId": "matthewgani"
        },
        "content": "    }"
      },
      {
        "lineNumber": 83,
        "author": {
          "gitId": "matthewgani"
        },
        "content": ""
      },
      {
        "lineNumber": 84,
        "author": {
          "gitId": "matthewgani"
        },
        "content": "    public static void convertTaskListToFile(String filePath, ArrayList\u003cTask\u003e taskList) {"
      },
      {
        "lineNumber": 85,
        "author": {
          "gitId": "matthewgani"
        },
        "content": "        try {"
      },
      {
        "lineNumber": 86,
        "author": {
          "gitId": "matthewgani"
        },
        "content": "            FileWriter fw \u003d new FileWriter(filePath);"
      },
      {
        "lineNumber": 87,
        "author": {
          "gitId": "matthewgani"
        },
        "content": "            for (Task task : taskList) {"
      },
      {
        "lineNumber": 88,
        "author": {
          "gitId": "matthewgani"
        },
        "content": "                fw.write(formatTaskForFileWrite(task));"
      },
      {
        "lineNumber": 89,
        "author": {
          "gitId": "matthewgani"
        },
        "content": "                fw.write(System.lineSeparator());"
      },
      {
        "lineNumber": 90,
        "author": {
          "gitId": "matthewgani"
        },
        "content": "            }"
      },
      {
        "lineNumber": 91,
        "author": {
          "gitId": "matthewgani"
        },
        "content": "            fw.close();"
      },
      {
        "lineNumber": 92,
        "author": {
          "gitId": "matthewgani"
        },
        "content": "        } catch (IOException e) {"
      },
      {
        "lineNumber": 93,
        "author": {
          "gitId": "matthewgani"
        },
        "content": "            System.out.println(\"IO exception when creating file from taskList\");"
      },
      {
        "lineNumber": 94,
        "author": {
          "gitId": "matthewgani"
        },
        "content": "        }"
      },
      {
        "lineNumber": 95,
        "author": {
          "gitId": "matthewgani"
        },
        "content": ""
      },
      {
        "lineNumber": 96,
        "author": {
          "gitId": "matthewgani"
        },
        "content": "    }"
      },
      {
        "lineNumber": 97,
        "author": {
          "gitId": "matthewgani"
        },
        "content": ""
      },
      {
        "lineNumber": 98,
        "author": {
          "gitId": "matthewgani"
        },
        "content": "    public static String formatTaskForFileWrite(Task currentTask) {"
      },
      {
        "lineNumber": 99,
        "author": {
          "gitId": "matthewgani"
        },
        "content": "        String fileWriteFormat \u003d new String();"
      },
      {
        "lineNumber": 100,
        "author": {
          "gitId": "matthewgani"
        },
        "content": "        Boolean taskDoneStatus \u003d currentTask.getDoneStatus();"
      },
      {
        "lineNumber": 101,
        "author": {
          "gitId": "matthewgani"
        },
        "content": "        String doneStatusString;"
      },
      {
        "lineNumber": 102,
        "author": {
          "gitId": "matthewgani"
        },
        "content": "        if (taskDoneStatus) {"
      },
      {
        "lineNumber": 103,
        "author": {
          "gitId": "matthewgani"
        },
        "content": "            doneStatusString \u003d \"1\";"
      },
      {
        "lineNumber": 104,
        "author": {
          "gitId": "matthewgani"
        },
        "content": "        } else {"
      },
      {
        "lineNumber": 105,
        "author": {
          "gitId": "matthewgani"
        },
        "content": "            doneStatusString \u003d \"0\";"
      },
      {
        "lineNumber": 106,
        "author": {
          "gitId": "matthewgani"
        },
        "content": "        }"
      },
      {
        "lineNumber": 107,
        "author": {
          "gitId": "matthewgani"
        },
        "content": ""
      },
      {
        "lineNumber": 108,
        "author": {
          "gitId": "matthewgani"
        },
        "content": "        switch (currentTask.getTaskType()) {"
      },
      {
        "lineNumber": 109,
        "author": {
          "gitId": "matthewgani"
        },
        "content": "        case \"todo\" :"
      },
      {
        "lineNumber": 110,
        "author": {
          "gitId": "matthewgani"
        },
        "content": "            fileWriteFormat \u003d \"todo\" + \" | \" + doneStatusString + \" | \" + currentTask.getDescription();"
      },
      {
        "lineNumber": 111,
        "author": {
          "gitId": "matthewgani"
        },
        "content": "            break;"
      },
      {
        "lineNumber": 112,
        "author": {
          "gitId": "matthewgani"
        },
        "content": "        case \"deadline\":"
      },
      {
        "lineNumber": 113,
        "author": {
          "gitId": "matthewgani"
        },
        "content": "            Deadline currentDeadline \u003d (Deadline) currentTask;"
      },
      {
        "lineNumber": 114,
        "author": {
          "gitId": "matthewgani"
        },
        "content": "            fileWriteFormat \u003d \"deadline\" + \" | \" + doneStatusString + \" | \" + currentTask.getDescription() + \" | \" + currentDeadline.getBy();"
      },
      {
        "lineNumber": 115,
        "author": {
          "gitId": "matthewgani"
        },
        "content": "            break;"
      },
      {
        "lineNumber": 116,
        "author": {
          "gitId": "matthewgani"
        },
        "content": "        case \"event\":"
      },
      {
        "lineNumber": 117,
        "author": {
          "gitId": "matthewgani"
        },
        "content": "            Event currentEvent \u003d (Event) currentTask;"
      },
      {
        "lineNumber": 118,
        "author": {
          "gitId": "matthewgani"
        },
        "content": "            fileWriteFormat \u003d \"event\" + \" | \" + doneStatusString + \" | \" + currentTask.getDescription() + \" | \" + currentEvent.getAt();"
      },
      {
        "lineNumber": 119,
        "author": {
          "gitId": "matthewgani"
        },
        "content": "            break;"
      },
      {
        "lineNumber": 120,
        "author": {
          "gitId": "matthewgani"
        },
        "content": "        }"
      },
      {
        "lineNumber": 121,
        "author": {
          "gitId": "matthewgani"
        },
        "content": ""
      },
      {
        "lineNumber": 122,
        "author": {
          "gitId": "matthewgani"
        },
        "content": "        return fileWriteFormat;"
      },
      {
        "lineNumber": 123,
        "author": {
          "gitId": "matthewgani"
        },
        "content": ""
      },
      {
        "lineNumber": 124,
        "author": {
          "gitId": "matthewgani"
        },
        "content": "    }"
      },
      {
        "lineNumber": 125,
        "author": {
          "gitId": "matthewgani"
        },
        "content": ""
      },
      {
        "lineNumber": 126,
        "author": {
          "gitId": "matthewgani"
        },
        "content": ""
      },
      {
        "lineNumber": 127,
        "author": {
          "gitId": "matthewgani"
        },
        "content": "    public static ArrayList\u003cTask\u003e convertFileToTaskList(ArrayList\u003cString\u003e fileData) throws ArrayIndexOutOfBoundsException, CorruptedFileException {"
      },
      {
        "lineNumber": 128,
        "author": {
          "gitId": "matthewgani"
        },
        "content": "        ArrayList\u003cTask\u003e taskList \u003d new ArrayList\u003c\u003e();"
      },
      {
        "lineNumber": 129,
        "author": {
          "gitId": "matthewgani"
        },
        "content": ""
      },
      {
        "lineNumber": 130,
        "author": {
          "gitId": "matthewgani"
        },
        "content": "        for (String taskData : fileData) {"
      },
      {
        "lineNumber": 131,
        "author": {
          "gitId": "matthewgani"
        },
        "content": "            Boolean taskDoneStatus;"
      },
      {
        "lineNumber": 132,
        "author": {
          "gitId": "matthewgani"
        },
        "content": "            int taskDoneInt;"
      },
      {
        "lineNumber": 133,
        "author": {
          "gitId": "matthewgani"
        },
        "content": "            String[] taskDetails \u003d new String[5];"
      },
      {
        "lineNumber": 134,
        "author": {
          "gitId": "matthewgani"
        },
        "content": "            String[] splitTaskData \u003d taskData.split(\"\\\\|\");"
      },
      {
        "lineNumber": 135,
        "author": {
          "gitId": "matthewgani"
        },
        "content": "            String taskType \u003d splitTaskData[0].trim();"
      },
      {
        "lineNumber": 136,
        "author": {
          "gitId": "matthewgani"
        },
        "content": "            taskDoneInt \u003d Integer.parseInt(splitTaskData[1].trim());"
      },
      {
        "lineNumber": 137,
        "author": {
          "gitId": "matthewgani"
        },
        "content": ""
      },
      {
        "lineNumber": 138,
        "author": {
          "gitId": "matthewgani"
        },
        "content": "            if (taskDoneInt \u003e 1) {"
      },
      {
        "lineNumber": 139,
        "author": {
          "gitId": "matthewgani"
        },
        "content": "                throw new CorruptedFileException(\"Unable to load the file as it was corrupted!\");"
      },
      {
        "lineNumber": 140,
        "author": {
          "gitId": "matthewgani"
        },
        "content": "            } else if (taskDoneInt \u003d\u003d 1) {"
      },
      {
        "lineNumber": 141,
        "author": {
          "gitId": "matthewgani"
        },
        "content": "                taskDoneStatus \u003d true;"
      },
      {
        "lineNumber": 142,
        "author": {
          "gitId": "matthewgani"
        },
        "content": "            } else {"
      },
      {
        "lineNumber": 143,
        "author": {
          "gitId": "matthewgani"
        },
        "content": "                taskDoneStatus \u003d false;"
      },
      {
        "lineNumber": 144,
        "author": {
          "gitId": "matthewgani"
        },
        "content": "            }"
      },
      {
        "lineNumber": 145,
        "author": {
          "gitId": "matthewgani"
        },
        "content": ""
      },
      {
        "lineNumber": 146,
        "author": {
          "gitId": "matthewgani"
        },
        "content": "            switch (taskType) {"
      },
      {
        "lineNumber": 147,
        "author": {
          "gitId": "matthewgani"
        },
        "content": "            case \"todo\":"
      },
      {
        "lineNumber": 148,
        "author": {
          "gitId": "matthewgani"
        },
        "content": "                taskDetails[0] \u003d taskType;"
      },
      {
        "lineNumber": 149,
        "author": {
          "gitId": "matthewgani"
        },
        "content": "                taskDetails[1] \u003d splitTaskData[2].trim();"
      },
      {
        "lineNumber": 150,
        "author": {
          "gitId": "matthewgani"
        },
        "content": "                break;"
      },
      {
        "lineNumber": 151,
        "author": {
          "gitId": "matthewgani"
        },
        "content": "            case \"deadline\":"
      },
      {
        "lineNumber": 152,
        "author": {
          "gitId": "matthewgani"
        },
        "content": "                taskDetails[0] \u003d taskType;"
      },
      {
        "lineNumber": 153,
        "author": {
          "gitId": "matthewgani"
        },
        "content": "                taskDetails[1] \u003d splitTaskData[2].trim() + \" /by \" + splitTaskData[3].trim();"
      },
      {
        "lineNumber": 154,
        "author": {
          "gitId": "matthewgani"
        },
        "content": "                break;"
      },
      {
        "lineNumber": 155,
        "author": {
          "gitId": "matthewgani"
        },
        "content": "            case \"event\":"
      },
      {
        "lineNumber": 156,
        "author": {
          "gitId": "matthewgani"
        },
        "content": "                taskDetails[0] \u003d taskType;"
      },
      {
        "lineNumber": 157,
        "author": {
          "gitId": "matthewgani"
        },
        "content": "                taskDetails[1] \u003d splitTaskData[2].trim() + \" /at \" + splitTaskData[3].trim();"
      },
      {
        "lineNumber": 158,
        "author": {
          "gitId": "matthewgani"
        },
        "content": "                break;"
      },
      {
        "lineNumber": 159,
        "author": {
          "gitId": "matthewgani"
        },
        "content": "            default:"
      },
      {
        "lineNumber": 160,
        "author": {
          "gitId": "matthewgani"
        },
        "content": "                throw new CorruptedFileException(\"Unable to load the file as it was corrupted!\");"
      },
      {
        "lineNumber": 161,
        "author": {
          "gitId": "matthewgani"
        },
        "content": "            }"
      },
      {
        "lineNumber": 162,
        "author": {
          "gitId": "matthewgani"
        },
        "content": ""
      },
      {
        "lineNumber": 163,
        "author": {
          "gitId": "matthewgani"
        },
        "content": "            try {"
      },
      {
        "lineNumber": 164,
        "author": {
          "gitId": "matthewgani"
        },
        "content": "                TaskHelper.addTaskToList(taskDetails, taskList, true);"
      },
      {
        "lineNumber": 165,
        "author": {
          "gitId": "matthewgani"
        },
        "content": "                if (taskDoneStatus) {"
      },
      {
        "lineNumber": 166,
        "author": {
          "gitId": "matthewgani"
        },
        "content": "                    // set the latest task added as done"
      },
      {
        "lineNumber": 167,
        "author": {
          "gitId": "matthewgani"
        },
        "content": "                    taskList.get(taskList.size() - 1).markAsDone();"
      },
      {
        "lineNumber": 168,
        "author": {
          "gitId": "matthewgani"
        },
        "content": "                }"
      },
      {
        "lineNumber": 169,
        "author": {
          "gitId": "matthewgani"
        },
        "content": "            } catch (DukeException e) {"
      },
      {
        "lineNumber": 170,
        "author": {
          "gitId": "matthewgani"
        },
        "content": "                TaskHelper.printExceptionMessage(e.toString());"
      },
      {
        "lineNumber": 171,
        "author": {
          "gitId": "matthewgani"
        },
        "content": "            }"
      },
      {
        "lineNumber": 172,
        "author": {
          "gitId": "matthewgani"
        },
        "content": ""
      },
      {
        "lineNumber": 173,
        "author": {
          "gitId": "matthewgani"
        },
        "content": "        }"
      },
      {
        "lineNumber": 174,
        "author": {
          "gitId": "matthewgani"
        },
        "content": ""
      },
      {
        "lineNumber": 175,
        "author": {
          "gitId": "matthewgani"
        },
        "content": "        return taskList;"
      },
      {
        "lineNumber": 176,
        "author": {
          "gitId": "matthewgani"
        },
        "content": "    }"
      },
      {
        "lineNumber": 177,
        "author": {
          "gitId": "matthewgani"
        },
        "content": ""
      },
      {
        "lineNumber": 178,
        "author": {
          "gitId": "matthewgani"
        },
        "content": ""
      },
      {
        "lineNumber": 179,
        "author": {
          "gitId": "matthewgani"
        },
        "content": "}"
      }
    ],
    "authorContributionMap": {
      "matthewgani": 179
    }
  },
  {
    "path": "src/main/java/MissingInformationException.java",
    "fileType": "java",
    "lines": [
      {
        "lineNumber": 1,
        "author": {
          "gitId": "matthewgani"
        },
        "content": "public class MissingInformationException extends DukeException {"
      },
      {
        "lineNumber": 2,
        "author": {
          "gitId": "matthewgani"
        },
        "content": ""
      },
      {
        "lineNumber": 3,
        "author": {
          "gitId": "matthewgani"
        },
        "content": "    private String exceptionMessage;"
      },
      {
        "lineNumber": 4,
        "author": {
          "gitId": "matthewgani"
        },
        "content": ""
      },
      {
        "lineNumber": 5,
        "author": {
          "gitId": "matthewgani"
        },
        "content": ""
      },
      {
        "lineNumber": 6,
        "author": {
          "gitId": "matthewgani"
        },
        "content": "    public MissingInformationException(String exceptionMessage) {"
      },
      {
        "lineNumber": 7,
        "author": {
          "gitId": "matthewgani"
        },
        "content": "        this.exceptionMessage \u003d exceptionMessage;"
      },
      {
        "lineNumber": 8,
        "author": {
          "gitId": "matthewgani"
        },
        "content": "    }"
      },
      {
        "lineNumber": 9,
        "author": {
          "gitId": "matthewgani"
        },
        "content": ""
      },
      {
        "lineNumber": 10,
        "author": {
          "gitId": "matthewgani"
        },
        "content": ""
      },
      {
        "lineNumber": 11,
        "author": {
          "gitId": "matthewgani"
        },
        "content": "    @Override"
      },
      {
        "lineNumber": 12,
        "author": {
          "gitId": "matthewgani"
        },
        "content": "    public String toString() {"
      },
      {
        "lineNumber": 13,
        "author": {
          "gitId": "matthewgani"
        },
        "content": "        return \"Oh no! \" + exceptionMessage;"
      },
      {
        "lineNumber": 14,
        "author": {
          "gitId": "matthewgani"
        },
        "content": "    }"
      },
      {
        "lineNumber": 15,
        "author": {
          "gitId": "matthewgani"
        },
        "content": ""
      },
      {
        "lineNumber": 16,
        "author": {
          "gitId": "matthewgani"
        },
        "content": "}"
      }
    ],
    "authorContributionMap": {
      "matthewgani": 16
    }
  },
  {
    "path": "src/main/java/Task.java",
    "fileType": "java",
    "lines": [
      {
        "lineNumber": 1,
        "author": {
          "gitId": "matthewgani"
        },
        "content": "public class Task {"
      },
      {
        "lineNumber": 2,
        "author": {
          "gitId": "matthewgani"
        },
        "content": ""
      },
      {
        "lineNumber": 3,
        "author": {
          "gitId": "matthewgani"
        },
        "content": "    private String description;"
      },
      {
        "lineNumber": 4,
        "author": {
          "gitId": "matthewgani"
        },
        "content": "    private static int numberOfTasks \u003d 0;"
      },
      {
        "lineNumber": 5,
        "author": {
          "gitId": "matthewgani"
        },
        "content": "    protected boolean isDone;"
      },
      {
        "lineNumber": 6,
        "author": {
          "gitId": "matthewgani"
        },
        "content": "    protected String taskType;"
      },
      {
        "lineNumber": 7,
        "author": {
          "gitId": "matthewgani"
        },
        "content": ""
      },
      {
        "lineNumber": 8,
        "author": {
          "gitId": "matthewgani"
        },
        "content": "    public Task(String description) {"
      },
      {
        "lineNumber": 9,
        "author": {
          "gitId": "matthewgani"
        },
        "content": "        setDescription(description);"
      },
      {
        "lineNumber": 10,
        "author": {
          "gitId": "matthewgani"
        },
        "content": "        this.isDone \u003d false;"
      },
      {
        "lineNumber": 11,
        "author": {
          "gitId": "matthewgani"
        },
        "content": "        numberOfTasks++;"
      },
      {
        "lineNumber": 12,
        "author": {
          "gitId": "matthewgani"
        },
        "content": "    }"
      },
      {
        "lineNumber": 13,
        "author": {
          "gitId": "matthewgani"
        },
        "content": ""
      },
      {
        "lineNumber": 14,
        "author": {
          "gitId": "matthewgani"
        },
        "content": "    public String getDescription() {"
      },
      {
        "lineNumber": 15,
        "author": {
          "gitId": "matthewgani"
        },
        "content": "        return description;"
      },
      {
        "lineNumber": 16,
        "author": {
          "gitId": "matthewgani"
        },
        "content": "    }"
      },
      {
        "lineNumber": 17,
        "author": {
          "gitId": "matthewgani"
        },
        "content": ""
      },
      {
        "lineNumber": 18,
        "author": {
          "gitId": "matthewgani"
        },
        "content": "    public void setDescription(String description) {"
      },
      {
        "lineNumber": 19,
        "author": {
          "gitId": "matthewgani"
        },
        "content": "        this.description \u003d description;"
      },
      {
        "lineNumber": 20,
        "author": {
          "gitId": "matthewgani"
        },
        "content": "    }"
      },
      {
        "lineNumber": 21,
        "author": {
          "gitId": "matthewgani"
        },
        "content": ""
      },
      {
        "lineNumber": 22,
        "author": {
          "gitId": "matthewgani"
        },
        "content": "    public static int getNumberOfTasks() {"
      },
      {
        "lineNumber": 23,
        "author": {
          "gitId": "matthewgani"
        },
        "content": "        return numberOfTasks;"
      },
      {
        "lineNumber": 24,
        "author": {
          "gitId": "matthewgani"
        },
        "content": "    }"
      },
      {
        "lineNumber": 25,
        "author": {
          "gitId": "matthewgani"
        },
        "content": ""
      },
      {
        "lineNumber": 26,
        "author": {
          "gitId": "matthewgani"
        },
        "content": "    public String getStatusIcon() {"
      },
      {
        "lineNumber": 27,
        "author": {
          "gitId": "matthewgani"
        },
        "content": "        return (isDone ? \"\\u2713\" : \"\\u2718\"); //return tick or X symbols"
      },
      {
        "lineNumber": 28,
        "author": {
          "gitId": "matthewgani"
        },
        "content": "    }"
      },
      {
        "lineNumber": 29,
        "author": {
          "gitId": "matthewgani"
        },
        "content": ""
      },
      {
        "lineNumber": 30,
        "author": {
          "gitId": "matthewgani"
        },
        "content": "    public void markAsDone() {"
      },
      {
        "lineNumber": 31,
        "author": {
          "gitId": "matthewgani"
        },
        "content": "        this.isDone \u003d true;"
      },
      {
        "lineNumber": 32,
        "author": {
          "gitId": "matthewgani"
        },
        "content": "    }"
      },
      {
        "lineNumber": 33,
        "author": {
          "gitId": "matthewgani"
        },
        "content": ""
      },
      {
        "lineNumber": 34,
        "author": {
          "gitId": "matthewgani"
        },
        "content": ""
      },
      {
        "lineNumber": 35,
        "author": {
          "gitId": "matthewgani"
        },
        "content": "    public static void decreaseNumberOfTasks() {"
      },
      {
        "lineNumber": 36,
        "author": {
          "gitId": "matthewgani"
        },
        "content": "        numberOfTasks--;"
      },
      {
        "lineNumber": 37,
        "author": {
          "gitId": "matthewgani"
        },
        "content": "    }"
      },
      {
        "lineNumber": 38,
        "author": {
          "gitId": "matthewgani"
        },
        "content": ""
      },
      {
        "lineNumber": 39,
        "author": {
          "gitId": "matthewgani"
        },
        "content": "    public static void resetNumberOfTasks() {"
      },
      {
        "lineNumber": 40,
        "author": {
          "gitId": "matthewgani"
        },
        "content": "        numberOfTasks \u003d 0;"
      },
      {
        "lineNumber": 41,
        "author": {
          "gitId": "matthewgani"
        },
        "content": "    }"
      },
      {
        "lineNumber": 42,
        "author": {
          "gitId": "matthewgani"
        },
        "content": ""
      },
      {
        "lineNumber": 43,
        "author": {
          "gitId": "matthewgani"
        },
        "content": "    public Boolean getDoneStatus(){"
      },
      {
        "lineNumber": 44,
        "author": {
          "gitId": "matthewgani"
        },
        "content": "        return isDone;"
      },
      {
        "lineNumber": 45,
        "author": {
          "gitId": "matthewgani"
        },
        "content": ""
      },
      {
        "lineNumber": 46,
        "author": {
          "gitId": "matthewgani"
        },
        "content": "    }"
      },
      {
        "lineNumber": 47,
        "author": {
          "gitId": "matthewgani"
        },
        "content": ""
      },
      {
        "lineNumber": 48,
        "author": {
          "gitId": "matthewgani"
        },
        "content": "    @Override"
      },
      {
        "lineNumber": 49,
        "author": {
          "gitId": "matthewgani"
        },
        "content": "    public String toString() {"
      },
      {
        "lineNumber": 50,
        "author": {
          "gitId": "matthewgani"
        },
        "content": "        return \"[\" + getStatusIcon() + \"] \" + getDescription();"
      },
      {
        "lineNumber": 51,
        "author": {
          "gitId": "matthewgani"
        },
        "content": "    }"
      },
      {
        "lineNumber": 52,
        "author": {
          "gitId": "matthewgani"
        },
        "content": ""
      },
      {
        "lineNumber": 53,
        "author": {
          "gitId": "matthewgani"
        },
        "content": ""
      },
      {
        "lineNumber": 54,
        "author": {
          "gitId": "matthewgani"
        },
        "content": "    public String getTaskType() {"
      },
      {
        "lineNumber": 55,
        "author": {
          "gitId": "matthewgani"
        },
        "content": "        return taskType;"
      },
      {
        "lineNumber": 56,
        "author": {
          "gitId": "matthewgani"
        },
        "content": "    }"
      },
      {
        "lineNumber": 57,
        "author": {
          "gitId": "matthewgani"
        },
        "content": ""
      },
      {
        "lineNumber": 58,
        "author": {
          "gitId": "matthewgani"
        },
        "content": ""
      },
      {
        "lineNumber": 59,
        "author": {
          "gitId": "matthewgani"
        },
        "content": ""
      },
      {
        "lineNumber": 60,
        "author": {
          "gitId": "matthewgani"
        },
        "content": "}"
      }
    ],
    "authorContributionMap": {
      "matthewgani": 60
    }
  },
  {
    "path": "src/main/java/TaskHelper.java",
    "fileType": "java",
    "lines": [
      {
        "lineNumber": 1,
        "author": {
          "gitId": "matthewgani"
        },
        "content": "import java.util.ArrayList;"
      },
      {
        "lineNumber": 2,
        "author": {
          "gitId": "matthewgani"
        },
        "content": ""
      },
      {
        "lineNumber": 3,
        "author": {
          "gitId": "matthewgani"
        },
        "content": "public class TaskHelper {"
      },
      {
        "lineNumber": 4,
        "author": {
          "gitId": "matthewgani"
        },
        "content": ""
      },
      {
        "lineNumber": 5,
        "author": {
          "gitId": "matthewgani"
        },
        "content": "    public static void addTodo(String taskDetails, ArrayList\u003cTask\u003e taskList, Boolean loadingFromFile) {"
      },
      {
        "lineNumber": 6,
        "author": {
          "gitId": "matthewgani"
        },
        "content": "        Task newTodo \u003d new Todo(taskDetails);"
      },
      {
        "lineNumber": 7,
        "author": {
          "gitId": "matthewgani"
        },
        "content": "        taskList.add(newTodo);"
      },
      {
        "lineNumber": 8,
        "author": {
          "gitId": "matthewgani"
        },
        "content": "        if (!loadingFromFile) {"
      },
      {
        "lineNumber": 9,
        "author": {
          "gitId": "matthewgani"
        },
        "content": "            printDividerLine();"
      },
      {
        "lineNumber": 10,
        "author": {
          "gitId": "matthewgani"
        },
        "content": "            System.out.println(\"Got it! I\u0027ve added this todo: \");"
      },
      {
        "lineNumber": 11,
        "author": {
          "gitId": "matthewgani"
        },
        "content": "            System.out.println(newTodo);"
      },
      {
        "lineNumber": 12,
        "author": {
          "gitId": "matthewgani"
        },
        "content": "            printDividerLine();"
      },
      {
        "lineNumber": 13,
        "author": {
          "gitId": "matthewgani"
        },
        "content": "        }"
      },
      {
        "lineNumber": 14,
        "author": {
          "gitId": "matthewgani"
        },
        "content": "    }"
      },
      {
        "lineNumber": 15,
        "author": {
          "gitId": "matthewgani"
        },
        "content": ""
      },
      {
        "lineNumber": 16,
        "author": {
          "gitId": "matthewgani"
        },
        "content": "    public static void addDeadline(String taskDetails, ArrayList\u003cTask\u003e taskList, Boolean loadingFromFile) throws MissingInformationException {"
      },
      {
        "lineNumber": 17,
        "author": {
          "gitId": "matthewgani"
        },
        "content": "        String[] deadlineDetails \u003d taskDetails.split(\"/by\", 2);"
      },
      {
        "lineNumber": 18,
        "author": {
          "gitId": "matthewgani"
        },
        "content": "        if (deadlineDetails.length \u003c 2) {"
      },
      {
        "lineNumber": 19,
        "author": {
          "gitId": "matthewgani"
        },
        "content": "            throw new MissingInformationException(\"The deadline \u0027by\u0027 date/time was undetected!\");"
      },
      {
        "lineNumber": 20,
        "author": {
          "gitId": "matthewgani"
        },
        "content": "        }"
      },
      {
        "lineNumber": 21,
        "author": {
          "gitId": "matthewgani"
        },
        "content": "        String deadlineDescription \u003d deadlineDetails[0].trim();"
      },
      {
        "lineNumber": 22,
        "author": {
          "gitId": "matthewgani"
        },
        "content": "        String deadlineBy \u003d deadlineDetails[1].trim();"
      },
      {
        "lineNumber": 23,
        "author": {
          "gitId": "matthewgani"
        },
        "content": "        Task newDeadline \u003d new Deadline(deadlineDescription, deadlineBy);"
      },
      {
        "lineNumber": 24,
        "author": {
          "gitId": "matthewgani"
        },
        "content": "        taskList.add(newDeadline);"
      },
      {
        "lineNumber": 25,
        "author": {
          "gitId": "matthewgani"
        },
        "content": "        if (!loadingFromFile) {"
      },
      {
        "lineNumber": 26,
        "author": {
          "gitId": "matthewgani"
        },
        "content": "            printDividerLine();"
      },
      {
        "lineNumber": 27,
        "author": {
          "gitId": "matthewgani"
        },
        "content": "            System.out.println(\"Got it! I\u0027ve added this deadline: \");"
      },
      {
        "lineNumber": 28,
        "author": {
          "gitId": "matthewgani"
        },
        "content": "            System.out.println(newDeadline);"
      },
      {
        "lineNumber": 29,
        "author": {
          "gitId": "matthewgani"
        },
        "content": "            printDividerLine();"
      },
      {
        "lineNumber": 30,
        "author": {
          "gitId": "matthewgani"
        },
        "content": "        }"
      },
      {
        "lineNumber": 31,
        "author": {
          "gitId": "matthewgani"
        },
        "content": "    }"
      },
      {
        "lineNumber": 32,
        "author": {
          "gitId": "matthewgani"
        },
        "content": ""
      },
      {
        "lineNumber": 33,
        "author": {
          "gitId": "matthewgani"
        },
        "content": "    public static void addEvent(String taskDetails, ArrayList\u003cTask\u003e taskList, Boolean loadingFromFile) throws MissingInformationException{"
      },
      {
        "lineNumber": 34,
        "author": {
          "gitId": "matthewgani"
        },
        "content": "        String[] eventDetails \u003d taskDetails.split(\"/at\", 2);"
      },
      {
        "lineNumber": 35,
        "author": {
          "gitId": "matthewgani"
        },
        "content": "        if (eventDetails.length \u003c 2) {"
      },
      {
        "lineNumber": 36,
        "author": {
          "gitId": "matthewgani"
        },
        "content": "            throw new MissingInformationException(\"The event \u0027at\u0027 date/time was undetected!\");"
      },
      {
        "lineNumber": 37,
        "author": {
          "gitId": "matthewgani"
        },
        "content": "        }"
      },
      {
        "lineNumber": 38,
        "author": {
          "gitId": "matthewgani"
        },
        "content": "        String eventDescription \u003d eventDetails[0].trim();"
      },
      {
        "lineNumber": 39,
        "author": {
          "gitId": "matthewgani"
        },
        "content": "        String eventAt \u003d eventDetails[1].trim();"
      },
      {
        "lineNumber": 40,
        "author": {
          "gitId": "matthewgani"
        },
        "content": "        Task newEvent \u003d new Event(eventDescription, eventAt);"
      },
      {
        "lineNumber": 41,
        "author": {
          "gitId": "matthewgani"
        },
        "content": "        taskList.add(newEvent);"
      },
      {
        "lineNumber": 42,
        "author": {
          "gitId": "matthewgani"
        },
        "content": "        if (!loadingFromFile) {"
      },
      {
        "lineNumber": 43,
        "author": {
          "gitId": "matthewgani"
        },
        "content": "            printDividerLine();"
      },
      {
        "lineNumber": 44,
        "author": {
          "gitId": "matthewgani"
        },
        "content": "            System.out.println(\"Got it! I\u0027ve added this event: \");"
      },
      {
        "lineNumber": 45,
        "author": {
          "gitId": "matthewgani"
        },
        "content": "            System.out.println(newEvent);"
      },
      {
        "lineNumber": 46,
        "author": {
          "gitId": "matthewgani"
        },
        "content": "            printDividerLine();"
      },
      {
        "lineNumber": 47,
        "author": {
          "gitId": "matthewgani"
        },
        "content": "        }"
      },
      {
        "lineNumber": 48,
        "author": {
          "gitId": "matthewgani"
        },
        "content": "    }"
      },
      {
        "lineNumber": 49,
        "author": {
          "gitId": "matthewgani"
        },
        "content": ""
      },
      {
        "lineNumber": 50,
        "author": {
          "gitId": "matthewgani"
        },
        "content": "    public static void addTaskToList(String[] taskCommand, ArrayList\u003cTask\u003e taskList, Boolean loadingFromFile) throws MissingInformationException {"
      },
      {
        "lineNumber": 51,
        "author": {
          "gitId": "matthewgani"
        },
        "content": "        if (taskCommand.length \u003c 2) {"
      },
      {
        "lineNumber": 52,
        "author": {
          "gitId": "matthewgani"
        },
        "content": "            throw new MissingInformationException(\"The details of a \" + taskCommand[0] + \" cannot be empty!\");"
      },
      {
        "lineNumber": 53,
        "author": {
          "gitId": "matthewgani"
        },
        "content": "        }"
      },
      {
        "lineNumber": 54,
        "author": {
          "gitId": "matthewgani"
        },
        "content": "        String taskType \u003d taskCommand[0];"
      },
      {
        "lineNumber": 55,
        "author": {
          "gitId": "matthewgani"
        },
        "content": "        String taskDetails \u003d taskCommand[1];"
      },
      {
        "lineNumber": 56,
        "author": {
          "gitId": "matthewgani"
        },
        "content": "        switch (taskType) {"
      },
      {
        "lineNumber": 57,
        "author": {
          "gitId": "matthewgani"
        },
        "content": "        case \"todo\":"
      },
      {
        "lineNumber": 58,
        "author": {
          "gitId": "matthewgani"
        },
        "content": "            addTodo(taskDetails, taskList, loadingFromFile);"
      },
      {
        "lineNumber": 59,
        "author": {
          "gitId": "matthewgani"
        },
        "content": "            break;"
      },
      {
        "lineNumber": 60,
        "author": {
          "gitId": "matthewgani"
        },
        "content": "        case \"deadline\":"
      },
      {
        "lineNumber": 61,
        "author": {
          "gitId": "matthewgani"
        },
        "content": "            try {"
      },
      {
        "lineNumber": 62,
        "author": {
          "gitId": "matthewgani"
        },
        "content": "                addDeadline(taskDetails, taskList, loadingFromFile);"
      },
      {
        "lineNumber": 63,
        "author": {
          "gitId": "matthewgani"
        },
        "content": "            } catch (MissingInformationException e) {"
      },
      {
        "lineNumber": 64,
        "author": {
          "gitId": "matthewgani"
        },
        "content": "                printExceptionMessage(e.toString());"
      },
      {
        "lineNumber": 65,
        "author": {
          "gitId": "matthewgani"
        },
        "content": "            }"
      },
      {
        "lineNumber": 66,
        "author": {
          "gitId": "matthewgani"
        },
        "content": "            break;"
      },
      {
        "lineNumber": 67,
        "author": {
          "gitId": "matthewgani"
        },
        "content": "        case \"event\":"
      },
      {
        "lineNumber": 68,
        "author": {
          "gitId": "matthewgani"
        },
        "content": "            try {"
      },
      {
        "lineNumber": 69,
        "author": {
          "gitId": "matthewgani"
        },
        "content": "                addEvent(taskDetails, taskList, loadingFromFile);"
      },
      {
        "lineNumber": 70,
        "author": {
          "gitId": "matthewgani"
        },
        "content": "            } catch (MissingInformationException e) {"
      },
      {
        "lineNumber": 71,
        "author": {
          "gitId": "matthewgani"
        },
        "content": "                printExceptionMessage(e.toString());"
      },
      {
        "lineNumber": 72,
        "author": {
          "gitId": "matthewgani"
        },
        "content": "            }"
      },
      {
        "lineNumber": 73,
        "author": {
          "gitId": "matthewgani"
        },
        "content": "            break;"
      },
      {
        "lineNumber": 74,
        "author": {
          "gitId": "matthewgani"
        },
        "content": "        }"
      },
      {
        "lineNumber": 75,
        "author": {
          "gitId": "matthewgani"
        },
        "content": "        if (!loadingFromFile) {"
      },
      {
        "lineNumber": 76,
        "author": {
          "gitId": "matthewgani"
        },
        "content": "            printTaskNumberMessage();"
      },
      {
        "lineNumber": 77,
        "author": {
          "gitId": "matthewgani"
        },
        "content": "            printDividerLine();"
      },
      {
        "lineNumber": 78,
        "author": {
          "gitId": "matthewgani"
        },
        "content": "        }"
      },
      {
        "lineNumber": 79,
        "author": {
          "gitId": "matthewgani"
        },
        "content": ""
      },
      {
        "lineNumber": 80,
        "author": {
          "gitId": "matthewgani"
        },
        "content": "    }"
      },
      {
        "lineNumber": 81,
        "author": {
          "gitId": "matthewgani"
        },
        "content": ""
      },
      {
        "lineNumber": 82,
        "author": {
          "gitId": "matthewgani"
        },
        "content": "    public static void printTaskList(ArrayList\u003cTask\u003e taskList) {"
      },
      {
        "lineNumber": 83,
        "author": {
          "gitId": "matthewgani"
        },
        "content": "        int taskCount;"
      },
      {
        "lineNumber": 84,
        "author": {
          "gitId": "matthewgani"
        },
        "content": "        printDividerLine();"
      },
      {
        "lineNumber": 85,
        "author": {
          "gitId": "matthewgani"
        },
        "content": "        if (Task.getNumberOfTasks() \u003e 0) {"
      },
      {
        "lineNumber": 86,
        "author": {
          "gitId": "matthewgani"
        },
        "content": "            System.out.println(\"Here are the tasks in your list:\");"
      },
      {
        "lineNumber": 87,
        "author": {
          "gitId": "matthewgani"
        },
        "content": "            for (taskCount \u003d 0; taskCount \u003c Task.getNumberOfTasks(); taskCount++) {"
      },
      {
        "lineNumber": 88,
        "author": {
          "gitId": "matthewgani"
        },
        "content": "                System.out.println(taskCount + 1 + \". \" + taskList.get(taskCount));"
      },
      {
        "lineNumber": 89,
        "author": {
          "gitId": "matthewgani"
        },
        "content": "            }"
      },
      {
        "lineNumber": 90,
        "author": {
          "gitId": "matthewgani"
        },
        "content": "        } else {"
      },
      {
        "lineNumber": 91,
        "author": {
          "gitId": "matthewgani"
        },
        "content": "            System.out.println(\"There are no tasks in your list!\");"
      },
      {
        "lineNumber": 92,
        "author": {
          "gitId": "matthewgani"
        },
        "content": "        }"
      },
      {
        "lineNumber": 93,
        "author": {
          "gitId": "matthewgani"
        },
        "content": "        printDividerLine();"
      },
      {
        "lineNumber": 94,
        "author": {
          "gitId": "matthewgani"
        },
        "content": ""
      },
      {
        "lineNumber": 95,
        "author": {
          "gitId": "matthewgani"
        },
        "content": "    }"
      },
      {
        "lineNumber": 96,
        "author": {
          "gitId": "matthewgani"
        },
        "content": ""
      },
      {
        "lineNumber": 97,
        "author": {
          "gitId": "matthewgani"
        },
        "content": "    public static void setTaskAsDone(int taskNumber, ArrayList\u003cTask\u003e taskList) {"
      },
      {
        "lineNumber": 98,
        "author": {
          "gitId": "matthewgani"
        },
        "content": "        printDividerLine();"
      },
      {
        "lineNumber": 99,
        "author": {
          "gitId": "matthewgani"
        },
        "content": "        if (taskNumber \u003c\u003d Task.getNumberOfTasks() \u0026\u0026 taskNumber \u003e 0) {"
      },
      {
        "lineNumber": 100,
        "author": {
          "gitId": "matthewgani"
        },
        "content": "            Task currentTask \u003d taskList.get(taskNumber - 1);"
      },
      {
        "lineNumber": 101,
        "author": {
          "gitId": "matthewgani"
        },
        "content": "            currentTask.markAsDone();"
      },
      {
        "lineNumber": 102,
        "author": {
          "gitId": "matthewgani"
        },
        "content": "            System.out.println(\"Nice! I\u0027ve marked this task as done:\");"
      },
      {
        "lineNumber": 103,
        "author": {
          "gitId": "matthewgani"
        },
        "content": "            System.out.println(currentTask);"
      },
      {
        "lineNumber": 104,
        "author": {
          "gitId": "matthewgani"
        },
        "content": "        } else {"
      },
      {
        "lineNumber": 105,
        "author": {
          "gitId": "matthewgani"
        },
        "content": "            System.out.println(\"Invalid task number to mark as done!\");"
      },
      {
        "lineNumber": 106,
        "author": {
          "gitId": "matthewgani"
        },
        "content": "        }"
      },
      {
        "lineNumber": 107,
        "author": {
          "gitId": "matthewgani"
        },
        "content": "        printDividerLine();"
      },
      {
        "lineNumber": 108,
        "author": {
          "gitId": "matthewgani"
        },
        "content": ""
      },
      {
        "lineNumber": 109,
        "author": {
          "gitId": "matthewgani"
        },
        "content": "    }"
      },
      {
        "lineNumber": 110,
        "author": {
          "gitId": "matthewgani"
        },
        "content": ""
      },
      {
        "lineNumber": 111,
        "author": {
          "gitId": "matthewgani"
        },
        "content": "    public static void deleteTask(int taskNumber, ArrayList\u003cTask\u003e taskList) {"
      },
      {
        "lineNumber": 112,
        "author": {
          "gitId": "matthewgani"
        },
        "content": "        printDividerLine();"
      },
      {
        "lineNumber": 113,
        "author": {
          "gitId": "matthewgani"
        },
        "content": "        if (taskNumber \u003c\u003d Task.getNumberOfTasks() \u0026\u0026 taskNumber \u003e 0) {"
      },
      {
        "lineNumber": 114,
        "author": {
          "gitId": "matthewgani"
        },
        "content": "            Task currentTask \u003d taskList.get(taskNumber - 1);"
      },
      {
        "lineNumber": 115,
        "author": {
          "gitId": "matthewgani"
        },
        "content": "            taskList.remove(taskNumber - 1);"
      },
      {
        "lineNumber": 116,
        "author": {
          "gitId": "matthewgani"
        },
        "content": "            Task.decreaseNumberOfTasks();"
      },
      {
        "lineNumber": 117,
        "author": {
          "gitId": "matthewgani"
        },
        "content": "            System.out.println(\"Got it! I\u0027ve deleted this task:\");"
      },
      {
        "lineNumber": 118,
        "author": {
          "gitId": "matthewgani"
        },
        "content": "            System.out.println(currentTask);"
      },
      {
        "lineNumber": 119,
        "author": {
          "gitId": "matthewgani"
        },
        "content": "        } else {"
      },
      {
        "lineNumber": 120,
        "author": {
          "gitId": "matthewgani"
        },
        "content": "            System.out.println(\"Invalid task number to delete!\");"
      },
      {
        "lineNumber": 121,
        "author": {
          "gitId": "matthewgani"
        },
        "content": "        }"
      },
      {
        "lineNumber": 122,
        "author": {
          "gitId": "matthewgani"
        },
        "content": "        printTaskNumberMessage();"
      },
      {
        "lineNumber": 123,
        "author": {
          "gitId": "matthewgani"
        },
        "content": "        printDividerLine();"
      },
      {
        "lineNumber": 124,
        "author": {
          "gitId": "matthewgani"
        },
        "content": "    }"
      },
      {
        "lineNumber": 125,
        "author": {
          "gitId": "matthewgani"
        },
        "content": ""
      },
      {
        "lineNumber": 126,
        "author": {
          "gitId": "matthewgani"
        },
        "content": "    public static int getTaskNumberFromCommand(String command) {"
      },
      {
        "lineNumber": 127,
        "author": {
          "gitId": "matthewgani"
        },
        "content": "        int taskNumber;"
      },
      {
        "lineNumber": 128,
        "author": {
          "gitId": "matthewgani"
        },
        "content": "        String[] splitCommand \u003d command.split(\" \", 2);"
      },
      {
        "lineNumber": 129,
        "author": {
          "gitId": "matthewgani"
        },
        "content": "        taskNumber \u003d Integer.parseInt(splitCommand[1]);"
      },
      {
        "lineNumber": 130,
        "author": {
          "gitId": "matthewgani"
        },
        "content": "        return taskNumber;"
      },
      {
        "lineNumber": 131,
        "author": {
          "gitId": "matthewgani"
        },
        "content": "    }"
      },
      {
        "lineNumber": 132,
        "author": {
          "gitId": "matthewgani"
        },
        "content": ""
      },
      {
        "lineNumber": 133,
        "author": {
          "gitId": "matthewgani"
        },
        "content": ""
      },
      {
        "lineNumber": 134,
        "author": {
          "gitId": "matthewgani"
        },
        "content": ""
      },
      {
        "lineNumber": 135,
        "author": {
          "gitId": "matthewgani"
        },
        "content": "    public static String[] splitTaskCommand(String command) {"
      },
      {
        "lineNumber": 136,
        "author": {
          "gitId": "matthewgani"
        },
        "content": "        String[] splitCommand \u003d command.split(\" \", 2);"
      },
      {
        "lineNumber": 137,
        "author": {
          "gitId": "matthewgani"
        },
        "content": "        return splitCommand;"
      },
      {
        "lineNumber": 138,
        "author": {
          "gitId": "matthewgani"
        },
        "content": "    }"
      },
      {
        "lineNumber": 139,
        "author": {
          "gitId": "matthewgani"
        },
        "content": ""
      },
      {
        "lineNumber": 140,
        "author": {
          "gitId": "matthewgani"
        },
        "content": "    public static void printInvalidCommand() {"
      },
      {
        "lineNumber": 141,
        "author": {
          "gitId": "matthewgani"
        },
        "content": "        printDividerLine();"
      },
      {
        "lineNumber": 142,
        "author": {
          "gitId": "matthewgani"
        },
        "content": "        System.out.println(\"Sorry, I could not understand your command!\");"
      },
      {
        "lineNumber": 143,
        "author": {
          "gitId": "matthewgani"
        },
        "content": "        printDividerLine();"
      },
      {
        "lineNumber": 144,
        "author": {
          "gitId": "matthewgani"
        },
        "content": "    }"
      },
      {
        "lineNumber": 145,
        "author": {
          "gitId": "matthewgani"
        },
        "content": ""
      },
      {
        "lineNumber": 146,
        "author": {
          "gitId": "matthewgani"
        },
        "content": "    public static void printTaskNumberParseError() {"
      },
      {
        "lineNumber": 147,
        "author": {
          "gitId": "matthewgani"
        },
        "content": "        printDividerLine();"
      },
      {
        "lineNumber": 148,
        "author": {
          "gitId": "matthewgani"
        },
        "content": "        System.out.println(\"Unable to obtain task number!\");"
      },
      {
        "lineNumber": 149,
        "author": {
          "gitId": "matthewgani"
        },
        "content": "        printDividerLine();"
      },
      {
        "lineNumber": 150,
        "author": {
          "gitId": "matthewgani"
        },
        "content": "    }"
      },
      {
        "lineNumber": 151,
        "author": {
          "gitId": "matthewgani"
        },
        "content": ""
      },
      {
        "lineNumber": 152,
        "author": {
          "gitId": "matthewgani"
        },
        "content": "    public static void printTaskNumberNotFound() {"
      },
      {
        "lineNumber": 153,
        "author": {
          "gitId": "matthewgani"
        },
        "content": "        printDividerLine();"
      },
      {
        "lineNumber": 154,
        "author": {
          "gitId": "matthewgani"
        },
        "content": "        System.out.println(\"No task number detected!\");"
      },
      {
        "lineNumber": 155,
        "author": {
          "gitId": "matthewgani"
        },
        "content": "        printDividerLine();"
      },
      {
        "lineNumber": 156,
        "author": {
          "gitId": "matthewgani"
        },
        "content": "    }"
      },
      {
        "lineNumber": 157,
        "author": {
          "gitId": "matthewgani"
        },
        "content": ""
      },
      {
        "lineNumber": 158,
        "author": {
          "gitId": "matthewgani"
        },
        "content": "    public static void printTaskNumberMessage() {"
      },
      {
        "lineNumber": 159,
        "author": {
          "gitId": "matthewgani"
        },
        "content": "        System.out.println(\"Now you have \" + Task.getNumberOfTasks() + \" task(s) in your list!\");"
      },
      {
        "lineNumber": 160,
        "author": {
          "gitId": "matthewgani"
        },
        "content": "    }"
      },
      {
        "lineNumber": 161,
        "author": {
          "gitId": "matthewgani"
        },
        "content": ""
      },
      {
        "lineNumber": 162,
        "author": {
          "gitId": "matthewgani"
        },
        "content": "    public static void printExceptionMessage(String exceptionMessage) {"
      },
      {
        "lineNumber": 163,
        "author": {
          "gitId": "matthewgani"
        },
        "content": "        printDividerLine();"
      },
      {
        "lineNumber": 164,
        "author": {
          "gitId": "matthewgani"
        },
        "content": "        System.out.println(exceptionMessage);"
      },
      {
        "lineNumber": 165,
        "author": {
          "gitId": "matthewgani"
        },
        "content": "        printDividerLine();"
      },
      {
        "lineNumber": 166,
        "author": {
          "gitId": "matthewgani"
        },
        "content": "    }"
      },
      {
        "lineNumber": 167,
        "author": {
          "gitId": "matthewgani"
        },
        "content": ""
      },
      {
        "lineNumber": 168,
        "author": {
          "gitId": "matthewgani"
        },
        "content": "    private static void printDividerLine() {"
      },
      {
        "lineNumber": 169,
        "author": {
          "gitId": "matthewgani"
        },
        "content": "        System.out.println(\"___________________________________ \\n\");"
      },
      {
        "lineNumber": 170,
        "author": {
          "gitId": "matthewgani"
        },
        "content": "    }"
      },
      {
        "lineNumber": 171,
        "author": {
          "gitId": "matthewgani"
        },
        "content": ""
      },
      {
        "lineNumber": 172,
        "author": {
          "gitId": "matthewgani"
        },
        "content": ""
      },
      {
        "lineNumber": 173,
        "author": {
          "gitId": "matthewgani"
        },
        "content": "}"
      }
    ],
    "authorContributionMap": {
      "matthewgani": 173
    }
  },
  {
    "path": "src/main/java/Todo.java",
    "fileType": "java",
    "lines": [
      {
        "lineNumber": 1,
        "author": {
          "gitId": "matthewgani"
        },
        "content": "public class Todo extends Task {"
      },
      {
        "lineNumber": 2,
        "author": {
          "gitId": "matthewgani"
        },
        "content": ""
      },
      {
        "lineNumber": 3,
        "author": {
          "gitId": "matthewgani"
        },
        "content": ""
      },
      {
        "lineNumber": 4,
        "author": {
          "gitId": "matthewgani"
        },
        "content": "    public Todo(String description) {"
      },
      {
        "lineNumber": 5,
        "author": {
          "gitId": "matthewgani"
        },
        "content": "        super(description);"
      },
      {
        "lineNumber": 6,
        "author": {
          "gitId": "matthewgani"
        },
        "content": "        this.taskType \u003d \"todo\";"
      },
      {
        "lineNumber": 7,
        "author": {
          "gitId": "matthewgani"
        },
        "content": "    }"
      },
      {
        "lineNumber": 8,
        "author": {
          "gitId": "matthewgani"
        },
        "content": ""
      },
      {
        "lineNumber": 9,
        "author": {
          "gitId": "matthewgani"
        },
        "content": "    @Override"
      },
      {
        "lineNumber": 10,
        "author": {
          "gitId": "matthewgani"
        },
        "content": "    public String toString() {"
      },
      {
        "lineNumber": 11,
        "author": {
          "gitId": "matthewgani"
        },
        "content": "        return \"[T]\" + super.toString();"
      },
      {
        "lineNumber": 12,
        "author": {
          "gitId": "matthewgani"
        },
        "content": "    }"
      },
      {
        "lineNumber": 13,
        "author": {
          "gitId": "matthewgani"
        },
        "content": ""
      },
      {
        "lineNumber": 14,
        "author": {
          "gitId": "matthewgani"
        },
        "content": "}"
      }
    ],
    "authorContributionMap": {
      "matthewgani": 14
    }
  }
]
