[
  {
    "path": "src/main/java/Deadline.java",
    "fileType": "java",
    "lines": [
      {
        "lineNumber": 1,
        "author": {
          "gitId": "JohnNub"
        },
        "content": "import java.text.ParseException;"
      },
      {
        "lineNumber": 2,
        "author": {
          "gitId": "JohnNub"
        },
        "content": "import java.time.DayOfWeek;"
      },
      {
        "lineNumber": 3,
        "author": {
          "gitId": "JohnNub"
        },
        "content": "import java.time.LocalDate;"
      },
      {
        "lineNumber": 4,
        "author": {
          "gitId": "JohnNub"
        },
        "content": "import java.time.format.DateTimeFormatter;"
      },
      {
        "lineNumber": 5,
        "author": {
          "gitId": "JohnNub"
        },
        "content": "import java.util.Date;"
      },
      {
        "lineNumber": 6,
        "author": {
          "gitId": "JohnNub"
        },
        "content": "import java.text.SimpleDateFormat;"
      },
      {
        "lineNumber": 7,
        "author": {
          "gitId": "JohnNub"
        },
        "content": "import java.time.LocalDateTime;"
      },
      {
        "lineNumber": 8,
        "author": {
          "gitId": "JohnNub"
        },
        "content": ""
      },
      {
        "lineNumber": 9,
        "author": {
          "gitId": "JohnNub"
        },
        "content": "import static java.time.temporal.TemporalAdjusters.next;"
      },
      {
        "lineNumber": 10,
        "author": {
          "gitId": "JohnNub"
        },
        "content": ""
      },
      {
        "lineNumber": 11,
        "author": {
          "gitId": "JohnNub"
        },
        "content": "public class Deadline extends Task {"
      },
      {
        "lineNumber": 12,
        "author": {
          "gitId": "JohnNub"
        },
        "content": "    private LocalDateTime due;"
      },
      {
        "lineNumber": 13,
        "author": {
          "gitId": "JohnNub"
        },
        "content": "    private static DateTimeFormatter FORMAT_LIST[] \u003d {"
      },
      {
        "lineNumber": 14,
        "author": {
          "gitId": "JohnNub"
        },
        "content": "            DateTimeFormatter.ofPattern(\"dd/MM/yyyy\"),"
      },
      {
        "lineNumber": 15,
        "author": {
          "gitId": "JohnNub"
        },
        "content": "            DateTimeFormatter.ofPattern(\"dd-MMM-yyyy\"),"
      },
      {
        "lineNumber": 16,
        "author": {
          "gitId": "JohnNub"
        },
        "content": "            DateTimeFormatter.ofPattern(\"MM dd, yyyy\"),"
      },
      {
        "lineNumber": 17,
        "author": {
          "gitId": "JohnNub"
        },
        "content": "            DateTimeFormatter.ofPattern(\"MMM dd yyyy HH:mm:ss\"),"
      },
      {
        "lineNumber": 18,
        "author": {
          "gitId": "JohnNub"
        },
        "content": "            DateTimeFormatter.ofPattern(\"dd-MMM-yyyy HH:mm:ss\"),"
      },
      {
        "lineNumber": 19,
        "author": {
          "gitId": "JohnNub"
        },
        "content": "            DateTimeFormatter.ofPattern(\"dd/MM/yy\"),"
      },
      {
        "lineNumber": 20,
        "author": {
          "gitId": "JohnNub"
        },
        "content": "            DateTimeFormatter.ofPattern(\"dd-MMM-yy\")"
      },
      {
        "lineNumber": 21,
        "author": {
          "gitId": "JohnNub"
        },
        "content": "    };"
      },
      {
        "lineNumber": 22,
        "author": {
          "gitId": "JohnNub"
        },
        "content": ""
      },
      {
        "lineNumber": 23,
        "author": {
          "gitId": "JohnNub"
        },
        "content": "    public Deadline(String s, String deadline) {"
      },
      {
        "lineNumber": 24,
        "author": {
          "gitId": "JohnNub"
        },
        "content": "        super(s);"
      },
      {
        "lineNumber": 25,
        "author": {
          "gitId": "JohnNub"
        },
        "content": "        tryReadDate(deadline);"
      },
      {
        "lineNumber": 26,
        "author": {
          "gitId": "JohnNub"
        },
        "content": "    }"
      },
      {
        "lineNumber": 27,
        "author": {
          "gitId": "JohnNub"
        },
        "content": ""
      },
      {
        "lineNumber": 28,
        "author": {
          "gitId": "JohnNub"
        },
        "content": "    /**"
      },
      {
        "lineNumber": 29,
        "author": {
          "gitId": "JohnNub"
        },
        "content": "     * tryReadDate - Attempts to convert the user supplied date string to a machine date"
      },
      {
        "lineNumber": 30,
        "author": {
          "gitId": "JohnNub"
        },
        "content": "     * @param dateStr The string to be converted"
      },
      {
        "lineNumber": 31,
        "author": {
          "gitId": "JohnNub"
        },
        "content": "     */"
      },
      {
        "lineNumber": 32,
        "author": {
          "gitId": "JohnNub"
        },
        "content": "    private void tryReadDate(String dateStr) {"
      },
      {
        "lineNumber": 33,
        "author": {
          "gitId": "JohnNub"
        },
        "content": "        LocalDateTime result \u003d null;"
      },
      {
        "lineNumber": 34,
        "author": {
          "gitId": "JohnNub"
        },
        "content": "        for (DateTimeFormatter dtf : FORMAT_LIST) {"
      },
      {
        "lineNumber": 35,
        "author": {
          "gitId": "JohnNub"
        },
        "content": "            try {"
      },
      {
        "lineNumber": 36,
        "author": {
          "gitId": "JohnNub"
        },
        "content": "                result \u003d LocalDateTime.parse(dateStr, dtf);"
      },
      {
        "lineNumber": 37,
        "author": {
          "gitId": "JohnNub"
        },
        "content": "            } catch (Exception e) {"
      },
      {
        "lineNumber": 38,
        "author": {
          "gitId": "JohnNub"
        },
        "content": "                continue;"
      },
      {
        "lineNumber": 39,
        "author": {
          "gitId": "JohnNub"
        },
        "content": "            }"
      },
      {
        "lineNumber": 40,
        "author": {
          "gitId": "JohnNub"
        },
        "content": "            if (result !\u003d null) {"
      },
      {
        "lineNumber": 41,
        "author": {
          "gitId": "JohnNub"
        },
        "content": "                this.due \u003d result;"
      },
      {
        "lineNumber": 42,
        "author": {
          "gitId": "JohnNub"
        },
        "content": "                return;"
      },
      {
        "lineNumber": 43,
        "author": {
          "gitId": "JohnNub"
        },
        "content": "            }"
      },
      {
        "lineNumber": 44,
        "author": {
          "gitId": "JohnNub"
        },
        "content": "        }"
      },
      {
        "lineNumber": 45,
        "author": {
          "gitId": "JohnNub"
        },
        "content": "        //Still failed to read date, try grammar interpretation"
      },
      {
        "lineNumber": 46,
        "author": {
          "gitId": "JohnNub"
        },
        "content": "        LocalDateTime now \u003d LocalDateTime.now();"
      },
      {
        "lineNumber": 47,
        "author": {
          "gitId": "JohnNub"
        },
        "content": "        if (dateStr.toLowerCase().contains(\"next\")) {"
      },
      {
        "lineNumber": 48,
        "author": {
          "gitId": "JohnNub"
        },
        "content": "            if (dateStr.toLowerCase().matches(\"next\\\\s*mon.*\")) {"
      },
      {
        "lineNumber": 49,
        "author": {
          "gitId": "JohnNub"
        },
        "content": "                this.due \u003d LocalDateTime.now().with(next(DayOfWeek.MONDAY));"
      },
      {
        "lineNumber": 50,
        "author": {
          "gitId": "JohnNub"
        },
        "content": "            } else if (dateStr.toLowerCase().matches(\"next\\\\s*tue.*\")) {"
      },
      {
        "lineNumber": 51,
        "author": {
          "gitId": "JohnNub"
        },
        "content": "                this.due \u003d LocalDateTime.now().with(next(DayOfWeek.TUESDAY));"
      },
      {
        "lineNumber": 52,
        "author": {
          "gitId": "JohnNub"
        },
        "content": "            } else if (dateStr.toLowerCase().matches(\"next\\\\s*wed.*\")) {"
      },
      {
        "lineNumber": 53,
        "author": {
          "gitId": "JohnNub"
        },
        "content": "                this.due \u003d LocalDateTime.now().with(next(DayOfWeek.WEDNESDAY));"
      },
      {
        "lineNumber": 54,
        "author": {
          "gitId": "JohnNub"
        },
        "content": "            } else if (dateStr.toLowerCase().matches(\"next\\\\s*thu.*\")) {"
      },
      {
        "lineNumber": 55,
        "author": {
          "gitId": "JohnNub"
        },
        "content": "                this.due \u003d LocalDateTime.now().with(next(DayOfWeek.THURSDAY));"
      },
      {
        "lineNumber": 56,
        "author": {
          "gitId": "JohnNub"
        },
        "content": "            } else if (dateStr.toLowerCase().matches(\"next\\\\s*fri.*\")) {"
      },
      {
        "lineNumber": 57,
        "author": {
          "gitId": "JohnNub"
        },
        "content": "                this.due \u003d LocalDateTime.now().with(next(DayOfWeek.FRIDAY));"
      },
      {
        "lineNumber": 58,
        "author": {
          "gitId": "JohnNub"
        },
        "content": "            } else if (dateStr.toLowerCase().matches(\"next\\\\s*sat.*\")) {"
      },
      {
        "lineNumber": 59,
        "author": {
          "gitId": "JohnNub"
        },
        "content": "                this.due \u003d LocalDateTime.now().with(next(DayOfWeek.SATURDAY));"
      },
      {
        "lineNumber": 60,
        "author": {
          "gitId": "JohnNub"
        },
        "content": "            } else if (dateStr.toLowerCase().matches(\"next\\\\s*sun.*\")) {"
      },
      {
        "lineNumber": 61,
        "author": {
          "gitId": "JohnNub"
        },
        "content": "                this.due \u003d LocalDateTime.now().with(next(DayOfWeek.SUNDAY));"
      },
      {
        "lineNumber": 62,
        "author": {
          "gitId": "JohnNub"
        },
        "content": "            }"
      },
      {
        "lineNumber": 63,
        "author": {
          "gitId": "JohnNub"
        },
        "content": "        }"
      },
      {
        "lineNumber": 64,
        "author": {
          "gitId": "JohnNub"
        },
        "content": "    }"
      },
      {
        "lineNumber": 65,
        "author": {
          "gitId": "JohnNub"
        },
        "content": ""
      },
      {
        "lineNumber": 66,
        "author": {
          "gitId": "JohnNub"
        },
        "content": "    public LocalDateTime getDue() {"
      },
      {
        "lineNumber": 67,
        "author": {
          "gitId": "JohnNub"
        },
        "content": "        return due;"
      },
      {
        "lineNumber": 68,
        "author": {
          "gitId": "JohnNub"
        },
        "content": "    }"
      },
      {
        "lineNumber": 69,
        "author": {
          "gitId": "JohnNub"
        },
        "content": ""
      },
      {
        "lineNumber": 70,
        "author": {
          "gitId": "JohnNub"
        },
        "content": "    public void setDue(LocalDateTime due) {"
      },
      {
        "lineNumber": 71,
        "author": {
          "gitId": "JohnNub"
        },
        "content": "        this.due \u003d due;"
      },
      {
        "lineNumber": 72,
        "author": {
          "gitId": "JohnNub"
        },
        "content": "    }"
      },
      {
        "lineNumber": 73,
        "author": {
          "gitId": "JohnNub"
        },
        "content": ""
      },
      {
        "lineNumber": 74,
        "author": {
          "gitId": "JohnNub"
        },
        "content": "    @Override"
      },
      {
        "lineNumber": 75,
        "author": {
          "gitId": "JohnNub"
        },
        "content": "    public String toString() {"
      },
      {
        "lineNumber": 76,
        "author": {
          "gitId": "JohnNub"
        },
        "content": "        return \"[D]\" + super.toString() + \" Due: \" + due;"
      },
      {
        "lineNumber": 77,
        "author": {
          "gitId": "JohnNub"
        },
        "content": "    }"
      },
      {
        "lineNumber": 78,
        "author": {
          "gitId": "JohnNub"
        },
        "content": "}"
      }
    ],
    "authorContributionMap": {
      "JohnNub": 78
    }
  },
  {
    "path": "src/main/java/Duke.java",
    "fileType": "java",
    "lines": [
      {
        "lineNumber": 1,
        "author": {
          "gitId": "JohnNub"
        },
        "content": "import java.util.ArrayList;"
      },
      {
        "lineNumber": 2,
        "author": {
          "gitId": "JohnNub"
        },
        "content": "import java.util.Scanner;"
      },
      {
        "lineNumber": 3,
        "author": {
          "gitId": "JohnNub"
        },
        "content": ""
      },
      {
        "lineNumber": 4,
        "author": {
          "gitId": "JohnNub"
        },
        "content": ""
      },
      {
        "lineNumber": 5,
        "author": {
          "gitId": "-"
        },
        "content": "public class Duke {"
      },
      {
        "lineNumber": 6,
        "author": {
          "gitId": "-"
        },
        "content": "    public static void main(String[] args) {"
      },
      {
        "lineNumber": 7,
        "author": {
          "gitId": "JohnNub"
        },
        "content": "        Scanner in \u003d new Scanner(System.in);"
      },
      {
        "lineNumber": 8,
        "author": {
          "gitId": "JohnNub"
        },
        "content": "        ArrayList\u003cTask\u003e taskList \u003d new ArrayList\u003cTask\u003e();"
      },
      {
        "lineNumber": 9,
        "author": {
          "gitId": "JohnNub"
        },
        "content": "        String userInput;"
      },
      {
        "lineNumber": 10,
        "author": {
          "gitId": "-"
        },
        "content": "        String logo \u003d \" ____        _        \\n\""
      },
      {
        "lineNumber": 11,
        "author": {
          "gitId": "-"
        },
        "content": "                + \"|  _ \\\\ _   _| | _____ \\n\""
      },
      {
        "lineNumber": 12,
        "author": {
          "gitId": "-"
        },
        "content": "                + \"| | | | | | | |/ / _ \\\\\\n\""
      },
      {
        "lineNumber": 13,
        "author": {
          "gitId": "-"
        },
        "content": "                + \"| |_| | |_| |   \u003c  __/\\n\""
      },
      {
        "lineNumber": 14,
        "author": {
          "gitId": "-"
        },
        "content": "                + \"|____/ \\\\__,_|_|\\\\_\\\\___|\\n\";"
      },
      {
        "lineNumber": 15,
        "author": {
          "gitId": "-"
        },
        "content": "        System.out.println(\"Hello from\\n\" + logo);"
      },
      {
        "lineNumber": 16,
        "author": {
          "gitId": "JohnNub"
        },
        "content": "        printOutput(\"Hello! I\u0027m Duke\\n\" +"
      },
      {
        "lineNumber": 17,
        "author": {
          "gitId": "JohnNub"
        },
        "content": "                \"What can I do for you?\", true);"
      },
      {
        "lineNumber": 18,
        "author": {
          "gitId": "JohnNub"
        },
        "content": "        while (true) {"
      },
      {
        "lineNumber": 19,
        "author": {
          "gitId": "JohnNub"
        },
        "content": "            userInput \u003d in.nextLine();"
      },
      {
        "lineNumber": 20,
        "author": {
          "gitId": "JohnNub"
        },
        "content": "            if (userInput.equalsIgnoreCase(\"bye\")) {"
      },
      {
        "lineNumber": 21,
        "author": {
          "gitId": "JohnNub"
        },
        "content": "                break;"
      },
      {
        "lineNumber": 22,
        "author": {
          "gitId": "JohnNub"
        },
        "content": "            } else if (userInput.equalsIgnoreCase(\"list\")) {"
      },
      {
        "lineNumber": 23,
        "author": {
          "gitId": "JohnNub"
        },
        "content": "                if (taskList.size() \u003d\u003d 0) {"
      },
      {
        "lineNumber": 24,
        "author": {
          "gitId": "JohnNub"
        },
        "content": "                    printOutput(\"Oops the list is empty!\", false);"
      },
      {
        "lineNumber": 25,
        "author": {
          "gitId": "JohnNub"
        },
        "content": "                    continue;"
      },
      {
        "lineNumber": 26,
        "author": {
          "gitId": "JohnNub"
        },
        "content": "                }"
      },
      {
        "lineNumber": 27,
        "author": {
          "gitId": "JohnNub"
        },
        "content": "                String tl \u003d \"\";"
      },
      {
        "lineNumber": 28,
        "author": {
          "gitId": "JohnNub"
        },
        "content": "                for (int i \u003d 0; i \u003c taskList.size(); i++) {"
      },
      {
        "lineNumber": 29,
        "author": {
          "gitId": "JohnNub"
        },
        "content": "                    Task t \u003d taskList.get(i);"
      },
      {
        "lineNumber": 30,
        "author": {
          "gitId": "JohnNub"
        },
        "content": "                    tl +\u003d (i + 1) + \". \" + t.toString() + System.lineSeparator();"
      },
      {
        "lineNumber": 31,
        "author": {
          "gitId": "JohnNub"
        },
        "content": "                }"
      },
      {
        "lineNumber": 32,
        "author": {
          "gitId": "JohnNub"
        },
        "content": "                printOutput(tl, false);"
      },
      {
        "lineNumber": 33,
        "author": {
          "gitId": "JohnNub"
        },
        "content": "            } else if (userInput.toLowerCase().startsWith(\"done \")) {"
      },
      {
        "lineNumber": 34,
        "author": {
          "gitId": "JohnNub"
        },
        "content": "                String taskStr \u003d userInput.substring(4).strip();"
      },
      {
        "lineNumber": 35,
        "author": {
          "gitId": "JohnNub"
        },
        "content": "                try {"
      },
      {
        "lineNumber": 36,
        "author": {
          "gitId": "JohnNub"
        },
        "content": "                    Task t \u003d taskList.get(Integer.parseInt(taskStr) - 1);"
      },
      {
        "lineNumber": 37,
        "author": {
          "gitId": "JohnNub"
        },
        "content": "                    t.setDone(true);"
      },
      {
        "lineNumber": 38,
        "author": {
          "gitId": "JohnNub"
        },
        "content": "                    printOutput(\"Nice! I\u0027ve marked this task as done:\\n\\t\" + t.toString(), false);"
      },
      {
        "lineNumber": 39,
        "author": {
          "gitId": "JohnNub"
        },
        "content": "                } catch (Exception e) {"
      },
      {
        "lineNumber": 40,
        "author": {
          "gitId": "JohnNub"
        },
        "content": "                    printOutput(\"Oops! That didn\u0027t work, please check your input and try again!\", true);"
      },
      {
        "lineNumber": 41,
        "author": {
          "gitId": "JohnNub"
        },
        "content": "                }"
      },
      {
        "lineNumber": 42,
        "author": {
          "gitId": "JohnNub"
        },
        "content": "            } else if (userInput.toLowerCase().startsWith(\"deadline\")) {"
      },
      {
        "lineNumber": 43,
        "author": {
          "gitId": "JohnNub"
        },
        "content": "                if (!userInput.toLowerCase().contains(\"/by\")) {"
      },
      {
        "lineNumber": 44,
        "author": {
          "gitId": "JohnNub"
        },
        "content": "                    printOutput(\"usage: deadline \u003cname of item\u003e /by \u003cdd-MMM-yyyy HH:mm:ss OR next [weekday]\u003e\", true);"
      },
      {
        "lineNumber": 45,
        "author": {
          "gitId": "JohnNub"
        },
        "content": "                    continue;"
      },
      {
        "lineNumber": 46,
        "author": {
          "gitId": "JohnNub"
        },
        "content": "                }"
      },
      {
        "lineNumber": 47,
        "author": {
          "gitId": "JohnNub"
        },
        "content": "                String[] taskArgs \u003d userInput.substring(8).strip().split(\"/by\");"
      },
      {
        "lineNumber": 48,
        "author": {
          "gitId": "JohnNub"
        },
        "content": ""
      },
      {
        "lineNumber": 49,
        "author": {
          "gitId": "JohnNub"
        },
        "content": "                Deadline d \u003d new Deadline(taskArgs[0].strip(), taskArgs[1].strip());"
      },
      {
        "lineNumber": 50,
        "author": {
          "gitId": "JohnNub"
        },
        "content": "                if (d.getDue() \u003d\u003d null) {"
      },
      {
        "lineNumber": 51,
        "author": {
          "gitId": "JohnNub"
        },
        "content": "                    printOutput(\"Unable to parse date! Please try again.\", true);"
      },
      {
        "lineNumber": 52,
        "author": {
          "gitId": "JohnNub"
        },
        "content": "                    continue;"
      },
      {
        "lineNumber": 53,
        "author": {
          "gitId": "JohnNub"
        },
        "content": "                }"
      },
      {
        "lineNumber": 54,
        "author": {
          "gitId": "JohnNub"
        },
        "content": "                taskList.add(d);"
      },
      {
        "lineNumber": 55,
        "author": {
          "gitId": "JohnNub"
        },
        "content": "                printOutput(\"Added new deadline: \" + taskArgs[0] + System.lineSeparator() + \"\\tDue by: \" + d.getDue());"
      },
      {
        "lineNumber": 56,
        "author": {
          "gitId": "JohnNub"
        },
        "content": "            } else if (userInput.toLowerCase().startsWith(\"event\")) {"
      },
      {
        "lineNumber": 57,
        "author": {
          "gitId": "JohnNub"
        },
        "content": "                if (!userInput.toLowerCase().contains(\"/at\")) {"
      },
      {
        "lineNumber": 58,
        "author": {
          "gitId": "JohnNub"
        },
        "content": "                    printOutput(\"usage: event \u003cname of item\u003e /at \u003cdd-MMM-yyyy HH:mm:ss OR next [weekday]\u003e\", true);"
      },
      {
        "lineNumber": 59,
        "author": {
          "gitId": "JohnNub"
        },
        "content": "                    continue;"
      },
      {
        "lineNumber": 60,
        "author": {
          "gitId": "JohnNub"
        },
        "content": "                }"
      },
      {
        "lineNumber": 61,
        "author": {
          "gitId": "JohnNub"
        },
        "content": "                String[] taskArgs \u003d userInput.substring(5).strip().split(\"/at\");"
      },
      {
        "lineNumber": 62,
        "author": {
          "gitId": "JohnNub"
        },
        "content": ""
      },
      {
        "lineNumber": 63,
        "author": {
          "gitId": "JohnNub"
        },
        "content": "                Event e \u003d new Event(taskArgs[0].strip(), taskArgs[1].strip());"
      },
      {
        "lineNumber": 64,
        "author": {
          "gitId": "JohnNub"
        },
        "content": "                if (e.getStart() \u003d\u003d null) {"
      },
      {
        "lineNumber": 65,
        "author": {
          "gitId": "JohnNub"
        },
        "content": "                    printOutput(\"Unable to parse date! Please try again.\", true);"
      },
      {
        "lineNumber": 66,
        "author": {
          "gitId": "JohnNub"
        },
        "content": "                    continue;"
      },
      {
        "lineNumber": 67,
        "author": {
          "gitId": "JohnNub"
        },
        "content": "                }"
      },
      {
        "lineNumber": 68,
        "author": {
          "gitId": "JohnNub"
        },
        "content": "                taskList.add(e);"
      },
      {
        "lineNumber": 69,
        "author": {
          "gitId": "JohnNub"
        },
        "content": "                printOutput(\"Added new event: \" + taskArgs[0] + System.lineSeparator() + \"\\tStart at: \" + e.getStart());"
      },
      {
        "lineNumber": 70,
        "author": {
          "gitId": "JohnNub"
        },
        "content": "            } else if (userInput.toLowerCase().startsWith(\"todo\")) {"
      },
      {
        "lineNumber": 71,
        "author": {
          "gitId": "JohnNub"
        },
        "content": "                String taskString \u003d userInput.substring(4).strip();"
      },
      {
        "lineNumber": 72,
        "author": {
          "gitId": "JohnNub"
        },
        "content": "                ToDo t \u003d new ToDo(taskString);"
      },
      {
        "lineNumber": 73,
        "author": {
          "gitId": "JohnNub"
        },
        "content": "                taskList.add(t);"
      },
      {
        "lineNumber": 74,
        "author": {
          "gitId": "JohnNub"
        },
        "content": "                printOutput(\"Added new todo: \" + t.toString());"
      },
      {
        "lineNumber": 75,
        "author": {
          "gitId": "JohnNub"
        },
        "content": "            } else {"
      },
      {
        "lineNumber": 76,
        "author": {
          "gitId": "JohnNub"
        },
        "content": "                printOutput(\"Commands: bye list todo deadline event\", false);"
      },
      {
        "lineNumber": 77,
        "author": {
          "gitId": "JohnNub"
        },
        "content": "            }"
      },
      {
        "lineNumber": 78,
        "author": {
          "gitId": "JohnNub"
        },
        "content": "        }"
      },
      {
        "lineNumber": 79,
        "author": {
          "gitId": "JohnNub"
        },
        "content": "        printOutput(\"Bye. Hope to see you again soon!\", true);"
      },
      {
        "lineNumber": 80,
        "author": {
          "gitId": "JohnNub"
        },
        "content": "    }"
      },
      {
        "lineNumber": 81,
        "author": {
          "gitId": "JohnNub"
        },
        "content": ""
      },
      {
        "lineNumber": 82,
        "author": {
          "gitId": "JohnNub"
        },
        "content": ""
      },
      {
        "lineNumber": 83,
        "author": {
          "gitId": "JohnNub"
        },
        "content": "    private static void printOutput(String text) {"
      },
      {
        "lineNumber": 84,
        "author": {
          "gitId": "JohnNub"
        },
        "content": "        printOutput(text, false);"
      },
      {
        "lineNumber": 85,
        "author": {
          "gitId": "JohnNub"
        },
        "content": "    }"
      },
      {
        "lineNumber": 86,
        "author": {
          "gitId": "JohnNub"
        },
        "content": ""
      },
      {
        "lineNumber": 87,
        "author": {
          "gitId": "JohnNub"
        },
        "content": "    /**"
      },
      {
        "lineNumber": 88,
        "author": {
          "gitId": "JohnNub"
        },
        "content": "     * Prints the output with the divider lines and the supplied text"
      },
      {
        "lineNumber": 89,
        "author": {
          "gitId": "JohnNub"
        },
        "content": "     * Option to make the text non instant for extra effect"
      },
      {
        "lineNumber": 90,
        "author": {
          "gitId": "JohnNub"
        },
        "content": "     * @param text string to be printed"
      },
      {
        "lineNumber": 91,
        "author": {
          "gitId": "JohnNub"
        },
        "content": "     * @param instant whether the string is printed instantly"
      },
      {
        "lineNumber": 92,
        "author": {
          "gitId": "JohnNub"
        },
        "content": "     */"
      },
      {
        "lineNumber": 93,
        "author": {
          "gitId": "JohnNub"
        },
        "content": "    private static void printOutput(String text, boolean instant) {"
      },
      {
        "lineNumber": 94,
        "author": {
          "gitId": "JohnNub"
        },
        "content": "        System.out.println(\"____________________________________________________________\");"
      },
      {
        "lineNumber": 95,
        "author": {
          "gitId": "JohnNub"
        },
        "content": "        //Split text according to the lines to format"
      },
      {
        "lineNumber": 96,
        "author": {
          "gitId": "JohnNub"
        },
        "content": "        String[] lines \u003d text.split(\"\\\\r?\\\\n\");"
      },
      {
        "lineNumber": 97,
        "author": {
          "gitId": "JohnNub"
        },
        "content": "        for (String s : lines) {"
      },
      {
        "lineNumber": 98,
        "author": {
          "gitId": "JohnNub"
        },
        "content": "            if (instant) {"
      },
      {
        "lineNumber": 99,
        "author": {
          "gitId": "JohnNub"
        },
        "content": "                System.out.println(\"  \" + s);"
      },
      {
        "lineNumber": 100,
        "author": {
          "gitId": "JohnNub"
        },
        "content": "            } else {"
      },
      {
        "lineNumber": 101,
        "author": {
          "gitId": "JohnNub"
        },
        "content": "                System.out.print(\"  \");"
      },
      {
        "lineNumber": 102,
        "author": {
          "gitId": "JohnNub"
        },
        "content": "                //charAt is constant time lookup so we do that instead of splitting strings"
      },
      {
        "lineNumber": 103,
        "author": {
          "gitId": "JohnNub"
        },
        "content": "                for (int i \u003d 0; i \u003c s.length(); i++) {"
      },
      {
        "lineNumber": 104,
        "author": {
          "gitId": "JohnNub"
        },
        "content": "                    char c \u003d s.charAt(i);"
      },
      {
        "lineNumber": 105,
        "author": {
          "gitId": "JohnNub"
        },
        "content": "                    System.out.print(c);"
      },
      {
        "lineNumber": 106,
        "author": {
          "gitId": "JohnNub"
        },
        "content": "                    try {"
      },
      {
        "lineNumber": 107,
        "author": {
          "gitId": "JohnNub"
        },
        "content": "                        Thread.sleep(5);"
      },
      {
        "lineNumber": 108,
        "author": {
          "gitId": "JohnNub"
        },
        "content": "                    } catch (InterruptedException e) {"
      },
      {
        "lineNumber": 109,
        "author": {
          "gitId": "JohnNub"
        },
        "content": "                        e.printStackTrace();"
      },
      {
        "lineNumber": 110,
        "author": {
          "gitId": "JohnNub"
        },
        "content": "                    }"
      },
      {
        "lineNumber": 111,
        "author": {
          "gitId": "JohnNub"
        },
        "content": "                }"
      },
      {
        "lineNumber": 112,
        "author": {
          "gitId": "JohnNub"
        },
        "content": "                System.out.print(System.lineSeparator());"
      },
      {
        "lineNumber": 113,
        "author": {
          "gitId": "JohnNub"
        },
        "content": "            }"
      },
      {
        "lineNumber": 114,
        "author": {
          "gitId": "JohnNub"
        },
        "content": "        }"
      },
      {
        "lineNumber": 115,
        "author": {
          "gitId": "JohnNub"
        },
        "content": "        System.out.println(\"____________________________________________________________\");"
      },
      {
        "lineNumber": 116,
        "author": {
          "gitId": "-"
        },
        "content": "    }"
      },
      {
        "lineNumber": 117,
        "author": {
          "gitId": "-"
        },
        "content": "}"
      }
    ],
    "authorContributionMap": {
      "JohnNub": 107,
      "-": 10
    }
  },
  {
    "path": "src/main/java/Event.java",
    "fileType": "java",
    "lines": [
      {
        "lineNumber": 1,
        "author": {
          "gitId": "JohnNub"
        },
        "content": "import java.time.DayOfWeek;"
      },
      {
        "lineNumber": 2,
        "author": {
          "gitId": "JohnNub"
        },
        "content": "import java.time.LocalDateTime;"
      },
      {
        "lineNumber": 3,
        "author": {
          "gitId": "JohnNub"
        },
        "content": "import java.time.format.DateTimeFormatter;"
      },
      {
        "lineNumber": 4,
        "author": {
          "gitId": "JohnNub"
        },
        "content": ""
      },
      {
        "lineNumber": 5,
        "author": {
          "gitId": "JohnNub"
        },
        "content": "import static java.time.temporal.TemporalAdjusters.next;"
      },
      {
        "lineNumber": 6,
        "author": {
          "gitId": "JohnNub"
        },
        "content": ""
      },
      {
        "lineNumber": 7,
        "author": {
          "gitId": "JohnNub"
        },
        "content": "public class Event extends Task {"
      },
      {
        "lineNumber": 8,
        "author": {
          "gitId": "JohnNub"
        },
        "content": "    private LocalDateTime start;"
      },
      {
        "lineNumber": 9,
        "author": {
          "gitId": "JohnNub"
        },
        "content": "    private LocalDateTime end;"
      },
      {
        "lineNumber": 10,
        "author": {
          "gitId": "JohnNub"
        },
        "content": "    private static DateTimeFormatter FORMAT_LIST[] \u003d {"
      },
      {
        "lineNumber": 11,
        "author": {
          "gitId": "JohnNub"
        },
        "content": "            DateTimeFormatter.ofPattern(\"dd/MM/yyyy\"),"
      },
      {
        "lineNumber": 12,
        "author": {
          "gitId": "JohnNub"
        },
        "content": "            DateTimeFormatter.ofPattern(\"dd-MMM-yyyy\"),"
      },
      {
        "lineNumber": 13,
        "author": {
          "gitId": "JohnNub"
        },
        "content": "            DateTimeFormatter.ofPattern(\"MM dd, yyyy\"),"
      },
      {
        "lineNumber": 14,
        "author": {
          "gitId": "JohnNub"
        },
        "content": "            DateTimeFormatter.ofPattern(\"MMM dd yyyy HH:mm:ss\"),"
      },
      {
        "lineNumber": 15,
        "author": {
          "gitId": "JohnNub"
        },
        "content": "            DateTimeFormatter.ofPattern(\"dd-MMM-yyyy HH:mm:ss\"),"
      },
      {
        "lineNumber": 16,
        "author": {
          "gitId": "JohnNub"
        },
        "content": "            DateTimeFormatter.ofPattern(\"dd/MM/yy\"),"
      },
      {
        "lineNumber": 17,
        "author": {
          "gitId": "JohnNub"
        },
        "content": "            DateTimeFormatter.ofPattern(\"dd-MMM-yy\")"
      },
      {
        "lineNumber": 18,
        "author": {
          "gitId": "JohnNub"
        },
        "content": "    };"
      },
      {
        "lineNumber": 19,
        "author": {
          "gitId": "JohnNub"
        },
        "content": ""
      },
      {
        "lineNumber": 20,
        "author": {
          "gitId": "JohnNub"
        },
        "content": "    public Event(String s, String startStr) {"
      },
      {
        "lineNumber": 21,
        "author": {
          "gitId": "JohnNub"
        },
        "content": "        super(s);"
      },
      {
        "lineNumber": 22,
        "author": {
          "gitId": "JohnNub"
        },
        "content": "        tryReadDate(startStr);"
      },
      {
        "lineNumber": 23,
        "author": {
          "gitId": "JohnNub"
        },
        "content": "        end \u003d start;"
      },
      {
        "lineNumber": 24,
        "author": {
          "gitId": "JohnNub"
        },
        "content": "    }"
      },
      {
        "lineNumber": 25,
        "author": {
          "gitId": "JohnNub"
        },
        "content": ""
      },
      {
        "lineNumber": 26,
        "author": {
          "gitId": "JohnNub"
        },
        "content": "    /**"
      },
      {
        "lineNumber": 27,
        "author": {
          "gitId": "JohnNub"
        },
        "content": "     * tryReadDate - Attempts to convert the user supplied date string to a machine date"
      },
      {
        "lineNumber": 28,
        "author": {
          "gitId": "JohnNub"
        },
        "content": "     * TODO implement end time"
      },
      {
        "lineNumber": 29,
        "author": {
          "gitId": "JohnNub"
        },
        "content": "     * @param dateStr The string to be converted"
      },
      {
        "lineNumber": 30,
        "author": {
          "gitId": "JohnNub"
        },
        "content": "     */"
      },
      {
        "lineNumber": 31,
        "author": {
          "gitId": "JohnNub"
        },
        "content": "    private void tryReadDate(String dateStr) {"
      },
      {
        "lineNumber": 32,
        "author": {
          "gitId": "JohnNub"
        },
        "content": "        LocalDateTime result \u003d null;"
      },
      {
        "lineNumber": 33,
        "author": {
          "gitId": "JohnNub"
        },
        "content": "        for (DateTimeFormatter dtf : FORMAT_LIST) {"
      },
      {
        "lineNumber": 34,
        "author": {
          "gitId": "JohnNub"
        },
        "content": "            try {"
      },
      {
        "lineNumber": 35,
        "author": {
          "gitId": "JohnNub"
        },
        "content": "                result \u003d LocalDateTime.parse(dateStr, dtf);"
      },
      {
        "lineNumber": 36,
        "author": {
          "gitId": "JohnNub"
        },
        "content": "            } catch (Exception e) {"
      },
      {
        "lineNumber": 37,
        "author": {
          "gitId": "JohnNub"
        },
        "content": "                continue;"
      },
      {
        "lineNumber": 38,
        "author": {
          "gitId": "JohnNub"
        },
        "content": "            }"
      },
      {
        "lineNumber": 39,
        "author": {
          "gitId": "JohnNub"
        },
        "content": "            if (result !\u003d null) {"
      },
      {
        "lineNumber": 40,
        "author": {
          "gitId": "JohnNub"
        },
        "content": "                this.start \u003d result;"
      },
      {
        "lineNumber": 41,
        "author": {
          "gitId": "JohnNub"
        },
        "content": "                return;"
      },
      {
        "lineNumber": 42,
        "author": {
          "gitId": "JohnNub"
        },
        "content": "            }"
      },
      {
        "lineNumber": 43,
        "author": {
          "gitId": "JohnNub"
        },
        "content": "        }"
      },
      {
        "lineNumber": 44,
        "author": {
          "gitId": "JohnNub"
        },
        "content": "        //Still failed to read date, try grammar interpretation"
      },
      {
        "lineNumber": 45,
        "author": {
          "gitId": "JohnNub"
        },
        "content": "        LocalDateTime now \u003d LocalDateTime.now();"
      },
      {
        "lineNumber": 46,
        "author": {
          "gitId": "JohnNub"
        },
        "content": "        if (dateStr.toLowerCase().contains(\"next\")) {"
      },
      {
        "lineNumber": 47,
        "author": {
          "gitId": "JohnNub"
        },
        "content": "            if (dateStr.toLowerCase().matches(\"next\\\\s*mon.*\")) {"
      },
      {
        "lineNumber": 48,
        "author": {
          "gitId": "JohnNub"
        },
        "content": "                this.start \u003d LocalDateTime.now().with(next(DayOfWeek.MONDAY));"
      },
      {
        "lineNumber": 49,
        "author": {
          "gitId": "JohnNub"
        },
        "content": "            } else if (dateStr.toLowerCase().matches(\"next\\\\s*tue.*\")) {"
      },
      {
        "lineNumber": 50,
        "author": {
          "gitId": "JohnNub"
        },
        "content": "                this.start \u003d LocalDateTime.now().with(next(DayOfWeek.TUESDAY));"
      },
      {
        "lineNumber": 51,
        "author": {
          "gitId": "JohnNub"
        },
        "content": "            } else if (dateStr.toLowerCase().matches(\"next\\\\s*wed.*\")) {"
      },
      {
        "lineNumber": 52,
        "author": {
          "gitId": "JohnNub"
        },
        "content": "                this.start \u003d LocalDateTime.now().with(next(DayOfWeek.WEDNESDAY));"
      },
      {
        "lineNumber": 53,
        "author": {
          "gitId": "JohnNub"
        },
        "content": "            } else if (dateStr.toLowerCase().matches(\"next\\\\s*thu.*\")) {"
      },
      {
        "lineNumber": 54,
        "author": {
          "gitId": "JohnNub"
        },
        "content": "                this.start \u003d LocalDateTime.now().with(next(DayOfWeek.THURSDAY));"
      },
      {
        "lineNumber": 55,
        "author": {
          "gitId": "JohnNub"
        },
        "content": "            } else if (dateStr.toLowerCase().matches(\"next\\\\s*fri.*\")) {"
      },
      {
        "lineNumber": 56,
        "author": {
          "gitId": "JohnNub"
        },
        "content": "                this.start \u003d LocalDateTime.now().with(next(DayOfWeek.FRIDAY));"
      },
      {
        "lineNumber": 57,
        "author": {
          "gitId": "JohnNub"
        },
        "content": "            } else if (dateStr.toLowerCase().matches(\"next\\\\s*sat.*\")) {"
      },
      {
        "lineNumber": 58,
        "author": {
          "gitId": "JohnNub"
        },
        "content": "                this.start \u003d LocalDateTime.now().with(next(DayOfWeek.SATURDAY));"
      },
      {
        "lineNumber": 59,
        "author": {
          "gitId": "JohnNub"
        },
        "content": "            } else if (dateStr.toLowerCase().matches(\"next\\\\s*sun.*\")) {"
      },
      {
        "lineNumber": 60,
        "author": {
          "gitId": "JohnNub"
        },
        "content": "                this.start \u003d LocalDateTime.now().with(next(DayOfWeek.SUNDAY));"
      },
      {
        "lineNumber": 61,
        "author": {
          "gitId": "JohnNub"
        },
        "content": "            }"
      },
      {
        "lineNumber": 62,
        "author": {
          "gitId": "JohnNub"
        },
        "content": "        }"
      },
      {
        "lineNumber": 63,
        "author": {
          "gitId": "JohnNub"
        },
        "content": "    }"
      },
      {
        "lineNumber": 64,
        "author": {
          "gitId": "JohnNub"
        },
        "content": ""
      },
      {
        "lineNumber": 65,
        "author": {
          "gitId": "JohnNub"
        },
        "content": "    @Override"
      },
      {
        "lineNumber": 66,
        "author": {
          "gitId": "JohnNub"
        },
        "content": "    public String toString() {"
      },
      {
        "lineNumber": 67,
        "author": {
          "gitId": "JohnNub"
        },
        "content": "        return \"[E]\" + super.toString() + \" Starts: \" + start;"
      },
      {
        "lineNumber": 68,
        "author": {
          "gitId": "JohnNub"
        },
        "content": "    }"
      },
      {
        "lineNumber": 69,
        "author": {
          "gitId": "JohnNub"
        },
        "content": ""
      },
      {
        "lineNumber": 70,
        "author": {
          "gitId": "JohnNub"
        },
        "content": "    public LocalDateTime getStart() {"
      },
      {
        "lineNumber": 71,
        "author": {
          "gitId": "JohnNub"
        },
        "content": "        return start;"
      },
      {
        "lineNumber": 72,
        "author": {
          "gitId": "JohnNub"
        },
        "content": "    }"
      },
      {
        "lineNumber": 73,
        "author": {
          "gitId": "JohnNub"
        },
        "content": ""
      },
      {
        "lineNumber": 74,
        "author": {
          "gitId": "JohnNub"
        },
        "content": "    public void setStart(LocalDateTime start) {"
      },
      {
        "lineNumber": 75,
        "author": {
          "gitId": "JohnNub"
        },
        "content": "        this.start \u003d start;"
      },
      {
        "lineNumber": 76,
        "author": {
          "gitId": "JohnNub"
        },
        "content": "    }"
      },
      {
        "lineNumber": 77,
        "author": {
          "gitId": "JohnNub"
        },
        "content": ""
      },
      {
        "lineNumber": 78,
        "author": {
          "gitId": "JohnNub"
        },
        "content": "    public LocalDateTime getEnd() {"
      },
      {
        "lineNumber": 79,
        "author": {
          "gitId": "JohnNub"
        },
        "content": "        return end;"
      },
      {
        "lineNumber": 80,
        "author": {
          "gitId": "JohnNub"
        },
        "content": "    }"
      },
      {
        "lineNumber": 81,
        "author": {
          "gitId": "JohnNub"
        },
        "content": ""
      },
      {
        "lineNumber": 82,
        "author": {
          "gitId": "JohnNub"
        },
        "content": "    public void setEnd(LocalDateTime end) {"
      },
      {
        "lineNumber": 83,
        "author": {
          "gitId": "JohnNub"
        },
        "content": "        this.end \u003d end;"
      },
      {
        "lineNumber": 84,
        "author": {
          "gitId": "JohnNub"
        },
        "content": "    }"
      },
      {
        "lineNumber": 85,
        "author": {
          "gitId": "JohnNub"
        },
        "content": "}"
      }
    ],
    "authorContributionMap": {
      "JohnNub": 85
    }
  },
  {
    "path": "src/main/java/Task.java",
    "fileType": "java",
    "lines": [
      {
        "lineNumber": 1,
        "author": {
          "gitId": "JohnNub"
        },
        "content": "public class Task {"
      },
      {
        "lineNumber": 2,
        "author": {
          "gitId": "JohnNub"
        },
        "content": "    protected String description;"
      },
      {
        "lineNumber": 3,
        "author": {
          "gitId": "JohnNub"
        },
        "content": "    protected boolean isDone;"
      },
      {
        "lineNumber": 4,
        "author": {
          "gitId": "JohnNub"
        },
        "content": ""
      },
      {
        "lineNumber": 5,
        "author": {
          "gitId": "JohnNub"
        },
        "content": "    public String getDescription() {"
      },
      {
        "lineNumber": 6,
        "author": {
          "gitId": "JohnNub"
        },
        "content": "        return description;"
      },
      {
        "lineNumber": 7,
        "author": {
          "gitId": "JohnNub"
        },
        "content": "    }"
      },
      {
        "lineNumber": 8,
        "author": {
          "gitId": "JohnNub"
        },
        "content": ""
      },
      {
        "lineNumber": 9,
        "author": {
          "gitId": "JohnNub"
        },
        "content": "    public void setDescription(String description) {"
      },
      {
        "lineNumber": 10,
        "author": {
          "gitId": "JohnNub"
        },
        "content": "        this.description \u003d description;"
      },
      {
        "lineNumber": 11,
        "author": {
          "gitId": "JohnNub"
        },
        "content": "    }"
      },
      {
        "lineNumber": 12,
        "author": {
          "gitId": "JohnNub"
        },
        "content": ""
      },
      {
        "lineNumber": 13,
        "author": {
          "gitId": "JohnNub"
        },
        "content": "    public boolean isDone() {"
      },
      {
        "lineNumber": 14,
        "author": {
          "gitId": "JohnNub"
        },
        "content": "        return isDone;"
      },
      {
        "lineNumber": 15,
        "author": {
          "gitId": "JohnNub"
        },
        "content": "    }"
      },
      {
        "lineNumber": 16,
        "author": {
          "gitId": "JohnNub"
        },
        "content": ""
      },
      {
        "lineNumber": 17,
        "author": {
          "gitId": "JohnNub"
        },
        "content": "    public void setDone(boolean done) {"
      },
      {
        "lineNumber": 18,
        "author": {
          "gitId": "JohnNub"
        },
        "content": "        isDone \u003d done;"
      },
      {
        "lineNumber": 19,
        "author": {
          "gitId": "JohnNub"
        },
        "content": "    }"
      },
      {
        "lineNumber": 20,
        "author": {
          "gitId": "JohnNub"
        },
        "content": ""
      },
      {
        "lineNumber": 21,
        "author": {
          "gitId": "JohnNub"
        },
        "content": "    public Task(String description) {"
      },
      {
        "lineNumber": 22,
        "author": {
          "gitId": "JohnNub"
        },
        "content": "        this.description \u003d description;"
      },
      {
        "lineNumber": 23,
        "author": {
          "gitId": "JohnNub"
        },
        "content": "        isDone \u003d false;"
      },
      {
        "lineNumber": 24,
        "author": {
          "gitId": "JohnNub"
        },
        "content": "    }"
      },
      {
        "lineNumber": 25,
        "author": {
          "gitId": "JohnNub"
        },
        "content": ""
      },
      {
        "lineNumber": 26,
        "author": {
          "gitId": "JohnNub"
        },
        "content": "    public String getStatusIcon() {"
      },
      {
        "lineNumber": 27,
        "author": {
          "gitId": "JohnNub"
        },
        "content": "        return (isDone ? \"\\u2713\" : \"\\u2718\");"
      },
      {
        "lineNumber": 28,
        "author": {
          "gitId": "JohnNub"
        },
        "content": "    }"
      },
      {
        "lineNumber": 29,
        "author": {
          "gitId": "JohnNub"
        },
        "content": ""
      },
      {
        "lineNumber": 30,
        "author": {
          "gitId": "JohnNub"
        },
        "content": "    @Override"
      },
      {
        "lineNumber": 31,
        "author": {
          "gitId": "JohnNub"
        },
        "content": "    public String toString() {"
      },
      {
        "lineNumber": 32,
        "author": {
          "gitId": "JohnNub"
        },
        "content": "        return \"[\" + getStatusIcon() + \"] \" + description;"
      },
      {
        "lineNumber": 33,
        "author": {
          "gitId": "JohnNub"
        },
        "content": "    }"
      },
      {
        "lineNumber": 34,
        "author": {
          "gitId": "JohnNub"
        },
        "content": "}"
      }
    ],
    "authorContributionMap": {
      "JohnNub": 34
    }
  },
  {
    "path": "src/main/java/ToDo.java",
    "fileType": "java",
    "lines": [
      {
        "lineNumber": 1,
        "author": {
          "gitId": "JohnNub"
        },
        "content": "public class ToDo extends Task {"
      },
      {
        "lineNumber": 2,
        "author": {
          "gitId": "JohnNub"
        },
        "content": "    public ToDo(String s) {"
      },
      {
        "lineNumber": 3,
        "author": {
          "gitId": "JohnNub"
        },
        "content": "        super(s);"
      },
      {
        "lineNumber": 4,
        "author": {
          "gitId": "JohnNub"
        },
        "content": "    }"
      },
      {
        "lineNumber": 5,
        "author": {
          "gitId": "JohnNub"
        },
        "content": ""
      },
      {
        "lineNumber": 6,
        "author": {
          "gitId": "JohnNub"
        },
        "content": "    @Override"
      },
      {
        "lineNumber": 7,
        "author": {
          "gitId": "JohnNub"
        },
        "content": "    public String toString() {"
      },
      {
        "lineNumber": 8,
        "author": {
          "gitId": "JohnNub"
        },
        "content": "        return \"[T]\" + super.toString();"
      },
      {
        "lineNumber": 9,
        "author": {
          "gitId": "JohnNub"
        },
        "content": "    }"
      },
      {
        "lineNumber": 10,
        "author": {
          "gitId": "JohnNub"
        },
        "content": "}"
      }
    ],
    "authorContributionMap": {
      "JohnNub": 10
    }
  },
  {
    "path": "text-ui-test/input.txt",
    "fileType": "txt",
    "lines": [
      {
        "lineNumber": 1,
        "author": {
          "gitId": "JohnNub"
        },
        "content": "list"
      },
      {
        "lineNumber": 2,
        "author": {
          "gitId": "JohnNub"
        },
        "content": "deAdLine do homework /by next thursday"
      },
      {
        "lineNumber": 3,
        "author": {
          "gitId": "JohnNub"
        },
        "content": "event new atapon /at next Sat"
      },
      {
        "lineNumber": 4,
        "author": {
          "gitId": "JohnNub"
        },
        "content": "toDo your mom"
      },
      {
        "lineNumber": 5,
        "author": {
          "gitId": "JohnNub"
        },
        "content": "list"
      },
      {
        "lineNumber": 6,
        "author": {
          "gitId": "JohnNub"
        },
        "content": "done 0"
      },
      {
        "lineNumber": 7,
        "author": {
          "gitId": "JohnNub"
        },
        "content": "done 2"
      },
      {
        "lineNumber": 8,
        "author": {
          "gitId": "JohnNub"
        },
        "content": "list"
      },
      {
        "lineNumber": 9,
        "author": {
          "gitId": "JohnNub"
        },
        "content": "deadline submit report /by next MoN"
      },
      {
        "lineNumber": 10,
        "author": {
          "gitId": "JohnNub"
        },
        "content": "list"
      },
      {
        "lineNumber": 11,
        "author": {
          "gitId": "JohnNub"
        },
        "content": "done 4"
      },
      {
        "lineNumber": 12,
        "author": {
          "gitId": "JohnNub"
        },
        "content": "list"
      },
      {
        "lineNumber": 13,
        "author": {
          "gitId": "JohnNub"
        },
        "content": "bye"
      }
    ],
    "authorContributionMap": {
      "JohnNub": 13
    }
  },
  {
    "path": "text-ui-test/runtest.bat",
    "fileType": "bat",
    "lines": [
      {
        "lineNumber": 1,
        "author": {
          "gitId": "-"
        },
        "content": "@ECHO OFF"
      },
      {
        "lineNumber": 2,
        "author": {
          "gitId": "-"
        },
        "content": ""
      },
      {
        "lineNumber": 3,
        "author": {
          "gitId": "-"
        },
        "content": "REM create bin directory if it doesn\u0027t exist"
      },
      {
        "lineNumber": 4,
        "author": {
          "gitId": "-"
        },
        "content": "if not exist ..\\bin mkdir ..\\bin"
      },
      {
        "lineNumber": 5,
        "author": {
          "gitId": "-"
        },
        "content": ""
      },
      {
        "lineNumber": 6,
        "author": {
          "gitId": "-"
        },
        "content": "REM delete output from previous run"
      },
      {
        "lineNumber": 7,
        "author": {
          "gitId": "-"
        },
        "content": "del ACTUAL.TXT"
      },
      {
        "lineNumber": 8,
        "author": {
          "gitId": "-"
        },
        "content": ""
      },
      {
        "lineNumber": 9,
        "author": {
          "gitId": "-"
        },
        "content": "REM compile the code into the bin folder"
      },
      {
        "lineNumber": 10,
        "author": {
          "gitId": "JohnNub"
        },
        "content": "javac  -cp ..\\src -Xlint:none -d ..\\bin ..\\src\\main\\java\\*.java"
      },
      {
        "lineNumber": 11,
        "author": {
          "gitId": "-"
        },
        "content": "IF ERRORLEVEL 1 ("
      },
      {
        "lineNumber": 12,
        "author": {
          "gitId": "-"
        },
        "content": "    echo ********** BUILD FAILURE **********"
      },
      {
        "lineNumber": 13,
        "author": {
          "gitId": "-"
        },
        "content": "    exit /b 1"
      },
      {
        "lineNumber": 14,
        "author": {
          "gitId": "-"
        },
        "content": ")"
      },
      {
        "lineNumber": 15,
        "author": {
          "gitId": "-"
        },
        "content": "REM no error here, errorlevel \u003d\u003d 0"
      },
      {
        "lineNumber": 16,
        "author": {
          "gitId": "-"
        },
        "content": ""
      },
      {
        "lineNumber": 17,
        "author": {
          "gitId": "-"
        },
        "content": "REM run the program, feed commands from input.txt file and redirect the output to the ACTUAL.TXT"
      },
      {
        "lineNumber": 18,
        "author": {
          "gitId": "-"
        },
        "content": "java -classpath ..\\bin Duke \u003c input.txt \u003e ACTUAL.TXT"
      },
      {
        "lineNumber": 19,
        "author": {
          "gitId": "-"
        },
        "content": ""
      },
      {
        "lineNumber": 20,
        "author": {
          "gitId": "-"
        },
        "content": "REM compare the output to the expected output"
      },
      {
        "lineNumber": 21,
        "author": {
          "gitId": "-"
        },
        "content": "FC ACTUAL.TXT EXPECTED.TXT"
      }
    ],
    "authorContributionMap": {
      "JohnNub": 1,
      "-": 20
    }
  }
]
