{
  "authorDailyContributionsMap": {
    "JohnNub": [
      {
        "date": "2020-08-20",
        "commitResults": [
          {
            "hash": "f0ce3c1c575a7942012ad3607a05314ef1686ff5",
            "messageTitle": "Implement Level--0",
            "messageBody": "",
            "tags": [
              "Level-0"
            ],
            "fileTypesAndContributionMap": {
              "java": {
                "insertions": 6,
                "deletions": 0
              }
            }
          }
        ]
      },
      {
        "date": "2020-08-26",
        "commitResults": [
          {
            "hash": "59440503c7e105d314ce1bc4f31b104fe1378b60",
            "messageTitle": "Implement level-1",
            "messageBody": "",
            "tags": [
              "Level-1"
            ],
            "fileTypesAndContributionMap": {
              "java": {
                "insertions": 14,
                "deletions": 0
              }
            }
          },
          {
            "hash": "52258fb6517bf22d6fd20b458c6316726ba24a4c",
            "messageTitle": "Implement Level-2 Add class Task",
            "messageBody": "",
            "tags": [
              "Level-2"
            ],
            "fileTypesAndContributionMap": {
              "java": {
                "insertions": 49,
                "deletions": 5
              }
            }
          }
        ]
      },
      {
        "date": "2020-08-27",
        "commitResults": [
          {
            "hash": "8c5c1db41d80ef21a2449236a044cde5b4567fea",
            "messageTitle": "Implement Level-3",
            "messageBody": "Tidy up the main code with more helper functions to make it easy\nto read and manage.\nImplement automatic formatting for chatbot replies to ensure\nuniformity.\ntoString implemented in Task as a shortcut for printing.\n",
            "tags": [
              "Level-3",
              "A-CodingStandard"
            ],
            "fileTypesAndContributionMap": {
              "java": {
                "insertions": 53,
                "deletions": 14
              }
            }
          }
        ]
      },
      {
        "date": "2020-09-02",
        "commitResults": [
          {
            "hash": "ec1a593ce2245773b454f4958a13fddc2502de24",
            "messageTitle": "Implement Level-4",
            "messageBody": "Add ToDo, Deadline and Task classes.\n",
            "tags": [
              "Level-4",
              "A-Inheritance",
              "A-CodeQuality"
            ],
            "fileTypesAndContributionMap": {
              "java": {
                "insertions": 228,
                "deletions": 18
              }
            }
          },
          {
            "hash": "7f97a4b927205a31a038fff970e95f5c4374dc4d",
            "messageTitle": "Implement A-TextUiTesting",
            "messageBody": "",
            "tags": [
              "A-TextUiTesting"
            ],
            "fileTypesAndContributionMap": {
              "txt": {
                "insertions": 13,
                "deletions": 0
              },
              "java": {
                "insertions": 1,
                "deletions": 0
              },
              "bat": {
                "insertions": 1,
                "deletions": 1
              }
            }
          }
        ]
      },
      {
        "date": "2020-09-09",
        "commitResults": [
          {
            "hash": "971e67237cf2170fd9deeb45508b37f0454ade13",
            "messageTitle": "Refactor code to tidy the structure.",
            "messageBody": "",
            "fileTypesAndContributionMap": {
              "java": {
                "insertions": 65,
                "deletions": 51
              },
              "bat": {
                "insertions": 1,
                "deletions": 1
              }
            }
          },
          {
            "hash": "d79b33554150266af1ba687a9deada411c8c56ea",
            "messageTitle": "Add detailed exception handling for DukeException, IndexOutOfBoundsException and NumberFormatException in main",
            "messageBody": "",
            "tags": [
              "A-Exceptions"
            ],
            "fileTypesAndContributionMap": {
              "txt": {
                "insertions": 3,
                "deletions": 0
              },
              "java": {
                "insertions": 44,
                "deletions": 28
              }
            }
          },
          {
            "hash": "94779e4765a1f0da7c74bad34170777a409a682a",
            "messageTitle": "Refactor code into packages",
            "messageBody": "",
            "fileTypesAndContributionMap": {
              "java": {
                "insertions": 22,
                "deletions": 1
              },
              "bat": {
                "insertions": 2,
                "deletions": 2
              },
              "md": {
                "insertions": 2,
                "deletions": 24
              }
            }
          }
        ]
      },
      {
        "date": "2020-09-15",
        "commitResults": [
          {
            "hash": "e247bd51d84902f73e7dc27a8f39d803863512fe",
            "messageTitle": "Implement Level-6 Refactor code to address review comments Add delete command Add javadoc comments for Duke class",
            "messageBody": "",
            "tags": [
              "Level-6"
            ],
            "fileTypesAndContributionMap": {
              "java": {
                "insertions": 59,
                "deletions": 20
              }
            }
          }
        ]
      }
    ]
  },
  "authorFileTypeContributionMap": {
    "JohnNub": {
      "java": 407,
      "md": 2,
      "sh": 0,
      "bat": 2,
      "gradle": 0,
      "txt": 16
    }
  },
  "authorContributionVariance": {
    "JohnNub": 3893.633
  },
  "authorDisplayNameMap": {
    "JohnNub": "CS2113T-F14-1 JOHN..IANG"
  }
}
