[
  {
    "path": "src/main/java/Deadline.java",
    "fileType": "java",
    "lines": [
      {
        "lineNumber": 1,
        "author": {
          "gitId": "gohsonghan98"
        },
        "content": "public class Deadline extends Task {"
      },
      {
        "lineNumber": 2,
        "author": {
          "gitId": "gohsonghan98"
        },
        "content": "    public static final String TASK_SYMBOL \u003d \"D\";"
      },
      {
        "lineNumber": 3,
        "author": {
          "gitId": "gohsonghan98"
        },
        "content": "    public String by;"
      },
      {
        "lineNumber": 4,
        "author": {
          "gitId": "gohsonghan98"
        },
        "content": ""
      },
      {
        "lineNumber": 5,
        "author": {
          "gitId": "gohsonghan98"
        },
        "content": "    public Deadline(String taskEntry, String by) {"
      },
      {
        "lineNumber": 6,
        "author": {
          "gitId": "gohsonghan98"
        },
        "content": "        super(taskEntry);"
      },
      {
        "lineNumber": 7,
        "author": {
          "gitId": "gohsonghan98"
        },
        "content": "        this.by \u003d by;"
      },
      {
        "lineNumber": 8,
        "author": {
          "gitId": "gohsonghan98"
        },
        "content": "    }"
      },
      {
        "lineNumber": 9,
        "author": {
          "gitId": "gohsonghan98"
        },
        "content": ""
      },
      {
        "lineNumber": 10,
        "author": {
          "gitId": "gohsonghan98"
        },
        "content": "    @Override"
      },
      {
        "lineNumber": 11,
        "author": {
          "gitId": "gohsonghan98"
        },
        "content": "    public String getTaskSymbol() {"
      },
      {
        "lineNumber": 12,
        "author": {
          "gitId": "gohsonghan98"
        },
        "content": "        return TASK_SYMBOL;"
      },
      {
        "lineNumber": 13,
        "author": {
          "gitId": "gohsonghan98"
        },
        "content": "    }"
      },
      {
        "lineNumber": 14,
        "author": {
          "gitId": "gohsonghan98"
        },
        "content": ""
      },
      {
        "lineNumber": 15,
        "author": {
          "gitId": "gohsonghan98"
        },
        "content": "    @Override"
      },
      {
        "lineNumber": 16,
        "author": {
          "gitId": "gohsonghan98"
        },
        "content": "    public String toString() {"
      },
      {
        "lineNumber": 17,
        "author": {
          "gitId": "gohsonghan98"
        },
        "content": "        return super.toString() + \" (by: \" + by + \")\";"
      },
      {
        "lineNumber": 18,
        "author": {
          "gitId": "gohsonghan98"
        },
        "content": "    }"
      },
      {
        "lineNumber": 19,
        "author": {
          "gitId": "gohsonghan98"
        },
        "content": ""
      },
      {
        "lineNumber": 20,
        "author": {
          "gitId": "gohsonghan98"
        },
        "content": "    @Override"
      },
      {
        "lineNumber": 21,
        "author": {
          "gitId": "gohsonghan98"
        },
        "content": "    public String getDate() {"
      },
      {
        "lineNumber": 22,
        "author": {
          "gitId": "gohsonghan98"
        },
        "content": "        return by;"
      },
      {
        "lineNumber": 23,
        "author": {
          "gitId": "gohsonghan98"
        },
        "content": "    }"
      },
      {
        "lineNumber": 24,
        "author": {
          "gitId": "gohsonghan98"
        },
        "content": "}"
      }
    ],
    "authorContributionMap": {
      "gohsonghan98": 24
    }
  },
  {
    "path": "src/main/java/Duke.java",
    "fileType": "java",
    "lines": [
      {
        "lineNumber": 1,
        "author": {
          "gitId": "gohsonghan98"
        },
        "content": "import java.io.File;"
      },
      {
        "lineNumber": 2,
        "author": {
          "gitId": "gohsonghan98"
        },
        "content": "import java.io.FileNotFoundException;"
      },
      {
        "lineNumber": 3,
        "author": {
          "gitId": "gohsonghan98"
        },
        "content": "import java.util.Scanner;"
      },
      {
        "lineNumber": 4,
        "author": {
          "gitId": "gohsonghan98"
        },
        "content": "import java.io.FileWriter;"
      },
      {
        "lineNumber": 5,
        "author": {
          "gitId": "gohsonghan98"
        },
        "content": "import java.io.IOException;"
      },
      {
        "lineNumber": 6,
        "author": {
          "gitId": "gohsonghan98"
        },
        "content": "import java.util.ArrayList;"
      },
      {
        "lineNumber": 7,
        "author": {
          "gitId": "gohsonghan98"
        },
        "content": ""
      },
      {
        "lineNumber": 8,
        "author": {
          "gitId": "-"
        },
        "content": "public class Duke {"
      },
      {
        "lineNumber": 9,
        "author": {
          "gitId": "gohsonghan98"
        },
        "content": "    private static int taskCount;"
      },
      {
        "lineNumber": 10,
        "author": {
          "gitId": "gohsonghan98"
        },
        "content": "    private static ArrayList\u003cTask\u003e taskList \u003d new ArrayList\u003c\u003e();"
      },
      {
        "lineNumber": 11,
        "author": {
          "gitId": "gohsonghan98"
        },
        "content": "    private final static String FILE_PATH \u003d \"data/duke.txt\";"
      },
      {
        "lineNumber": 12,
        "author": {
          "gitId": "gohsonghan98"
        },
        "content": "    public static File f \u003d new File(FILE_PATH);"
      },
      {
        "lineNumber": 13,
        "author": {
          "gitId": "gohsonghan98"
        },
        "content": ""
      },
      {
        "lineNumber": 14,
        "author": {
          "gitId": "-"
        },
        "content": "    public static void main(String[] args) {"
      },
      {
        "lineNumber": 15,
        "author": {
          "gitId": "-"
        },
        "content": "        String logo \u003d \" ____        _        \\n\""
      },
      {
        "lineNumber": 16,
        "author": {
          "gitId": "-"
        },
        "content": "                + \"|  _ \\\\ _   _| | _____ \\n\""
      },
      {
        "lineNumber": 17,
        "author": {
          "gitId": "-"
        },
        "content": "                + \"| | | | | | | |/ / _ \\\\\\n\""
      },
      {
        "lineNumber": 18,
        "author": {
          "gitId": "-"
        },
        "content": "                + \"| |_| | |_| |   \u003c  __/\\n\""
      },
      {
        "lineNumber": 19,
        "author": {
          "gitId": "-"
        },
        "content": "                + \"|____/ \\\\__,_|_|\\\\_\\\\___|\\n\";"
      },
      {
        "lineNumber": 20,
        "author": {
          "gitId": "-"
        },
        "content": "        System.out.println(\"Hello from\\n\" + logo);"
      },
      {
        "lineNumber": 21,
        "author": {
          "gitId": "gohsonghan98"
        },
        "content": ""
      },
      {
        "lineNumber": 22,
        "author": {
          "gitId": "gohsonghan98"
        },
        "content": "        System.out.println(\"\\t____________________________________________________________\");"
      },
      {
        "lineNumber": 23,
        "author": {
          "gitId": "gohsonghan98"
        },
        "content": "        System.out.println(\"\\tHello! I\u0027m Duke\");"
      },
      {
        "lineNumber": 24,
        "author": {
          "gitId": "gohsonghan98"
        },
        "content": "        System.out.println(\"\\tWhat can I do for you?\");"
      },
      {
        "lineNumber": 25,
        "author": {
          "gitId": "gohsonghan98"
        },
        "content": "        System.out.println(\"\\t____________________________________________________________\");"
      },
      {
        "lineNumber": 26,
        "author": {
          "gitId": "gohsonghan98"
        },
        "content": "        //Load saved tasks from file"
      },
      {
        "lineNumber": 27,
        "author": {
          "gitId": "gohsonghan98"
        },
        "content": "        if (f.exists()) {"
      },
      {
        "lineNumber": 28,
        "author": {
          "gitId": "gohsonghan98"
        },
        "content": "            try {"
      },
      {
        "lineNumber": 29,
        "author": {
          "gitId": "gohsonghan98"
        },
        "content": "                loadProgress();"
      },
      {
        "lineNumber": 30,
        "author": {
          "gitId": "gohsonghan98"
        },
        "content": "            } catch (FileNotFoundException e) {"
      },
      {
        "lineNumber": 31,
        "author": {
          "gitId": "gohsonghan98"
        },
        "content": "                System.out.println(\"\\tFile not found!\");"
      },
      {
        "lineNumber": 32,
        "author": {
          "gitId": "gohsonghan98"
        },
        "content": "            }"
      },
      {
        "lineNumber": 33,
        "author": {
          "gitId": "gohsonghan98"
        },
        "content": "        } else {"
      },
      {
        "lineNumber": 34,
        "author": {
          "gitId": "gohsonghan98"
        },
        "content": "            try {"
      },
      {
        "lineNumber": 35,
        "author": {
          "gitId": "gohsonghan98"
        },
        "content": "                f.createNewFile();"
      },
      {
        "lineNumber": 36,
        "author": {
          "gitId": "gohsonghan98"
        },
        "content": "            } catch (IOException e) {"
      },
      {
        "lineNumber": 37,
        "author": {
          "gitId": "gohsonghan98"
        },
        "content": "                System.out.println(\"\\tFile not created\");"
      },
      {
        "lineNumber": 38,
        "author": {
          "gitId": "gohsonghan98"
        },
        "content": "            }"
      },
      {
        "lineNumber": 39,
        "author": {
          "gitId": "gohsonghan98"
        },
        "content": "        }"
      },
      {
        "lineNumber": 40,
        "author": {
          "gitId": "gohsonghan98"
        },
        "content": ""
      },
      {
        "lineNumber": 41,
        "author": {
          "gitId": "gohsonghan98"
        },
        "content": "        Duke.executeCommand();"
      },
      {
        "lineNumber": 42,
        "author": {
          "gitId": "gohsonghan98"
        },
        "content": ""
      },
      {
        "lineNumber": 43,
        "author": {
          "gitId": "gohsonghan98"
        },
        "content": "        //Save taskList to file"
      },
      {
        "lineNumber": 44,
        "author": {
          "gitId": "gohsonghan98"
        },
        "content": "        try {"
      },
      {
        "lineNumber": 45,
        "author": {
          "gitId": "gohsonghan98"
        },
        "content": "            writeToFile(FILE_PATH);"
      },
      {
        "lineNumber": 46,
        "author": {
          "gitId": "gohsonghan98"
        },
        "content": "        } catch (IOException e) {"
      },
      {
        "lineNumber": 47,
        "author": {
          "gitId": "gohsonghan98"
        },
        "content": "            System.out.println(\"\\tError saving tasks!\");"
      },
      {
        "lineNumber": 48,
        "author": {
          "gitId": "gohsonghan98"
        },
        "content": "        }"
      },
      {
        "lineNumber": 49,
        "author": {
          "gitId": "gohsonghan98"
        },
        "content": "    }"
      },
      {
        "lineNumber": 50,
        "author": {
          "gitId": "gohsonghan98"
        },
        "content": ""
      },
      {
        "lineNumber": 51,
        "author": {
          "gitId": "gohsonghan98"
        },
        "content": "    // Recognise command passed to Duke"
      },
      {
        "lineNumber": 52,
        "author": {
          "gitId": "gohsonghan98"
        },
        "content": "    public static void executeCommand() {"
      },
      {
        "lineNumber": 53,
        "author": {
          "gitId": "gohsonghan98"
        },
        "content": "        // Execute different response for different types of command"
      },
      {
        "lineNumber": 54,
        "author": {
          "gitId": "gohsonghan98"
        },
        "content": "        String line;"
      },
      {
        "lineNumber": 55,
        "author": {
          "gitId": "gohsonghan98"
        },
        "content": "        Scanner in \u003d new Scanner(System.in);"
      },
      {
        "lineNumber": 56,
        "author": {
          "gitId": "gohsonghan98"
        },
        "content": "        int taskNumber;"
      },
      {
        "lineNumber": 57,
        "author": {
          "gitId": "gohsonghan98"
        },
        "content": "        while (true) {"
      },
      {
        "lineNumber": 58,
        "author": {
          "gitId": "gohsonghan98"
        },
        "content": "            line \u003d in.nextLine();"
      },
      {
        "lineNumber": 59,
        "author": {
          "gitId": "gohsonghan98"
        },
        "content": "            if (line.equalsIgnoreCase(\"bye\")) {"
      },
      {
        "lineNumber": 60,
        "author": {
          "gitId": "gohsonghan98"
        },
        "content": "                break;"
      },
      {
        "lineNumber": 61,
        "author": {
          "gitId": "gohsonghan98"
        },
        "content": "            }"
      },
      {
        "lineNumber": 62,
        "author": {
          "gitId": "gohsonghan98"
        },
        "content": "            if (line.equalsIgnoreCase(\"list\")) {"
      },
      {
        "lineNumber": 63,
        "author": {
          "gitId": "gohsonghan98"
        },
        "content": "                displayList();"
      },
      {
        "lineNumber": 64,
        "author": {
          "gitId": "gohsonghan98"
        },
        "content": "                continue;"
      },
      {
        "lineNumber": 65,
        "author": {
          "gitId": "gohsonghan98"
        },
        "content": "            }"
      },
      {
        "lineNumber": 66,
        "author": {
          "gitId": "gohsonghan98"
        },
        "content": "            if (line.contains(\"done\")) {"
      },
      {
        "lineNumber": 67,
        "author": {
          "gitId": "gohsonghan98"
        },
        "content": "                taskNumber \u003d Integer.parseInt(line.replaceAll(\"[^\\\\d]\", \" \").trim()) - 1;"
      },
      {
        "lineNumber": 68,
        "author": {
          "gitId": "gohsonghan98"
        },
        "content": "                try {"
      },
      {
        "lineNumber": 69,
        "author": {
          "gitId": "gohsonghan98"
        },
        "content": "                    taskList.get(taskNumber).setDone();"
      },
      {
        "lineNumber": 70,
        "author": {
          "gitId": "gohsonghan98"
        },
        "content": "                } catch (IndexOutOfBoundsException e) {"
      },
      {
        "lineNumber": 71,
        "author": {
          "gitId": "gohsonghan98"
        },
        "content": "                    System.out.println(\"\\t ☹ OOPS!!! I\u0027m sorry, but there is no task in that entry :-()\");"
      },
      {
        "lineNumber": 72,
        "author": {
          "gitId": "gohsonghan98"
        },
        "content": "                }"
      },
      {
        "lineNumber": 73,
        "author": {
          "gitId": "gohsonghan98"
        },
        "content": "                continue;"
      },
      {
        "lineNumber": 74,
        "author": {
          "gitId": "gohsonghan98"
        },
        "content": "            }"
      },
      {
        "lineNumber": 75,
        "author": {
          "gitId": "gohsonghan98"
        },
        "content": "            if (line.contains(\"delete\")) {"
      },
      {
        "lineNumber": 76,
        "author": {
          "gitId": "gohsonghan98"
        },
        "content": "                try {"
      },
      {
        "lineNumber": 77,
        "author": {
          "gitId": "gohsonghan98"
        },
        "content": "                    taskNumber \u003d Integer.parseInt(line.replaceAll(\"[^\\\\d]\", \" \").trim()) - 1;"
      },
      {
        "lineNumber": 78,
        "author": {
          "gitId": "gohsonghan98"
        },
        "content": "                    Task taskRemoved \u003d taskList.get(taskNumber);"
      },
      {
        "lineNumber": 79,
        "author": {
          "gitId": "gohsonghan98"
        },
        "content": "                    taskList.remove(taskNumber);"
      },
      {
        "lineNumber": 80,
        "author": {
          "gitId": "gohsonghan98"
        },
        "content": "                    System.out.println(\"\\t Noted. I\u0027ve removed this task:\");"
      },
      {
        "lineNumber": 81,
        "author": {
          "gitId": "gohsonghan98"
        },
        "content": "                    System.out.println(\"\\t\\t\" + \"[\" + taskRemoved.getTaskSymbol() + \"]\" + \"[\" +"
      },
      {
        "lineNumber": 82,
        "author": {
          "gitId": "gohsonghan98"
        },
        "content": "                            taskRemoved.getStatusIcon() + \"]\" + \" \" + taskRemoved);"
      },
      {
        "lineNumber": 83,
        "author": {
          "gitId": "gohsonghan98"
        },
        "content": ""
      },
      {
        "lineNumber": 84,
        "author": {
          "gitId": "gohsonghan98"
        },
        "content": "                } catch (IndexOutOfBoundsException e) {"
      },
      {
        "lineNumber": 85,
        "author": {
          "gitId": "gohsonghan98"
        },
        "content": "                    System.out.println(\"\\t ☹ OOPS!!! I\u0027m sorry, but there is no task in that entry :-()\");"
      },
      {
        "lineNumber": 86,
        "author": {
          "gitId": "gohsonghan98"
        },
        "content": "                }"
      },
      {
        "lineNumber": 87,
        "author": {
          "gitId": "gohsonghan98"
        },
        "content": "                continue;"
      },
      {
        "lineNumber": 88,
        "author": {
          "gitId": "gohsonghan98"
        },
        "content": "            }"
      },
      {
        "lineNumber": 89,
        "author": {
          "gitId": "gohsonghan98"
        },
        "content": "            try {"
      },
      {
        "lineNumber": 90,
        "author": {
          "gitId": "gohsonghan98"
        },
        "content": "                storeText(line);"
      },
      {
        "lineNumber": 91,
        "author": {
          "gitId": "gohsonghan98"
        },
        "content": "            } catch (DukeException e) {"
      },
      {
        "lineNumber": 92,
        "author": {
          "gitId": "gohsonghan98"
        },
        "content": "                System.out.println(\"\\t ☹ OOPS!!! I\u0027m sorry, but I don\u0027t know what that means :-()\");"
      },
      {
        "lineNumber": 93,
        "author": {
          "gitId": "gohsonghan98"
        },
        "content": "            } catch (StringIndexOutOfBoundsException e) {"
      },
      {
        "lineNumber": 94,
        "author": {
          "gitId": "gohsonghan98"
        },
        "content": "                if (line.startsWith(\"deadline\")) {"
      },
      {
        "lineNumber": 95,
        "author": {
          "gitId": "gohsonghan98"
        },
        "content": "                    System.out.println(\"\\t ☹ OOPS!!! The description of a deadline cannot be empty.\");"
      },
      {
        "lineNumber": 96,
        "author": {
          "gitId": "gohsonghan98"
        },
        "content": "                } else if (line.startsWith(\"event\")) {"
      },
      {
        "lineNumber": 97,
        "author": {
          "gitId": "gohsonghan98"
        },
        "content": "                    System.out.println(\"\\t ☹ OOPS!!! The description of a event cannot be empty.\");"
      },
      {
        "lineNumber": 98,
        "author": {
          "gitId": "gohsonghan98"
        },
        "content": "                } else if (line.startsWith(\"todo\")) {"
      },
      {
        "lineNumber": 99,
        "author": {
          "gitId": "gohsonghan98"
        },
        "content": "                    System.out.println(\"\\t ☹ OOPS!!! The description of a todo cannot be empty.\");"
      },
      {
        "lineNumber": 100,
        "author": {
          "gitId": "gohsonghan98"
        },
        "content": "                }"
      },
      {
        "lineNumber": 101,
        "author": {
          "gitId": "gohsonghan98"
        },
        "content": "            }"
      },
      {
        "lineNumber": 102,
        "author": {
          "gitId": "gohsonghan98"
        },
        "content": "        }"
      },
      {
        "lineNumber": 103,
        "author": {
          "gitId": "gohsonghan98"
        },
        "content": ""
      },
      {
        "lineNumber": 104,
        "author": {
          "gitId": "gohsonghan98"
        },
        "content": "        System.out.println(\"\\t____________________________________________________________\");"
      },
      {
        "lineNumber": 105,
        "author": {
          "gitId": "gohsonghan98"
        },
        "content": "        System.out.println(\"\\t Bye. Hope to see you again soon!\");"
      },
      {
        "lineNumber": 106,
        "author": {
          "gitId": "gohsonghan98"
        },
        "content": "        System.out.println(\"\\t____________________________________________________________\");"
      },
      {
        "lineNumber": 107,
        "author": {
          "gitId": "gohsonghan98"
        },
        "content": "    }"
      },
      {
        "lineNumber": 108,
        "author": {
          "gitId": "gohsonghan98"
        },
        "content": ""
      },
      {
        "lineNumber": 109,
        "author": {
          "gitId": "gohsonghan98"
        },
        "content": "    public static void storeText(String text) throws DukeException {"
      },
      {
        "lineNumber": 110,
        "author": {
          "gitId": "gohsonghan98"
        },
        "content": "        String task;"
      },
      {
        "lineNumber": 111,
        "author": {
          "gitId": "gohsonghan98"
        },
        "content": "        String at;"
      },
      {
        "lineNumber": 112,
        "author": {
          "gitId": "gohsonghan98"
        },
        "content": "        String by;"
      },
      {
        "lineNumber": 113,
        "author": {
          "gitId": "gohsonghan98"
        },
        "content": ""
      },
      {
        "lineNumber": 114,
        "author": {
          "gitId": "gohsonghan98"
        },
        "content": "        //Assign deadline task"
      },
      {
        "lineNumber": 115,
        "author": {
          "gitId": "gohsonghan98"
        },
        "content": "        if (text.startsWith(\"deadline\")) {"
      },
      {
        "lineNumber": 116,
        "author": {
          "gitId": "gohsonghan98"
        },
        "content": "            task \u003d text.substring(9, text.indexOf(\" \\\\by\"));"
      },
      {
        "lineNumber": 117,
        "author": {
          "gitId": "gohsonghan98"
        },
        "content": "            by \u003d text.substring(text.indexOf(\"\\\\by\") + 4, text.length());"
      },
      {
        "lineNumber": 118,
        "author": {
          "gitId": "gohsonghan98"
        },
        "content": "            taskList.add(new Deadline(task, by));"
      },
      {
        "lineNumber": 119,
        "author": {
          "gitId": "gohsonghan98"
        },
        "content": "            printTaskAssignment(taskList.size() - 1);"
      },
      {
        "lineNumber": 120,
        "author": {
          "gitId": "gohsonghan98"
        },
        "content": ""
      },
      {
        "lineNumber": 121,
        "author": {
          "gitId": "gohsonghan98"
        },
        "content": "        } else if (text.startsWith(\"event\")) {"
      },
      {
        "lineNumber": 122,
        "author": {
          "gitId": "gohsonghan98"
        },
        "content": "            //Assign event task"
      },
      {
        "lineNumber": 123,
        "author": {
          "gitId": "gohsonghan98"
        },
        "content": "            task \u003d text.substring(6, text.indexOf(\" \\\\at\"));"
      },
      {
        "lineNumber": 124,
        "author": {
          "gitId": "gohsonghan98"
        },
        "content": "            at \u003d text.substring(text.indexOf(\"\\\\at\") + 4, text.length());"
      },
      {
        "lineNumber": 125,
        "author": {
          "gitId": "gohsonghan98"
        },
        "content": "            taskList.add(new Event(task, at));"
      },
      {
        "lineNumber": 126,
        "author": {
          "gitId": "gohsonghan98"
        },
        "content": "            printTaskAssignment(taskList.size() - 1);"
      },
      {
        "lineNumber": 127,
        "author": {
          "gitId": "gohsonghan98"
        },
        "content": ""
      },
      {
        "lineNumber": 128,
        "author": {
          "gitId": "gohsonghan98"
        },
        "content": "        } else if (text.startsWith(\"todo\")) {"
      },
      {
        "lineNumber": 129,
        "author": {
          "gitId": "gohsonghan98"
        },
        "content": "            //Assign todos task"
      },
      {
        "lineNumber": 130,
        "author": {
          "gitId": "gohsonghan98"
        },
        "content": "            task \u003d text.replace(\"todo\", \"\");"
      },
      {
        "lineNumber": 131,
        "author": {
          "gitId": "gohsonghan98"
        },
        "content": "            if (task.length() \u003c 1) {"
      },
      {
        "lineNumber": 132,
        "author": {
          "gitId": "gohsonghan98"
        },
        "content": "                throw new StringIndexOutOfBoundsException();"
      },
      {
        "lineNumber": 133,
        "author": {
          "gitId": "gohsonghan98"
        },
        "content": "            }"
      },
      {
        "lineNumber": 134,
        "author": {
          "gitId": "gohsonghan98"
        },
        "content": "            taskList.add(new Todo(task));"
      },
      {
        "lineNumber": 135,
        "author": {
          "gitId": "gohsonghan98"
        },
        "content": "            printTaskAssignment(taskList.size() - 1);"
      },
      {
        "lineNumber": 136,
        "author": {
          "gitId": "gohsonghan98"
        },
        "content": ""
      },
      {
        "lineNumber": 137,
        "author": {
          "gitId": "gohsonghan98"
        },
        "content": "        } else {"
      },
      {
        "lineNumber": 138,
        "author": {
          "gitId": "gohsonghan98"
        },
        "content": "            throw new DukeException();"
      },
      {
        "lineNumber": 139,
        "author": {
          "gitId": "gohsonghan98"
        },
        "content": "        }"
      },
      {
        "lineNumber": 140,
        "author": {
          "gitId": "-"
        },
        "content": "    }"
      },
      {
        "lineNumber": 141,
        "author": {
          "gitId": "gohsonghan98"
        },
        "content": ""
      },
      {
        "lineNumber": 142,
        "author": {
          "gitId": "gohsonghan98"
        },
        "content": "    public static void displayList() {"
      },
      {
        "lineNumber": 143,
        "author": {
          "gitId": "gohsonghan98"
        },
        "content": "        int index \u003d 1;"
      },
      {
        "lineNumber": 144,
        "author": {
          "gitId": "gohsonghan98"
        },
        "content": "        System.out.println(\"\\t____________________________________________________________\");"
      },
      {
        "lineNumber": 145,
        "author": {
          "gitId": "gohsonghan98"
        },
        "content": "        System.out.println(\"\\t Here are the tasks in your list:\");"
      },
      {
        "lineNumber": 146,
        "author": {
          "gitId": "gohsonghan98"
        },
        "content": "        for (Task listTask : taskList) {"
      },
      {
        "lineNumber": 147,
        "author": {
          "gitId": "gohsonghan98"
        },
        "content": "            if (listTask \u003d\u003d null) {"
      },
      {
        "lineNumber": 148,
        "author": {
          "gitId": "gohsonghan98"
        },
        "content": "                break;"
      },
      {
        "lineNumber": 149,
        "author": {
          "gitId": "gohsonghan98"
        },
        "content": "            }"
      },
      {
        "lineNumber": 150,
        "author": {
          "gitId": "gohsonghan98"
        },
        "content": "            System.out.println(\"\\t \" + index + \".\" + \"[\" + listTask.getTaskSymbol() + \"]\" + \"[\""
      },
      {
        "lineNumber": 151,
        "author": {
          "gitId": "gohsonghan98"
        },
        "content": "                    + listTask.getStatusIcon() + \"] \" + listTask);"
      },
      {
        "lineNumber": 152,
        "author": {
          "gitId": "gohsonghan98"
        },
        "content": "            index++;"
      },
      {
        "lineNumber": 153,
        "author": {
          "gitId": "gohsonghan98"
        },
        "content": "        }"
      },
      {
        "lineNumber": 154,
        "author": {
          "gitId": "gohsonghan98"
        },
        "content": "        System.out.println(\"\\t____________________________________________________________\");"
      },
      {
        "lineNumber": 155,
        "author": {
          "gitId": "gohsonghan98"
        },
        "content": "    }"
      },
      {
        "lineNumber": 156,
        "author": {
          "gitId": "gohsonghan98"
        },
        "content": ""
      },
      {
        "lineNumber": 157,
        "author": {
          "gitId": "gohsonghan98"
        },
        "content": "    public static void printTaskAssignment(int index) {"
      },
      {
        "lineNumber": 158,
        "author": {
          "gitId": "gohsonghan98"
        },
        "content": "        int taskIndex \u003d index + 1;"
      },
      {
        "lineNumber": 159,
        "author": {
          "gitId": "gohsonghan98"
        },
        "content": "        System.out.println(\"\\t____________________________________________________________\");"
      },
      {
        "lineNumber": 160,
        "author": {
          "gitId": "gohsonghan98"
        },
        "content": "        System.out.println(\"\\t Got it. I\u0027ve added this task:\");"
      },
      {
        "lineNumber": 161,
        "author": {
          "gitId": "gohsonghan98"
        },
        "content": "        System.out.println(\"\\t\\t\" + \"[\" + taskList.get(index).getTaskSymbol() + \"]\" + \"[\" +"
      },
      {
        "lineNumber": 162,
        "author": {
          "gitId": "gohsonghan98"
        },
        "content": "                taskList.get(index).getStatusIcon() + \"]\" + \" \" + taskList.get(index));"
      },
      {
        "lineNumber": 163,
        "author": {
          "gitId": "gohsonghan98"
        },
        "content": "        System.out.println(\"\\t Now you have \" + taskIndex + \" tasks in the list.\");"
      },
      {
        "lineNumber": 164,
        "author": {
          "gitId": "gohsonghan98"
        },
        "content": "        System.out.println(\"\\t____________________________________________________________\");"
      },
      {
        "lineNumber": 165,
        "author": {
          "gitId": "gohsonghan98"
        },
        "content": "    }"
      },
      {
        "lineNumber": 166,
        "author": {
          "gitId": "gohsonghan98"
        },
        "content": ""
      },
      {
        "lineNumber": 167,
        "author": {
          "gitId": "gohsonghan98"
        },
        "content": "/*    private static void printFileContents(String filePath) throws FileNotFoundException {"
      },
      {
        "lineNumber": 168,
        "author": {
          "gitId": "gohsonghan98"
        },
        "content": "        File f \u003d new File(FILE_PATH);"
      },
      {
        "lineNumber": 169,
        "author": {
          "gitId": "gohsonghan98"
        },
        "content": "        Scanner s \u003d new Scanner(f);"
      },
      {
        "lineNumber": 170,
        "author": {
          "gitId": "gohsonghan98"
        },
        "content": "        while (s.hasNext()) {"
      },
      {
        "lineNumber": 171,
        "author": {
          "gitId": "gohsonghan98"
        },
        "content": "            System.out.println(s.nextLine());"
      },
      {
        "lineNumber": 172,
        "author": {
          "gitId": "gohsonghan98"
        },
        "content": "        }"
      },
      {
        "lineNumber": 173,
        "author": {
          "gitId": "gohsonghan98"
        },
        "content": "    }*/"
      },
      {
        "lineNumber": 174,
        "author": {
          "gitId": "gohsonghan98"
        },
        "content": ""
      },
      {
        "lineNumber": 175,
        "author": {
          "gitId": "gohsonghan98"
        },
        "content": "    public static void loadProgress() throws FileNotFoundException {"
      },
      {
        "lineNumber": 176,
        "author": {
          "gitId": "gohsonghan98"
        },
        "content": "        //File contains something"
      },
      {
        "lineNumber": 177,
        "author": {
          "gitId": "gohsonghan98"
        },
        "content": "        String textInput;"
      },
      {
        "lineNumber": 178,
        "author": {
          "gitId": "gohsonghan98"
        },
        "content": "        Scanner s \u003d new Scanner(f);"
      },
      {
        "lineNumber": 179,
        "author": {
          "gitId": "gohsonghan98"
        },
        "content": "        String[] taskArray \u003d new String[4];"
      },
      {
        "lineNumber": 180,
        "author": {
          "gitId": "gohsonghan98"
        },
        "content": "        //Format of text: T | 1 | read book"
      },
      {
        "lineNumber": 181,
        "author": {
          "gitId": "gohsonghan98"
        },
        "content": "        while (s.hasNext()) {"
      },
      {
        "lineNumber": 182,
        "author": {
          "gitId": "gohsonghan98"
        },
        "content": "            textInput \u003d s.nextLine();"
      },
      {
        "lineNumber": 183,
        "author": {
          "gitId": "gohsonghan98"
        },
        "content": "            taskArray \u003d textInput.split(\" \\\\| \");"
      },
      {
        "lineNumber": 184,
        "author": {
          "gitId": "gohsonghan98"
        },
        "content": "            if (taskArray[0].equalsIgnoreCase(\"T\")) {"
      },
      {
        "lineNumber": 185,
        "author": {
          "gitId": "gohsonghan98"
        },
        "content": "                //Create Todo task"
      },
      {
        "lineNumber": 186,
        "author": {
          "gitId": "gohsonghan98"
        },
        "content": "                taskList.add(new Todo(taskArray[2]));"
      },
      {
        "lineNumber": 187,
        "author": {
          "gitId": "gohsonghan98"
        },
        "content": "                taskList.get(taskCount).setLoadStatus(taskArray[1]);"
      },
      {
        "lineNumber": 188,
        "author": {
          "gitId": "gohsonghan98"
        },
        "content": "                taskCount++;"
      },
      {
        "lineNumber": 189,
        "author": {
          "gitId": "gohsonghan98"
        },
        "content": "            }"
      },
      {
        "lineNumber": 190,
        "author": {
          "gitId": "gohsonghan98"
        },
        "content": "            if (taskArray[0].equalsIgnoreCase(\"D\")) {"
      },
      {
        "lineNumber": 191,
        "author": {
          "gitId": "gohsonghan98"
        },
        "content": "                //Create Deadline Task"
      },
      {
        "lineNumber": 192,
        "author": {
          "gitId": "gohsonghan98"
        },
        "content": "                taskList.add(new Deadline(taskArray[2], taskArray[3]));"
      },
      {
        "lineNumber": 193,
        "author": {
          "gitId": "gohsonghan98"
        },
        "content": "                taskList.get(taskCount).setLoadStatus(taskArray[1]);"
      },
      {
        "lineNumber": 194,
        "author": {
          "gitId": "gohsonghan98"
        },
        "content": "                taskCount++;"
      },
      {
        "lineNumber": 195,
        "author": {
          "gitId": "gohsonghan98"
        },
        "content": "            }"
      },
      {
        "lineNumber": 196,
        "author": {
          "gitId": "gohsonghan98"
        },
        "content": "            if (taskArray[0].equalsIgnoreCase(\"E\")) {"
      },
      {
        "lineNumber": 197,
        "author": {
          "gitId": "gohsonghan98"
        },
        "content": "                //Create Event Task"
      },
      {
        "lineNumber": 198,
        "author": {
          "gitId": "gohsonghan98"
        },
        "content": "                taskList.add(new Event(taskArray[2], taskArray[3]));"
      },
      {
        "lineNumber": 199,
        "author": {
          "gitId": "gohsonghan98"
        },
        "content": "                taskList.get(taskCount).setLoadStatus(taskArray[1]);"
      },
      {
        "lineNumber": 200,
        "author": {
          "gitId": "gohsonghan98"
        },
        "content": "                taskCount++;"
      },
      {
        "lineNumber": 201,
        "author": {
          "gitId": "gohsonghan98"
        },
        "content": "            }"
      },
      {
        "lineNumber": 202,
        "author": {
          "gitId": "gohsonghan98"
        },
        "content": "        }"
      },
      {
        "lineNumber": 203,
        "author": {
          "gitId": "gohsonghan98"
        },
        "content": "    }"
      },
      {
        "lineNumber": 204,
        "author": {
          "gitId": "gohsonghan98"
        },
        "content": ""
      },
      {
        "lineNumber": 205,
        "author": {
          "gitId": "gohsonghan98"
        },
        "content": "    private static void writeToFile(String filePath) throws IOException {"
      },
      {
        "lineNumber": 206,
        "author": {
          "gitId": "gohsonghan98"
        },
        "content": "        FileWriter fw \u003d new FileWriter(filePath);"
      },
      {
        "lineNumber": 207,
        "author": {
          "gitId": "gohsonghan98"
        },
        "content": "        Task a;"
      },
      {
        "lineNumber": 208,
        "author": {
          "gitId": "gohsonghan98"
        },
        "content": "        for (int i \u003d 0; i \u003c taskList.size(); i++) {"
      },
      {
        "lineNumber": 209,
        "author": {
          "gitId": "gohsonghan98"
        },
        "content": "            a \u003d taskList.get(i);"
      },
      {
        "lineNumber": 210,
        "author": {
          "gitId": "gohsonghan98"
        },
        "content": "            if (a.getTaskSymbol().equals(\"T\")) {"
      },
      {
        "lineNumber": 211,
        "author": {
          "gitId": "gohsonghan98"
        },
        "content": "                fw.write(a.getTaskSymbol() + \" | \" + a.getStatusNumber() + \" | \" + a.toString());"
      },
      {
        "lineNumber": 212,
        "author": {
          "gitId": "gohsonghan98"
        },
        "content": "                fw.write(\"\\n\");"
      },
      {
        "lineNumber": 213,
        "author": {
          "gitId": "gohsonghan98"
        },
        "content": "            }"
      },
      {
        "lineNumber": 214,
        "author": {
          "gitId": "gohsonghan98"
        },
        "content": "            if (a.getTaskSymbol().equals(\"D\")) {"
      },
      {
        "lineNumber": 215,
        "author": {
          "gitId": "gohsonghan98"
        },
        "content": "                fw.write(a.getTaskSymbol() + \" | \" + a.getStatusNumber() + \" | \" + a.toString() + \" | \" +"
      },
      {
        "lineNumber": 216,
        "author": {
          "gitId": "gohsonghan98"
        },
        "content": "                        a.getDate());"
      },
      {
        "lineNumber": 217,
        "author": {
          "gitId": "gohsonghan98"
        },
        "content": "                fw.write(\"\\n\");"
      },
      {
        "lineNumber": 218,
        "author": {
          "gitId": "gohsonghan98"
        },
        "content": "            }"
      },
      {
        "lineNumber": 219,
        "author": {
          "gitId": "gohsonghan98"
        },
        "content": "            if (a.getTaskSymbol().equals(\"E\")) {"
      },
      {
        "lineNumber": 220,
        "author": {
          "gitId": "gohsonghan98"
        },
        "content": "                fw.write(a.getTaskSymbol() + \" | \" + a.getStatusNumber() + \" | \" + a.toString() + \" | \" +"
      },
      {
        "lineNumber": 221,
        "author": {
          "gitId": "gohsonghan98"
        },
        "content": "                        a.getDate());"
      },
      {
        "lineNumber": 222,
        "author": {
          "gitId": "gohsonghan98"
        },
        "content": "                fw.write(\"\\n\");"
      },
      {
        "lineNumber": 223,
        "author": {
          "gitId": "gohsonghan98"
        },
        "content": "            }"
      },
      {
        "lineNumber": 224,
        "author": {
          "gitId": "gohsonghan98"
        },
        "content": "        }"
      },
      {
        "lineNumber": 225,
        "author": {
          "gitId": "gohsonghan98"
        },
        "content": "        fw.close();"
      },
      {
        "lineNumber": 226,
        "author": {
          "gitId": "-"
        },
        "content": "    }"
      },
      {
        "lineNumber": 227,
        "author": {
          "gitId": "-"
        },
        "content": "}"
      }
    ],
    "authorContributionMap": {
      "-": 11,
      "gohsonghan98": 216
    }
  },
  {
    "path": "src/main/java/DukeException.java",
    "fileType": "java",
    "lines": [
      {
        "lineNumber": 1,
        "author": {
          "gitId": "gohsonghan98"
        },
        "content": "public class DukeException extends Exception{"
      },
      {
        "lineNumber": 2,
        "author": {
          "gitId": "gohsonghan98"
        },
        "content": "}"
      }
    ],
    "authorContributionMap": {
      "gohsonghan98": 2
    }
  },
  {
    "path": "src/main/java/Event.java",
    "fileType": "java",
    "lines": [
      {
        "lineNumber": 1,
        "author": {
          "gitId": "gohsonghan98"
        },
        "content": "public class Event extends Task {"
      },
      {
        "lineNumber": 2,
        "author": {
          "gitId": "gohsonghan98"
        },
        "content": "    public static final String TASK_SYMBOL \u003d \"E\";"
      },
      {
        "lineNumber": 3,
        "author": {
          "gitId": "gohsonghan98"
        },
        "content": "    public String at;"
      },
      {
        "lineNumber": 4,
        "author": {
          "gitId": "gohsonghan98"
        },
        "content": ""
      },
      {
        "lineNumber": 5,
        "author": {
          "gitId": "gohsonghan98"
        },
        "content": "    public Event(String taskEntry, String at) {"
      },
      {
        "lineNumber": 6,
        "author": {
          "gitId": "gohsonghan98"
        },
        "content": "        super(taskEntry);"
      },
      {
        "lineNumber": 7,
        "author": {
          "gitId": "gohsonghan98"
        },
        "content": "        this.at \u003d at;"
      },
      {
        "lineNumber": 8,
        "author": {
          "gitId": "gohsonghan98"
        },
        "content": "    }"
      },
      {
        "lineNumber": 9,
        "author": {
          "gitId": "gohsonghan98"
        },
        "content": ""
      },
      {
        "lineNumber": 10,
        "author": {
          "gitId": "gohsonghan98"
        },
        "content": "    @Override"
      },
      {
        "lineNumber": 11,
        "author": {
          "gitId": "gohsonghan98"
        },
        "content": "    public String getTaskSymbol() {"
      },
      {
        "lineNumber": 12,
        "author": {
          "gitId": "gohsonghan98"
        },
        "content": "        return TASK_SYMBOL;"
      },
      {
        "lineNumber": 13,
        "author": {
          "gitId": "gohsonghan98"
        },
        "content": "    }"
      },
      {
        "lineNumber": 14,
        "author": {
          "gitId": "gohsonghan98"
        },
        "content": ""
      },
      {
        "lineNumber": 15,
        "author": {
          "gitId": "gohsonghan98"
        },
        "content": "    @Override"
      },
      {
        "lineNumber": 16,
        "author": {
          "gitId": "gohsonghan98"
        },
        "content": "    public String toString() {"
      },
      {
        "lineNumber": 17,
        "author": {
          "gitId": "gohsonghan98"
        },
        "content": "        return super.toString() + \" (at: \" + at + \")\";"
      },
      {
        "lineNumber": 18,
        "author": {
          "gitId": "gohsonghan98"
        },
        "content": "    }"
      },
      {
        "lineNumber": 19,
        "author": {
          "gitId": "gohsonghan98"
        },
        "content": ""
      },
      {
        "lineNumber": 20,
        "author": {
          "gitId": "gohsonghan98"
        },
        "content": "    @Override"
      },
      {
        "lineNumber": 21,
        "author": {
          "gitId": "gohsonghan98"
        },
        "content": "    public String getDate() {"
      },
      {
        "lineNumber": 22,
        "author": {
          "gitId": "gohsonghan98"
        },
        "content": "        return at;"
      },
      {
        "lineNumber": 23,
        "author": {
          "gitId": "gohsonghan98"
        },
        "content": "    }"
      },
      {
        "lineNumber": 24,
        "author": {
          "gitId": "gohsonghan98"
        },
        "content": "}"
      }
    ],
    "authorContributionMap": {
      "gohsonghan98": 24
    }
  },
  {
    "path": "src/main/java/Task.java",
    "fileType": "java",
    "lines": [
      {
        "lineNumber": 1,
        "author": {
          "gitId": "gohsonghan98"
        },
        "content": "public class Task {"
      },
      {
        "lineNumber": 2,
        "author": {
          "gitId": "gohsonghan98"
        },
        "content": "    public String taskEntry;"
      },
      {
        "lineNumber": 3,
        "author": {
          "gitId": "gohsonghan98"
        },
        "content": "    public boolean isDone;"
      },
      {
        "lineNumber": 4,
        "author": {
          "gitId": "gohsonghan98"
        },
        "content": "    public String statusIcon;"
      },
      {
        "lineNumber": 5,
        "author": {
          "gitId": "gohsonghan98"
        },
        "content": ""
      },
      {
        "lineNumber": 6,
        "author": {
          "gitId": "gohsonghan98"
        },
        "content": "    public Task(String taskEntry) {"
      },
      {
        "lineNumber": 7,
        "author": {
          "gitId": "gohsonghan98"
        },
        "content": "        this.taskEntry \u003d taskEntry;"
      },
      {
        "lineNumber": 8,
        "author": {
          "gitId": "gohsonghan98"
        },
        "content": "        isDone \u003d false;"
      },
      {
        "lineNumber": 9,
        "author": {
          "gitId": "gohsonghan98"
        },
        "content": "        statusIcon \u003d \"\\u2718\";"
      },
      {
        "lineNumber": 10,
        "author": {
          "gitId": "gohsonghan98"
        },
        "content": "    }"
      },
      {
        "lineNumber": 11,
        "author": {
          "gitId": "gohsonghan98"
        },
        "content": ""
      },
      {
        "lineNumber": 12,
        "author": {
          "gitId": "gohsonghan98"
        },
        "content": "    public void setDone() {"
      },
      {
        "lineNumber": 13,
        "author": {
          "gitId": "gohsonghan98"
        },
        "content": "        isDone \u003d true;"
      },
      {
        "lineNumber": 14,
        "author": {
          "gitId": "gohsonghan98"
        },
        "content": "        statusIcon \u003d \"\\u2713\";"
      },
      {
        "lineNumber": 15,
        "author": {
          "gitId": "gohsonghan98"
        },
        "content": "        System.out.println(\"\\t____________________________________________________________\");"
      },
      {
        "lineNumber": 16,
        "author": {
          "gitId": "gohsonghan98"
        },
        "content": "        System.out.println(\"\\t Nice! I\u0027ve marked this task as done:\");"
      },
      {
        "lineNumber": 17,
        "author": {
          "gitId": "gohsonghan98"
        },
        "content": "        System.out.println(\"\\t [\" + statusIcon + \"] \" + taskEntry);"
      },
      {
        "lineNumber": 18,
        "author": {
          "gitId": "gohsonghan98"
        },
        "content": "        System.out.println(\"\\t____________________________________________________________\");"
      },
      {
        "lineNumber": 19,
        "author": {
          "gitId": "gohsonghan98"
        },
        "content": "    }"
      },
      {
        "lineNumber": 20,
        "author": {
          "gitId": "gohsonghan98"
        },
        "content": ""
      },
      {
        "lineNumber": 21,
        "author": {
          "gitId": "gohsonghan98"
        },
        "content": "    public void setLoadStatus(String s) {"
      },
      {
        "lineNumber": 22,
        "author": {
          "gitId": "gohsonghan98"
        },
        "content": "        if (s \u003d\u003d \"1\") {"
      },
      {
        "lineNumber": 23,
        "author": {
          "gitId": "gohsonghan98"
        },
        "content": "            isDone \u003d true;"
      },
      {
        "lineNumber": 24,
        "author": {
          "gitId": "gohsonghan98"
        },
        "content": "        } else {"
      },
      {
        "lineNumber": 25,
        "author": {
          "gitId": "gohsonghan98"
        },
        "content": "            isDone \u003d false;"
      },
      {
        "lineNumber": 26,
        "author": {
          "gitId": "gohsonghan98"
        },
        "content": "        }"
      },
      {
        "lineNumber": 27,
        "author": {
          "gitId": "gohsonghan98"
        },
        "content": "    }"
      },
      {
        "lineNumber": 28,
        "author": {
          "gitId": "gohsonghan98"
        },
        "content": ""
      },
      {
        "lineNumber": 29,
        "author": {
          "gitId": "gohsonghan98"
        },
        "content": "    @Override"
      },
      {
        "lineNumber": 30,
        "author": {
          "gitId": "gohsonghan98"
        },
        "content": "    public String toString() {"
      },
      {
        "lineNumber": 31,
        "author": {
          "gitId": "gohsonghan98"
        },
        "content": "        return taskEntry;"
      },
      {
        "lineNumber": 32,
        "author": {
          "gitId": "gohsonghan98"
        },
        "content": "    }"
      },
      {
        "lineNumber": 33,
        "author": {
          "gitId": "gohsonghan98"
        },
        "content": ""
      },
      {
        "lineNumber": 34,
        "author": {
          "gitId": "gohsonghan98"
        },
        "content": "    public String getStatusIcon() {"
      },
      {
        "lineNumber": 35,
        "author": {
          "gitId": "gohsonghan98"
        },
        "content": "        return statusIcon;"
      },
      {
        "lineNumber": 36,
        "author": {
          "gitId": "gohsonghan98"
        },
        "content": "    }"
      },
      {
        "lineNumber": 37,
        "author": {
          "gitId": "gohsonghan98"
        },
        "content": ""
      },
      {
        "lineNumber": 38,
        "author": {
          "gitId": "gohsonghan98"
        },
        "content": "    public String getStatusNumber() {"
      },
      {
        "lineNumber": 39,
        "author": {
          "gitId": "gohsonghan98"
        },
        "content": "        if (isDone) {"
      },
      {
        "lineNumber": 40,
        "author": {
          "gitId": "gohsonghan98"
        },
        "content": "            return \"1\";"
      },
      {
        "lineNumber": 41,
        "author": {
          "gitId": "gohsonghan98"
        },
        "content": "        } else {"
      },
      {
        "lineNumber": 42,
        "author": {
          "gitId": "gohsonghan98"
        },
        "content": "            return \"0\";"
      },
      {
        "lineNumber": 43,
        "author": {
          "gitId": "gohsonghan98"
        },
        "content": "        }"
      },
      {
        "lineNumber": 44,
        "author": {
          "gitId": "gohsonghan98"
        },
        "content": "    }"
      },
      {
        "lineNumber": 45,
        "author": {
          "gitId": "gohsonghan98"
        },
        "content": ""
      },
      {
        "lineNumber": 46,
        "author": {
          "gitId": "gohsonghan98"
        },
        "content": "    public String getTaskSymbol() {"
      },
      {
        "lineNumber": 47,
        "author": {
          "gitId": "gohsonghan98"
        },
        "content": "        return null;"
      },
      {
        "lineNumber": 48,
        "author": {
          "gitId": "gohsonghan98"
        },
        "content": "    }"
      },
      {
        "lineNumber": 49,
        "author": {
          "gitId": "gohsonghan98"
        },
        "content": ""
      },
      {
        "lineNumber": 50,
        "author": {
          "gitId": "gohsonghan98"
        },
        "content": "    public String getDate() {"
      },
      {
        "lineNumber": 51,
        "author": {
          "gitId": "gohsonghan98"
        },
        "content": "        return null;"
      },
      {
        "lineNumber": 52,
        "author": {
          "gitId": "gohsonghan98"
        },
        "content": "    }"
      },
      {
        "lineNumber": 53,
        "author": {
          "gitId": "gohsonghan98"
        },
        "content": "}"
      }
    ],
    "authorContributionMap": {
      "gohsonghan98": 53
    }
  },
  {
    "path": "src/main/java/Todo.java",
    "fileType": "java",
    "lines": [
      {
        "lineNumber": 1,
        "author": {
          "gitId": "gohsonghan98"
        },
        "content": "public class Todo extends Task {"
      },
      {
        "lineNumber": 2,
        "author": {
          "gitId": "gohsonghan98"
        },
        "content": "    public static final String TASK_SYMBOL \u003d \"T\";"
      },
      {
        "lineNumber": 3,
        "author": {
          "gitId": "gohsonghan98"
        },
        "content": ""
      },
      {
        "lineNumber": 4,
        "author": {
          "gitId": "gohsonghan98"
        },
        "content": "    public Todo(String taskEntry) {"
      },
      {
        "lineNumber": 5,
        "author": {
          "gitId": "gohsonghan98"
        },
        "content": "        super(taskEntry);"
      },
      {
        "lineNumber": 6,
        "author": {
          "gitId": "gohsonghan98"
        },
        "content": "    }"
      },
      {
        "lineNumber": 7,
        "author": {
          "gitId": "gohsonghan98"
        },
        "content": ""
      },
      {
        "lineNumber": 8,
        "author": {
          "gitId": "gohsonghan98"
        },
        "content": "    @Override"
      },
      {
        "lineNumber": 9,
        "author": {
          "gitId": "gohsonghan98"
        },
        "content": "    public String getTaskSymbol() {"
      },
      {
        "lineNumber": 10,
        "author": {
          "gitId": "gohsonghan98"
        },
        "content": "        return TASK_SYMBOL;"
      },
      {
        "lineNumber": 11,
        "author": {
          "gitId": "gohsonghan98"
        },
        "content": "    }"
      },
      {
        "lineNumber": 12,
        "author": {
          "gitId": "gohsonghan98"
        },
        "content": ""
      },
      {
        "lineNumber": 13,
        "author": {
          "gitId": "gohsonghan98"
        },
        "content": "    @Override"
      },
      {
        "lineNumber": 14,
        "author": {
          "gitId": "gohsonghan98"
        },
        "content": "    public String toString() {"
      },
      {
        "lineNumber": 15,
        "author": {
          "gitId": "gohsonghan98"
        },
        "content": "        return super.toString();"
      },
      {
        "lineNumber": 16,
        "author": {
          "gitId": "gohsonghan98"
        },
        "content": "    }"
      },
      {
        "lineNumber": 17,
        "author": {
          "gitId": "gohsonghan98"
        },
        "content": "}"
      }
    ],
    "authorContributionMap": {
      "gohsonghan98": 17
    }
  },
  {
    "path": "text-ui-test/input.txt",
    "fileType": "txt",
    "lines": [
      {
        "lineNumber": 1,
        "author": {
          "gitId": "gohsonghan98"
        },
        "content": "deadline Finish Homework \\by 4pm"
      },
      {
        "lineNumber": 2,
        "author": {
          "gitId": "gohsonghan98"
        },
        "content": "event Attend Lesson \\at 6pm"
      },
      {
        "lineNumber": 3,
        "author": {
          "gitId": "gohsonghan98"
        },
        "content": "todo Watch TV"
      }
    ],
    "authorContributionMap": {
      "gohsonghan98": 3
    }
  },
  {
    "path": "text-ui-test/runtest.bat",
    "fileType": "bat",
    "lines": [
      {
        "lineNumber": 1,
        "author": {
          "gitId": "-"
        },
        "content": "@ECHO OFF"
      },
      {
        "lineNumber": 2,
        "author": {
          "gitId": "-"
        },
        "content": ""
      },
      {
        "lineNumber": 3,
        "author": {
          "gitId": "-"
        },
        "content": "REM create bin directory if it doesn\u0027t exist"
      },
      {
        "lineNumber": 4,
        "author": {
          "gitId": "-"
        },
        "content": "if not exist ..\\bin mkdir ..\\bin"
      },
      {
        "lineNumber": 5,
        "author": {
          "gitId": "-"
        },
        "content": ""
      },
      {
        "lineNumber": 6,
        "author": {
          "gitId": "-"
        },
        "content": "REM delete output from previous run"
      },
      {
        "lineNumber": 7,
        "author": {
          "gitId": "-"
        },
        "content": "del ACTUAL.TXT"
      },
      {
        "lineNumber": 8,
        "author": {
          "gitId": "-"
        },
        "content": ""
      },
      {
        "lineNumber": 9,
        "author": {
          "gitId": "-"
        },
        "content": "REM compile the code into the bin folder"
      },
      {
        "lineNumber": 10,
        "author": {
          "gitId": "gohsonghan98"
        },
        "content": "javac -cp ..\\src -Xlint:none -d ..\\bin ..\\src\\main\\java\\*.java"
      },
      {
        "lineNumber": 11,
        "author": {
          "gitId": "-"
        },
        "content": "IF ERRORLEVEL 1 ("
      },
      {
        "lineNumber": 12,
        "author": {
          "gitId": "-"
        },
        "content": "    echo ********** BUILD FAILURE **********"
      },
      {
        "lineNumber": 13,
        "author": {
          "gitId": "-"
        },
        "content": "    exit /b 1"
      },
      {
        "lineNumber": 14,
        "author": {
          "gitId": "-"
        },
        "content": ")"
      },
      {
        "lineNumber": 15,
        "author": {
          "gitId": "-"
        },
        "content": "REM no error here, errorlevel \u003d\u003d 0"
      },
      {
        "lineNumber": 16,
        "author": {
          "gitId": "-"
        },
        "content": ""
      },
      {
        "lineNumber": 17,
        "author": {
          "gitId": "-"
        },
        "content": "REM run the program, feed commands from input.txt file and redirect the output to the ACTUAL.TXT"
      },
      {
        "lineNumber": 18,
        "author": {
          "gitId": "gohsonghan98"
        },
        "content": "java -Dfile.encoding\u003dUTF-8 -classpath ..\\bin Duke \u003c input.txt \u003e ACTUAL.TXT"
      },
      {
        "lineNumber": 19,
        "author": {
          "gitId": "-"
        },
        "content": ""
      },
      {
        "lineNumber": 20,
        "author": {
          "gitId": "-"
        },
        "content": "REM compare the output to the expected output"
      },
      {
        "lineNumber": 21,
        "author": {
          "gitId": "-"
        },
        "content": "FC ACTUAL.TXT EXPECTED.TXT"
      }
    ],
    "authorContributionMap": {
      "-": 19,
      "gohsonghan98": 2
    }
  }
]
