{
  "authorDailyContributionsMap": {
    "jessicazhang617": [
      {
        "date": "2020-08-21",
        "commitResults": [
          {
            "hash": "51696f9f23ec6b02861c56e1c8396c47d218b5f8",
            "messageTitle": "testing set-up",
            "messageBody": "",
            "fileTypesAndContributionMap": {
              "java": {
                "insertions": 1,
                "deletions": 0
              }
            }
          },
          {
            "hash": "87541a2a0c76b4fe1b2b3e383a93f1bebc4f4895",
            "messageTitle": "Added basic greetings",
            "messageBody": "",
            "fileTypesAndContributionMap": {
              "java": {
                "insertions": 2,
                "deletions": 1
              }
            }
          }
        ]
      },
      {
        "date": "2020-08-28",
        "commitResults": [
          {
            "hash": "ff0868b17da02d8c06baaf2000463413f58db14a",
            "messageTitle": "Added Echo",
            "messageBody": "",
            "tags": [
              "Level-1"
            ],
            "fileTypesAndContributionMap": {
              "java": {
                "insertions": 20,
                "deletions": 0
              }
            }
          },
          {
            "hash": "facd3383a67590d0725db9c085c0290fbccb2f35",
            "messageTitle": "Add List",
            "messageBody": "",
            "tags": [
              "Level-2"
            ],
            "fileTypesAndContributionMap": {
              "java": {
                "insertions": 14,
                "deletions": 4
              }
            }
          },
          {
            "hash": "e7a5c0e3646cfa7366fc8eed8dda5f331f6277a6",
            "messageTitle": "Updated with A-Classes and tidied up code",
            "messageBody": "",
            "tags": [
              "Level-3"
            ],
            "fileTypesAndContributionMap": {
              "java": {
                "insertions": 74,
                "deletions": 20
              }
            }
          }
        ]
      },
      {
        "date": "2020-08-31",
        "commitResults": [
          {
            "hash": "47887015926e668b7e951166b05935710c0fc504",
            "messageTitle": "Update Java conventions",
            "messageBody": "",
            "tags": [
              "A-CodingStandard"
            ],
            "fileTypesAndContributionMap": {
              "java": {
                "insertions": 64,
                "deletions": 22
              }
            }
          }
        ]
      },
      {
        "date": "2020-09-03",
        "commitResults": [
          {
            "hash": "a48c892870dd7387cdc9f29acf0cfc0690062098",
            "messageTitle": "Add support for tracking three types of tasks: ToDos, Deadlines \u0026 Events",
            "messageBody": "",
            "tags": [
              "Level-4"
            ],
            "fileTypesAndContributionMap": {
              "java": {
                "insertions": 99,
                "deletions": 13
              }
            }
          },
          {
            "hash": "5e26515a4b942e7af6f915701e0406287e6c9d62",
            "messageTitle": "Added comments for javadoc",
            "messageBody": "",
            "tags": [
              "A-CodeQuality"
            ],
            "fileTypesAndContributionMap": {
              "java": {
                "insertions": 32,
                "deletions": 5
              }
            }
          }
        ]
      },
      {
        "date": "2020-09-04",
        "commitResults": [
          {
            "hash": "745975222a655bff200432b919037bc1c76a4323",
            "messageTitle": "Added automated testing",
            "messageBody": "",
            "tags": [
              "A-TextUiTesting"
            ],
            "fileTypesAndContributionMap": {
              "sh": {
                "insertions": 10,
                "deletions": 7
              }
            }
          },
          {
            "hash": "47de896aaf80b3fcdb287aa585c00eff679a8716",
            "messageTitle": "Renamed methods to createTask and changed \"at\" in createDeadline to \"by\"",
            "messageBody": "",
            "fileTypesAndContributionMap": {
              "java": {
                "insertions": 7,
                "deletions": 7
              }
            }
          }
        ]
      },
      {
        "date": "2020-09-10",
        "commitResults": [
          {
            "hash": "d601c4f396048127b53b1d8d3dae1a03eb722ef2",
            "messageTitle": "added some handling exceptions",
            "messageBody": "",
            "tags": [
              "A-Exceptions"
            ],
            "fileTypesAndContributionMap": {
              "java": {
                "insertions": 67,
                "deletions": 52
              }
            }
          },
          {
            "hash": "8595789ecaf8301aebf923ea14aac4bbdfee2c15",
            "messageTitle": "organised files into packages",
            "messageBody": "",
            "tags": [
              "A-Packages"
            ],
            "fileTypesAndContributionMap": {
              "java": {
                "insertions": 37,
                "deletions": 17
              },
              "bat": {
                "insertions": 2,
                "deletions": 2
              },
              "md": {
                "insertions": 2,
                "deletions": 2
              }
            }
          },
          {
            "hash": "ba2b3ec3e061b93a4655ccd47b469081fe7822e0",
            "messageTitle": "no message",
            "messageBody": "",
            "fileTypesAndContributionMap": {
              "java": {
                "insertions": 160,
                "deletions": 0
              }
            }
          },
          {
            "hash": "91ffbf6fed3d1f30fd4b98676bbe858bacf7db84",
            "messageTitle": "added some handling of exceptions",
            "messageBody": "",
            "fileTypesAndContributionMap": {
              "java": {
                "insertions": 6,
                "deletions": 1
              }
            }
          }
        ]
      },
      {
        "date": "2020-09-11",
        "commitResults": [
          {
            "hash": "6b23f67030235394e8b1c7c518aa6e310171a87b",
            "messageTitle": "organised files into packages",
            "messageBody": "",
            "fileTypesAndContributionMap": {
              "java": {
                "insertions": 238,
                "deletions": 208
              }
            }
          }
        ]
      },
      {
        "date": "2020-09-17",
        "commitResults": [
          {
            "hash": "68c14c0d0437e152f09269bdbf7e116cd3f189cd",
            "messageTitle": "Added minor edits and started to consolidate commands into separate class",
            "messageBody": "",
            "fileTypesAndContributionMap": {
              "java": {
                "insertions": 51,
                "deletions": 13
              }
            }
          }
        ]
      },
      {
        "date": "2020-09-18",
        "commitResults": [
          {
            "hash": "8ffc1cbbc15fa1f7c955f89705e78688bdaf7125",
            "messageTitle": "Cleaned up code",
            "messageBody": "",
            "fileTypesAndContributionMap": {
              "java": {
                "insertions": 2,
                "deletions": 168
              }
            }
          },
          {
            "hash": "63b6a3c493558adfdc996809f4b3777dc5aad401",
            "messageTitle": "Added delete method to Duke and added print method to task \u0026 its subclasses",
            "messageBody": "",
            "tags": [
              "Level-6"
            ],
            "fileTypesAndContributionMap": {
              "java": {
                "insertions": 113,
                "deletions": 245
              },
              "bat": {
                "insertions": 2,
                "deletions": 2
              },
              "md": {
                "insertions": 2,
                "deletions": 2
              }
            }
          },
          {
            "hash": "089e0a641a9bdf87ea9dfee1b21fd53a8994f58f",
            "messageTitle": "Clean up code",
            "messageBody": "",
            "fileTypesAndContributionMap": {
              "java": {
                "insertions": 3,
                "deletions": 7
              },
              "bat": {
                "insertions": 2,
                "deletions": 2
              },
              "md": {
                "insertions": 2,
                "deletions": 2
              }
            }
          },
          {
            "hash": "636e03d8c8b451d4357ee74a123d0b717a87eb66",
            "messageTitle": "Added basic fileclass and filewriterclass",
            "messageBody": "",
            "tags": [
              "Level-7"
            ],
            "fileTypesAndContributionMap": {
              "java": {
                "insertions": 50,
                "deletions": 0
              }
            }
          }
        ]
      },
      {
        "date": "2020-10-02",
        "commitResults": [
          {
            "hash": "29f418f7ea03c3f5a50e3154690348a1f804544f",
            "messageTitle": "Added more OOP",
            "messageBody": "",
            "tags": [
              "A-MoreOOP"
            ],
            "fileTypesAndContributionMap": {
              "java": {
                "insertions": 166,
                "deletions": 86
              }
            }
          },
          {
            "hash": "63b786dac59588252d2453ca1da7305d6eac8cfc",
            "messageTitle": "Added Find function",
            "messageBody": "",
            "fileTypesAndContributionMap": {
              "txt": {
                "insertions": 4,
                "deletions": 0
              },
              "java": {
                "insertions": 174,
                "deletions": 0
              }
            }
          },
          {
            "hash": "527c7737bb91abbb7a53daeecb48b9dae4a9217e",
            "messageTitle": "Added some more comments",
            "messageBody": "",
            "fileTypesAndContributionMap": {
              "java": {
                "insertions": 25,
                "deletions": 171
              }
            }
          },
          {
            "hash": "272a91b907c6edc7b9fe0aa33db314237e9d261e",
            "messageTitle": "Added user guide",
            "messageBody": "",
            "fileTypesAndContributionMap": {
              "md": {
                "insertions": 154,
                "deletions": 8
              }
            }
          },
          {
            "hash": "1f739bde2119982283abd621dd07d6be4a8d7690",
            "messageTitle": "Release",
            "messageBody": "",
            "fileTypesAndContributionMap": {
              "java": {
                "insertions": 3,
                "deletions": 0
              }
            }
          }
        ]
      },
      {
        "date": "2020-10-18",
        "commitResults": [
          {
            "hash": "87eebeba970b7cab52415434fec1ae8d5d0c254f",
            "messageTitle": "update ip",
            "messageBody": "",
            "tags": [
              "v0.22",
              "v0.21",
              "v0.2"
            ],
            "fileTypesAndContributionMap": {
              "txt": {
                "insertions": 1,
                "deletions": 0
              },
              "java": {
                "insertions": 303,
                "deletions": 127
              }
            }
          }
        ]
      }
    ]
  },
  "authorFileTypeContributionMap": {
    "jessicazhang617": {
      "java": 694,
      "md": 154,
      "sh": 9,
      "bat": 0,
      "gradle": 0,
      "txt": 5
    }
  },
  "authorContributionVariance": {
    "jessicazhang617": 21273.904
  },
  "authorDisplayNameMap": {
    "jessicazhang617": "CS2113T-F11-2 ZHAN..NJIA"
  }
}
