[
  {
    "path": "src/main/java/Duke/Deadline.java",
    "fileType": "java",
    "lines": [
      {
        "lineNumber": 1,
        "author": {
          "gitId": "leonlowzd"
        },
        "content": "package Duke;"
      },
      {
        "lineNumber": 2,
        "author": {
          "gitId": "leonlowzd"
        },
        "content": ""
      },
      {
        "lineNumber": 3,
        "author": {
          "gitId": "leonlowzd"
        },
        "content": "import Duke.exceptions.IllegalDate;"
      },
      {
        "lineNumber": 4,
        "author": {
          "gitId": "leonlowzd"
        },
        "content": ""
      },
      {
        "lineNumber": 5,
        "author": {
          "gitId": "leonlowzd"
        },
        "content": ""
      },
      {
        "lineNumber": 6,
        "author": {
          "gitId": "leonlowzd"
        },
        "content": "public class Deadline extends Task {"
      },
      {
        "lineNumber": 7,
        "author": {
          "gitId": "leonlowzd"
        },
        "content": "    protected String date;"
      },
      {
        "lineNumber": 8,
        "author": {
          "gitId": "leonlowzd"
        },
        "content": "    protected final String TASK_TYPE \u003d \"[D]\";"
      },
      {
        "lineNumber": 9,
        "author": {
          "gitId": "leonlowzd"
        },
        "content": ""
      },
      {
        "lineNumber": 10,
        "author": {
          "gitId": "leonlowzd"
        },
        "content": "    public Deadline(String description, String date) throws IllegalDate {"
      },
      {
        "lineNumber": 11,
        "author": {
          "gitId": "leonlowzd"
        },
        "content": "        super(description);"
      },
      {
        "lineNumber": 12,
        "author": {
          "gitId": "leonlowzd"
        },
        "content": "        if(date.contains(\"/by\")) {"
      },
      {
        "lineNumber": 13,
        "author": {
          "gitId": "leonlowzd"
        },
        "content": "            if (date.replace(\"/by\",\"\").trim().isEmpty()) {"
      },
      {
        "lineNumber": 14,
        "author": {
          "gitId": "leonlowzd"
        },
        "content": "                throw new IllegalDate();"
      },
      {
        "lineNumber": 15,
        "author": {
          "gitId": "leonlowzd"
        },
        "content": "            }"
      },
      {
        "lineNumber": 16,
        "author": {
          "gitId": "leonlowzd"
        },
        "content": "            setDate(date);"
      },
      {
        "lineNumber": 17,
        "author": {
          "gitId": "leonlowzd"
        },
        "content": "        }"
      },
      {
        "lineNumber": 18,
        "author": {
          "gitId": "leonlowzd"
        },
        "content": "        else {"
      },
      {
        "lineNumber": 19,
        "author": {
          "gitId": "leonlowzd"
        },
        "content": "            throw new IllegalDate();"
      },
      {
        "lineNumber": 20,
        "author": {
          "gitId": "leonlowzd"
        },
        "content": "        }"
      },
      {
        "lineNumber": 21,
        "author": {
          "gitId": "leonlowzd"
        },
        "content": ""
      },
      {
        "lineNumber": 22,
        "author": {
          "gitId": "leonlowzd"
        },
        "content": "    }"
      },
      {
        "lineNumber": 23,
        "author": {
          "gitId": "leonlowzd"
        },
        "content": "    public String getTaskType(){"
      },
      {
        "lineNumber": 24,
        "author": {
          "gitId": "leonlowzd"
        },
        "content": "        return this.TASK_TYPE;"
      },
      {
        "lineNumber": 25,
        "author": {
          "gitId": "leonlowzd"
        },
        "content": "    }"
      },
      {
        "lineNumber": 26,
        "author": {
          "gitId": "leonlowzd"
        },
        "content": ""
      },
      {
        "lineNumber": 27,
        "author": {
          "gitId": "leonlowzd"
        },
        "content": "    public void setDate(String date){"
      },
      {
        "lineNumber": 28,
        "author": {
          "gitId": "leonlowzd"
        },
        "content": "        date \u003d date.replace(\"/by\",\" (by:\");"
      },
      {
        "lineNumber": 29,
        "author": {
          "gitId": "leonlowzd"
        },
        "content": "        date +\u003d \")\";"
      },
      {
        "lineNumber": 30,
        "author": {
          "gitId": "leonlowzd"
        },
        "content": "        this.date \u003d date;"
      },
      {
        "lineNumber": 31,
        "author": {
          "gitId": "leonlowzd"
        },
        "content": ""
      },
      {
        "lineNumber": 32,
        "author": {
          "gitId": "leonlowzd"
        },
        "content": "    }"
      },
      {
        "lineNumber": 33,
        "author": {
          "gitId": "leonlowzd"
        },
        "content": "    @Override"
      },
      {
        "lineNumber": 34,
        "author": {
          "gitId": "leonlowzd"
        },
        "content": "    public String toString(){"
      },
      {
        "lineNumber": 35,
        "author": {
          "gitId": "leonlowzd"
        },
        "content": ""
      },
      {
        "lineNumber": 36,
        "author": {
          "gitId": "leonlowzd"
        },
        "content": "        return getTaskType() + super.toString() + getDate();"
      },
      {
        "lineNumber": 37,
        "author": {
          "gitId": "leonlowzd"
        },
        "content": "    }"
      },
      {
        "lineNumber": 38,
        "author": {
          "gitId": "leonlowzd"
        },
        "content": "    public String getDate(){"
      },
      {
        "lineNumber": 39,
        "author": {
          "gitId": "leonlowzd"
        },
        "content": "        return this.date;"
      },
      {
        "lineNumber": 40,
        "author": {
          "gitId": "leonlowzd"
        },
        "content": "    }"
      },
      {
        "lineNumber": 41,
        "author": {
          "gitId": "leonlowzd"
        },
        "content": "}"
      }
    ],
    "authorContributionMap": {
      "leonlowzd": 41
    }
  },
  {
    "path": "src/main/java/Duke/Duke.java",
    "fileType": "java",
    "lines": [
      {
        "lineNumber": 1,
        "author": {
          "gitId": "leonlowzd"
        },
        "content": "package Duke;"
      },
      {
        "lineNumber": 2,
        "author": {
          "gitId": "leonlowzd"
        },
        "content": "import Duke.exceptions.IllegalDate;"
      },
      {
        "lineNumber": 3,
        "author": {
          "gitId": "leonlowzd"
        },
        "content": "import Duke.exceptions.IllegalIndex;"
      },
      {
        "lineNumber": 4,
        "author": {
          "gitId": "leonlowzd"
        },
        "content": "import Duke.exceptions.IllegalDescription;"
      },
      {
        "lineNumber": 5,
        "author": {
          "gitId": "leonlowzd"
        },
        "content": ""
      },
      {
        "lineNumber": 6,
        "author": {
          "gitId": "leonlowzd"
        },
        "content": "import java.io.IOException;"
      },
      {
        "lineNumber": 7,
        "author": {
          "gitId": "leonlowzd"
        },
        "content": "import java.util.Scanner;"
      },
      {
        "lineNumber": 8,
        "author": {
          "gitId": "leonlowzd"
        },
        "content": "import java.util.ArrayList;"
      },
      {
        "lineNumber": 9,
        "author": {
          "gitId": "leonlowzd"
        },
        "content": ""
      },
      {
        "lineNumber": 10,
        "author": {
          "gitId": "leonlowzd"
        },
        "content": ""
      },
      {
        "lineNumber": 11,
        "author": {
          "gitId": "-"
        },
        "content": "public class Duke {"
      },
      {
        "lineNumber": 12,
        "author": {
          "gitId": "leonlowzd"
        },
        "content": "    protected static ArrayList\u003cTask\u003e list \u003d new ArrayList\u003c\u003e();"
      },
      {
        "lineNumber": 13,
        "author": {
          "gitId": "leonlowzd"
        },
        "content": "    protected static int numberOfTasks \u003d 0;"
      },
      {
        "lineNumber": 14,
        "author": {
          "gitId": "leonlowzd"
        },
        "content": "    //retrieve home directory \u0026 set homeDirectory"
      },
      {
        "lineNumber": 15,
        "author": {
          "gitId": "leonlowzd"
        },
        "content": "    private static String home \u003d System.getProperty(\"user.home\");"
      },
      {
        "lineNumber": 16,
        "author": {
          "gitId": "leonlowzd"
        },
        "content": "    protected final static String homeDirectory \u003d home+\"/Documents/log.txt\";"
      },
      {
        "lineNumber": 17,
        "author": {
          "gitId": "leonlowzd"
        },
        "content": ""
      },
      {
        "lineNumber": 18,
        "author": {
          "gitId": "leonlowzd"
        },
        "content": "    public static void main(String[] args) throws IOException {"
      },
      {
        "lineNumber": 19,
        "author": {
          "gitId": "leonlowzd"
        },
        "content": "        Save save \u003d new Save();"
      },
      {
        "lineNumber": 20,
        "author": {
          "gitId": "leonlowzd"
        },
        "content": ""
      },
      {
        "lineNumber": 21,
        "author": {
          "gitId": "leonlowzd"
        },
        "content": "        //Read from memory \u0026 location to read and write file"
      },
      {
        "lineNumber": 22,
        "author": {
          "gitId": "leonlowzd"
        },
        "content": "        save.readFile(homeDirectory);"
      },
      {
        "lineNumber": 23,
        "author": {
          "gitId": "leonlowzd"
        },
        "content": "        boolean hasExit \u003d false;"
      },
      {
        "lineNumber": 24,
        "author": {
          "gitId": "leonlowzd"
        },
        "content": ""
      },
      {
        "lineNumber": 25,
        "author": {
          "gitId": "leonlowzd"
        },
        "content": "        printWelcomeMessage();"
      },
      {
        "lineNumber": 26,
        "author": {
          "gitId": "leonlowzd"
        },
        "content": "        while (!hasExit) {"
      },
      {
        "lineNumber": 27,
        "author": {
          "gitId": "leonlowzd"
        },
        "content": "            // Read User input"
      },
      {
        "lineNumber": 28,
        "author": {
          "gitId": "leonlowzd"
        },
        "content": "            Scanner in \u003d new Scanner(System.in);"
      },
      {
        "lineNumber": 29,
        "author": {
          "gitId": "leonlowzd"
        },
        "content": "            String line \u003d in.nextLine();"
      },
      {
        "lineNumber": 30,
        "author": {
          "gitId": "leonlowzd"
        },
        "content": ""
      },
      {
        "lineNumber": 31,
        "author": {
          "gitId": "leonlowzd"
        },
        "content": "            // process user input and decide what operation to use"
      },
      {
        "lineNumber": 32,
        "author": {
          "gitId": "leonlowzd"
        },
        "content": "            String operation \u003d extractOperationType(line);"
      },
      {
        "lineNumber": 33,
        "author": {
          "gitId": "leonlowzd"
        },
        "content": "            String printStatement;"
      },
      {
        "lineNumber": 34,
        "author": {
          "gitId": "leonlowzd"
        },
        "content": ""
      },
      {
        "lineNumber": 35,
        "author": {
          "gitId": "leonlowzd"
        },
        "content": "            switch (operation){"
      },
      {
        "lineNumber": 36,
        "author": {
          "gitId": "leonlowzd"
        },
        "content": "                case \"bye\":"
      },
      {
        "lineNumber": 37,
        "author": {
          "gitId": "leonlowzd"
        },
        "content": "                    hasExit \u003d true;"
      },
      {
        "lineNumber": 38,
        "author": {
          "gitId": "leonlowzd"
        },
        "content": "                    printStatement \u003d printByeMessage();"
      },
      {
        "lineNumber": 39,
        "author": {
          "gitId": "leonlowzd"
        },
        "content": "                    break;"
      },
      {
        "lineNumber": 40,
        "author": {
          "gitId": "leonlowzd"
        },
        "content": "                case \"list\":"
      },
      {
        "lineNumber": 41,
        "author": {
          "gitId": "leonlowzd"
        },
        "content": "                    printStatement \u003d printFullList(numberOfTasks);"
      },
      {
        "lineNumber": 42,
        "author": {
          "gitId": "leonlowzd"
        },
        "content": "                    break;"
      },
      {
        "lineNumber": 43,
        "author": {
          "gitId": "leonlowzd"
        },
        "content": ""
      },
      {
        "lineNumber": 44,
        "author": {
          "gitId": "leonlowzd"
        },
        "content": "                case \"done\":"
      },
      {
        "lineNumber": 45,
        "author": {
          "gitId": "leonlowzd"
        },
        "content": "                    try {"
      },
      {
        "lineNumber": 46,
        "author": {
          "gitId": "leonlowzd"
        },
        "content": "                        printStatement \u003d markTaskAsDone(line);"
      },
      {
        "lineNumber": 47,
        "author": {
          "gitId": "leonlowzd"
        },
        "content": "                    } catch (IllegalIndex e) {"
      },
      {
        "lineNumber": 48,
        "author": {
          "gitId": "leonlowzd"
        },
        "content": "                        returnIllegalIndexStatement();"
      },
      {
        "lineNumber": 49,
        "author": {
          "gitId": "leonlowzd"
        },
        "content": "                        continue;"
      },
      {
        "lineNumber": 50,
        "author": {
          "gitId": "leonlowzd"
        },
        "content": "                    }"
      },
      {
        "lineNumber": 51,
        "author": {
          "gitId": "leonlowzd"
        },
        "content": "                    break;"
      },
      {
        "lineNumber": 52,
        "author": {
          "gitId": "leonlowzd"
        },
        "content": "                case \"delete\":"
      },
      {
        "lineNumber": 53,
        "author": {
          "gitId": "leonlowzd"
        },
        "content": "                    try {"
      },
      {
        "lineNumber": 54,
        "author": {
          "gitId": "leonlowzd"
        },
        "content": "                        printStatement \u003d deleteTask(line);"
      },
      {
        "lineNumber": 55,
        "author": {
          "gitId": "leonlowzd"
        },
        "content": "                    } catch (IllegalIndex e) {"
      },
      {
        "lineNumber": 56,
        "author": {
          "gitId": "leonlowzd"
        },
        "content": "                        returnIllegalIndexStatement();"
      },
      {
        "lineNumber": 57,
        "author": {
          "gitId": "leonlowzd"
        },
        "content": "                        continue;"
      },
      {
        "lineNumber": 58,
        "author": {
          "gitId": "leonlowzd"
        },
        "content": "                    }"
      },
      {
        "lineNumber": 59,
        "author": {
          "gitId": "leonlowzd"
        },
        "content": "                    break;"
      },
      {
        "lineNumber": 60,
        "author": {
          "gitId": "leonlowzd"
        },
        "content": ""
      },
      {
        "lineNumber": 61,
        "author": {
          "gitId": "leonlowzd"
        },
        "content": "                case \"todo\":"
      },
      {
        "lineNumber": 62,
        "author": {
          "gitId": "leonlowzd"
        },
        "content": "                case \"deadline\":"
      },
      {
        "lineNumber": 63,
        "author": {
          "gitId": "leonlowzd"
        },
        "content": "                case \"event\":"
      },
      {
        "lineNumber": 64,
        "author": {
          "gitId": "leonlowzd"
        },
        "content": "                    try {"
      },
      {
        "lineNumber": 65,
        "author": {
          "gitId": "leonlowzd"
        },
        "content": "                        String taskDescription \u003d extractDescriptionFromString(operation, line);"
      },
      {
        "lineNumber": 66,
        "author": {
          "gitId": "leonlowzd"
        },
        "content": "                        if (operation.equals(\"todo\")) {"
      },
      {
        "lineNumber": 67,
        "author": {
          "gitId": "leonlowzd"
        },
        "content": "                            printStatement \u003d createNewTask(operation, taskDescription,null,false);"
      },
      {
        "lineNumber": 68,
        "author": {
          "gitId": "leonlowzd"
        },
        "content": "                        }"
      },
      {
        "lineNumber": 69,
        "author": {
          "gitId": "leonlowzd"
        },
        "content": "                        else{"
      },
      {
        "lineNumber": 70,
        "author": {
          "gitId": "leonlowzd"
        },
        "content": ""
      },
      {
        "lineNumber": 71,
        "author": {
          "gitId": "leonlowzd"
        },
        "content": "                            String date \u003d extractDateFromString(line);"
      },
      {
        "lineNumber": 72,
        "author": {
          "gitId": "leonlowzd"
        },
        "content": "                            printStatement \u003d createNewTask(operation, taskDescription ,date ,false);"
      },
      {
        "lineNumber": 73,
        "author": {
          "gitId": "leonlowzd"
        },
        "content": ""
      },
      {
        "lineNumber": 74,
        "author": {
          "gitId": "leonlowzd"
        },
        "content": "                        }"
      },
      {
        "lineNumber": 75,
        "author": {
          "gitId": "leonlowzd"
        },
        "content": "                    } catch (IllegalDate e) {"
      },
      {
        "lineNumber": 76,
        "author": {
          "gitId": "leonlowzd"
        },
        "content": "                        printEmptyDate();"
      },
      {
        "lineNumber": 77,
        "author": {
          "gitId": "leonlowzd"
        },
        "content": "                        continue;"
      },
      {
        "lineNumber": 78,
        "author": {
          "gitId": "leonlowzd"
        },
        "content": ""
      },
      {
        "lineNumber": 79,
        "author": {
          "gitId": "leonlowzd"
        },
        "content": "                    } catch (IllegalDescription e){"
      },
      {
        "lineNumber": 80,
        "author": {
          "gitId": "leonlowzd"
        },
        "content": "                        printEmptyDescription();"
      },
      {
        "lineNumber": 81,
        "author": {
          "gitId": "leonlowzd"
        },
        "content": "                        continue;"
      },
      {
        "lineNumber": 82,
        "author": {
          "gitId": "leonlowzd"
        },
        "content": ""
      },
      {
        "lineNumber": 83,
        "author": {
          "gitId": "leonlowzd"
        },
        "content": "                    }"
      },
      {
        "lineNumber": 84,
        "author": {
          "gitId": "leonlowzd"
        },
        "content": "                    break;"
      },
      {
        "lineNumber": 85,
        "author": {
          "gitId": "leonlowzd"
        },
        "content": "                default:"
      },
      {
        "lineNumber": 86,
        "author": {
          "gitId": "leonlowzd"
        },
        "content": "                    printUnknownMessage();"
      },
      {
        "lineNumber": 87,
        "author": {
          "gitId": "leonlowzd"
        },
        "content": "                    continue;"
      },
      {
        "lineNumber": 88,
        "author": {
          "gitId": "leonlowzd"
        },
        "content": "            }"
      },
      {
        "lineNumber": 89,
        "author": {
          "gitId": "leonlowzd"
        },
        "content": "            System.out.println(printStatement);"
      },
      {
        "lineNumber": 90,
        "author": {
          "gitId": "leonlowzd"
        },
        "content": "            save.writeFile(homeDirectory, printFullList(numberOfTasks));"
      },
      {
        "lineNumber": 91,
        "author": {
          "gitId": "leonlowzd"
        },
        "content": "        }"
      },
      {
        "lineNumber": 92,
        "author": {
          "gitId": "leonlowzd"
        },
        "content": "    }"
      },
      {
        "lineNumber": 93,
        "author": {
          "gitId": "leonlowzd"
        },
        "content": "    "
      },
      {
        "lineNumber": 94,
        "author": {
          "gitId": "leonlowzd"
        },
        "content": "    public static String createNewTask(String taskType, String description, String date, Boolean status)"
      },
      {
        "lineNumber": 95,
        "author": {
          "gitId": "leonlowzd"
        },
        "content": "            throws IllegalDate, IllegalDescription {"
      },
      {
        "lineNumber": 96,
        "author": {
          "gitId": "leonlowzd"
        },
        "content": "        String printStatement \u003d null;"
      },
      {
        "lineNumber": 97,
        "author": {
          "gitId": "leonlowzd"
        },
        "content": "        if(description.isEmpty()) throw new IllegalDescription();"
      },
      {
        "lineNumber": 98,
        "author": {
          "gitId": "leonlowzd"
        },
        "content": "        switch(taskType) {"
      },
      {
        "lineNumber": 99,
        "author": {
          "gitId": "leonlowzd"
        },
        "content": "            case \"todo\":"
      },
      {
        "lineNumber": 100,
        "author": {
          "gitId": "leonlowzd"
        },
        "content": "                ToDo t \u003d new ToDo(description);"
      },
      {
        "lineNumber": 101,
        "author": {
          "gitId": "leonlowzd"
        },
        "content": "                list.add(t);"
      },
      {
        "lineNumber": 102,
        "author": {
          "gitId": "leonlowzd"
        },
        "content": "                printStatement \u003d printNIncrementTask(numberOfTasks);"
      },
      {
        "lineNumber": 103,
        "author": {
          "gitId": "leonlowzd"
        },
        "content": "                break;"
      },
      {
        "lineNumber": 104,
        "author": {
          "gitId": "leonlowzd"
        },
        "content": ""
      },
      {
        "lineNumber": 105,
        "author": {
          "gitId": "leonlowzd"
        },
        "content": "            case \"deadline\":"
      },
      {
        "lineNumber": 106,
        "author": {
          "gitId": "leonlowzd"
        },
        "content": "                Deadline d \u003d new Deadline(description, date);"
      },
      {
        "lineNumber": 107,
        "author": {
          "gitId": "leonlowzd"
        },
        "content": "                list.add(d);"
      },
      {
        "lineNumber": 108,
        "author": {
          "gitId": "leonlowzd"
        },
        "content": "                printStatement \u003d printNIncrementTask(numberOfTasks);"
      },
      {
        "lineNumber": 109,
        "author": {
          "gitId": "leonlowzd"
        },
        "content": "                break;"
      },
      {
        "lineNumber": 110,
        "author": {
          "gitId": "leonlowzd"
        },
        "content": ""
      },
      {
        "lineNumber": 111,
        "author": {
          "gitId": "leonlowzd"
        },
        "content": "            case \"event\":"
      },
      {
        "lineNumber": 112,
        "author": {
          "gitId": "leonlowzd"
        },
        "content": "                Event e \u003d new Event(description, date);"
      },
      {
        "lineNumber": 113,
        "author": {
          "gitId": "leonlowzd"
        },
        "content": "                list.add(e);"
      },
      {
        "lineNumber": 114,
        "author": {
          "gitId": "leonlowzd"
        },
        "content": "                printStatement \u003d printNIncrementTask(numberOfTasks);"
      },
      {
        "lineNumber": 115,
        "author": {
          "gitId": "leonlowzd"
        },
        "content": "                break;"
      },
      {
        "lineNumber": 116,
        "author": {
          "gitId": "leonlowzd"
        },
        "content": "        }"
      },
      {
        "lineNumber": 117,
        "author": {
          "gitId": "leonlowzd"
        },
        "content": "        if (status) list.get(numberOfTasks-1).markAsDone();"
      },
      {
        "lineNumber": 118,
        "author": {
          "gitId": "leonlowzd"
        },
        "content": "        return printStatement;"
      },
      {
        "lineNumber": 119,
        "author": {
          "gitId": "leonlowzd"
        },
        "content": "    }"
      },
      {
        "lineNumber": 120,
        "author": {
          "gitId": "leonlowzd"
        },
        "content": ""
      },
      {
        "lineNumber": 121,
        "author": {
          "gitId": "leonlowzd"
        },
        "content": "    // This function extracts the operation type from the user input\u0027s String"
      },
      {
        "lineNumber": 122,
        "author": {
          "gitId": "leonlowzd"
        },
        "content": "    private static String extractOperationType(String userInput) {"
      },
      {
        "lineNumber": 123,
        "author": {
          "gitId": "leonlowzd"
        },
        "content": "        userInput \u003d userInput.trim();"
      },
      {
        "lineNumber": 124,
        "author": {
          "gitId": "leonlowzd"
        },
        "content": "        String [] operation \u003d userInput.split(\" \");"
      },
      {
        "lineNumber": 125,
        "author": {
          "gitId": "leonlowzd"
        },
        "content": "        return operation[0];"
      },
      {
        "lineNumber": 126,
        "author": {
          "gitId": "leonlowzd"
        },
        "content": "    }"
      },
      {
        "lineNumber": 127,
        "author": {
          "gitId": "leonlowzd"
        },
        "content": ""
      },
      {
        "lineNumber": 128,
        "author": {
          "gitId": "leonlowzd"
        },
        "content": "    // This function removes the task type and extracts the description of the task"
      },
      {
        "lineNumber": 129,
        "author": {
          "gitId": "leonlowzd"
        },
        "content": "    private static String extractDescriptionFromString(String type, String userInput)"
      },
      {
        "lineNumber": 130,
        "author": {
          "gitId": "leonlowzd"
        },
        "content": "            throws IllegalDescription, IllegalDate {"
      },
      {
        "lineNumber": 131,
        "author": {
          "gitId": "leonlowzd"
        },
        "content": "        String description;"
      },
      {
        "lineNumber": 132,
        "author": {
          "gitId": "leonlowzd"
        },
        "content": "        try {"
      },
      {
        "lineNumber": 133,
        "author": {
          "gitId": "leonlowzd"
        },
        "content": "            if (type.equals(\"todo\")){"
      },
      {
        "lineNumber": 134,
        "author": {
          "gitId": "leonlowzd"
        },
        "content": "                description \u003d userInput.replace(type, \"\");"
      },
      {
        "lineNumber": 135,
        "author": {
          "gitId": "leonlowzd"
        },
        "content": "                if (description.contains(\"/\")) throw new IllegalDate();"
      },
      {
        "lineNumber": 136,
        "author": {
          "gitId": "leonlowzd"
        },
        "content": "            } else{"
      },
      {
        "lineNumber": 137,
        "author": {
          "gitId": "leonlowzd"
        },
        "content": "                description \u003d userInput.replace(type, \"\");"
      },
      {
        "lineNumber": 138,
        "author": {
          "gitId": "leonlowzd"
        },
        "content": "                description \u003d description.substring(0, description.lastIndexOf(\"/\"));"
      },
      {
        "lineNumber": 139,
        "author": {
          "gitId": "leonlowzd"
        },
        "content": "            }"
      },
      {
        "lineNumber": 140,
        "author": {
          "gitId": "leonlowzd"
        },
        "content": "            if (description.replace(\" \",\"\").isEmpty()) throw new IllegalDescription();"
      },
      {
        "lineNumber": 141,
        "author": {
          "gitId": "leonlowzd"
        },
        "content": "        } catch ( StringIndexOutOfBoundsException e ) {"
      },
      {
        "lineNumber": 142,
        "author": {
          "gitId": "leonlowzd"
        },
        "content": "            throw new IllegalDate();"
      },
      {
        "lineNumber": 143,
        "author": {
          "gitId": "leonlowzd"
        },
        "content": "        }"
      },
      {
        "lineNumber": 144,
        "author": {
          "gitId": "leonlowzd"
        },
        "content": ""
      },
      {
        "lineNumber": 145,
        "author": {
          "gitId": "leonlowzd"
        },
        "content": "        return description;"
      },
      {
        "lineNumber": 146,
        "author": {
          "gitId": "leonlowzd"
        },
        "content": "    }"
      },
      {
        "lineNumber": 147,
        "author": {
          "gitId": "leonlowzd"
        },
        "content": ""
      },
      {
        "lineNumber": 148,
        "author": {
          "gitId": "leonlowzd"
        },
        "content": "    // This function extracts the date from the user input"
      },
      {
        "lineNumber": 149,
        "author": {
          "gitId": "leonlowzd"
        },
        "content": "    private static String extractDateFromString(String userInput) throws IllegalDate {"
      },
      {
        "lineNumber": 150,
        "author": {
          "gitId": "leonlowzd"
        },
        "content": "        String date \u003d userInput.substring(userInput.lastIndexOf(\"/\"));"
      },
      {
        "lineNumber": 151,
        "author": {
          "gitId": "leonlowzd"
        },
        "content": "        if (date.isEmpty()) throw new IllegalDate();"
      },
      {
        "lineNumber": 152,
        "author": {
          "gitId": "leonlowzd"
        },
        "content": "        else if (date.contains(\"/by\") \u003d\u003d date.contains((\"/at\"))) {"
      },
      {
        "lineNumber": 153,
        "author": {
          "gitId": "leonlowzd"
        },
        "content": "            throw new IllegalDate();"
      },
      {
        "lineNumber": 154,
        "author": {
          "gitId": "leonlowzd"
        },
        "content": "        }"
      },
      {
        "lineNumber": 155,
        "author": {
          "gitId": "leonlowzd"
        },
        "content": "        return date;"
      },
      {
        "lineNumber": 156,
        "author": {
          "gitId": "leonlowzd"
        },
        "content": ""
      },
      {
        "lineNumber": 157,
        "author": {
          "gitId": "leonlowzd"
        },
        "content": "    }"
      },
      {
        "lineNumber": 158,
        "author": {
          "gitId": "leonlowzd"
        },
        "content": ""
      },
      {
        "lineNumber": 159,
        "author": {
          "gitId": "leonlowzd"
        },
        "content": "    private static void printUnknownMessage () {"
      },
      {
        "lineNumber": 160,
        "author": {
          "gitId": "leonlowzd"
        },
        "content": "        System.out.println(\"____________________________________________________________\\n\"+"
      },
      {
        "lineNumber": 161,
        "author": {
          "gitId": "leonlowzd"
        },
        "content": "                \"☹ OOPS!!! I\u0027m sorry, but I don\u0027t know what that means :-(\\n\"+"
      },
      {
        "lineNumber": 162,
        "author": {
          "gitId": "leonlowzd"
        },
        "content": "                \"____________________________________________________________\\n\");"
      },
      {
        "lineNumber": 163,
        "author": {
          "gitId": "leonlowzd"
        },
        "content": "    }"
      },
      {
        "lineNumber": 164,
        "author": {
          "gitId": "leonlowzd"
        },
        "content": ""
      },
      {
        "lineNumber": 165,
        "author": {
          "gitId": "leonlowzd"
        },
        "content": "    private static void returnIllegalIndexStatement () {"
      },
      {
        "lineNumber": 166,
        "author": {
          "gitId": "leonlowzd"
        },
        "content": "        System.out.println(\"____________________________________________________________\\n\" +"
      },
      {
        "lineNumber": 167,
        "author": {
          "gitId": "leonlowzd"
        },
        "content": "                \"☹ OOPS!!! Illegal index, it does not exist in the list\\n\" +"
      },
      {
        "lineNumber": 168,
        "author": {
          "gitId": "leonlowzd"
        },
        "content": "                \"____________________________________________________________\\n\");"
      },
      {
        "lineNumber": 169,
        "author": {
          "gitId": "leonlowzd"
        },
        "content": "    }"
      },
      {
        "lineNumber": 170,
        "author": {
          "gitId": "leonlowzd"
        },
        "content": "    //print out empty date function"
      },
      {
        "lineNumber": 171,
        "author": {
          "gitId": "leonlowzd"
        },
        "content": "    private static void printEmptyDate () {"
      },
      {
        "lineNumber": 172,
        "author": {
          "gitId": "leonlowzd"
        },
        "content": "        System.out.println(\"____________________________________________________________\\n\" +"
      },
      {
        "lineNumber": 173,
        "author": {
          "gitId": "leonlowzd"
        },
        "content": "                \"☹ OOPS!!! Invalid Date input.\\n\" +"
      },
      {
        "lineNumber": 174,
        "author": {
          "gitId": "leonlowzd"
        },
        "content": "                \"____________________________________________________________\\n\");"
      },
      {
        "lineNumber": 175,
        "author": {
          "gitId": "leonlowzd"
        },
        "content": "    }"
      },
      {
        "lineNumber": 176,
        "author": {
          "gitId": "leonlowzd"
        },
        "content": "    // print out empty disc function"
      },
      {
        "lineNumber": 177,
        "author": {
          "gitId": "leonlowzd"
        },
        "content": "    private static void printEmptyDescription () {"
      },
      {
        "lineNumber": 178,
        "author": {
          "gitId": "leonlowzd"
        },
        "content": "        System.out.println(\"____________________________________________________________\\n\" +"
      },
      {
        "lineNumber": 179,
        "author": {
          "gitId": "leonlowzd"
        },
        "content": "                \"☹ OOPS!!! The Description cannot be empty.\\n\" +"
      },
      {
        "lineNumber": 180,
        "author": {
          "gitId": "leonlowzd"
        },
        "content": "                \"____________________________________________________________\\n\");"
      },
      {
        "lineNumber": 181,
        "author": {
          "gitId": "leonlowzd"
        },
        "content": "    }"
      },
      {
        "lineNumber": 182,
        "author": {
          "gitId": "leonlowzd"
        },
        "content": ""
      },
      {
        "lineNumber": 183,
        "author": {
          "gitId": "leonlowzd"
        },
        "content": "    // This function constructs the printout of the newly added task"
      },
      {
        "lineNumber": 184,
        "author": {
          "gitId": "leonlowzd"
        },
        "content": "    private static String printNIncrementTask(int index){"
      },
      {
        "lineNumber": 185,
        "author": {
          "gitId": "leonlowzd"
        },
        "content": "        numberOfTasks++;"
      },
      {
        "lineNumber": 186,
        "author": {
          "gitId": "leonlowzd"
        },
        "content": "        return \"____________________________________________________________\\n\""
      },
      {
        "lineNumber": 187,
        "author": {
          "gitId": "leonlowzd"
        },
        "content": "                + \"Got it. I\u0027ve added this task:\\n\""
      },
      {
        "lineNumber": 188,
        "author": {
          "gitId": "leonlowzd"
        },
        "content": "                + \"     \" + list.get(index) + \"\\n\""
      },
      {
        "lineNumber": 189,
        "author": {
          "gitId": "leonlowzd"
        },
        "content": "                + \"Now you have \"+numberOfTasks+\" in the list.\\n\""
      },
      {
        "lineNumber": 190,
        "author": {
          "gitId": "leonlowzd"
        },
        "content": "                + \"____________________________________________________________\\n\";"
      },
      {
        "lineNumber": 191,
        "author": {
          "gitId": "-"
        },
        "content": "    }"
      },
      {
        "lineNumber": 192,
        "author": {
          "gitId": "leonlowzd"
        },
        "content": "    // This function selects the tagged index from user input and deletes it from the list"
      },
      {
        "lineNumber": 193,
        "author": {
          "gitId": "leonlowzd"
        },
        "content": "    private static String deleteTask (String line) throws IllegalIndex {"
      },
      {
        "lineNumber": 194,
        "author": {
          "gitId": "leonlowzd"
        },
        "content": "        String statement;"
      },
      {
        "lineNumber": 195,
        "author": {
          "gitId": "leonlowzd"
        },
        "content": "        try {"
      },
      {
        "lineNumber": 196,
        "author": {
          "gitId": "leonlowzd"
        },
        "content": "            int selectedIndex \u003d Integer.parseInt(line.split(\" \")[1]) - 1;"
      },
      {
        "lineNumber": 197,
        "author": {
          "gitId": "leonlowzd"
        },
        "content": "            if (selectedIndex\u003c0) throw new IllegalIndex();"
      },
      {
        "lineNumber": 198,
        "author": {
          "gitId": "leonlowzd"
        },
        "content": "            list.remove(list.get(selectedIndex));"
      },
      {
        "lineNumber": 199,
        "author": {
          "gitId": "leonlowzd"
        },
        "content": "            numberOfTasks--;"
      },
      {
        "lineNumber": 200,
        "author": {
          "gitId": "leonlowzd"
        },
        "content": "            statement \u003d \"____________________________________________________________\\n\""
      },
      {
        "lineNumber": 201,
        "author": {
          "gitId": "leonlowzd"
        },
        "content": "                    + \"Noted. I\u0027ve removed this task:  \\n\""
      },
      {
        "lineNumber": 202,
        "author": {
          "gitId": "leonlowzd"
        },
        "content": "                    + list.get(selectedIndex) +\"\\n\""
      },
      {
        "lineNumber": 203,
        "author": {
          "gitId": "leonlowzd"
        },
        "content": "                    + \"Now you have \"+numberOfTasks+\" in the list.\\n\""
      },
      {
        "lineNumber": 204,
        "author": {
          "gitId": "leonlowzd"
        },
        "content": "                    + \"____________________________________________________________\\n\";"
      },
      {
        "lineNumber": 205,
        "author": {
          "gitId": "leonlowzd"
        },
        "content": "        } catch (RuntimeException e) {"
      },
      {
        "lineNumber": 206,
        "author": {
          "gitId": "leonlowzd"
        },
        "content": "            throw new IllegalIndex();"
      },
      {
        "lineNumber": 207,
        "author": {
          "gitId": "-"
        },
        "content": "        }"
      },
      {
        "lineNumber": 208,
        "author": {
          "gitId": "leonlowzd"
        },
        "content": "        return statement;"
      },
      {
        "lineNumber": 209,
        "author": {
          "gitId": "leonlowzd"
        },
        "content": "    }"
      },
      {
        "lineNumber": 210,
        "author": {
          "gitId": "leonlowzd"
        },
        "content": ""
      },
      {
        "lineNumber": 211,
        "author": {
          "gitId": "leonlowzd"
        },
        "content": ""
      },
      {
        "lineNumber": 212,
        "author": {
          "gitId": "leonlowzd"
        },
        "content": "    // This function marks the tagged index from user input as complete and prints the statement"
      },
      {
        "lineNumber": 213,
        "author": {
          "gitId": "leonlowzd"
        },
        "content": "    private static String markTaskAsDone (String line) throws IllegalIndex  {"
      },
      {
        "lineNumber": 214,
        "author": {
          "gitId": "leonlowzd"
        },
        "content": "        String statement;"
      },
      {
        "lineNumber": 215,
        "author": {
          "gitId": "leonlowzd"
        },
        "content": "        try {"
      },
      {
        "lineNumber": 216,
        "author": {
          "gitId": "leonlowzd"
        },
        "content": "            int selectedIndex \u003d Integer.parseInt(line.split(\" \")[1]) - 1;"
      },
      {
        "lineNumber": 217,
        "author": {
          "gitId": "leonlowzd"
        },
        "content": "            list.get(selectedIndex).markAsDone();"
      },
      {
        "lineNumber": 218,
        "author": {
          "gitId": "leonlowzd"
        },
        "content": "            statement \u003d \"____________________________________________________________\\n\""
      },
      {
        "lineNumber": 219,
        "author": {
          "gitId": "leonlowzd"
        },
        "content": "                    +\"Nice! I\u0027ve marked this task as done: \\n\""
      },
      {
        "lineNumber": 220,
        "author": {
          "gitId": "leonlowzd"
        },
        "content": "                    + list.get(selectedIndex) + \"\\n\""
      },
      {
        "lineNumber": 221,
        "author": {
          "gitId": "leonlowzd"
        },
        "content": "                    + \"____________________________________________________________\\n\";"
      },
      {
        "lineNumber": 222,
        "author": {
          "gitId": "leonlowzd"
        },
        "content": ""
      },
      {
        "lineNumber": 223,
        "author": {
          "gitId": "leonlowzd"
        },
        "content": "        } catch (RuntimeException e) {"
      },
      {
        "lineNumber": 224,
        "author": {
          "gitId": "leonlowzd"
        },
        "content": "            throw new IllegalIndex();"
      },
      {
        "lineNumber": 225,
        "author": {
          "gitId": "leonlowzd"
        },
        "content": "        }"
      },
      {
        "lineNumber": 226,
        "author": {
          "gitId": "leonlowzd"
        },
        "content": "        return statement;"
      },
      {
        "lineNumber": 227,
        "author": {
          "gitId": "leonlowzd"
        },
        "content": "    }"
      },
      {
        "lineNumber": 228,
        "author": {
          "gitId": "leonlowzd"
        },
        "content": ""
      },
      {
        "lineNumber": 229,
        "author": {
          "gitId": "leonlowzd"
        },
        "content": "    // This function prints the program\u0027s welcome message"
      },
      {
        "lineNumber": 230,
        "author": {
          "gitId": "leonlowzd"
        },
        "content": "    private static void printWelcomeMessage(){"
      },
      {
        "lineNumber": 231,
        "author": {
          "gitId": "leonlowzd"
        },
        "content": "        String toPrint \u003d \"____________________________________________________________\\n\""
      },
      {
        "lineNumber": 232,
        "author": {
          "gitId": "leonlowzd"
        },
        "content": "                + \" Hello! I\u0027m Duke\\n\""
      },
      {
        "lineNumber": 233,
        "author": {
          "gitId": "leonlowzd"
        },
        "content": "                + \" What can I do for you?\\n\""
      },
      {
        "lineNumber": 234,
        "author": {
          "gitId": "leonlowzd"
        },
        "content": "                + \"____________________________________________________________\\n\";"
      },
      {
        "lineNumber": 235,
        "author": {
          "gitId": "leonlowzd"
        },
        "content": "        System.out.println(toPrint);"
      },
      {
        "lineNumber": 236,
        "author": {
          "gitId": "leonlowzd"
        },
        "content": "    }"
      },
      {
        "lineNumber": 237,
        "author": {
          "gitId": "leonlowzd"
        },
        "content": ""
      },
      {
        "lineNumber": 238,
        "author": {
          "gitId": "leonlowzd"
        },
        "content": "    // This function prints the program\u0027s goodbye message"
      },
      {
        "lineNumber": 239,
        "author": {
          "gitId": "leonlowzd"
        },
        "content": "    private static String printByeMessage() {"
      },
      {
        "lineNumber": 240,
        "author": {
          "gitId": "leonlowzd"
        },
        "content": "        return \"____________________________________________________________\\n\""
      },
      {
        "lineNumber": 241,
        "author": {
          "gitId": "leonlowzd"
        },
        "content": "                + \" Bye. Hope to see you again soon!\\n\""
      },
      {
        "lineNumber": 242,
        "author": {
          "gitId": "leonlowzd"
        },
        "content": "                + \"____________________________________________________________\\n\";"
      },
      {
        "lineNumber": 243,
        "author": {
          "gitId": "leonlowzd"
        },
        "content": "    }"
      },
      {
        "lineNumber": 244,
        "author": {
          "gitId": "leonlowzd"
        },
        "content": ""
      },
      {
        "lineNumber": 245,
        "author": {
          "gitId": "leonlowzd"
        },
        "content": "    // This function prints the full list of Tasks"
      },
      {
        "lineNumber": 246,
        "author": {
          "gitId": "leonlowzd"
        },
        "content": "    private static String printFullList(int index) {"
      },
      {
        "lineNumber": 247,
        "author": {
          "gitId": "leonlowzd"
        },
        "content": "        String printStatement;"
      },
      {
        "lineNumber": 248,
        "author": {
          "gitId": "leonlowzd"
        },
        "content": "        // This object acts as a buffer to build strings: they are based on mutable character arrays"
      },
      {
        "lineNumber": 249,
        "author": {
          "gitId": "leonlowzd"
        },
        "content": "        // This to reduce the cost of growing the string"
      },
      {
        "lineNumber": 250,
        "author": {
          "gitId": "leonlowzd"
        },
        "content": "        StringBuilder sb \u003d new StringBuilder();"
      },
      {
        "lineNumber": 251,
        "author": {
          "gitId": "leonlowzd"
        },
        "content": "        sb.append(\"____________________________________________________________\\n\");"
      },
      {
        "lineNumber": 252,
        "author": {
          "gitId": "leonlowzd"
        },
        "content": "        sb.append(\"Here are the tasks in your list:\\n\");"
      },
      {
        "lineNumber": 253,
        "author": {
          "gitId": "leonlowzd"
        },
        "content": "        for (int i \u003d 0; i\u003c index; i++){"
      },
      {
        "lineNumber": 254,
        "author": {
          "gitId": "leonlowzd"
        },
        "content": "            int printOut \u003d i+1;"
      },
      {
        "lineNumber": 255,
        "author": {
          "gitId": "leonlowzd"
        },
        "content": "            sb.append(printOut);"
      },
      {
        "lineNumber": 256,
        "author": {
          "gitId": "leonlowzd"
        },
        "content": "            sb.append(\". \");"
      },
      {
        "lineNumber": 257,
        "author": {
          "gitId": "leonlowzd"
        },
        "content": "            sb.append(list.get(i));"
      },
      {
        "lineNumber": 258,
        "author": {
          "gitId": "leonlowzd"
        },
        "content": "            sb.append(\"\\n\");"
      },
      {
        "lineNumber": 259,
        "author": {
          "gitId": "leonlowzd"
        },
        "content": "        }"
      },
      {
        "lineNumber": 260,
        "author": {
          "gitId": "leonlowzd"
        },
        "content": "        sb.append(\"____________________________________________________________\\n\");"
      },
      {
        "lineNumber": 261,
        "author": {
          "gitId": "leonlowzd"
        },
        "content": "        printStatement \u003d sb.toString();"
      },
      {
        "lineNumber": 262,
        "author": {
          "gitId": "leonlowzd"
        },
        "content": "        return printStatement;"
      },
      {
        "lineNumber": 263,
        "author": {
          "gitId": "leonlowzd"
        },
        "content": "    }"
      },
      {
        "lineNumber": 264,
        "author": {
          "gitId": "-"
        },
        "content": "}"
      }
    ],
    "authorContributionMap": {
      "leonlowzd": 260,
      "-": 4
    }
  },
  {
    "path": "src/main/java/Duke/Event.java",
    "fileType": "java",
    "lines": [
      {
        "lineNumber": 1,
        "author": {
          "gitId": "leonlowzd"
        },
        "content": "package Duke;"
      },
      {
        "lineNumber": 2,
        "author": {
          "gitId": "leonlowzd"
        },
        "content": "import Duke.exceptions.IllegalDate;"
      },
      {
        "lineNumber": 3,
        "author": {
          "gitId": "leonlowzd"
        },
        "content": ""
      },
      {
        "lineNumber": 4,
        "author": {
          "gitId": "leonlowzd"
        },
        "content": "public class Event extends Task {"
      },
      {
        "lineNumber": 5,
        "author": {
          "gitId": "leonlowzd"
        },
        "content": "    protected String date;"
      },
      {
        "lineNumber": 6,
        "author": {
          "gitId": "leonlowzd"
        },
        "content": "    protected final String TASK_TYPE \u003d \"[E]\";"
      },
      {
        "lineNumber": 7,
        "author": {
          "gitId": "leonlowzd"
        },
        "content": ""
      },
      {
        "lineNumber": 8,
        "author": {
          "gitId": "leonlowzd"
        },
        "content": "    public Event(String description, String date) throws IllegalDate {"
      },
      {
        "lineNumber": 9,
        "author": {
          "gitId": "leonlowzd"
        },
        "content": "        super(description);"
      },
      {
        "lineNumber": 10,
        "author": {
          "gitId": "leonlowzd"
        },
        "content": "        if(date.contains(\"/at\")){"
      },
      {
        "lineNumber": 11,
        "author": {
          "gitId": "leonlowzd"
        },
        "content": "            if (date.replace(\"/at\",\"\").trim().isEmpty()){"
      },
      {
        "lineNumber": 12,
        "author": {
          "gitId": "leonlowzd"
        },
        "content": "                throw new IllegalDate();"
      },
      {
        "lineNumber": 13,
        "author": {
          "gitId": "leonlowzd"
        },
        "content": "            }"
      },
      {
        "lineNumber": 14,
        "author": {
          "gitId": "leonlowzd"
        },
        "content": "            setDate(date);"
      },
      {
        "lineNumber": 15,
        "author": {
          "gitId": "leonlowzd"
        },
        "content": "        }"
      },
      {
        "lineNumber": 16,
        "author": {
          "gitId": "leonlowzd"
        },
        "content": "        else {"
      },
      {
        "lineNumber": 17,
        "author": {
          "gitId": "leonlowzd"
        },
        "content": "            throw new IllegalDate();"
      },
      {
        "lineNumber": 18,
        "author": {
          "gitId": "leonlowzd"
        },
        "content": "        }"
      },
      {
        "lineNumber": 19,
        "author": {
          "gitId": "leonlowzd"
        },
        "content": "    }"
      },
      {
        "lineNumber": 20,
        "author": {
          "gitId": "leonlowzd"
        },
        "content": ""
      },
      {
        "lineNumber": 21,
        "author": {
          "gitId": "leonlowzd"
        },
        "content": "    public String getTaskType() {"
      },
      {
        "lineNumber": 22,
        "author": {
          "gitId": "leonlowzd"
        },
        "content": "        return this.TASK_TYPE;"
      },
      {
        "lineNumber": 23,
        "author": {
          "gitId": "leonlowzd"
        },
        "content": "    }"
      },
      {
        "lineNumber": 24,
        "author": {
          "gitId": "leonlowzd"
        },
        "content": ""
      },
      {
        "lineNumber": 25,
        "author": {
          "gitId": "leonlowzd"
        },
        "content": "    public void setDate(String date) {"
      },
      {
        "lineNumber": 26,
        "author": {
          "gitId": "leonlowzd"
        },
        "content": "        date \u003d date.replace(\"/at\", \" (at:\");"
      },
      {
        "lineNumber": 27,
        "author": {
          "gitId": "leonlowzd"
        },
        "content": "        date +\u003d \")\";"
      },
      {
        "lineNumber": 28,
        "author": {
          "gitId": "leonlowzd"
        },
        "content": "        this.date \u003d date;"
      },
      {
        "lineNumber": 29,
        "author": {
          "gitId": "leonlowzd"
        },
        "content": "    }"
      },
      {
        "lineNumber": 30,
        "author": {
          "gitId": "leonlowzd"
        },
        "content": "    public String getDate(){"
      },
      {
        "lineNumber": 31,
        "author": {
          "gitId": "leonlowzd"
        },
        "content": "        return this.date;"
      },
      {
        "lineNumber": 32,
        "author": {
          "gitId": "leonlowzd"
        },
        "content": "    }"
      },
      {
        "lineNumber": 33,
        "author": {
          "gitId": "leonlowzd"
        },
        "content": "    public String toString() {"
      },
      {
        "lineNumber": 34,
        "author": {
          "gitId": "leonlowzd"
        },
        "content": "        return getTaskType() + super.toString() + getDate();"
      },
      {
        "lineNumber": 35,
        "author": {
          "gitId": "leonlowzd"
        },
        "content": "    }"
      },
      {
        "lineNumber": 36,
        "author": {
          "gitId": "leonlowzd"
        },
        "content": "}"
      }
    ],
    "authorContributionMap": {
      "leonlowzd": 36
    }
  },
  {
    "path": "src/main/java/Duke/Save.java",
    "fileType": "java",
    "lines": [
      {
        "lineNumber": 1,
        "author": {
          "gitId": "leonlowzd"
        },
        "content": "package Duke;"
      },
      {
        "lineNumber": 2,
        "author": {
          "gitId": "leonlowzd"
        },
        "content": ""
      },
      {
        "lineNumber": 3,
        "author": {
          "gitId": "leonlowzd"
        },
        "content": "import Duke.exceptions.IllegalDate;"
      },
      {
        "lineNumber": 4,
        "author": {
          "gitId": "leonlowzd"
        },
        "content": "import Duke.exceptions.IllegalDescription;"
      },
      {
        "lineNumber": 5,
        "author": {
          "gitId": "leonlowzd"
        },
        "content": ""
      },
      {
        "lineNumber": 6,
        "author": {
          "gitId": "leonlowzd"
        },
        "content": "import java.io.BufferedWriter;"
      },
      {
        "lineNumber": 7,
        "author": {
          "gitId": "leonlowzd"
        },
        "content": "import java.io.File;"
      },
      {
        "lineNumber": 8,
        "author": {
          "gitId": "leonlowzd"
        },
        "content": "import java.io.FileWriter;"
      },
      {
        "lineNumber": 9,
        "author": {
          "gitId": "leonlowzd"
        },
        "content": "import java.io.IOException;"
      },
      {
        "lineNumber": 10,
        "author": {
          "gitId": "leonlowzd"
        },
        "content": "import java.io.FileNotFoundException;  // Import this class to handle errors"
      },
      {
        "lineNumber": 11,
        "author": {
          "gitId": "leonlowzd"
        },
        "content": "import java.util.Arrays;"
      },
      {
        "lineNumber": 12,
        "author": {
          "gitId": "leonlowzd"
        },
        "content": "import java.util.Scanner; // Import the Scanner class to read text file"
      },
      {
        "lineNumber": 13,
        "author": {
          "gitId": "leonlowzd"
        },
        "content": ""
      },
      {
        "lineNumber": 14,
        "author": {
          "gitId": "leonlowzd"
        },
        "content": "public class Save extends Duke {"
      },
      {
        "lineNumber": 15,
        "author": {
          "gitId": "leonlowzd"
        },
        "content": "    private final String textDivider \u003d \" | \";"
      },
      {
        "lineNumber": 16,
        "author": {
          "gitId": "leonlowzd"
        },
        "content": "    private static final String[] toDiscard \u003d {\"____________________________________________________________\","
      },
      {
        "lineNumber": 17,
        "author": {
          "gitId": "leonlowzd"
        },
        "content": "            \"Here are the tasks in your list:\"};"
      },
      {
        "lineNumber": 18,
        "author": {
          "gitId": "leonlowzd"
        },
        "content": ""
      },
      {
        "lineNumber": 19,
        "author": {
          "gitId": "leonlowzd"
        },
        "content": "    public Save() {"
      },
      {
        "lineNumber": 20,
        "author": {
          "gitId": "leonlowzd"
        },
        "content": "    }"
      },
      {
        "lineNumber": 21,
        "author": {
          "gitId": "leonlowzd"
        },
        "content": "    public void writeFile(String homeDirectory, String statement) throws IOException {"
      },
      {
        "lineNumber": 22,
        "author": {
          "gitId": "leonlowzd"
        },
        "content": ""
      },
      {
        "lineNumber": 23,
        "author": {
          "gitId": "leonlowzd"
        },
        "content": "        File file \u003d new File(homeDirectory);"
      },
      {
        "lineNumber": 24,
        "author": {
          "gitId": "leonlowzd"
        },
        "content": "        FileWriter fw \u003d new FileWriter(file.getAbsoluteFile());"
      },
      {
        "lineNumber": 25,
        "author": {
          "gitId": "leonlowzd"
        },
        "content": "        BufferedWriter bw \u003d new BufferedWriter(fw);"
      },
      {
        "lineNumber": 26,
        "author": {
          "gitId": "leonlowzd"
        },
        "content": "        // Write in file"
      },
      {
        "lineNumber": 27,
        "author": {
          "gitId": "leonlowzd"
        },
        "content": "        StringBuilder sb \u003d convertListToTextFormat(statement);"
      },
      {
        "lineNumber": 28,
        "author": {
          "gitId": "leonlowzd"
        },
        "content": "        bw.write(sb.toString());"
      },
      {
        "lineNumber": 29,
        "author": {
          "gitId": "leonlowzd"
        },
        "content": "        // Close connection"
      },
      {
        "lineNumber": 30,
        "author": {
          "gitId": "leonlowzd"
        },
        "content": "        bw.close();"
      },
      {
        "lineNumber": 31,
        "author": {
          "gitId": "leonlowzd"
        },
        "content": "    }"
      },
      {
        "lineNumber": 32,
        "author": {
          "gitId": "leonlowzd"
        },
        "content": ""
      },
      {
        "lineNumber": 33,
        "author": {
          "gitId": "leonlowzd"
        },
        "content": "    private StringBuilder convertListToTextFormat(String statement) {"
      },
      {
        "lineNumber": 34,
        "author": {
          "gitId": "leonlowzd"
        },
        "content": "        String[] lines \u003d statement.split(\"\\\\r?\\\\n\");"
      },
      {
        "lineNumber": 35,
        "author": {
          "gitId": "leonlowzd"
        },
        "content": "        StringBuilder sb \u003d new StringBuilder();"
      },
      {
        "lineNumber": 36,
        "author": {
          "gitId": "leonlowzd"
        },
        "content": "        for (String line : lines){"
      },
      {
        "lineNumber": 37,
        "author": {
          "gitId": "leonlowzd"
        },
        "content": "            if (!(line.contains(toDiscard[0])||line.contains(toDiscard[1]))) {"
      },
      {
        "lineNumber": 38,
        "author": {
          "gitId": "leonlowzd"
        },
        "content": "                extractListToText(sb, line);"
      },
      {
        "lineNumber": 39,
        "author": {
          "gitId": "leonlowzd"
        },
        "content": "            }"
      },
      {
        "lineNumber": 40,
        "author": {
          "gitId": "leonlowzd"
        },
        "content": "        }"
      },
      {
        "lineNumber": 41,
        "author": {
          "gitId": "leonlowzd"
        },
        "content": "        return sb;"
      },
      {
        "lineNumber": 42,
        "author": {
          "gitId": "leonlowzd"
        },
        "content": "    }"
      },
      {
        "lineNumber": 43,
        "author": {
          "gitId": "leonlowzd"
        },
        "content": ""
      },
      {
        "lineNumber": 44,
        "author": {
          "gitId": "leonlowzd"
        },
        "content": "    private void extractListToText(StringBuilder sb, String line) {"
      },
      {
        "lineNumber": 45,
        "author": {
          "gitId": "leonlowzd"
        },
        "content": "        String extractedType\u003d line.split(\"]\")[0].replace(\"[\",\"\") +textDivider;"
      },
      {
        "lineNumber": 46,
        "author": {
          "gitId": "leonlowzd"
        },
        "content": "        String extractedDoneStatus \u003d convertDoneStatusToText(line);"
      },
      {
        "lineNumber": 47,
        "author": {
          "gitId": "leonlowzd"
        },
        "content": "        String extractedDescription \u003d convertDescriptionToText(line, extractedType);"
      },
      {
        "lineNumber": 48,
        "author": {
          "gitId": "leonlowzd"
        },
        "content": "        String extractedDate \u003d convertDateToText(extractedType, line);"
      },
      {
        "lineNumber": 49,
        "author": {
          "gitId": "leonlowzd"
        },
        "content": "        sb.append(extractedType).append(extractedDoneStatus).append(extractedDescription).append(extractedDate).append(\"\\n\");"
      },
      {
        "lineNumber": 50,
        "author": {
          "gitId": "leonlowzd"
        },
        "content": "    }"
      },
      {
        "lineNumber": 51,
        "author": {
          "gitId": "leonlowzd"
        },
        "content": ""
      },
      {
        "lineNumber": 52,
        "author": {
          "gitId": "leonlowzd"
        },
        "content": "    private String convertDescriptionToText(String line, String extractedType) {"
      },
      {
        "lineNumber": 53,
        "author": {
          "gitId": "leonlowzd"
        },
        "content": "        String extractedDescription \u003d line.split(\" \",3)[2].trim();"
      },
      {
        "lineNumber": 54,
        "author": {
          "gitId": "leonlowzd"
        },
        "content": "        if (extractedType.contains(\"E\")) {"
      },
      {
        "lineNumber": 55,
        "author": {
          "gitId": "leonlowzd"
        },
        "content": "            extractedDescription \u003d extractedDescription.split(\"\\\\(at:\")[0].trim();"
      },
      {
        "lineNumber": 56,
        "author": {
          "gitId": "leonlowzd"
        },
        "content": "        }"
      },
      {
        "lineNumber": 57,
        "author": {
          "gitId": "leonlowzd"
        },
        "content": "        else if (extractedType.contains(\"D\")) {"
      },
      {
        "lineNumber": 58,
        "author": {
          "gitId": "leonlowzd"
        },
        "content": "            extractedDescription \u003d extractedDescription.split(\"\\\\(by:\")[0].trim();"
      },
      {
        "lineNumber": 59,
        "author": {
          "gitId": "leonlowzd"
        },
        "content": "        }"
      },
      {
        "lineNumber": 60,
        "author": {
          "gitId": "leonlowzd"
        },
        "content": "        return extractedDescription;"
      },
      {
        "lineNumber": 61,
        "author": {
          "gitId": "leonlowzd"
        },
        "content": "    }"
      },
      {
        "lineNumber": 62,
        "author": {
          "gitId": "leonlowzd"
        },
        "content": ""
      },
      {
        "lineNumber": 63,
        "author": {
          "gitId": "leonlowzd"
        },
        "content": "    private String convertDateToText(String extractedType, String line) {"
      },
      {
        "lineNumber": 64,
        "author": {
          "gitId": "leonlowzd"
        },
        "content": "        line \u003d line.split(\" \",3)[2].trim();"
      },
      {
        "lineNumber": 65,
        "author": {
          "gitId": "leonlowzd"
        },
        "content": "        String extractedDate \u003d \"\";"
      },
      {
        "lineNumber": 66,
        "author": {
          "gitId": "leonlowzd"
        },
        "content": "        if(extractedType.contains(\"E\")) {"
      },
      {
        "lineNumber": 67,
        "author": {
          "gitId": "leonlowzd"
        },
        "content": "            extractedDate \u003d textDivider+ line.split(\"\\\\(at:\")[1].trim().replace(\")\",\"\").trim();"
      },
      {
        "lineNumber": 68,
        "author": {
          "gitId": "leonlowzd"
        },
        "content": "        } else if (extractedType.contains(\"D\")) {"
      },
      {
        "lineNumber": 69,
        "author": {
          "gitId": "leonlowzd"
        },
        "content": "            extractedDate \u003d textDivider+ line.split(\"\\\\(by:\")[1].replace(\")\",\"\").trim();"
      },
      {
        "lineNumber": 70,
        "author": {
          "gitId": "leonlowzd"
        },
        "content": "        }"
      },
      {
        "lineNumber": 71,
        "author": {
          "gitId": "leonlowzd"
        },
        "content": "        return extractedDate;"
      },
      {
        "lineNumber": 72,
        "author": {
          "gitId": "leonlowzd"
        },
        "content": "    }"
      },
      {
        "lineNumber": 73,
        "author": {
          "gitId": "leonlowzd"
        },
        "content": ""
      },
      {
        "lineNumber": 74,
        "author": {
          "gitId": "leonlowzd"
        },
        "content": "    private String convertDoneStatusToText(String line) {"
      },
      {
        "lineNumber": 75,
        "author": {
          "gitId": "leonlowzd"
        },
        "content": "        String extractedDoneStatus \u003d line.split(\"]\")[1].replace(\"[\",\"\");"
      },
      {
        "lineNumber": 76,
        "author": {
          "gitId": "leonlowzd"
        },
        "content": "        if (extractedDoneStatus.equals(\"\\u2713\")) {"
      },
      {
        "lineNumber": 77,
        "author": {
          "gitId": "leonlowzd"
        },
        "content": "            extractedDoneStatus \u003d \"1\"+textDivider;"
      },
      {
        "lineNumber": 78,
        "author": {
          "gitId": "leonlowzd"
        },
        "content": "        }"
      },
      {
        "lineNumber": 79,
        "author": {
          "gitId": "leonlowzd"
        },
        "content": "        else {"
      },
      {
        "lineNumber": 80,
        "author": {
          "gitId": "leonlowzd"
        },
        "content": "            extractedDoneStatus \u003d \"0\"+textDivider;"
      },
      {
        "lineNumber": 81,
        "author": {
          "gitId": "leonlowzd"
        },
        "content": "        }"
      },
      {
        "lineNumber": 82,
        "author": {
          "gitId": "leonlowzd"
        },
        "content": "        return extractedDoneStatus;"
      },
      {
        "lineNumber": 83,
        "author": {
          "gitId": "leonlowzd"
        },
        "content": "    }"
      },
      {
        "lineNumber": 84,
        "author": {
          "gitId": "leonlowzd"
        },
        "content": ""
      },
      {
        "lineNumber": 85,
        "author": {
          "gitId": "leonlowzd"
        },
        "content": "    public void readFile(String homeDirectory) {"
      },
      {
        "lineNumber": 86,
        "author": {
          "gitId": "leonlowzd"
        },
        "content": "        try {"
      },
      {
        "lineNumber": 87,
        "author": {
          "gitId": "leonlowzd"
        },
        "content": "            File file \u003d new File(homeDirectory);"
      },
      {
        "lineNumber": 88,
        "author": {
          "gitId": "leonlowzd"
        },
        "content": "            if (!file.exists()){"
      },
      {
        "lineNumber": 89,
        "author": {
          "gitId": "leonlowzd"
        },
        "content": "                return;"
      },
      {
        "lineNumber": 90,
        "author": {
          "gitId": "leonlowzd"
        },
        "content": "            }"
      },
      {
        "lineNumber": 91,
        "author": {
          "gitId": "leonlowzd"
        },
        "content": "            Scanner myReader \u003d new Scanner(file);"
      },
      {
        "lineNumber": 92,
        "author": {
          "gitId": "leonlowzd"
        },
        "content": "            convertTextToTask(myReader);"
      },
      {
        "lineNumber": 93,
        "author": {
          "gitId": "leonlowzd"
        },
        "content": "            myReader.close();"
      },
      {
        "lineNumber": 94,
        "author": {
          "gitId": "leonlowzd"
        },
        "content": "        } catch (FileNotFoundException e) {"
      },
      {
        "lineNumber": 95,
        "author": {
          "gitId": "leonlowzd"
        },
        "content": "            System.out.println(\"An error occurred.\");"
      },
      {
        "lineNumber": 96,
        "author": {
          "gitId": "leonlowzd"
        },
        "content": "            e.printStackTrace();"
      },
      {
        "lineNumber": 97,
        "author": {
          "gitId": "leonlowzd"
        },
        "content": "        } catch (IllegalDescription | IllegalDate illegalDescription) {"
      },
      {
        "lineNumber": 98,
        "author": {
          "gitId": "leonlowzd"
        },
        "content": "            illegalDescription.printStackTrace();"
      },
      {
        "lineNumber": 99,
        "author": {
          "gitId": "leonlowzd"
        },
        "content": "        }"
      },
      {
        "lineNumber": 100,
        "author": {
          "gitId": "leonlowzd"
        },
        "content": "    }"
      },
      {
        "lineNumber": 101,
        "author": {
          "gitId": "leonlowzd"
        },
        "content": ""
      },
      {
        "lineNumber": 102,
        "author": {
          "gitId": "leonlowzd"
        },
        "content": "    private void convertTextToTask(Scanner myReader) throws IllegalDate, IllegalDescription {"
      },
      {
        "lineNumber": 103,
        "author": {
          "gitId": "leonlowzd"
        },
        "content": "        while (myReader.hasNextLine()) {"
      },
      {
        "lineNumber": 104,
        "author": {
          "gitId": "leonlowzd"
        },
        "content": "            String data \u003d myReader.nextLine();"
      },
      {
        "lineNumber": 105,
        "author": {
          "gitId": "leonlowzd"
        },
        "content": "            String taskType \u003d extractTaskType(data.split(\"\\\\|\")[0].trim());"
      },
      {
        "lineNumber": 106,
        "author": {
          "gitId": "leonlowzd"
        },
        "content": "            boolean status \u003d extractDoneStatus(data.split(\"\\\\|\")[1].trim());"
      },
      {
        "lineNumber": 107,
        "author": {
          "gitId": "leonlowzd"
        },
        "content": "            String description \u003d extractDescription(data.split(\"\\\\|\")[2].trim(),taskType);"
      },
      {
        "lineNumber": 108,
        "author": {
          "gitId": "leonlowzd"
        },
        "content": "            String date \u003d extractDate(data,taskType);"
      },
      {
        "lineNumber": 109,
        "author": {
          "gitId": "leonlowzd"
        },
        "content": "            // Create New Task from Duke Main function"
      },
      {
        "lineNumber": 110,
        "author": {
          "gitId": "leonlowzd"
        },
        "content": "            Duke.createNewTask(taskType,description,date,status);"
      },
      {
        "lineNumber": 111,
        "author": {
          "gitId": "leonlowzd"
        },
        "content": "        }"
      },
      {
        "lineNumber": 112,
        "author": {
          "gitId": "leonlowzd"
        },
        "content": "    }"
      },
      {
        "lineNumber": 113,
        "author": {
          "gitId": "leonlowzd"
        },
        "content": ""
      },
      {
        "lineNumber": 114,
        "author": {
          "gitId": "leonlowzd"
        },
        "content": "    private static String extractTaskType(String type) {"
      },
      {
        "lineNumber": 115,
        "author": {
          "gitId": "leonlowzd"
        },
        "content": "        String taskType;"
      },
      {
        "lineNumber": 116,
        "author": {
          "gitId": "leonlowzd"
        },
        "content": "        if (type.contains(\"E\")) {"
      },
      {
        "lineNumber": 117,
        "author": {
          "gitId": "leonlowzd"
        },
        "content": "            taskType \u003d \"event\";"
      },
      {
        "lineNumber": 118,
        "author": {
          "gitId": "leonlowzd"
        },
        "content": "        }"
      },
      {
        "lineNumber": 119,
        "author": {
          "gitId": "leonlowzd"
        },
        "content": "        else if(type.contains(\"T\")) {"
      },
      {
        "lineNumber": 120,
        "author": {
          "gitId": "leonlowzd"
        },
        "content": "            taskType \u003d \"todo\";"
      },
      {
        "lineNumber": 121,
        "author": {
          "gitId": "leonlowzd"
        },
        "content": "        }"
      },
      {
        "lineNumber": 122,
        "author": {
          "gitId": "leonlowzd"
        },
        "content": "        else {"
      },
      {
        "lineNumber": 123,
        "author": {
          "gitId": "leonlowzd"
        },
        "content": "            taskType \u003d \"deadline\";"
      },
      {
        "lineNumber": 124,
        "author": {
          "gitId": "leonlowzd"
        },
        "content": "        }"
      },
      {
        "lineNumber": 125,
        "author": {
          "gitId": "leonlowzd"
        },
        "content": "        return taskType;"
      },
      {
        "lineNumber": 126,
        "author": {
          "gitId": "leonlowzd"
        },
        "content": "    }"
      },
      {
        "lineNumber": 127,
        "author": {
          "gitId": "leonlowzd"
        },
        "content": ""
      },
      {
        "lineNumber": 128,
        "author": {
          "gitId": "leonlowzd"
        },
        "content": "    private static boolean extractDoneStatus(String status) {"
      },
      {
        "lineNumber": 129,
        "author": {
          "gitId": "leonlowzd"
        },
        "content": "        return status.contains(\"1\");"
      },
      {
        "lineNumber": 130,
        "author": {
          "gitId": "leonlowzd"
        },
        "content": "    }"
      },
      {
        "lineNumber": 131,
        "author": {
          "gitId": "leonlowzd"
        },
        "content": ""
      },
      {
        "lineNumber": 132,
        "author": {
          "gitId": "leonlowzd"
        },
        "content": "    private static String extractDescription(String description, String type) {"
      },
      {
        "lineNumber": 133,
        "author": {
          "gitId": "leonlowzd"
        },
        "content": "        if (type.contains(\"deadline\")){"
      },
      {
        "lineNumber": 134,
        "author": {
          "gitId": "leonlowzd"
        },
        "content": "            description \u003d description.split(\"by:\")[0];"
      },
      {
        "lineNumber": 135,
        "author": {
          "gitId": "leonlowzd"
        },
        "content": "        }"
      },
      {
        "lineNumber": 136,
        "author": {
          "gitId": "leonlowzd"
        },
        "content": "        else {"
      },
      {
        "lineNumber": 137,
        "author": {
          "gitId": "leonlowzd"
        },
        "content": "            description \u003d description.split(\"at:\")[0];"
      },
      {
        "lineNumber": 138,
        "author": {
          "gitId": "leonlowzd"
        },
        "content": "        }"
      },
      {
        "lineNumber": 139,
        "author": {
          "gitId": "leonlowzd"
        },
        "content": "        description \u003d description.replace(\"(\",\"\");"
      },
      {
        "lineNumber": 140,
        "author": {
          "gitId": "leonlowzd"
        },
        "content": "        return description;"
      },
      {
        "lineNumber": 141,
        "author": {
          "gitId": "leonlowzd"
        },
        "content": "    }"
      },
      {
        "lineNumber": 142,
        "author": {
          "gitId": "leonlowzd"
        },
        "content": ""
      },
      {
        "lineNumber": 143,
        "author": {
          "gitId": "leonlowzd"
        },
        "content": "    private static String extractDate(String line, String type) {"
      },
      {
        "lineNumber": 144,
        "author": {
          "gitId": "leonlowzd"
        },
        "content": "        String date;"
      },
      {
        "lineNumber": 145,
        "author": {
          "gitId": "leonlowzd"
        },
        "content": "        if (type.contains(\"deadline\")) {"
      },
      {
        "lineNumber": 146,
        "author": {
          "gitId": "leonlowzd"
        },
        "content": "            date \u003d \"/by \"+line.split(\"\\\\|\")[3].trim();"
      },
      {
        "lineNumber": 147,
        "author": {
          "gitId": "leonlowzd"
        },
        "content": "        }"
      },
      {
        "lineNumber": 148,
        "author": {
          "gitId": "leonlowzd"
        },
        "content": "        else if (type.contains(\"event\")) {"
      },
      {
        "lineNumber": 149,
        "author": {
          "gitId": "leonlowzd"
        },
        "content": "            date \u003d \"/at \"+line.split(\"\\\\|\")[3].trim();"
      },
      {
        "lineNumber": 150,
        "author": {
          "gitId": "leonlowzd"
        },
        "content": "        }"
      },
      {
        "lineNumber": 151,
        "author": {
          "gitId": "leonlowzd"
        },
        "content": "        else {"
      },
      {
        "lineNumber": 152,
        "author": {
          "gitId": "leonlowzd"
        },
        "content": "            date \u003d \"\";"
      },
      {
        "lineNumber": 153,
        "author": {
          "gitId": "leonlowzd"
        },
        "content": "        }"
      },
      {
        "lineNumber": 154,
        "author": {
          "gitId": "leonlowzd"
        },
        "content": "        return date;"
      },
      {
        "lineNumber": 155,
        "author": {
          "gitId": "leonlowzd"
        },
        "content": "    }"
      },
      {
        "lineNumber": 156,
        "author": {
          "gitId": "leonlowzd"
        },
        "content": ""
      },
      {
        "lineNumber": 157,
        "author": {
          "gitId": "leonlowzd"
        },
        "content": "}"
      }
    ],
    "authorContributionMap": {
      "leonlowzd": 157
    }
  },
  {
    "path": "src/main/java/Duke/Task.java",
    "fileType": "java",
    "lines": [
      {
        "lineNumber": 1,
        "author": {
          "gitId": "leonlowzd"
        },
        "content": "package Duke;"
      },
      {
        "lineNumber": 2,
        "author": {
          "gitId": "leonlowzd"
        },
        "content": ""
      },
      {
        "lineNumber": 3,
        "author": {
          "gitId": "leonlowzd"
        },
        "content": "public class Task {"
      },
      {
        "lineNumber": 4,
        "author": {
          "gitId": "leonlowzd"
        },
        "content": "    protected String description;"
      },
      {
        "lineNumber": 5,
        "author": {
          "gitId": "leonlowzd"
        },
        "content": "    protected boolean isDone;"
      },
      {
        "lineNumber": 6,
        "author": {
          "gitId": "leonlowzd"
        },
        "content": ""
      },
      {
        "lineNumber": 7,
        "author": {
          "gitId": "leonlowzd"
        },
        "content": "    public Task(String description) {"
      },
      {
        "lineNumber": 8,
        "author": {
          "gitId": "leonlowzd"
        },
        "content": "        this.description \u003d description;"
      },
      {
        "lineNumber": 9,
        "author": {
          "gitId": "leonlowzd"
        },
        "content": "        this.isDone \u003d false;"
      },
      {
        "lineNumber": 10,
        "author": {
          "gitId": "leonlowzd"
        },
        "content": "    }"
      },
      {
        "lineNumber": 11,
        "author": {
          "gitId": "leonlowzd"
        },
        "content": ""
      },
      {
        "lineNumber": 12,
        "author": {
          "gitId": "leonlowzd"
        },
        "content": "    public String getStatusIcon() {"
      },
      {
        "lineNumber": 13,
        "author": {
          "gitId": "leonlowzd"
        },
        "content": "        //return tick or X symbols"
      },
      {
        "lineNumber": 14,
        "author": {
          "gitId": "leonlowzd"
        },
        "content": "        return (isDone ? \"[\\u2713]\" : \"[\\u2718]\");"
      },
      {
        "lineNumber": 15,
        "author": {
          "gitId": "leonlowzd"
        },
        "content": "    }"
      },
      {
        "lineNumber": 16,
        "author": {
          "gitId": "leonlowzd"
        },
        "content": ""
      },
      {
        "lineNumber": 17,
        "author": {
          "gitId": "leonlowzd"
        },
        "content": "    public void markAsDone() {"
      },
      {
        "lineNumber": 18,
        "author": {
          "gitId": "leonlowzd"
        },
        "content": "        this.isDone \u003d true;"
      },
      {
        "lineNumber": 19,
        "author": {
          "gitId": "leonlowzd"
        },
        "content": "    }"
      },
      {
        "lineNumber": 20,
        "author": {
          "gitId": "leonlowzd"
        },
        "content": ""
      },
      {
        "lineNumber": 21,
        "author": {
          "gitId": "leonlowzd"
        },
        "content": "    public String toString(){"
      },
      {
        "lineNumber": 22,
        "author": {
          "gitId": "leonlowzd"
        },
        "content": "        return getStatusIcon() +\" \"+ this.description.trim();"
      },
      {
        "lineNumber": 23,
        "author": {
          "gitId": "leonlowzd"
        },
        "content": "    }"
      },
      {
        "lineNumber": 24,
        "author": {
          "gitId": "leonlowzd"
        },
        "content": "}"
      }
    ],
    "authorContributionMap": {
      "leonlowzd": 24
    }
  },
  {
    "path": "src/main/java/Duke/ToDo.java",
    "fileType": "java",
    "lines": [
      {
        "lineNumber": 1,
        "author": {
          "gitId": "leonlowzd"
        },
        "content": "package Duke;"
      },
      {
        "lineNumber": 2,
        "author": {
          "gitId": "leonlowzd"
        },
        "content": ""
      },
      {
        "lineNumber": 3,
        "author": {
          "gitId": "leonlowzd"
        },
        "content": "public class ToDo extends Task {"
      },
      {
        "lineNumber": 4,
        "author": {
          "gitId": "leonlowzd"
        },
        "content": "    protected boolean isDone;"
      },
      {
        "lineNumber": 5,
        "author": {
          "gitId": "leonlowzd"
        },
        "content": "    private String TASK_TYPE \u003d \"[T]\";"
      },
      {
        "lineNumber": 6,
        "author": {
          "gitId": "leonlowzd"
        },
        "content": ""
      },
      {
        "lineNumber": 7,
        "author": {
          "gitId": "leonlowzd"
        },
        "content": "    public ToDo(String description){"
      },
      {
        "lineNumber": 8,
        "author": {
          "gitId": "leonlowzd"
        },
        "content": "        super(description);"
      },
      {
        "lineNumber": 9,
        "author": {
          "gitId": "leonlowzd"
        },
        "content": "        isDone \u003d false;"
      },
      {
        "lineNumber": 10,
        "author": {
          "gitId": "leonlowzd"
        },
        "content": "    }"
      },
      {
        "lineNumber": 11,
        "author": {
          "gitId": "leonlowzd"
        },
        "content": "    @Override"
      },
      {
        "lineNumber": 12,
        "author": {
          "gitId": "leonlowzd"
        },
        "content": "    public String toString(){"
      },
      {
        "lineNumber": 13,
        "author": {
          "gitId": "leonlowzd"
        },
        "content": "        return getTaskType() + super.toString();"
      },
      {
        "lineNumber": 14,
        "author": {
          "gitId": "leonlowzd"
        },
        "content": "    }"
      },
      {
        "lineNumber": 15,
        "author": {
          "gitId": "leonlowzd"
        },
        "content": "    public String getTaskType() {"
      },
      {
        "lineNumber": 16,
        "author": {
          "gitId": "leonlowzd"
        },
        "content": "        return this.TASK_TYPE;"
      },
      {
        "lineNumber": 17,
        "author": {
          "gitId": "leonlowzd"
        },
        "content": "    }"
      },
      {
        "lineNumber": 18,
        "author": {
          "gitId": "leonlowzd"
        },
        "content": "}"
      }
    ],
    "authorContributionMap": {
      "leonlowzd": 18
    }
  },
  {
    "path": "src/main/java/Duke/exceptions/IllegalDate.java",
    "fileType": "java",
    "lines": [
      {
        "lineNumber": 1,
        "author": {
          "gitId": "leonlowzd"
        },
        "content": "package Duke.exceptions;"
      },
      {
        "lineNumber": 2,
        "author": {
          "gitId": "leonlowzd"
        },
        "content": ""
      },
      {
        "lineNumber": 3,
        "author": {
          "gitId": "leonlowzd"
        },
        "content": "public class IllegalDate extends Exception{"
      },
      {
        "lineNumber": 4,
        "author": {
          "gitId": "leonlowzd"
        },
        "content": "}"
      }
    ],
    "authorContributionMap": {
      "leonlowzd": 4
    }
  },
  {
    "path": "src/main/java/Duke/exceptions/IllegalDescription.java",
    "fileType": "java",
    "lines": [
      {
        "lineNumber": 1,
        "author": {
          "gitId": "leonlowzd"
        },
        "content": "package Duke.exceptions;"
      },
      {
        "lineNumber": 2,
        "author": {
          "gitId": "leonlowzd"
        },
        "content": ""
      },
      {
        "lineNumber": 3,
        "author": {
          "gitId": "leonlowzd"
        },
        "content": "public class IllegalDescription extends Exception {"
      },
      {
        "lineNumber": 4,
        "author": {
          "gitId": "leonlowzd"
        },
        "content": ""
      },
      {
        "lineNumber": 5,
        "author": {
          "gitId": "leonlowzd"
        },
        "content": "}"
      }
    ],
    "authorContributionMap": {
      "leonlowzd": 5
    }
  },
  {
    "path": "src/main/java/Duke/exceptions/IllegalIndex.java",
    "fileType": "java",
    "lines": [
      {
        "lineNumber": 1,
        "author": {
          "gitId": "leonlowzd"
        },
        "content": "package Duke.exceptions;"
      },
      {
        "lineNumber": 2,
        "author": {
          "gitId": "leonlowzd"
        },
        "content": ""
      },
      {
        "lineNumber": 3,
        "author": {
          "gitId": "leonlowzd"
        },
        "content": "public class IllegalIndex extends Exception {"
      },
      {
        "lineNumber": 4,
        "author": {
          "gitId": "leonlowzd"
        },
        "content": "}"
      }
    ],
    "authorContributionMap": {
      "leonlowzd": 4
    }
  },
  {
    "path": "text-ui-test/runtest.sh",
    "fileType": "sh",
    "lines": [
      {
        "lineNumber": 1,
        "author": {
          "gitId": "-"
        },
        "content": "#!/usr/bin/env bash"
      },
      {
        "lineNumber": 2,
        "author": {
          "gitId": "-"
        },
        "content": ""
      },
      {
        "lineNumber": 3,
        "author": {
          "gitId": "-"
        },
        "content": "# create bin directory if it doesn\u0027t exist"
      },
      {
        "lineNumber": 4,
        "author": {
          "gitId": "-"
        },
        "content": "if [ ! -d \"../bin\" ]"
      },
      {
        "lineNumber": 5,
        "author": {
          "gitId": "-"
        },
        "content": "then"
      },
      {
        "lineNumber": 6,
        "author": {
          "gitId": "-"
        },
        "content": "    mkdir ../bin"
      },
      {
        "lineNumber": 7,
        "author": {
          "gitId": "-"
        },
        "content": "fi"
      },
      {
        "lineNumber": 8,
        "author": {
          "gitId": "-"
        },
        "content": ""
      },
      {
        "lineNumber": 9,
        "author": {
          "gitId": "-"
        },
        "content": "# delete output from previous run"
      },
      {
        "lineNumber": 10,
        "author": {
          "gitId": "-"
        },
        "content": "if [ -e \"./ACTUAL.TXT\" ]"
      },
      {
        "lineNumber": 11,
        "author": {
          "gitId": "-"
        },
        "content": "then"
      },
      {
        "lineNumber": 12,
        "author": {
          "gitId": "-"
        },
        "content": "    rm ACTUAL.TXT"
      },
      {
        "lineNumber": 13,
        "author": {
          "gitId": "-"
        },
        "content": "fi"
      },
      {
        "lineNumber": 14,
        "author": {
          "gitId": "-"
        },
        "content": ""
      },
      {
        "lineNumber": 15,
        "author": {
          "gitId": "-"
        },
        "content": "# compile the code into the bin folder, terminates if error occurred"
      },
      {
        "lineNumber": 16,
        "author": {
          "gitId": "leonlowzd"
        },
        "content": "if ! javac -cp ../src -Xlint:none -d ../bin ../src/main/java/*.java"
      },
      {
        "lineNumber": 17,
        "author": {
          "gitId": "-"
        },
        "content": "then"
      },
      {
        "lineNumber": 18,
        "author": {
          "gitId": "-"
        },
        "content": "    echo \"********** BUILD FAILURE **********\""
      },
      {
        "lineNumber": 19,
        "author": {
          "gitId": "-"
        },
        "content": "    exit 1"
      },
      {
        "lineNumber": 20,
        "author": {
          "gitId": "-"
        },
        "content": "fi"
      },
      {
        "lineNumber": 21,
        "author": {
          "gitId": "-"
        },
        "content": ""
      },
      {
        "lineNumber": 22,
        "author": {
          "gitId": "-"
        },
        "content": "# run the program, feed commands from input.txt file and redirect the output to the ACTUAL.TXT"
      },
      {
        "lineNumber": 23,
        "author": {
          "gitId": "-"
        },
        "content": "java -classpath ../bin Duke \u003c input.txt \u003e ACTUAL.TXT"
      },
      {
        "lineNumber": 24,
        "author": {
          "gitId": "-"
        },
        "content": ""
      },
      {
        "lineNumber": 25,
        "author": {
          "gitId": "-"
        },
        "content": "# convert to UNIX format"
      },
      {
        "lineNumber": 26,
        "author": {
          "gitId": "-"
        },
        "content": "cp EXPECTED.TXT EXPECTED-UNIX.TXT"
      },
      {
        "lineNumber": 27,
        "author": {
          "gitId": "-"
        },
        "content": "dos2unix ACTUAL.TXT EXPECTED-UNIX.TXT"
      },
      {
        "lineNumber": 28,
        "author": {
          "gitId": "-"
        },
        "content": ""
      },
      {
        "lineNumber": 29,
        "author": {
          "gitId": "-"
        },
        "content": "# compare the output to the expected output"
      },
      {
        "lineNumber": 30,
        "author": {
          "gitId": "-"
        },
        "content": "diff ACTUAL.TXT EXPECTED-UNIX.TXT"
      },
      {
        "lineNumber": 31,
        "author": {
          "gitId": "-"
        },
        "content": "if [ $? -eq 0 ]"
      },
      {
        "lineNumber": 32,
        "author": {
          "gitId": "-"
        },
        "content": "then"
      },
      {
        "lineNumber": 33,
        "author": {
          "gitId": "-"
        },
        "content": "    echo \"Test result: PASSED\""
      },
      {
        "lineNumber": 34,
        "author": {
          "gitId": "-"
        },
        "content": "    exit 0"
      },
      {
        "lineNumber": 35,
        "author": {
          "gitId": "-"
        },
        "content": "else"
      },
      {
        "lineNumber": 36,
        "author": {
          "gitId": "-"
        },
        "content": "    echo \"Test result: FAILED\""
      },
      {
        "lineNumber": 37,
        "author": {
          "gitId": "-"
        },
        "content": "    exit 1"
      },
      {
        "lineNumber": 38,
        "author": {
          "gitId": "-"
        },
        "content": "fi"
      }
    ],
    "authorContributionMap": {
      "leonlowzd": 1,
      "-": 37
    }
  }
]
