[
  {
    "path": "README.md",
    "fileType": "md",
    "lines": [
      {
        "lineNumber": 1,
        "author": {
          "gitId": "abnermtj"
        },
        "content": "# Notes"
      },
      {
        "lineNumber": 2,
        "author": {
          "gitId": "abnermtj"
        },
        "content": "Minimally, commit after completing each increment."
      },
      {
        "lineNumber": 3,
        "author": {
          "gitId": "abnermtj"
        },
        "content": ""
      },
      {
        "lineNumber": 4,
        "author": {
          "gitId": "-"
        },
        "content": "# Duke project template"
      },
      {
        "lineNumber": 5,
        "author": {
          "gitId": "-"
        },
        "content": ""
      },
      {
        "lineNumber": 6,
        "author": {
          "gitId": "-"
        },
        "content": "This is a project template for a greenfield Java project. It\u0027s named after the Java mascot _Duke_. Given below are instructions on how to use it."
      },
      {
        "lineNumber": 7,
        "author": {
          "gitId": "-"
        },
        "content": ""
      },
      {
        "lineNumber": 8,
        "author": {
          "gitId": "-"
        },
        "content": "## Setting up in Intellij"
      },
      {
        "lineNumber": 9,
        "author": {
          "gitId": "-"
        },
        "content": ""
      },
      {
        "lineNumber": 10,
        "author": {
          "gitId": "-"
        },
        "content": "Prerequisites: JDK 11, update Intellij to the most recent version."
      },
      {
        "lineNumber": 11,
        "author": {
          "gitId": "-"
        },
        "content": ""
      },
      {
        "lineNumber": 12,
        "author": {
          "gitId": "-"
        },
        "content": "1. Open Intellij (if you are not in the welcome screen, click `File` \u003e `Close Project` to close the existing project dialog first)"
      },
      {
        "lineNumber": 13,
        "author": {
          "gitId": "-"
        },
        "content": "1. Set up the correct JDK version, as follows:"
      },
      {
        "lineNumber": 14,
        "author": {
          "gitId": "-"
        },
        "content": "   1. Click `Configure` \u003e `Structure for New Projects` and then `Project Settings` \u003e `Project` \u003e `Project SDK`"
      },
      {
        "lineNumber": 15,
        "author": {
          "gitId": "-"
        },
        "content": "   1. If JDK 11 is listed in the drop down, select it. If it is not, click `New...` and select the directory where you installed JDK 11"
      },
      {
        "lineNumber": 16,
        "author": {
          "gitId": "-"
        },
        "content": "   1. Click `OK`"
      },
      {
        "lineNumber": 17,
        "author": {
          "gitId": "-"
        },
        "content": "1. Import the project into Intellij as follows:"
      },
      {
        "lineNumber": 18,
        "author": {
          "gitId": "-"
        },
        "content": "   1. Click `Open or Import`."
      },
      {
        "lineNumber": 19,
        "author": {
          "gitId": "-"
        },
        "content": "   1. Select the project directory, and click `OK`"
      },
      {
        "lineNumber": 20,
        "author": {
          "gitId": "-"
        },
        "content": "   1. If there are any further prompts, accept the defaults."
      },
      {
        "lineNumber": 21,
        "author": {
          "gitId": "-"
        },
        "content": "1. After the importing is complete, locate the `src/main/java/Duke.java` file, right-click it, and choose `Run Duke.main()`. If the setup is correct, you should see something like the below:"
      },
      {
        "lineNumber": 22,
        "author": {
          "gitId": "-"
        },
        "content": "   ```"
      },
      {
        "lineNumber": 23,
        "author": {
          "gitId": "-"
        },
        "content": "   Hello from"
      },
      {
        "lineNumber": 24,
        "author": {
          "gitId": "-"
        },
        "content": "    ____        _        "
      },
      {
        "lineNumber": 25,
        "author": {
          "gitId": "-"
        },
        "content": "   |  _ \\ _   _| | _____ "
      },
      {
        "lineNumber": 26,
        "author": {
          "gitId": "-"
        },
        "content": "   | | | | | | | |/ / _ \\"
      },
      {
        "lineNumber": 27,
        "author": {
          "gitId": "-"
        },
        "content": "   | |_| | |_| |   \u003c  __/"
      },
      {
        "lineNumber": 28,
        "author": {
          "gitId": "-"
        },
        "content": "   |____/ \\__,_|_|\\_\\___|"
      },
      {
        "lineNumber": 29,
        "author": {
          "gitId": "-"
        },
        "content": "   ```"
      }
    ],
    "authorContributionMap": {
      "abnermtj": 3,
      "-": 26
    }
  },
  {
    "path": "src/main/java/duke/Duke.java",
    "fileType": "java",
    "lines": [
      {
        "lineNumber": 1,
        "author": {
          "gitId": "abnermtj"
        },
        "content": "package duke;"
      },
      {
        "lineNumber": 2,
        "author": {
          "gitId": "abnermtj"
        },
        "content": ""
      },
      {
        "lineNumber": 3,
        "author": {
          "gitId": "abnermtj"
        },
        "content": "import java.util.Scanner;"
      },
      {
        "lineNumber": 4,
        "author": {
          "gitId": "abnermtj"
        },
        "content": "import duke.task.*;"
      },
      {
        "lineNumber": 5,
        "author": {
          "gitId": "abnermtj"
        },
        "content": "import duke.exception.DukeException;"
      },
      {
        "lineNumber": 6,
        "author": {
          "gitId": "abnermtj"
        },
        "content": ""
      },
      {
        "lineNumber": 7,
        "author": {
          "gitId": "-"
        },
        "content": "public class Duke {"
      },
      {
        "lineNumber": 8,
        "author": {
          "gitId": "abnermtj"
        },
        "content": "    public static final int NUM_ARGS_DEADLINE \u003d 2;"
      },
      {
        "lineNumber": 9,
        "author": {
          "gitId": "abnermtj"
        },
        "content": "    public static final int NUM_ARGS_EVENT \u003d 2;"
      },
      {
        "lineNumber": 10,
        "author": {
          "gitId": "abnermtj"
        },
        "content": ""
      },
      {
        "lineNumber": 11,
        "author": {
          "gitId": "abnermtj"
        },
        "content": "    public static Scanner scanner \u003d new Scanner(System.in);"
      },
      {
        "lineNumber": 12,
        "author": {
          "gitId": "abnermtj"
        },
        "content": "    public static Task[] tasksList \u003d new Task[100];"
      },
      {
        "lineNumber": 13,
        "author": {
          "gitId": "abnermtj"
        },
        "content": "    public static int tasksListIndex \u003d 0;"
      },
      {
        "lineNumber": 14,
        "author": {
          "gitId": "abnermtj"
        },
        "content": "    public static boolean programIsRunning \u003d true;"
      },
      {
        "lineNumber": 15,
        "author": {
          "gitId": "abnermtj"
        },
        "content": ""
      },
      {
        "lineNumber": 16,
        "author": {
          "gitId": "abnermtj"
        },
        "content": "    public static void main(String[] args) {"
      },
      {
        "lineNumber": 17,
        "author": {
          "gitId": "abnermtj"
        },
        "content": "        printHomeScreen();"
      },
      {
        "lineNumber": 18,
        "author": {
          "gitId": "abnermtj"
        },
        "content": ""
      },
      {
        "lineNumber": 19,
        "author": {
          "gitId": "abnermtj"
        },
        "content": "        while(programIsRunning){"
      },
      {
        "lineNumber": 20,
        "author": {
          "gitId": "abnermtj"
        },
        "content": "            String[] input;"
      },
      {
        "lineNumber": 21,
        "author": {
          "gitId": "abnermtj"
        },
        "content": "            input \u003d getInputSeparateCommandAndDescription();"
      },
      {
        "lineNumber": 22,
        "author": {
          "gitId": "abnermtj"
        },
        "content": ""
      },
      {
        "lineNumber": 23,
        "author": {
          "gitId": "abnermtj"
        },
        "content": "            String command \u003d input[0];"
      },
      {
        "lineNumber": 24,
        "author": {
          "gitId": "abnermtj"
        },
        "content": "            String description \u003d \"\";"
      },
      {
        "lineNumber": 25,
        "author": {
          "gitId": "abnermtj"
        },
        "content": "            if(input.length \u003d\u003d 2)"
      },
      {
        "lineNumber": 26,
        "author": {
          "gitId": "abnermtj"
        },
        "content": "               description \u003d input[1];"
      },
      {
        "lineNumber": 27,
        "author": {
          "gitId": "abnermtj"
        },
        "content": ""
      },
      {
        "lineNumber": 28,
        "author": {
          "gitId": "abnermtj"
        },
        "content": "            try {"
      },
      {
        "lineNumber": 29,
        "author": {
          "gitId": "abnermtj"
        },
        "content": "                switch(command) {"
      },
      {
        "lineNumber": 30,
        "author": {
          "gitId": "abnermtj"
        },
        "content": "                case \"bye\":"
      },
      {
        "lineNumber": 31,
        "author": {
          "gitId": "abnermtj"
        },
        "content": "                    handleByeCommand();"
      },
      {
        "lineNumber": 32,
        "author": {
          "gitId": "abnermtj"
        },
        "content": "                    break;"
      },
      {
        "lineNumber": 33,
        "author": {
          "gitId": "abnermtj"
        },
        "content": "                case \"list\":"
      },
      {
        "lineNumber": 34,
        "author": {
          "gitId": "abnermtj"
        },
        "content": "                    handleListCommand();"
      },
      {
        "lineNumber": 35,
        "author": {
          "gitId": "abnermtj"
        },
        "content": "                    break;"
      },
      {
        "lineNumber": 36,
        "author": {
          "gitId": "abnermtj"
        },
        "content": "                case \"done\":"
      },
      {
        "lineNumber": 37,
        "author": {
          "gitId": "abnermtj"
        },
        "content": "                    handleDoneCommand(description);"
      },
      {
        "lineNumber": 38,
        "author": {
          "gitId": "abnermtj"
        },
        "content": "                    break;"
      },
      {
        "lineNumber": 39,
        "author": {
          "gitId": "abnermtj"
        },
        "content": "                case \"todo\": // Fallthrough"
      },
      {
        "lineNumber": 40,
        "author": {
          "gitId": "abnermtj"
        },
        "content": "                case \"deadline\": // Fallthrough"
      },
      {
        "lineNumber": 41,
        "author": {
          "gitId": "abnermtj"
        },
        "content": "                case \"event\":"
      },
      {
        "lineNumber": 42,
        "author": {
          "gitId": "abnermtj"
        },
        "content": "                    handleAddCommand(command, description);"
      },
      {
        "lineNumber": 43,
        "author": {
          "gitId": "abnermtj"
        },
        "content": "                    break;"
      },
      {
        "lineNumber": 44,
        "author": {
          "gitId": "abnermtj"
        },
        "content": "                default:"
      },
      {
        "lineNumber": 45,
        "author": {
          "gitId": "abnermtj"
        },
        "content": "                    throw new DukeException(\"Duke does not understand that command\");"
      },
      {
        "lineNumber": 46,
        "author": {
          "gitId": "abnermtj"
        },
        "content": "                }"
      },
      {
        "lineNumber": 47,
        "author": {
          "gitId": "abnermtj"
        },
        "content": "            } catch(DukeException exception) {"
      },
      {
        "lineNumber": 48,
        "author": {
          "gitId": "abnermtj"
        },
        "content": "                handleException(exception);"
      },
      {
        "lineNumber": 49,
        "author": {
          "gitId": "abnermtj"
        },
        "content": "            }"
      },
      {
        "lineNumber": 50,
        "author": {
          "gitId": "abnermtj"
        },
        "content": "        }"
      },
      {
        "lineNumber": 51,
        "author": {
          "gitId": "abnermtj"
        },
        "content": "        printExitScreen();"
      },
      {
        "lineNumber": 52,
        "author": {
          "gitId": "abnermtj"
        },
        "content": "    }"
      },
      {
        "lineNumber": 53,
        "author": {
          "gitId": "abnermtj"
        },
        "content": ""
      },
      {
        "lineNumber": 54,
        "author": {
          "gitId": "abnermtj"
        },
        "content": "    public static void printHomeScreen(){"
      },
      {
        "lineNumber": 55,
        "author": {
          "gitId": "abnermtj"
        },
        "content": "        printLineSeparator();"
      },
      {
        "lineNumber": 56,
        "author": {
          "gitId": "abnermtj"
        },
        "content": "        System.out.println(\"Hello! I\u0027m Duke\" + System.lineSeparator() +"
      },
      {
        "lineNumber": 57,
        "author": {
          "gitId": "abnermtj"
        },
        "content": "                            \"What can I do for you?\");"
      },
      {
        "lineNumber": 58,
        "author": {
          "gitId": "abnermtj"
        },
        "content": "        printLineSeparator();"
      },
      {
        "lineNumber": 59,
        "author": {
          "gitId": "abnermtj"
        },
        "content": "    }"
      },
      {
        "lineNumber": 60,
        "author": {
          "gitId": "abnermtj"
        },
        "content": ""
      },
      {
        "lineNumber": 61,
        "author": {
          "gitId": "abnermtj"
        },
        "content": "    public static void printExitScreen() {"
      },
      {
        "lineNumber": 62,
        "author": {
          "gitId": "abnermtj"
        },
        "content": "        System.out.println(\"Bye. Hope to see you again soon!\");"
      },
      {
        "lineNumber": 63,
        "author": {
          "gitId": "abnermtj"
        },
        "content": "        printLineSeparator();"
      },
      {
        "lineNumber": 64,
        "author": {
          "gitId": "abnermtj"
        },
        "content": "    }"
      },
      {
        "lineNumber": 65,
        "author": {
          "gitId": "abnermtj"
        },
        "content": ""
      },
      {
        "lineNumber": 66,
        "author": {
          "gitId": "abnermtj"
        },
        "content": "    public static void printLineSeparator(){"
      },
      {
        "lineNumber": 67,
        "author": {
          "gitId": "abnermtj"
        },
        "content": "        System.out.println(\"---------------------------------------\");"
      },
      {
        "lineNumber": 68,
        "author": {
          "gitId": "abnermtj"
        },
        "content": "    }"
      },
      {
        "lineNumber": 69,
        "author": {
          "gitId": "abnermtj"
        },
        "content": ""
      },
      {
        "lineNumber": 70,
        "author": {
          "gitId": "abnermtj"
        },
        "content": "    public static void printSuccessfulAddEntry(Task newTask) {"
      },
      {
        "lineNumber": 71,
        "author": {
          "gitId": "abnermtj"
        },
        "content": "        printLineSeparator();"
      },
      {
        "lineNumber": 72,
        "author": {
          "gitId": "abnermtj"
        },
        "content": ""
      },
      {
        "lineNumber": 73,
        "author": {
          "gitId": "abnermtj"
        },
        "content": "        System.out.print(\"Got it. I\u0027ve added this task:\" + System.lineSeparator() +"
      },
      {
        "lineNumber": 74,
        "author": {
          "gitId": "abnermtj"
        },
        "content": "                \"\\t\" + newTask + System.lineSeparator()"
      },
      {
        "lineNumber": 75,
        "author": {
          "gitId": "abnermtj"
        },
        "content": "                +\"Now you have \" + tasksListIndex + \" task\");"
      },
      {
        "lineNumber": 76,
        "author": {
          "gitId": "abnermtj"
        },
        "content": ""
      },
      {
        "lineNumber": 77,
        "author": {
          "gitId": "abnermtj"
        },
        "content": "        if(tasksListIndex \u003e 1) {"
      },
      {
        "lineNumber": 78,
        "author": {
          "gitId": "abnermtj"
        },
        "content": "            System.out.print(\"s\");"
      },
      {
        "lineNumber": 79,
        "author": {
          "gitId": "abnermtj"
        },
        "content": "        }"
      },
      {
        "lineNumber": 80,
        "author": {
          "gitId": "abnermtj"
        },
        "content": ""
      },
      {
        "lineNumber": 81,
        "author": {
          "gitId": "abnermtj"
        },
        "content": "        System.out.println(\" in the list.\");"
      },
      {
        "lineNumber": 82,
        "author": {
          "gitId": "abnermtj"
        },
        "content": ""
      },
      {
        "lineNumber": 83,
        "author": {
          "gitId": "abnermtj"
        },
        "content": "        printLineSeparator();"
      },
      {
        "lineNumber": 84,
        "author": {
          "gitId": "abnermtj"
        },
        "content": "    }"
      },
      {
        "lineNumber": 85,
        "author": {
          "gitId": "abnermtj"
        },
        "content": ""
      },
      {
        "lineNumber": 86,
        "author": {
          "gitId": "abnermtj"
        },
        "content": "    public static void handleByeCommand(){"
      },
      {
        "lineNumber": 87,
        "author": {
          "gitId": "abnermtj"
        },
        "content": "        programIsRunning \u003d false;"
      },
      {
        "lineNumber": 88,
        "author": {
          "gitId": "abnermtj"
        },
        "content": "    }"
      },
      {
        "lineNumber": 89,
        "author": {
          "gitId": "abnermtj"
        },
        "content": ""
      },
      {
        "lineNumber": 90,
        "author": {
          "gitId": "abnermtj"
        },
        "content": "    public static String[] getInputSeparateCommandAndDescription(){"
      },
      {
        "lineNumber": 91,
        "author": {
          "gitId": "abnermtj"
        },
        "content": "        String input \u003d scanner.nextLine();"
      },
      {
        "lineNumber": 92,
        "author": {
          "gitId": "abnermtj"
        },
        "content": "        input \u003d input.trim();"
      },
      {
        "lineNumber": 93,
        "author": {
          "gitId": "abnermtj"
        },
        "content": ""
      },
      {
        "lineNumber": 94,
        "author": {
          "gitId": "abnermtj"
        },
        "content": "        String[] commands;"
      },
      {
        "lineNumber": 95,
        "author": {
          "gitId": "abnermtj"
        },
        "content": "        commands \u003d input.split(\" \", 2);"
      },
      {
        "lineNumber": 96,
        "author": {
          "gitId": "abnermtj"
        },
        "content": ""
      },
      {
        "lineNumber": 97,
        "author": {
          "gitId": "abnermtj"
        },
        "content": "        return commands;"
      },
      {
        "lineNumber": 98,
        "author": {
          "gitId": "abnermtj"
        },
        "content": "    }"
      },
      {
        "lineNumber": 99,
        "author": {
          "gitId": "abnermtj"
        },
        "content": ""
      },
      {
        "lineNumber": 100,
        "author": {
          "gitId": "abnermtj"
        },
        "content": "    public static void handleListCommand() {"
      },
      {
        "lineNumber": 101,
        "author": {
          "gitId": "abnermtj"
        },
        "content": "        int entryNum \u003d 1;"
      },
      {
        "lineNumber": 102,
        "author": {
          "gitId": "abnermtj"
        },
        "content": ""
      },
      {
        "lineNumber": 103,
        "author": {
          "gitId": "abnermtj"
        },
        "content": "        printLineSeparator();"
      },
      {
        "lineNumber": 104,
        "author": {
          "gitId": "abnermtj"
        },
        "content": ""
      },
      {
        "lineNumber": 105,
        "author": {
          "gitId": "abnermtj"
        },
        "content": "        for(Task task : tasksList) {"
      },
      {
        "lineNumber": 106,
        "author": {
          "gitId": "abnermtj"
        },
        "content": "            if(task \u003d\u003d null) {"
      },
      {
        "lineNumber": 107,
        "author": {
          "gitId": "abnermtj"
        },
        "content": "                break;"
      },
      {
        "lineNumber": 108,
        "author": {
          "gitId": "abnermtj"
        },
        "content": "            } else {"
      },
      {
        "lineNumber": 109,
        "author": {
          "gitId": "abnermtj"
        },
        "content": "                System.out.println(entryNum + \".\" + task);"
      },
      {
        "lineNumber": 110,
        "author": {
          "gitId": "abnermtj"
        },
        "content": "                entryNum++;"
      },
      {
        "lineNumber": 111,
        "author": {
          "gitId": "abnermtj"
        },
        "content": "            }"
      },
      {
        "lineNumber": 112,
        "author": {
          "gitId": "abnermtj"
        },
        "content": "        }"
      },
      {
        "lineNumber": 113,
        "author": {
          "gitId": "abnermtj"
        },
        "content": ""
      },
      {
        "lineNumber": 114,
        "author": {
          "gitId": "abnermtj"
        },
        "content": "        printLineSeparator();"
      },
      {
        "lineNumber": 115,
        "author": {
          "gitId": "abnermtj"
        },
        "content": "    }"
      },
      {
        "lineNumber": 116,
        "author": {
          "gitId": "abnermtj"
        },
        "content": ""
      },
      {
        "lineNumber": 117,
        "author": {
          "gitId": "abnermtj"
        },
        "content": "    public static void handleDoneCommand(String description) throws DukeException{"
      },
      {
        "lineNumber": 118,
        "author": {
          "gitId": "abnermtj"
        },
        "content": "        if(description.equals(\"\")){"
      },
      {
        "lineNumber": 119,
        "author": {
          "gitId": "abnermtj"
        },
        "content": "            throw new DukeException(\"The done command format is: done \u003ctaskDescription\u003e\");"
      },
      {
        "lineNumber": 120,
        "author": {
          "gitId": "abnermtj"
        },
        "content": "        }"
      },
      {
        "lineNumber": 121,
        "author": {
          "gitId": "abnermtj"
        },
        "content": ""
      },
      {
        "lineNumber": 122,
        "author": {
          "gitId": "abnermtj"
        },
        "content": "        // Looks for a task with matching the description task and marks it as done"
      },
      {
        "lineNumber": 123,
        "author": {
          "gitId": "abnermtj"
        },
        "content": "        for(Task task : tasksList) {"
      },
      {
        "lineNumber": 124,
        "author": {
          "gitId": "abnermtj"
        },
        "content": "            if(task \u003d\u003d null) {"
      },
      {
        "lineNumber": 125,
        "author": {
          "gitId": "abnermtj"
        },
        "content": "                throw new DukeException(\"Task not found\");"
      },
      {
        "lineNumber": 126,
        "author": {
          "gitId": "abnermtj"
        },
        "content": "            } else if(task.description.equals(description) \u0026\u0026 !task.isDone ) {"
      },
      {
        "lineNumber": 127,
        "author": {
          "gitId": "abnermtj"
        },
        "content": "                task.isDone \u003d true;"
      },
      {
        "lineNumber": 128,
        "author": {
          "gitId": "abnermtj"
        },
        "content": ""
      },
      {
        "lineNumber": 129,
        "author": {
          "gitId": "abnermtj"
        },
        "content": "                System.out.println(\"Nice! I\u0027ve marked this task as done:\" + System.lineSeparator() +"
      },
      {
        "lineNumber": 130,
        "author": {
          "gitId": "abnermtj"
        },
        "content": "                                    \"\\t\" + task);"
      },
      {
        "lineNumber": 131,
        "author": {
          "gitId": "abnermtj"
        },
        "content": "                printLineSeparator();"
      },
      {
        "lineNumber": 132,
        "author": {
          "gitId": "abnermtj"
        },
        "content": ""
      },
      {
        "lineNumber": 133,
        "author": {
          "gitId": "abnermtj"
        },
        "content": "                return;"
      },
      {
        "lineNumber": 134,
        "author": {
          "gitId": "abnermtj"
        },
        "content": "            }"
      },
      {
        "lineNumber": 135,
        "author": {
          "gitId": "abnermtj"
        },
        "content": "        }"
      },
      {
        "lineNumber": 136,
        "author": {
          "gitId": "abnermtj"
        },
        "content": "    }"
      },
      {
        "lineNumber": 137,
        "author": {
          "gitId": "abnermtj"
        },
        "content": ""
      },
      {
        "lineNumber": 138,
        "author": {
          "gitId": "abnermtj"
        },
        "content": "    public static void handleAddCommand(String command, String description) throws DukeException {"
      },
      {
        "lineNumber": 139,
        "author": {
          "gitId": "abnermtj"
        },
        "content": "        Task newTask \u003d null;"
      },
      {
        "lineNumber": 140,
        "author": {
          "gitId": "abnermtj"
        },
        "content": ""
      },
      {
        "lineNumber": 141,
        "author": {
          "gitId": "abnermtj"
        },
        "content": "        switch(command){"
      },
      {
        "lineNumber": 142,
        "author": {
          "gitId": "abnermtj"
        },
        "content": "        case \"todo\" :"
      },
      {
        "lineNumber": 143,
        "author": {
          "gitId": "abnermtj"
        },
        "content": "            newTask \u003d createToDo(description);"
      },
      {
        "lineNumber": 144,
        "author": {
          "gitId": "abnermtj"
        },
        "content": "            break;"
      },
      {
        "lineNumber": 145,
        "author": {
          "gitId": "abnermtj"
        },
        "content": "        case \"deadline\" :"
      },
      {
        "lineNumber": 146,
        "author": {
          "gitId": "abnermtj"
        },
        "content": "            newTask \u003d createDeadline(description);"
      },
      {
        "lineNumber": 147,
        "author": {
          "gitId": "abnermtj"
        },
        "content": "            break;"
      },
      {
        "lineNumber": 148,
        "author": {
          "gitId": "abnermtj"
        },
        "content": "        case \"event\":"
      },
      {
        "lineNumber": 149,
        "author": {
          "gitId": "abnermtj"
        },
        "content": "            newTask \u003d createEvent(description);"
      },
      {
        "lineNumber": 150,
        "author": {
          "gitId": "abnermtj"
        },
        "content": "            break;"
      },
      {
        "lineNumber": 151,
        "author": {
          "gitId": "abnermtj"
        },
        "content": "        default:"
      },
      {
        "lineNumber": 152,
        "author": {
          "gitId": "abnermtj"
        },
        "content": "            break;"
      },
      {
        "lineNumber": 153,
        "author": {
          "gitId": "abnermtj"
        },
        "content": "        }"
      },
      {
        "lineNumber": 154,
        "author": {
          "gitId": "abnermtj"
        },
        "content": ""
      },
      {
        "lineNumber": 155,
        "author": {
          "gitId": "abnermtj"
        },
        "content": "        if(newTask \u003d\u003d null){"
      },
      {
        "lineNumber": 156,
        "author": {
          "gitId": "abnermtj"
        },
        "content": "            throw new DukeException(\"Unable to create the new Task\");"
      },
      {
        "lineNumber": 157,
        "author": {
          "gitId": "abnermtj"
        },
        "content": "        }"
      },
      {
        "lineNumber": 158,
        "author": {
          "gitId": "abnermtj"
        },
        "content": ""
      },
      {
        "lineNumber": 159,
        "author": {
          "gitId": "abnermtj"
        },
        "content": "        tasksList[tasksListIndex] \u003d newTask;"
      },
      {
        "lineNumber": 160,
        "author": {
          "gitId": "abnermtj"
        },
        "content": "        tasksListIndex++;"
      },
      {
        "lineNumber": 161,
        "author": {
          "gitId": "abnermtj"
        },
        "content": ""
      },
      {
        "lineNumber": 162,
        "author": {
          "gitId": "abnermtj"
        },
        "content": "        printSuccessfulAddEntry(newTask);"
      },
      {
        "lineNumber": 163,
        "author": {
          "gitId": "abnermtj"
        },
        "content": "    }"
      },
      {
        "lineNumber": 164,
        "author": {
          "gitId": "abnermtj"
        },
        "content": ""
      },
      {
        "lineNumber": 165,
        "author": {
          "gitId": "abnermtj"
        },
        "content": "    public static void handleException(DukeException exception){"
      },
      {
        "lineNumber": 166,
        "author": {
          "gitId": "abnermtj"
        },
        "content": "        System.out.println(\"Exception!\" + System.lineSeparator() +"
      },
      {
        "lineNumber": 167,
        "author": {
          "gitId": "abnermtj"
        },
        "content": "                            \"\\t\" + exception.description);"
      },
      {
        "lineNumber": 168,
        "author": {
          "gitId": "abnermtj"
        },
        "content": "    }"
      },
      {
        "lineNumber": 169,
        "author": {
          "gitId": "abnermtj"
        },
        "content": "    public static Todo createToDo(String description) throws DukeException{"
      },
      {
        "lineNumber": 170,
        "author": {
          "gitId": "abnermtj"
        },
        "content": "        if (description.equals(\"\")){"
      },
      {
        "lineNumber": 171,
        "author": {
          "gitId": "abnermtj"
        },
        "content": "            throw new DukeException(\"The todo format is: todo \u003cdesc\u003e\");"
      },
      {
        "lineNumber": 172,
        "author": {
          "gitId": "abnermtj"
        },
        "content": "        }"
      },
      {
        "lineNumber": 173,
        "author": {
          "gitId": "abnermtj"
        },
        "content": "        return new Todo(description);"
      },
      {
        "lineNumber": 174,
        "author": {
          "gitId": "abnermtj"
        },
        "content": "    }"
      },
      {
        "lineNumber": 175,
        "author": {
          "gitId": "abnermtj"
        },
        "content": ""
      },
      {
        "lineNumber": 176,
        "author": {
          "gitId": "abnermtj"
        },
        "content": "    public static Deadlines createDeadline(String description) throws DukeException{"
      },
      {
        "lineNumber": 177,
        "author": {
          "gitId": "abnermtj"
        },
        "content": "        String[] taskDetails \u003d description.split(\" /by \");"
      },
      {
        "lineNumber": 178,
        "author": {
          "gitId": "abnermtj"
        },
        "content": "        if(taskDetails.length \u003c NUM_ARGS_DEADLINE){"
      },
      {
        "lineNumber": 179,
        "author": {
          "gitId": "abnermtj"
        },
        "content": "            throw new DukeException(\"The deadline format is: deadline \u003cdesc\u003e /by \u003ctime\u003e\");"
      },
      {
        "lineNumber": 180,
        "author": {
          "gitId": "abnermtj"
        },
        "content": "        }"
      },
      {
        "lineNumber": 181,
        "author": {
          "gitId": "abnermtj"
        },
        "content": ""
      },
      {
        "lineNumber": 182,
        "author": {
          "gitId": "abnermtj"
        },
        "content": "        return new Deadlines(taskDetails[0], taskDetails[1]);"
      },
      {
        "lineNumber": 183,
        "author": {
          "gitId": "abnermtj"
        },
        "content": "    }"
      },
      {
        "lineNumber": 184,
        "author": {
          "gitId": "abnermtj"
        },
        "content": ""
      },
      {
        "lineNumber": 185,
        "author": {
          "gitId": "abnermtj"
        },
        "content": "    public static Event createEvent(String description) throws DukeException{"
      },
      {
        "lineNumber": 186,
        "author": {
          "gitId": "abnermtj"
        },
        "content": "        String[] taskDetails \u003d description.split(\" /at \");"
      },
      {
        "lineNumber": 187,
        "author": {
          "gitId": "abnermtj"
        },
        "content": "        if(taskDetails.length \u003c NUM_ARGS_EVENT){"
      },
      {
        "lineNumber": 188,
        "author": {
          "gitId": "abnermtj"
        },
        "content": "            throw new DukeException(\"The event format is: event \u003cdesc\u003e /at \u003ctime\u003e\");"
      },
      {
        "lineNumber": 189,
        "author": {
          "gitId": "abnermtj"
        },
        "content": "        }"
      },
      {
        "lineNumber": 190,
        "author": {
          "gitId": "abnermtj"
        },
        "content": ""
      },
      {
        "lineNumber": 191,
        "author": {
          "gitId": "abnermtj"
        },
        "content": "        return new Event(taskDetails[0], taskDetails[1]);"
      },
      {
        "lineNumber": 192,
        "author": {
          "gitId": "abnermtj"
        },
        "content": "    }"
      },
      {
        "lineNumber": 193,
        "author": {
          "gitId": "abnermtj"
        },
        "content": ""
      },
      {
        "lineNumber": 194,
        "author": {
          "gitId": "-"
        },
        "content": "}"
      }
    ],
    "authorContributionMap": {
      "abnermtj": 192,
      "-": 2
    }
  },
  {
    "path": "src/main/java/duke/exception/DukeException.java",
    "fileType": "java",
    "lines": [
      {
        "lineNumber": 1,
        "author": {
          "gitId": "abnermtj"
        },
        "content": "package duke.exception;"
      },
      {
        "lineNumber": 2,
        "author": {
          "gitId": "abnermtj"
        },
        "content": ""
      },
      {
        "lineNumber": 3,
        "author": {
          "gitId": "abnermtj"
        },
        "content": "public class DukeException extends Exception{"
      },
      {
        "lineNumber": 4,
        "author": {
          "gitId": "abnermtj"
        },
        "content": "    public String description;"
      },
      {
        "lineNumber": 5,
        "author": {
          "gitId": "abnermtj"
        },
        "content": ""
      },
      {
        "lineNumber": 6,
        "author": {
          "gitId": "abnermtj"
        },
        "content": "    public DukeException (String description){"
      },
      {
        "lineNumber": 7,
        "author": {
          "gitId": "abnermtj"
        },
        "content": "        this.description \u003d description;"
      },
      {
        "lineNumber": 8,
        "author": {
          "gitId": "abnermtj"
        },
        "content": "    }"
      },
      {
        "lineNumber": 9,
        "author": {
          "gitId": "abnermtj"
        },
        "content": "}"
      }
    ],
    "authorContributionMap": {
      "abnermtj": 9
    }
  },
  {
    "path": "src/main/java/duke/task/Deadlines.java",
    "fileType": "java",
    "lines": [
      {
        "lineNumber": 1,
        "author": {
          "gitId": "abnermtj"
        },
        "content": "package duke.task;"
      },
      {
        "lineNumber": 2,
        "author": {
          "gitId": "abnermtj"
        },
        "content": ""
      },
      {
        "lineNumber": 3,
        "author": {
          "gitId": "abnermtj"
        },
        "content": "public class Deadlines extends Task {"
      },
      {
        "lineNumber": 4,
        "author": {
          "gitId": "abnermtj"
        },
        "content": "    String dueDate;"
      },
      {
        "lineNumber": 5,
        "author": {
          "gitId": "abnermtj"
        },
        "content": "    public Deadlines(String description, String dueDate) {"
      },
      {
        "lineNumber": 6,
        "author": {
          "gitId": "abnermtj"
        },
        "content": "        super(description);"
      },
      {
        "lineNumber": 7,
        "author": {
          "gitId": "abnermtj"
        },
        "content": "        this.dueDate \u003d dueDate;"
      },
      {
        "lineNumber": 8,
        "author": {
          "gitId": "abnermtj"
        },
        "content": "    }"
      },
      {
        "lineNumber": 9,
        "author": {
          "gitId": "abnermtj"
        },
        "content": ""
      },
      {
        "lineNumber": 10,
        "author": {
          "gitId": "abnermtj"
        },
        "content": "    @Override"
      },
      {
        "lineNumber": 11,
        "author": {
          "gitId": "abnermtj"
        },
        "content": "    public String toString() {"
      },
      {
        "lineNumber": 12,
        "author": {
          "gitId": "abnermtj"
        },
        "content": "        return \"[D]\" + super.toString() + \" (by: \" + dueDate + \")\";"
      },
      {
        "lineNumber": 13,
        "author": {
          "gitId": "abnermtj"
        },
        "content": "    }"
      },
      {
        "lineNumber": 14,
        "author": {
          "gitId": "abnermtj"
        },
        "content": "}"
      }
    ],
    "authorContributionMap": {
      "abnermtj": 14
    }
  },
  {
    "path": "src/main/java/duke/task/Event.java",
    "fileType": "java",
    "lines": [
      {
        "lineNumber": 1,
        "author": {
          "gitId": "abnermtj"
        },
        "content": "package duke.task;"
      },
      {
        "lineNumber": 2,
        "author": {
          "gitId": "abnermtj"
        },
        "content": ""
      },
      {
        "lineNumber": 3,
        "author": {
          "gitId": "abnermtj"
        },
        "content": "public class Event extends Task {"
      },
      {
        "lineNumber": 4,
        "author": {
          "gitId": "abnermtj"
        },
        "content": "    String timeFrame;"
      },
      {
        "lineNumber": 5,
        "author": {
          "gitId": "abnermtj"
        },
        "content": "    public Event(String description, String timeFrame) {"
      },
      {
        "lineNumber": 6,
        "author": {
          "gitId": "abnermtj"
        },
        "content": "        super(description);"
      },
      {
        "lineNumber": 7,
        "author": {
          "gitId": "abnermtj"
        },
        "content": "        this.timeFrame \u003d timeFrame;"
      },
      {
        "lineNumber": 8,
        "author": {
          "gitId": "abnermtj"
        },
        "content": "    }"
      },
      {
        "lineNumber": 9,
        "author": {
          "gitId": "abnermtj"
        },
        "content": ""
      },
      {
        "lineNumber": 10,
        "author": {
          "gitId": "abnermtj"
        },
        "content": "    @Override"
      },
      {
        "lineNumber": 11,
        "author": {
          "gitId": "abnermtj"
        },
        "content": "    public String toString() {"
      },
      {
        "lineNumber": 12,
        "author": {
          "gitId": "abnermtj"
        },
        "content": "        return \"[E]\" + super.toString() + \" (at: \" + timeFrame + \")\";"
      },
      {
        "lineNumber": 13,
        "author": {
          "gitId": "abnermtj"
        },
        "content": "    }"
      },
      {
        "lineNumber": 14,
        "author": {
          "gitId": "abnermtj"
        },
        "content": "}"
      }
    ],
    "authorContributionMap": {
      "abnermtj": 14
    }
  },
  {
    "path": "src/main/java/duke/task/Task.java",
    "fileType": "java",
    "lines": [
      {
        "lineNumber": 1,
        "author": {
          "gitId": "abnermtj"
        },
        "content": "package duke.task;"
      },
      {
        "lineNumber": 2,
        "author": {
          "gitId": "abnermtj"
        },
        "content": ""
      },
      {
        "lineNumber": 3,
        "author": {
          "gitId": "abnermtj"
        },
        "content": "public class Task {"
      },
      {
        "lineNumber": 4,
        "author": {
          "gitId": "abnermtj"
        },
        "content": "    public String description;"
      },
      {
        "lineNumber": 5,
        "author": {
          "gitId": "abnermtj"
        },
        "content": "    public boolean isDone;"
      },
      {
        "lineNumber": 6,
        "author": {
          "gitId": "abnermtj"
        },
        "content": ""
      },
      {
        "lineNumber": 7,
        "author": {
          "gitId": "abnermtj"
        },
        "content": "    public Task(String description) {"
      },
      {
        "lineNumber": 8,
        "author": {
          "gitId": "abnermtj"
        },
        "content": "        this.description \u003d description;"
      },
      {
        "lineNumber": 9,
        "author": {
          "gitId": "abnermtj"
        },
        "content": "        this.isDone \u003d false;"
      },
      {
        "lineNumber": 10,
        "author": {
          "gitId": "abnermtj"
        },
        "content": "    }"
      },
      {
        "lineNumber": 11,
        "author": {
          "gitId": "abnermtj"
        },
        "content": ""
      },
      {
        "lineNumber": 12,
        "author": {
          "gitId": "abnermtj"
        },
        "content": "    public String getStatusIcon() {"
      },
      {
        "lineNumber": 13,
        "author": {
          "gitId": "abnermtj"
        },
        "content": "        return (isDone ? \"\\u2713\" : \"\\u2718\"); //return \u0027Tick\u0027 if done else \u0027X\u0027 symbol"
      },
      {
        "lineNumber": 14,
        "author": {
          "gitId": "abnermtj"
        },
        "content": "    }"
      },
      {
        "lineNumber": 15,
        "author": {
          "gitId": "abnermtj"
        },
        "content": ""
      },
      {
        "lineNumber": 16,
        "author": {
          "gitId": "abnermtj"
        },
        "content": "    public String toString(){"
      },
      {
        "lineNumber": 17,
        "author": {
          "gitId": "abnermtj"
        },
        "content": "        return \"[\" + getStatusIcon() +\"]\" + \" \" + description;"
      },
      {
        "lineNumber": 18,
        "author": {
          "gitId": "abnermtj"
        },
        "content": "    }"
      },
      {
        "lineNumber": 19,
        "author": {
          "gitId": "abnermtj"
        },
        "content": "}"
      }
    ],
    "authorContributionMap": {
      "abnermtj": 19
    }
  },
  {
    "path": "src/main/java/duke/task/Todo.java",
    "fileType": "java",
    "lines": [
      {
        "lineNumber": 1,
        "author": {
          "gitId": "abnermtj"
        },
        "content": "package duke.task;"
      },
      {
        "lineNumber": 2,
        "author": {
          "gitId": "abnermtj"
        },
        "content": ""
      },
      {
        "lineNumber": 3,
        "author": {
          "gitId": "abnermtj"
        },
        "content": "public class Todo extends Task {"
      },
      {
        "lineNumber": 4,
        "author": {
          "gitId": "abnermtj"
        },
        "content": "    public Todo(String description) {"
      },
      {
        "lineNumber": 5,
        "author": {
          "gitId": "abnermtj"
        },
        "content": "        super(description);"
      },
      {
        "lineNumber": 6,
        "author": {
          "gitId": "abnermtj"
        },
        "content": "    }"
      },
      {
        "lineNumber": 7,
        "author": {
          "gitId": "abnermtj"
        },
        "content": ""
      },
      {
        "lineNumber": 8,
        "author": {
          "gitId": "abnermtj"
        },
        "content": "    @Override"
      },
      {
        "lineNumber": 9,
        "author": {
          "gitId": "abnermtj"
        },
        "content": "    public String toString(){"
      },
      {
        "lineNumber": 10,
        "author": {
          "gitId": "abnermtj"
        },
        "content": "        return \"[T]\" + super.toString();"
      },
      {
        "lineNumber": 11,
        "author": {
          "gitId": "abnermtj"
        },
        "content": "    }"
      },
      {
        "lineNumber": 12,
        "author": {
          "gitId": "abnermtj"
        },
        "content": "}"
      }
    ],
    "authorContributionMap": {
      "abnermtj": 12
    }
  },
  {
    "path": "text-ui-test/input.txt",
    "fileType": "txt",
    "lines": [
      {
        "lineNumber": 1,
        "author": {
          "gitId": "abnermtj"
        },
        "content": "badcommand"
      },
      {
        "lineNumber": 2,
        "author": {
          "gitId": "abnermtj"
        },
        "content": "list"
      },
      {
        "lineNumber": 3,
        "author": {
          "gitId": "abnermtj"
        },
        "content": "todo 123"
      },
      {
        "lineNumber": 4,
        "author": {
          "gitId": "abnermtj"
        },
        "content": "list"
      },
      {
        "lineNumber": 5,
        "author": {
          "gitId": "abnermtj"
        },
        "content": "event 123 /at 12pm"
      },
      {
        "lineNumber": 6,
        "author": {
          "gitId": "abnermtj"
        },
        "content": "deadline study /by Sleeptime"
      },
      {
        "lineNumber": 7,
        "author": {
          "gitId": "abnermtj"
        },
        "content": "done 123"
      },
      {
        "lineNumber": 8,
        "author": {
          "gitId": "abnermtj"
        },
        "content": "list"
      },
      {
        "lineNumber": 9,
        "author": {
          "gitId": "abnermtj"
        },
        "content": "done study"
      },
      {
        "lineNumber": 10,
        "author": {
          "gitId": "abnermtj"
        },
        "content": "list"
      },
      {
        "lineNumber": 11,
        "author": {
          "gitId": "abnermtj"
        },
        "content": "done"
      },
      {
        "lineNumber": 12,
        "author": {
          "gitId": "abnermtj"
        },
        "content": "list"
      },
      {
        "lineNumber": 13,
        "author": {
          "gitId": "abnermtj"
        },
        "content": "bye"
      }
    ],
    "authorContributionMap": {
      "abnermtj": 13
    }
  },
  {
    "path": "text-ui-test/runtest.sh",
    "fileType": "sh",
    "lines": [
      {
        "lineNumber": 1,
        "author": {
          "gitId": "-"
        },
        "content": "#!/usr/bin/env bash"
      },
      {
        "lineNumber": 2,
        "author": {
          "gitId": "-"
        },
        "content": ""
      },
      {
        "lineNumber": 3,
        "author": {
          "gitId": "-"
        },
        "content": "# create bin directory if it doesn\u0027t exist"
      },
      {
        "lineNumber": 4,
        "author": {
          "gitId": "-"
        },
        "content": "if [ ! -d \"../bin\" ]"
      },
      {
        "lineNumber": 5,
        "author": {
          "gitId": "-"
        },
        "content": "then"
      },
      {
        "lineNumber": 6,
        "author": {
          "gitId": "-"
        },
        "content": "    mkdir ../bin"
      },
      {
        "lineNumber": 7,
        "author": {
          "gitId": "-"
        },
        "content": "fi"
      },
      {
        "lineNumber": 8,
        "author": {
          "gitId": "-"
        },
        "content": ""
      },
      {
        "lineNumber": 9,
        "author": {
          "gitId": "-"
        },
        "content": "# delete output from previous run"
      },
      {
        "lineNumber": 10,
        "author": {
          "gitId": "-"
        },
        "content": "if [ -e \"./ACTUAL.TXT\" ]"
      },
      {
        "lineNumber": 11,
        "author": {
          "gitId": "-"
        },
        "content": "then"
      },
      {
        "lineNumber": 12,
        "author": {
          "gitId": "-"
        },
        "content": "    rm ACTUAL.TXT"
      },
      {
        "lineNumber": 13,
        "author": {
          "gitId": "-"
        },
        "content": "fi"
      },
      {
        "lineNumber": 14,
        "author": {
          "gitId": "-"
        },
        "content": ""
      },
      {
        "lineNumber": 15,
        "author": {
          "gitId": "-"
        },
        "content": "# compile the code into the bin folder, terminates if error occurred"
      },
      {
        "lineNumber": 16,
        "author": {
          "gitId": "abnermtj"
        },
        "content": "if ! javac -cp ../src/main/java -Xlint:none -d ../bin ../src/main/java/duke/Duke.java"
      },
      {
        "lineNumber": 17,
        "author": {
          "gitId": "-"
        },
        "content": "then"
      },
      {
        "lineNumber": 18,
        "author": {
          "gitId": "-"
        },
        "content": "    echo \"********** BUILD FAILURE **********\""
      },
      {
        "lineNumber": 19,
        "author": {
          "gitId": "-"
        },
        "content": "    exit 1"
      },
      {
        "lineNumber": 20,
        "author": {
          "gitId": "-"
        },
        "content": "fi"
      },
      {
        "lineNumber": 21,
        "author": {
          "gitId": "-"
        },
        "content": ""
      },
      {
        "lineNumber": 22,
        "author": {
          "gitId": "-"
        },
        "content": "# run the program, feed commands from input.txt file and redirect the output to the ACTUAL.TXT"
      },
      {
        "lineNumber": 23,
        "author": {
          "gitId": "-"
        },
        "content": "java -classpath ../bin Duke \u003c input.txt \u003e ACTUAL.TXT"
      },
      {
        "lineNumber": 24,
        "author": {
          "gitId": "-"
        },
        "content": ""
      },
      {
        "lineNumber": 25,
        "author": {
          "gitId": "-"
        },
        "content": "# convert to UNIX format"
      },
      {
        "lineNumber": 26,
        "author": {
          "gitId": "-"
        },
        "content": "cp EXPECTED.TXT EXPECTED-UNIX.TXT"
      },
      {
        "lineNumber": 27,
        "author": {
          "gitId": "-"
        },
        "content": "dos2unix ACTUAL.TXT EXPECTED-UNIX.TXT"
      },
      {
        "lineNumber": 28,
        "author": {
          "gitId": "-"
        },
        "content": ""
      },
      {
        "lineNumber": 29,
        "author": {
          "gitId": "-"
        },
        "content": "# compare the output to the expected output"
      },
      {
        "lineNumber": 30,
        "author": {
          "gitId": "-"
        },
        "content": "diff ACTUAL.TXT EXPECTED-UNIX.TXT"
      },
      {
        "lineNumber": 31,
        "author": {
          "gitId": "-"
        },
        "content": "if [ $? -eq 0 ]"
      },
      {
        "lineNumber": 32,
        "author": {
          "gitId": "-"
        },
        "content": "then"
      },
      {
        "lineNumber": 33,
        "author": {
          "gitId": "-"
        },
        "content": "    echo \"Test result: PASSED\""
      },
      {
        "lineNumber": 34,
        "author": {
          "gitId": "-"
        },
        "content": "    exit 0"
      },
      {
        "lineNumber": 35,
        "author": {
          "gitId": "-"
        },
        "content": "else"
      },
      {
        "lineNumber": 36,
        "author": {
          "gitId": "-"
        },
        "content": "    echo \"Test result: FAILED\""
      },
      {
        "lineNumber": 37,
        "author": {
          "gitId": "-"
        },
        "content": "    exit 1"
      },
      {
        "lineNumber": 38,
        "author": {
          "gitId": "-"
        },
        "content": "fi"
      }
    ],
    "authorContributionMap": {
      "abnermtj": 1,
      "-": 37
    }
  }
]
