{
  "authorDailyContributionsMap": {
    "durianpancakes": [
      {
        "date": "2020-08-25",
        "commitResults": [
          {
            "hash": "c48f981de69754a301e9e48e8adcba842c6fc85f",
            "messageTitle": "Add Level-0: Greet",
            "messageBody": "",
            "tags": [
              "Level-0"
            ],
            "fileTypesAndContributionMap": {
              "java": {
                "insertions": 27,
                "deletions": 1
              }
            }
          },
          {
            "hash": "3eb675ce633200cdd8baa69476456fe89038ad8e",
            "messageTitle": "Add Level-1: Greet, Echo, Exit",
            "messageBody": "",
            "tags": [
              "Level-1"
            ],
            "fileTypesAndContributionMap": {
              "java": {
                "insertions": 26,
                "deletions": 1
              }
            }
          },
          {
            "hash": "5e1e36e1a1528d75057b2d362a864972de0a4aa4",
            "messageTitle": "Add Level-2: Add, List",
            "messageBody": "",
            "tags": [
              "Level-2"
            ],
            "fileTypesAndContributionMap": {
              "java": {
                "insertions": 25,
                "deletions": 1
              }
            }
          },
          {
            "hash": "60f296a1a6acacdf0128d4e2f9f47ec98e09fc0d",
            "messageTitle": "Add Level-3: Mark as Done Add Task.java Add TaskHelper.java",
            "messageBody": "",
            "tags": [
              "A-Classes"
            ],
            "fileTypesAndContributionMap": {
              "java": {
                "insertions": 134,
                "deletions": 37
              }
            }
          },
          {
            "hash": "d93c2da44098cba2de0de05e5830349acfd70117",
            "messageTitle": "Tweak code to comply with given coding standard",
            "messageBody": "",
            "fileTypesAndContributionMap": {
              "java": {
                "insertions": 7,
                "deletions": 3
              }
            }
          },
          {
            "hash": "6500c000537255813c510dc4084fdbb814324864",
            "messageTitle": "Update Level-3 and A-CodingStandard",
            "messageBody": "",
            "tags": [
              "Level-3",
              "A-CodingStandard"
            ],
            "fileTypesAndContributionMap": {
              "java": {
                "insertions": 20,
                "deletions": 11
              }
            }
          }
        ]
      },
      {
        "date": "2020-08-31",
        "commitResults": [
          {
            "hash": "99faccfaf5c65b14dd858bda28a7bb48c1c90bd4",
            "messageTitle": "Add Level-4 and A-CodeQuality",
            "messageBody": "",
            "tags": [
              "Level-4",
              "A-Inheritance",
              "A-CodeQuality"
            ],
            "fileTypesAndContributionMap": {
              "txt": {
                "insertions": 12,
                "deletions": 0
              },
              "java": {
                "insertions": 164,
                "deletions": 51
              },
              "bat": {
                "insertions": 1,
                "deletions": 0
              }
            }
          }
        ]
      },
      {
        "date": "2020-09-07",
        "commitResults": [
          {
            "hash": "836f18e01f9caab8c47f49244846405c457fea48",
            "messageTitle": "Change code that violated certain coding standards.",
            "messageBody": "",
            "fileTypesAndContributionMap": {
              "java": {
                "insertions": 21,
                "deletions": 46
              }
            }
          },
          {
            "hash": "08051577da3b322ae34a1c50fed037a8abb996a6",
            "messageTitle": "Add exception handling to empty todo, deadline and event parameters",
            "messageBody": "",
            "fileTypesAndContributionMap": {
              "java": {
                "insertions": 81,
                "deletions": 24
              }
            }
          },
          {
            "hash": "4468e041b0716b4e4aa12624217f86fe2849ef47",
            "messageTitle": "Add exception handling for invalid command input",
            "messageBody": "",
            "tags": [
              "A-Exceptions"
            ],
            "fileTypesAndContributionMap": {
              "java": {
                "insertions": 7,
                "deletions": 0
              }
            }
          },
          {
            "hash": "a57c1b2814746c704c73c2bd234fc9e5dd3a29b8",
            "messageTitle": "Refactor code for more clarity",
            "messageBody": "",
            "fileTypesAndContributionMap": {
              "java": {
                "insertions": 11,
                "deletions": 13
              }
            }
          },
          {
            "hash": "fd1f714ab52961194a1b3a1f86662e7bd0e431d2",
            "messageTitle": "Divide classes into packages",
            "messageBody": "",
            "fileTypesAndContributionMap": {
              "java": {
                "insertions": 18,
                "deletions": 0
              }
            }
          }
        ]
      },
      {
        "date": "2020-09-12",
        "commitResults": [
          {
            "hash": "c762b7d31efe08f72e01d6e4e1ee810c55bf4c11",
            "messageTitle": "Add text-ui-testing",
            "messageBody": "",
            "tags": [
              "A-TextUiTesting"
            ],
            "fileTypesAndContributionMap": {
              "java": {
                "insertions": 1,
                "deletions": 1
              },
              "bat": {
                "insertions": 4,
                "deletions": 3
              }
            }
          },
          {
            "hash": "ff110f086e8a423657c70762cc7c7d2ea6dd0ecd",
            "messageTitle": "Add delete function for all tasks",
            "messageBody": "",
            "fileTypesAndContributionMap": {
              "java": {
                "insertions": 69,
                "deletions": 2
              }
            }
          }
        ]
      },
      {
        "date": "2020-09-13",
        "commitResults": [
          {
            "hash": "39d8b24168d4a4e0c99d0972e2e68c6c9f761238",
            "messageTitle": "Add save feature. Duke can read from a text file and write to it, saving past inputs",
            "messageBody": "",
            "fileTypesAndContributionMap": {
              "java": {
                "insertions": 152,
                "deletions": 3
              }
            }
          },
          {
            "hash": "f21cd9cf528ada1108b505476376d84b62e9b697",
            "messageTitle": "Refactor DukeIOException.java to a different package",
            "messageBody": "",
            "tags": [
              "v0.1",
              "A-Jar"
            ],
            "fileTypesAndContributionMap": {
              "java": {
                "insertions": 2,
                "deletions": 3
              }
            }
          }
        ]
      }
    ]
  },
  "authorFileTypeContributionMap": {
    "durianpancakes": {
      "java": 512,
      "md": 0,
      "sh": 0,
      "bat": 4,
      "gradle": 0,
      "txt": 12
    }
  },
  "authorContributionVariance": {
    "durianpancakes": 6050.5415
  },
  "authorDisplayNameMap": {
    "durianpancakes": "CS2113T-W12-4 CHAN.. HUI"
  }
}
