{
  "authorDailyContributionsMap": {
    "manuelmanuntag96": [
      {
        "date": "2020-08-20",
        "commitResults": [
          {
            "hash": "bc84e0e8d1c00550c4a79ab44922631d48f8b83e",
            "messageTitle": "Level-0: Add Greet",
            "messageBody": "",
            "tags": [
              "Level-0"
            ],
            "fileTypesAndContributionMap": {
              "java": {
                "insertions": 7,
                "deletions": 0
              }
            }
          }
        ]
      },
      {
        "date": "2020-08-26",
        "commitResults": [
          {
            "hash": "de268006dfcc38d021e475da2088416a96dea05f",
            "messageTitle": "Level 1. Greet, Echo, Exit Implement a skeletal version of Duke that starts by greeting the user, simply echos commands entered by the user, and exits when the user types bye.",
            "messageBody": "",
            "tags": [
              "Level-1"
            ],
            "fileTypesAndContributionMap": {
              "java": {
                "insertions": 24,
                "deletions": 0
              }
            }
          },
          {
            "hash": "5faaf24da3e8f8bb6010e892ec9076203a06f506",
            "messageTitle": "Level 2. Add, List Add the ability to store whatever text entered by the user and display them back to the user when requested.",
            "messageBody": "",
            "tags": [
              "Level-2"
            ],
            "fileTypesAndContributionMap": {
              "java": {
                "insertions": 15,
                "deletions": 1
              }
            }
          }
        ]
      },
      {
        "date": "2020-08-27",
        "commitResults": [
          {
            "hash": "b2437ea0e9d9e6d1fe0bc41570df5052cdccbfe6",
            "messageTitle": "Level 3. Mark as Done Add the ability to mark tasks as done. Use a class to represent tasks.",
            "messageBody": "",
            "tags": [
              "Level-3"
            ],
            "fileTypesAndContributionMap": {
              "java": {
                "insertions": 43,
                "deletions": 5
              }
            }
          },
          {
            "hash": "043f8d40dbff7c5f9adc82a4abd4eb82daea9d0c",
            "messageTitle": "A-CodingStandard Tweak the code to comply with a coding standard.",
            "messageBody": "",
            "tags": [
              "A-CodingStandard"
            ],
            "fileTypesAndContributionMap": {
              "java": {
                "insertions": 6,
                "deletions": 16
              }
            }
          }
        ]
      },
      {
        "date": "2020-09-03",
        "commitResults": [
          {
            "hash": "f936d86b35ea8ee94cf5e282d9949f0d1b5cefb9",
            "messageTitle": "Level 4. ToDos, Events, Deadlines Add support for tracking three types of tasks:",
            "messageBody": "",
            "tags": [
              "Level-4"
            ],
            "fileTypesAndContributionMap": {
              "java": {
                "insertions": 156,
                "deletions": 61
              }
            }
          }
        ]
      },
      {
        "date": "2020-09-04",
        "commitResults": [
          {
            "hash": "f8d8a36f64b639c129ffef6051e532541c2cfe58",
            "messageTitle": "A-TextUiTesting Test using the I/O redirection technique",
            "messageBody": "",
            "tags": [
              "A-TextUiTesting"
            ],
            "fileTypesAndContributionMap": {
              "txt": {
                "insertions": 69,
                "deletions": 0
              },
              "bat": {
                "insertions": 1,
                "deletions": 1
              }
            }
          },
          {
            "hash": "8864ceb70918a9a6ee055a98cdb52e75c0fe464f",
            "messageTitle": "A-CodeQuality Improve code quality",
            "messageBody": "",
            "tags": [
              "A-CodeQuality"
            ],
            "fileTypesAndContributionMap": {
              "java": {
                "insertions": 1,
                "deletions": 1
              }
            }
          }
        ]
      },
      {
        "date": "2020-09-09",
        "commitResults": [
          {
            "hash": "d9af2f05a71f11de641e7f31d9680b5cd790a11e",
            "messageTitle": "Level-5-001 Fix todo error when description is empty",
            "messageBody": "",
            "fileTypesAndContributionMap": {
              "java": {
                "insertions": 42,
                "deletions": 23
              }
            }
          },
          {
            "hash": "c97349e6c63c4f1e5158d18ed81545c50bad4c30",
            "messageTitle": "Level-5-002 Fixed error for when Event and Deadline descriptor is empty.",
            "messageBody": "",
            "fileTypesAndContributionMap": {
              "java": {
                "insertions": 22,
                "deletions": 16
              }
            }
          },
          {
            "hash": "d6e2935626914286060efee3f1f6612b7d463f7e",
            "messageTitle": "Level-5-003 add DukeException for when deadline by and event @ is missing",
            "messageBody": "",
            "fileTypesAndContributionMap": {
              "java": {
                "insertions": 18,
                "deletions": 14
              }
            }
          },
          {
            "hash": "22cf72c1d4d673ef5a607dff2b1670c8352cf18f",
            "messageTitle": "Level-5-004 add a catch for NullPointerException for when done number is invalid",
            "messageBody": "",
            "fileTypesAndContributionMap": {
              "java": {
                "insertions": 9,
                "deletions": 5
              }
            }
          }
        ]
      },
      {
        "date": "2020-09-10",
        "commitResults": [
          {
            "hash": "65e428a745438f441798b4e810ffb7fe0abaf030",
            "messageTitle": "A-Packages Divide classes into packages",
            "messageBody": "",
            "tags": [
              "A-Packages"
            ],
            "fileTypesAndContributionMap": {
              "java": {
                "insertions": 13,
                "deletions": 2
              }
            }
          },
          {
            "hash": "f3c5dca098404a77275ebf2a07382b895cb4af77",
            "messageTitle": "A-Exceptions v2 add error handling for invalid inputs",
            "messageBody": "",
            "tags": [
              "A-Exceptions"
            ],
            "fileTypesAndContributionMap": {
              "java": {
                "insertions": 10,
                "deletions": 3
              }
            }
          }
        ]
      },
      {
        "date": "2020-09-15",
        "commitResults": [
          {
            "hash": "937565e41b2d4319fa033fa96b009d7457aebb91",
            "messageTitle": "Level 5.1: Turn Array to ArrayList",
            "messageBody": "",
            "tags": [
              "A-Collections"
            ],
            "fileTypesAndContributionMap": {
              "java": {
                "insertions": 31,
                "deletions": 20
              }
            }
          },
          {
            "hash": "7db2cf216fcfb449a3b4b6f1bcdc522e01550adc",
            "messageTitle": "Level 6. Delete Add support for deleting tasks from the list.",
            "messageBody": "",
            "tags": [
              "Level-6"
            ],
            "fileTypesAndContributionMap": {
              "java": {
                "insertions": 45,
                "deletions": 5
              }
            }
          }
        ]
      },
      {
        "date": "2020-09-16",
        "commitResults": [
          {
            "hash": "1e5880c6a28eb45027c72f781b1b47acc1ce614e",
            "messageTitle": "Level 7. Save Save the tasks in the hard disk automatically whenever the task list changes. Load the data from the hard disk when Duke starts up. Hard-code the file name and location",
            "messageBody": "",
            "tags": [
              "Level-7"
            ],
            "fileTypesAndContributionMap": {
              "txt": {
                "insertions": 3,
                "deletions": 0
              },
              "java": {
                "insertions": 134,
                "deletions": 1
              }
            }
          },
          {
            "hash": "655b5a22f7212c16572def13d2145d10124da810",
            "messageTitle": "Ignore duke.txt",
            "messageBody": "",
            "tags": [
              "v0.1",
              "A-Jar"
            ],
            "fileTypesAndContributionMap": {
              "txt": {
                "insertions": 0,
                "deletions": 3
              }
            }
          }
        ]
      }
    ]
  },
  "authorFileTypeContributionMap": {
    "manuelmanuntag96": {
      "java": 410,
      "md": 0,
      "sh": 0,
      "bat": 1,
      "gradle": 0,
      "txt": 69
    }
  },
  "authorContributionVariance": {
    "manuelmanuntag96": 2704.9133
  },
  "authorDisplayNameMap": {
    "manuelmanuntag96": "CS2113-T13-3 MANU..PAPA"
  }
}
