{
  "authorDailyContributionsMap": {
    "shikai-zhou": [
      {
        "date": "2020-08-22",
        "commitResults": [
          {
            "hash": "f4e170f91598ed505e1bdce4df71978b56117a59",
            "messageTitle": "added greet",
            "messageBody": "",
            "tags": [
              "Level-0"
            ],
            "fileTypesAndContributionMap": {
              "java": {
                "insertions": 4,
                "deletions": 0
              }
            }
          },
          {
            "hash": "6f58a73ec40d75175f0dafbaecd9f1c06afe3bac",
            "messageTitle": "level 1",
            "messageBody": "",
            "tags": [
              "Level-1"
            ],
            "fileTypesAndContributionMap": {
              "java": {
                "insertions": 8,
                "deletions": 7
              }
            }
          },
          {
            "hash": "777fe183d860677118619324c9f9016d6df9d704",
            "messageTitle": "level 2",
            "messageBody": "",
            "tags": [
              "Level-2"
            ],
            "fileTypesAndContributionMap": {
              "java": {
                "insertions": 32,
                "deletions": 1
              }
            }
          },
          {
            "hash": "9f546cef20b31616ca5d5e012b41dda55544c30e",
            "messageTitle": "level 3",
            "messageBody": "",
            "fileTypesAndContributionMap": {
              "java": {
                "insertions": 27,
                "deletions": 13
              }
            }
          },
          {
            "hash": "400b9809a31bc90de489f7a99308172cef45fb0a",
            "messageTitle": "fixed bug",
            "messageBody": "",
            "tags": [
              "Level-3"
            ],
            "fileTypesAndContributionMap": {
              "java": {
                "insertions": 24,
                "deletions": 12
              }
            }
          }
        ]
      },
      {
        "date": "2020-08-25",
        "commitResults": [
          {
            "hash": "c7f245aa7850f88a6563cb11200ef10d260cdf46",
            "messageTitle": "code style",
            "messageBody": "",
            "fileTypesAndContributionMap": {
              "java": {
                "insertions": 6,
                "deletions": 7
              }
            }
          },
          {
            "hash": "96503941dac25eb36d509ea56ea3b7b1eec97d1e",
            "messageTitle": "code style",
            "messageBody": "",
            "tags": [
              "A-CodingStandard"
            ],
            "fileTypesAndContributionMap": {
              "java": {
                "insertions": 3,
                "deletions": 7
              }
            }
          }
        ]
      },
      {
        "date": "2020-08-26",
        "commitResults": [
          {
            "hash": "26dc757d04bc24876441a5a4c84d133b481d1216",
            "messageTitle": "level 4",
            "messageBody": "",
            "fileTypesAndContributionMap": {
              "java": {
                "insertions": 89,
                "deletions": 9
              }
            }
          }
        ]
      },
      {
        "date": "2020-08-28",
        "commitResults": [
          {
            "hash": "200e68ac9cfd710d34155928fc067248e175e5dc",
            "messageTitle": "level 4",
            "messageBody": "",
            "tags": [
              "Level-4"
            ],
            "fileTypesAndContributionMap": {
              "java": {
                "insertions": 2,
                "deletions": 2
              }
            }
          }
        ]
      },
      {
        "date": "2020-09-01",
        "commitResults": [
          {
            "hash": "9f6f54a3a4bce6d85360b6913ec58eca5a432ef5",
            "messageTitle": "refactor code",
            "messageBody": "",
            "tags": [
              "A-CodeQuality"
            ],
            "fileTypesAndContributionMap": {
              "java": {
                "insertions": 8,
                "deletions": 7
              }
            }
          }
        ]
      },
      {
        "date": "2020-09-07",
        "commitResults": [
          {
            "hash": "f2221eb0db7f71fbc60d4dca0a5d5de1be0ff0d0",
            "messageTitle": "changed to array list",
            "messageBody": "",
            "fileTypesAndContributionMap": {
              "txt": {
                "insertions": 3,
                "deletions": 0
              },
              "java": {
                "insertions": 39,
                "deletions": 34
              },
              "bat": {
                "insertions": 1,
                "deletions": 1
              }
            }
          }
        ]
      },
      {
        "date": "2020-09-08",
        "commitResults": [
          {
            "hash": "2da875f2d2ae12b8a9ed4c607d59b973c10a7464",
            "messageTitle": "added error handling",
            "messageBody": "",
            "tags": [
              "Level-5"
            ],
            "fileTypesAndContributionMap": {
              "txt": {
                "insertions": 7,
                "deletions": 3
              },
              "java": {
                "insertions": 40,
                "deletions": 20
              },
              "bat": {
                "insertions": 1,
                "deletions": 1
              }
            }
          },
          {
            "hash": "6b6ed061ee99fd06686ec782d0ea54cb4784318f",
            "messageTitle": "packages",
            "messageBody": "",
            "tags": [
              "A-Packages"
            ],
            "fileTypesAndContributionMap": {
              "java": {
                "insertions": 12,
                "deletions": 4
              }
            }
          }
        ]
      },
      {
        "date": "2020-09-11",
        "commitResults": [
          {
            "hash": "077c40cab1929571ab18d3f4e97217461d9dea91",
            "messageTitle": "add manifest",
            "messageBody": "",
            "fileTypesAndContributionMap": {
              "java": {
                "insertions": 1,
                "deletions": 0
              }
            }
          }
        ]
      },
      {
        "date": "2020-09-14",
        "commitResults": [
          {
            "hash": "d9f744bae2c3d515a409efebe47fd3a6dae2b910",
            "messageTitle": "level 6",
            "messageBody": "",
            "tags": [
              "Level-6"
            ],
            "fileTypesAndContributionMap": {
              "txt": {
                "insertions": 1,
                "deletions": 0
              },
              "java": {
                "insertions": 24,
                "deletions": 7
              }
            }
          },
          {
            "hash": "6159176048192c097d35be16ae6e3baa2cb0648b",
            "messageTitle": "level 7",
            "messageBody": "",
            "tags": [
              "Level-7"
            ],
            "fileTypesAndContributionMap": {
              "java": {
                "insertions": 131,
                "deletions": 40
              }
            }
          }
        ]
      },
      {
        "date": "2020-09-22",
        "commitResults": [
          {
            "hash": "5a5d987acc5ef9225c879d5384ec6bec34cb47d0",
            "messageTitle": "more oop",
            "messageBody": "",
            "tags": [
              "A-MoreOOP"
            ],
            "fileTypesAndContributionMap": {
              "java": {
                "insertions": 280,
                "deletions": 188
              }
            }
          },
          {
            "hash": "8851472fc18039a825f9db795d78be8399f13941",
            "messageTitle": "clean up code",
            "messageBody": "",
            "fileTypesAndContributionMap": {
              "java": {
                "insertions": 24,
                "deletions": 16
              }
            }
          }
        ]
      },
      {
        "date": "2020-09-23",
        "commitResults": [
          {
            "hash": "5e96809cad621e877970567d995d51c3c8645137",
            "messageTitle": "added time",
            "messageBody": "",
            "fileTypesAndContributionMap": {
              "java": {
                "insertions": 34,
                "deletions": 11
              }
            }
          },
          {
            "hash": "0fdaf7915e0dfbd2512e88094f94bf4c5ce398dd",
            "messageTitle": "add find",
            "messageBody": "",
            "fileTypesAndContributionMap": {
              "java": {
                "insertions": 40,
                "deletions": 11
              }
            }
          },
          {
            "hash": "323d6ba67dbfb95de52ebfe8cd1fbbe253fa7de8",
            "messageTitle": "update docs",
            "messageBody": "",
            "tags": [
              "A-UserGuide",
              "A-JavaDoc"
            ],
            "fileTypesAndContributionMap": {
              "md": {
                "insertions": 94,
                "deletions": 5
              }
            }
          },
          {
            "hash": "337d6c6e467b5b578314f514f1dd187a46a1805e",
            "messageTitle": "formatted date",
            "messageBody": "",
            "fileTypesAndContributionMap": {
              "java": {
                "insertions": 14,
                "deletions": 4
              }
            }
          }
        ]
      },
      {
        "date": "2020-09-29",
        "commitResults": [
          {
            "hash": "e3a744f46a9203d84b1e2cc727df836a460b0243",
            "messageTitle": "added help functionality",
            "messageBody": "",
            "fileTypesAndContributionMap": {
              "java": {
                "insertions": 25,
                "deletions": 18
              },
              "md": {
                "insertions": 70,
                "deletions": 19
              }
            }
          },
          {
            "hash": "b87246faa7639ccc991fdbe32944a07506fc0730",
            "messageTitle": "typo",
            "messageBody": "",
            "fileTypesAndContributionMap": {
              "md": {
                "insertions": 1,
                "deletions": 1
              }
            }
          },
          {
            "hash": "d1b713b44146bc94aef42408025d00ae6fc27511",
            "messageTitle": "bug fixes",
            "messageBody": "",
            "fileTypesAndContributionMap": {
              "java": {
                "insertions": 30,
                "deletions": 27
              },
              "md": {
                "insertions": 1,
                "deletions": 1
              }
            }
          }
        ]
      },
      {
        "date": "2020-09-30",
        "commitResults": [
          {
            "hash": "a8e1fb6e4c952f67cb578563a2ecb5c37f44cb29",
            "messageTitle": "Clean up code",
            "messageBody": "",
            "tags": [
              "v0.2",
              "A-Release",
              "A-Exceptions",
              "A-Collections"
            ],
            "fileTypesAndContributionMap": {
              "java": {
                "insertions": 19,
                "deletions": 13
              },
              "md": {
                "insertions": 8,
                "deletions": 7
              }
            }
          }
        ]
      },
      {
        "date": "2020-10-02",
        "commitResults": [
          {
            "hash": "9e6de44508771a1e390194ba382a3c0a90368db3",
            "messageTitle": "doc",
            "messageBody": "",
            "fileTypesAndContributionMap": {
              "java": {
                "insertions": 1,
                "deletions": 1
              }
            }
          }
        ]
      }
    ]
  },
  "authorFileTypeContributionMap": {
    "shikai-zhou": {
      "java": 465,
      "md": 144,
      "sh": 0,
      "bat": 2,
      "gradle": 0,
      "txt": 8
    }
  },
  "authorContributionVariance": {
    "shikai-zhou": 7468.54
  },
  "authorDisplayNameMap": {
    "shikai-zhou": "CS2113T-W12-3 ZHOU..IKAI"
  }
}
