{
  "authorDailyContributionsMap": {
    "tikimonarch": [
      {
        "date": "2020-09-10",
        "commitResults": [
          {
            "hash": "81d93534a78148ab92dc45129e6793c1b13dacf1",
            "messageTitle": "Level-5",
            "messageBody": "Handle Errors\n",
            "tags": [
              "Level-5"
            ],
            "fileTypesAndContributionMap": {
              "java": {
                "insertions": 76,
                "deletions": 1
              }
            }
          }
        ]
      }
    ]
  },
  "authorFileTypeContributionMap": {
    "tikimonarch": {
      "java": 76,
      "md": 0,
      "sh": 0,
      "bat": 0,
      "gradle": 0,
      "txt": 0
    }
  },
  "authorContributionVariance": {
    "tikimonarch": 204.1875
  },
  "authorDisplayNameMap": {
    "tikimonarch": "CS2113-T14-4 TIKY..AING"
  }
}
