{
  "authorDailyContributionsMap": {
    "slightlyharp": [
      {
        "date": "2020-08-18",
        "commitResults": [
          {
            "hash": "3104c69db0662e28e9a7fd6fed4cae4152860644",
            "messageTitle": "Increment Level 0",
            "messageBody": "",
            "tags": [
              "level-0"
            ],
            "fileTypesAndContributionMap": {
              "java": {
                "insertions": 7,
                "deletions": 1
              }
            }
          }
        ]
      },
      {
        "date": "2020-08-25",
        "commitResults": [
          {
            "hash": "fc8dffd56cb4a1daca71dfa1acbaaf513eb223e8",
            "messageTitle": "Increment Level 1",
            "messageBody": "",
            "fileTypesAndContributionMap": {
              "java": {
                "insertions": 21,
                "deletions": 6
              }
            }
          },
          {
            "hash": "68c3cd7c38f2db36bf5a50fcf8f1b351440cd938",
            "messageTitle": "level-1 change for bye to exit",
            "messageBody": "",
            "tags": [
              "level-1,Greet,Echo,Exit"
            ],
            "fileTypesAndContributionMap": {
              "java": {
                "insertions": 4,
                "deletions": 4
              }
            }
          },
          {
            "hash": "96b64f9987887e4ea680310670e1b97ac51dbdcb",
            "messageTitle": "level 2",
            "messageBody": "",
            "tags": [
              "level-2,Add,List"
            ],
            "fileTypesAndContributionMap": {
              "java": {
                "insertions": 13,
                "deletions": 1
              }
            }
          },
          {
            "hash": "c1ec3b221deb61d2c3d9c78b15f1d9ae2cdbfa29",
            "messageTitle": "increment level 3",
            "messageBody": "",
            "tags": [
              "level-3,MarkAsDone",
              "A-CodingStandard"
            ],
            "fileTypesAndContributionMap": {
              "java": {
                "insertions": 28,
                "deletions": 3
              }
            }
          }
        ]
      },
      {
        "date": "2020-09-01",
        "commitResults": [
          {
            "hash": "f4ff401c9174666711178005029ed24738333acd",
            "messageTitle": "Minor clean up",
            "messageBody": "",
            "fileTypesAndContributionMap": {
              "java": {
                "insertions": 13,
                "deletions": 16
              }
            }
          }
        ]
      },
      {
        "date": "2020-09-02",
        "commitResults": [
          {
            "hash": "9776fb39a7099c74778d5828515d8b5e96816638",
            "messageTitle": "level 4",
            "messageBody": "",
            "tags": [
              "level-4",
              "A-CodeQuality"
            ],
            "fileTypesAndContributionMap": {
              "java": {
                "insertions": 90,
                "deletions": 5
              }
            }
          }
        ]
      },
      {
        "date": "2020-09-03",
        "commitResults": [
          {
            "hash": "d084c6ae9d5613ee1c4ef0bf919a244738f61c03",
            "messageTitle": "text ui testing done",
            "messageBody": "",
            "tags": [
              "A-TextUiTesting"
            ],
            "fileTypesAndContributionMap": {
              "txt": {
                "insertions": 5,
                "deletions": 0
              },
              "java": {
                "insertions": 6,
                "deletions": 6
              },
              "bat": {
                "insertions": 1,
                "deletions": 1
              }
            }
          }
        ]
      },
      {
        "date": "2020-09-09",
        "commitResults": [
          {
            "hash": "8d3e19c979bf64e1d480a9d65967352f3e764238",
            "messageTitle": "level-5",
            "messageBody": "",
            "tags": [
              "branch-level-5"
            ],
            "fileTypesAndContributionMap": {
              "java": {
                "insertions": 61,
                "deletions": 32
              }
            }
          }
        ]
      },
      {
        "date": "2020-09-15",
        "commitResults": [
          {
            "hash": "c32930e8c5e138c00c839498d5dbed5a7fa32cda",
            "messageTitle": "change to arraylist and add delete method",
            "messageBody": "",
            "tags": [
              "branch-level-6"
            ],
            "fileTypesAndContributionMap": {
              "java": {
                "insertions": 55,
                "deletions": 18
              }
            }
          }
        ]
      },
      {
        "date": "2020-09-16",
        "commitResults": [
          {
            "hash": "270aed055a464909ee3ca05a1103d1cfc5b4bb05",
            "messageTitle": "branch 7",
            "messageBody": "",
            "tags": [
              "branch-level-7"
            ],
            "fileTypesAndContributionMap": {
              "java": {
                "insertions": 150,
                "deletions": 20
              }
            }
          }
        ]
      },
      {
        "date": "2020-09-21",
        "commitResults": [
          {
            "hash": "477f4ae30f0d190aeded2c6a7a466cddf7515085",
            "messageTitle": "improve coding standard",
            "messageBody": "",
            "fileTypesAndContributionMap": {
              "txt": {
                "insertions": 0,
                "deletions": 1
              },
              "java": {
                "insertions": 93,
                "deletions": 71
              }
            }
          }
        ]
      },
      {
        "date": "2020-09-25",
        "commitResults": [
          {
            "hash": "c875c8ec1c2c9688a7688e24174eb7a050b73d03",
            "messageTitle": "failed oop",
            "messageBody": "",
            "fileTypesAndContributionMap": {
              "txt": {
                "insertions": 0,
                "deletions": 0
              },
              "java": {
                "insertions": 233,
                "deletions": 140
              }
            }
          },
          {
            "hash": "7f4d3482f21547cfb24db809e77810dae1fd0a10",
            "messageTitle": "oop done",
            "messageBody": "",
            "fileTypesAndContributionMap": {
              "txt": {
                "insertions": 3,
                "deletions": 0
              },
              "java": {
                "insertions": 37,
                "deletions": 48
              }
            }
          }
        ]
      }
    ]
  },
  "authorFileTypeContributionMap": {
    "slightlyharp": {
      "java": 451,
      "md": 0,
      "sh": 0,
      "bat": 1,
      "gradle": 0,
      "txt": 8
    }
  },
  "authorContributionVariance": {
    "slightlyharp": 6191.074
  },
  "authorDisplayNameMap": {
    "slightlyharp": "CS2113T-T12-1 LIN ..HENG"
  }
}
