[
  {
    "path": "src/main/java/duke/Duke.java",
    "fileType": "java",
    "lines": [
      {
        "lineNumber": 1,
        "author": {
          "gitId": "Bryanbeh1998"
        },
        "content": "package duke;"
      },
      {
        "lineNumber": 2,
        "author": {
          "gitId": "Bryanbeh1998"
        },
        "content": ""
      },
      {
        "lineNumber": 3,
        "author": {
          "gitId": "Bryanbeh1998"
        },
        "content": "import duke.tasks.Task;"
      },
      {
        "lineNumber": 4,
        "author": {
          "gitId": "Bryanbeh1998"
        },
        "content": "import duke.exceptions.NullCommandException;"
      },
      {
        "lineNumber": 5,
        "author": {
          "gitId": "Bryanbeh1998"
        },
        "content": "import duke.exceptions.InvalidCommandException;"
      },
      {
        "lineNumber": 6,
        "author": {
          "gitId": "Bryanbeh1998"
        },
        "content": ""
      },
      {
        "lineNumber": 7,
        "author": {
          "gitId": "Bryanbeh1998"
        },
        "content": "public class Duke {"
      },
      {
        "lineNumber": 8,
        "author": {
          "gitId": "Bryanbeh1998"
        },
        "content": "    //constants"
      },
      {
        "lineNumber": 9,
        "author": {
          "gitId": "Bryanbeh1998"
        },
        "content": "    public static final String BYE_COMMAND \u003d \"bye\";"
      },
      {
        "lineNumber": 10,
        "author": {
          "gitId": "Bryanbeh1998"
        },
        "content": "    public static final String LIST_COMMAND \u003d \"list\";"
      },
      {
        "lineNumber": 11,
        "author": {
          "gitId": "Bryanbeh1998"
        },
        "content": "    public static final String DONE_COMMAND \u003d \"done\";"
      },
      {
        "lineNumber": 12,
        "author": {
          "gitId": "Bryanbeh1998"
        },
        "content": "    public static final String TODO_COMMAND \u003d \"todo\";"
      },
      {
        "lineNumber": 13,
        "author": {
          "gitId": "Bryanbeh1998"
        },
        "content": "    public static final String DEADLINE_COMMAND \u003d \"deadline\";"
      },
      {
        "lineNumber": 14,
        "author": {
          "gitId": "Bryanbeh1998"
        },
        "content": "    public static final String EVENT_COMMAND \u003d \"event\";"
      },
      {
        "lineNumber": 15,
        "author": {
          "gitId": "Bryanbeh1998"
        },
        "content": "    public static final String DELETE_COMMAND \u003d \"delete\";"
      },
      {
        "lineNumber": 16,
        "author": {
          "gitId": "Bryanbeh1998"
        },
        "content": "    public static final String FIND_COMMAND \u003d \"find\";"
      },
      {
        "lineNumber": 17,
        "author": {
          "gitId": "Bryanbeh1998"
        },
        "content": "    public static boolean isProgramRunning \u003d true;"
      },
      {
        "lineNumber": 18,
        "author": {
          "gitId": "Bryanbeh1998"
        },
        "content": ""
      },
      {
        "lineNumber": 19,
        "author": {
          "gitId": "Bryanbeh1998"
        },
        "content": ""
      },
      {
        "lineNumber": 20,
        "author": {
          "gitId": "Bryanbeh1998"
        },
        "content": ""
      },
      {
        "lineNumber": 21,
        "author": {
          "gitId": "Bryanbeh1998"
        },
        "content": "    public static void main(String[] args) {"
      },
      {
        "lineNumber": 22,
        "author": {
          "gitId": "Bryanbeh1998"
        },
        "content": "        Ui ui \u003d new Ui();"
      },
      {
        "lineNumber": 23,
        "author": {
          "gitId": "Bryanbeh1998"
        },
        "content": "        TaskList tasks \u003d new TaskList();"
      },
      {
        "lineNumber": 24,
        "author": {
          "gitId": "Bryanbeh1998"
        },
        "content": "        Parser parser \u003d new Parser();"
      },
      {
        "lineNumber": 25,
        "author": {
          "gitId": "Bryanbeh1998"
        },
        "content": "        ui.printIntroMessage();"
      },
      {
        "lineNumber": 26,
        "author": {
          "gitId": "Bryanbeh1998"
        },
        "content": "        "
      },
      {
        "lineNumber": 27,
        "author": {
          "gitId": "Bryanbeh1998"
        },
        "content": "        while (isProgramRunning) {"
      },
      {
        "lineNumber": 28,
        "author": {
          "gitId": "Bryanbeh1998"
        },
        "content": "            String command \u003d parser.getCommand();"
      },
      {
        "lineNumber": 29,
        "author": {
          "gitId": "Bryanbeh1998"
        },
        "content": "            String commandType \u003d parser.getCommandType(command);"
      },
      {
        "lineNumber": 30,
        "author": {
          "gitId": "Bryanbeh1998"
        },
        "content": "            String commandTask \u003d parser.getCommandTask(command);"
      },
      {
        "lineNumber": 31,
        "author": {
          "gitId": "Bryanbeh1998"
        },
        "content": ""
      },
      {
        "lineNumber": 32,
        "author": {
          "gitId": "Bryanbeh1998"
        },
        "content": ""
      },
      {
        "lineNumber": 33,
        "author": {
          "gitId": "Bryanbeh1998"
        },
        "content": "            try {"
      },
      {
        "lineNumber": 34,
        "author": {
          "gitId": "Bryanbeh1998"
        },
        "content": "                switch (commandType) {"
      },
      {
        "lineNumber": 35,
        "author": {
          "gitId": "Bryanbeh1998"
        },
        "content": "                case (BYE_COMMAND):"
      },
      {
        "lineNumber": 36,
        "author": {
          "gitId": "Bryanbeh1998"
        },
        "content": "                    isProgramRunning \u003d false;"
      },
      {
        "lineNumber": 37,
        "author": {
          "gitId": "Bryanbeh1998"
        },
        "content": "                    ui.printGoodbyeMessage();"
      },
      {
        "lineNumber": 38,
        "author": {
          "gitId": "Bryanbeh1998"
        },
        "content": "                    break;"
      },
      {
        "lineNumber": 39,
        "author": {
          "gitId": "Bryanbeh1998"
        },
        "content": "                case (LIST_COMMAND):"
      },
      {
        "lineNumber": 40,
        "author": {
          "gitId": "Bryanbeh1998"
        },
        "content": "                    ui.printList(tasks);"
      },
      {
        "lineNumber": 41,
        "author": {
          "gitId": "Bryanbeh1998"
        },
        "content": "                    break;"
      },
      {
        "lineNumber": 42,
        "author": {
          "gitId": "Bryanbeh1998"
        },
        "content": ""
      },
      {
        "lineNumber": 43,
        "author": {
          "gitId": "Bryanbeh1998"
        },
        "content": "                case (DONE_COMMAND):"
      },
      {
        "lineNumber": 44,
        "author": {
          "gitId": "Bryanbeh1998"
        },
        "content": "                    int index \u003d parser.indexOfTask(command);"
      },
      {
        "lineNumber": 45,
        "author": {
          "gitId": "Bryanbeh1998"
        },
        "content": "                    tasks.doneCommand(index);"
      },
      {
        "lineNumber": 46,
        "author": {
          "gitId": "Bryanbeh1998"
        },
        "content": "                    break;"
      },
      {
        "lineNumber": 47,
        "author": {
          "gitId": "Bryanbeh1998"
        },
        "content": ""
      },
      {
        "lineNumber": 48,
        "author": {
          "gitId": "Bryanbeh1998"
        },
        "content": "                case (TODO_COMMAND):"
      },
      {
        "lineNumber": 49,
        "author": {
          "gitId": "Bryanbeh1998"
        },
        "content": "                case (DEADLINE_COMMAND):"
      },
      {
        "lineNumber": 50,
        "author": {
          "gitId": "Bryanbeh1998"
        },
        "content": "                case (EVENT_COMMAND):"
      },
      {
        "lineNumber": 51,
        "author": {
          "gitId": "Bryanbeh1998"
        },
        "content": "                    Task taskAdded \u003d tasks.addCommand(commandType,commandTask);"
      },
      {
        "lineNumber": 52,
        "author": {
          "gitId": "Bryanbeh1998"
        },
        "content": "                    ui.printAddedNote(taskAdded);"
      },
      {
        "lineNumber": 53,
        "author": {
          "gitId": "Bryanbeh1998"
        },
        "content": "                    break;"
      },
      {
        "lineNumber": 54,
        "author": {
          "gitId": "Bryanbeh1998"
        },
        "content": "                case (DELETE_COMMAND):"
      },
      {
        "lineNumber": 55,
        "author": {
          "gitId": "Bryanbeh1998"
        },
        "content": "                    index \u003d parser.indexOfTask(command);"
      },
      {
        "lineNumber": 56,
        "author": {
          "gitId": "Bryanbeh1998"
        },
        "content": "                    Task taskDeleted \u003d tasks.deleteCommand(index);"
      },
      {
        "lineNumber": 57,
        "author": {
          "gitId": "Bryanbeh1998"
        },
        "content": "                    ui.printDeletedFromList(tasks, taskDeleted);"
      },
      {
        "lineNumber": 58,
        "author": {
          "gitId": "Bryanbeh1998"
        },
        "content": "                    break;"
      },
      {
        "lineNumber": 59,
        "author": {
          "gitId": "Bryanbeh1998"
        },
        "content": "                case (FIND_COMMAND):"
      },
      {
        "lineNumber": 60,
        "author": {
          "gitId": "Bryanbeh1998"
        },
        "content": "                    tasks.findCommand(commandTask);"
      },
      {
        "lineNumber": 61,
        "author": {
          "gitId": "Bryanbeh1998"
        },
        "content": "                    break;"
      },
      {
        "lineNumber": 62,
        "author": {
          "gitId": "Bryanbeh1998"
        },
        "content": "                default:"
      },
      {
        "lineNumber": 63,
        "author": {
          "gitId": "Bryanbeh1998"
        },
        "content": "                    throw new InvalidCommandException();"
      },
      {
        "lineNumber": 64,
        "author": {
          "gitId": "Bryanbeh1998"
        },
        "content": "                    //"
      },
      {
        "lineNumber": 65,
        "author": {
          "gitId": "Bryanbeh1998"
        },
        "content": "                }"
      },
      {
        "lineNumber": 66,
        "author": {
          "gitId": "Bryanbeh1998"
        },
        "content": "            } catch (NullCommandException e) {"
      },
      {
        "lineNumber": 67,
        "author": {
          "gitId": "Bryanbeh1998"
        },
        "content": "                ui.printNullCommandMessage(commandType);"
      },
      {
        "lineNumber": 68,
        "author": {
          "gitId": "Bryanbeh1998"
        },
        "content": "            } catch (InvalidCommandException e) {"
      },
      {
        "lineNumber": 69,
        "author": {
          "gitId": "Bryanbeh1998"
        },
        "content": "                ui.printInvalidCommandMessage();"
      },
      {
        "lineNumber": 70,
        "author": {
          "gitId": "Bryanbeh1998"
        },
        "content": "            }"
      },
      {
        "lineNumber": 71,
        "author": {
          "gitId": "Bryanbeh1998"
        },
        "content": "        }"
      },
      {
        "lineNumber": 72,
        "author": {
          "gitId": "Bryanbeh1998"
        },
        "content": "    }"
      },
      {
        "lineNumber": 73,
        "author": {
          "gitId": "Bryanbeh1998"
        },
        "content": "}"
      },
      {
        "lineNumber": 74,
        "author": {
          "gitId": "Bryanbeh1998"
        },
        "content": ""
      },
      {
        "lineNumber": 75,
        "author": {
          "gitId": "Bryanbeh1998"
        },
        "content": ""
      }
    ],
    "authorContributionMap": {
      "Bryanbeh1998": 75
    }
  },
  {
    "path": "src/main/java/duke/Parser.java",
    "fileType": "java",
    "lines": [
      {
        "lineNumber": 1,
        "author": {
          "gitId": "Bryanbeh1998"
        },
        "content": "package duke;"
      },
      {
        "lineNumber": 2,
        "author": {
          "gitId": "Bryanbeh1998"
        },
        "content": "import java.util.Scanner;"
      },
      {
        "lineNumber": 3,
        "author": {
          "gitId": "Bryanbeh1998"
        },
        "content": "public class Parser {"
      },
      {
        "lineNumber": 4,
        "author": {
          "gitId": "Bryanbeh1998"
        },
        "content": ""
      },
      {
        "lineNumber": 5,
        "author": {
          "gitId": "Bryanbeh1998"
        },
        "content": "    public static final String SPACE \u003d \" \";"
      },
      {
        "lineNumber": 6,
        "author": {
          "gitId": "Bryanbeh1998"
        },
        "content": ""
      },
      {
        "lineNumber": 7,
        "author": {
          "gitId": "Bryanbeh1998"
        },
        "content": "    public String getCommandType(String command) {"
      },
      {
        "lineNumber": 8,
        "author": {
          "gitId": "Bryanbeh1998"
        },
        "content": ""
      },
      {
        "lineNumber": 9,
        "author": {
          "gitId": "Bryanbeh1998"
        },
        "content": "        String commandType;"
      },
      {
        "lineNumber": 10,
        "author": {
          "gitId": "Bryanbeh1998"
        },
        "content": "        String[] arr \u003d command.split(SPACE);"
      },
      {
        "lineNumber": 11,
        "author": {
          "gitId": "Bryanbeh1998"
        },
        "content": ""
      },
      {
        "lineNumber": 12,
        "author": {
          "gitId": "Bryanbeh1998"
        },
        "content": "        if (command.contains(SPACE)) {"
      },
      {
        "lineNumber": 13,
        "author": {
          "gitId": "Bryanbeh1998"
        },
        "content": ""
      },
      {
        "lineNumber": 14,
        "author": {
          "gitId": "Bryanbeh1998"
        },
        "content": "            commandType \u003d arr[0];"
      },
      {
        "lineNumber": 15,
        "author": {
          "gitId": "Bryanbeh1998"
        },
        "content": "        } else {"
      },
      {
        "lineNumber": 16,
        "author": {
          "gitId": "Bryanbeh1998"
        },
        "content": "            commandType \u003d command;"
      },
      {
        "lineNumber": 17,
        "author": {
          "gitId": "Bryanbeh1998"
        },
        "content": "        }"
      },
      {
        "lineNumber": 18,
        "author": {
          "gitId": "Bryanbeh1998"
        },
        "content": "        return commandType;"
      },
      {
        "lineNumber": 19,
        "author": {
          "gitId": "Bryanbeh1998"
        },
        "content": "    }"
      },
      {
        "lineNumber": 20,
        "author": {
          "gitId": "Bryanbeh1998"
        },
        "content": ""
      },
      {
        "lineNumber": 21,
        "author": {
          "gitId": "Bryanbeh1998"
        },
        "content": "    public String getCommandTask(String command) {"
      },
      {
        "lineNumber": 22,
        "author": {
          "gitId": "Bryanbeh1998"
        },
        "content": ""
      },
      {
        "lineNumber": 23,
        "author": {
          "gitId": "Bryanbeh1998"
        },
        "content": "        String commandTask;"
      },
      {
        "lineNumber": 24,
        "author": {
          "gitId": "Bryanbeh1998"
        },
        "content": "        String[] arr \u003d command.split(SPACE);"
      },
      {
        "lineNumber": 25,
        "author": {
          "gitId": "Bryanbeh1998"
        },
        "content": "        if (arr.length \u003e 1) {"
      },
      {
        "lineNumber": 26,
        "author": {
          "gitId": "Bryanbeh1998"
        },
        "content": "            int indexOfTask \u003d command.indexOf(SPACE);"
      },
      {
        "lineNumber": 27,
        "author": {
          "gitId": "Bryanbeh1998"
        },
        "content": "            commandTask \u003d command.substring(indexOfTask);"
      },
      {
        "lineNumber": 28,
        "author": {
          "gitId": "Bryanbeh1998"
        },
        "content": "        } else {"
      },
      {
        "lineNumber": 29,
        "author": {
          "gitId": "Bryanbeh1998"
        },
        "content": "            commandTask \u003d null;"
      },
      {
        "lineNumber": 30,
        "author": {
          "gitId": "Bryanbeh1998"
        },
        "content": "        }"
      },
      {
        "lineNumber": 31,
        "author": {
          "gitId": "Bryanbeh1998"
        },
        "content": "        return commandTask;"
      },
      {
        "lineNumber": 32,
        "author": {
          "gitId": "Bryanbeh1998"
        },
        "content": "    }"
      },
      {
        "lineNumber": 33,
        "author": {
          "gitId": "Bryanbeh1998"
        },
        "content": ""
      },
      {
        "lineNumber": 34,
        "author": {
          "gitId": "Bryanbeh1998"
        },
        "content": "    public String getCommand() {"
      },
      {
        "lineNumber": 35,
        "author": {
          "gitId": "Bryanbeh1998"
        },
        "content": "        Scanner input \u003d new Scanner(System.in);"
      },
      {
        "lineNumber": 36,
        "author": {
          "gitId": "Bryanbeh1998"
        },
        "content": "        return input.nextLine();"
      },
      {
        "lineNumber": 37,
        "author": {
          "gitId": "Bryanbeh1998"
        },
        "content": "    }"
      },
      {
        "lineNumber": 38,
        "author": {
          "gitId": "Bryanbeh1998"
        },
        "content": ""
      },
      {
        "lineNumber": 39,
        "author": {
          "gitId": "Bryanbeh1998"
        },
        "content": "    public int indexOfTask(String command) {"
      },
      {
        "lineNumber": 40,
        "author": {
          "gitId": "Bryanbeh1998"
        },
        "content": "        int dividerPosition \u003d command.indexOf(SPACE);"
      },
      {
        "lineNumber": 41,
        "author": {
          "gitId": "Bryanbeh1998"
        },
        "content": "        String substring \u003d command.substring(dividerPosition + 1);"
      },
      {
        "lineNumber": 42,
        "author": {
          "gitId": "Bryanbeh1998"
        },
        "content": "        return (Integer.parseInt(substring) - 1);"
      },
      {
        "lineNumber": 43,
        "author": {
          "gitId": "Bryanbeh1998"
        },
        "content": "    }"
      },
      {
        "lineNumber": 44,
        "author": {
          "gitId": "Bryanbeh1998"
        },
        "content": ""
      },
      {
        "lineNumber": 45,
        "author": {
          "gitId": "Bryanbeh1998"
        },
        "content": "}"
      }
    ],
    "authorContributionMap": {
      "Bryanbeh1998": 45
    }
  },
  {
    "path": "src/main/java/duke/Storage.java",
    "fileType": "java",
    "lines": [
      {
        "lineNumber": 1,
        "author": {
          "gitId": "Bryanbeh1998"
        },
        "content": "package duke;"
      },
      {
        "lineNumber": 2,
        "author": {
          "gitId": "Bryanbeh1998"
        },
        "content": ""
      },
      {
        "lineNumber": 3,
        "author": {
          "gitId": "Bryanbeh1998"
        },
        "content": "import java.io.File;"
      },
      {
        "lineNumber": 4,
        "author": {
          "gitId": "Bryanbeh1998"
        },
        "content": "import java.io.FileNotFoundException;"
      },
      {
        "lineNumber": 5,
        "author": {
          "gitId": "Bryanbeh1998"
        },
        "content": "import java.io.FileWriter;"
      },
      {
        "lineNumber": 6,
        "author": {
          "gitId": "Bryanbeh1998"
        },
        "content": "import java.io.IOException;"
      },
      {
        "lineNumber": 7,
        "author": {
          "gitId": "Bryanbeh1998"
        },
        "content": "import java.util.ArrayList;"
      },
      {
        "lineNumber": 8,
        "author": {
          "gitId": "Bryanbeh1998"
        },
        "content": ""
      },
      {
        "lineNumber": 9,
        "author": {
          "gitId": "Bryanbeh1998"
        },
        "content": "public class Storage {"
      },
      {
        "lineNumber": 10,
        "author": {
          "gitId": "Bryanbeh1998"
        },
        "content": ""
      },
      {
        "lineNumber": 11,
        "author": {
          "gitId": "Bryanbeh1998"
        },
        "content": "    private final String filePath;"
      },
      {
        "lineNumber": 12,
        "author": {
          "gitId": "Bryanbeh1998"
        },
        "content": ""
      },
      {
        "lineNumber": 13,
        "author": {
          "gitId": "Bryanbeh1998"
        },
        "content": "    public Storage(String filePath) {"
      },
      {
        "lineNumber": 14,
        "author": {
          "gitId": "Bryanbeh1998"
        },
        "content": "        this.filePath \u003d filePath;"
      },
      {
        "lineNumber": 15,
        "author": {
          "gitId": "Bryanbeh1998"
        },
        "content": "    }"
      },
      {
        "lineNumber": 16,
        "author": {
          "gitId": "Bryanbeh1998"
        },
        "content": ""
      },
      {
        "lineNumber": 17,
        "author": {
          "gitId": "Bryanbeh1998"
        },
        "content": "    public void writeToFile(TaskList tasks) {"
      },
      {
        "lineNumber": 18,
        "author": {
          "gitId": "Bryanbeh1998"
        },
        "content": "        try {"
      },
      {
        "lineNumber": 19,
        "author": {
          "gitId": "Bryanbeh1998"
        },
        "content": "            FileWriter fw \u003d new FileWriter(filePath);"
      },
      {
        "lineNumber": 20,
        "author": {
          "gitId": "Bryanbeh1998"
        },
        "content": "            for (int i \u003d 0; i \u003c tasks.getTaskList().size(); i++) {"
      },
      {
        "lineNumber": 21,
        "author": {
          "gitId": "Bryanbeh1998"
        },
        "content": "                fw.write(tasks.getTaskList().get(i).toString());"
      },
      {
        "lineNumber": 22,
        "author": {
          "gitId": "Bryanbeh1998"
        },
        "content": "            }"
      },
      {
        "lineNumber": 23,
        "author": {
          "gitId": "Bryanbeh1998"
        },
        "content": "            fw.close();"
      },
      {
        "lineNumber": 24,
        "author": {
          "gitId": "Bryanbeh1998"
        },
        "content": "        } catch (IOException e) {"
      },
      {
        "lineNumber": 25,
        "author": {
          "gitId": "Bryanbeh1998"
        },
        "content": "            System.out.println(\"Something went wrong while saving\");"
      },
      {
        "lineNumber": 26,
        "author": {
          "gitId": "Bryanbeh1998"
        },
        "content": "        }"
      },
      {
        "lineNumber": 27,
        "author": {
          "gitId": "Bryanbeh1998"
        },
        "content": "    }"
      },
      {
        "lineNumber": 28,
        "author": {
          "gitId": "Bryanbeh1998"
        },
        "content": "}"
      }
    ],
    "authorContributionMap": {
      "Bryanbeh1998": 28
    }
  },
  {
    "path": "src/main/java/duke/TaskList.java",
    "fileType": "java",
    "lines": [
      {
        "lineNumber": 1,
        "author": {
          "gitId": "Bryanbeh1998"
        },
        "content": "package duke;"
      },
      {
        "lineNumber": 2,
        "author": {
          "gitId": "Bryanbeh1998"
        },
        "content": ""
      },
      {
        "lineNumber": 3,
        "author": {
          "gitId": "Bryanbeh1998"
        },
        "content": "import duke.exceptions.NullCommandException;"
      },
      {
        "lineNumber": 4,
        "author": {
          "gitId": "Bryanbeh1998"
        },
        "content": "import duke.tasks.Todo;"
      },
      {
        "lineNumber": 5,
        "author": {
          "gitId": "Bryanbeh1998"
        },
        "content": "import duke.tasks.Task;"
      },
      {
        "lineNumber": 6,
        "author": {
          "gitId": "Bryanbeh1998"
        },
        "content": "import duke.tasks.Event;"
      },
      {
        "lineNumber": 7,
        "author": {
          "gitId": "Bryanbeh1998"
        },
        "content": "import duke.tasks.Deadline;"
      },
      {
        "lineNumber": 8,
        "author": {
          "gitId": "Bryanbeh1998"
        },
        "content": ""
      },
      {
        "lineNumber": 9,
        "author": {
          "gitId": "Bryanbeh1998"
        },
        "content": "import java.util.ArrayList;"
      },
      {
        "lineNumber": 10,
        "author": {
          "gitId": "Bryanbeh1998"
        },
        "content": ""
      },
      {
        "lineNumber": 11,
        "author": {
          "gitId": "Bryanbeh1998"
        },
        "content": "public class TaskList {"
      },
      {
        "lineNumber": 12,
        "author": {
          "gitId": "Bryanbeh1998"
        },
        "content": ""
      },
      {
        "lineNumber": 13,
        "author": {
          "gitId": "Bryanbeh1998"
        },
        "content": "    public static final String TODO_COMMAND \u003d \"todo\";"
      },
      {
        "lineNumber": 14,
        "author": {
          "gitId": "Bryanbeh1998"
        },
        "content": "    public static final String DEADLINE_COMMAND \u003d \"deadline\";"
      },
      {
        "lineNumber": 15,
        "author": {
          "gitId": "Bryanbeh1998"
        },
        "content": "    public static final String EVENT_COMMAND \u003d \"event\";"
      },
      {
        "lineNumber": 16,
        "author": {
          "gitId": "Bryanbeh1998"
        },
        "content": "    public static final String SLASH_DIVIDER \u003d \"/\";"
      },
      {
        "lineNumber": 17,
        "author": {
          "gitId": "Bryanbeh1998"
        },
        "content": "    public ArrayList\u003cTask\u003e taskList;"
      },
      {
        "lineNumber": 18,
        "author": {
          "gitId": "Bryanbeh1998"
        },
        "content": ""
      },
      {
        "lineNumber": 19,
        "author": {
          "gitId": "Bryanbeh1998"
        },
        "content": "    public TaskList() {"
      },
      {
        "lineNumber": 20,
        "author": {
          "gitId": "Bryanbeh1998"
        },
        "content": "        this.taskList \u003d new ArrayList\u003c\u003e();"
      },
      {
        "lineNumber": 21,
        "author": {
          "gitId": "Bryanbeh1998"
        },
        "content": "    }"
      },
      {
        "lineNumber": 22,
        "author": {
          "gitId": "Bryanbeh1998"
        },
        "content": ""
      },
      {
        "lineNumber": 23,
        "author": {
          "gitId": "Bryanbeh1998"
        },
        "content": "    public TaskList(ArrayList\u003cTask\u003e taskList) {"
      },
      {
        "lineNumber": 24,
        "author": {
          "gitId": "Bryanbeh1998"
        },
        "content": "        this.taskList \u003d taskList;"
      },
      {
        "lineNumber": 25,
        "author": {
          "gitId": "Bryanbeh1998"
        },
        "content": "    }"
      },
      {
        "lineNumber": 26,
        "author": {
          "gitId": "Bryanbeh1998"
        },
        "content": ""
      },
      {
        "lineNumber": 27,
        "author": {
          "gitId": "Bryanbeh1998"
        },
        "content": "    public ArrayList\u003cTask\u003e getTaskList() {"
      },
      {
        "lineNumber": 28,
        "author": {
          "gitId": "Bryanbeh1998"
        },
        "content": "        return taskList;"
      },
      {
        "lineNumber": 29,
        "author": {
          "gitId": "Bryanbeh1998"
        },
        "content": "    }"
      },
      {
        "lineNumber": 30,
        "author": {
          "gitId": "Bryanbeh1998"
        },
        "content": ""
      },
      {
        "lineNumber": 31,
        "author": {
          "gitId": "Bryanbeh1998"
        },
        "content": "    public void doneCommand(int index) {"
      },
      {
        "lineNumber": 32,
        "author": {
          "gitId": "Bryanbeh1998"
        },
        "content": "        taskList.get(index).markAsDone();"
      },
      {
        "lineNumber": 33,
        "author": {
          "gitId": "Bryanbeh1998"
        },
        "content": "        System.out.println(\"Nice! I\u0027ve marked this task as done:\" + taskList.get(index).toString());"
      },
      {
        "lineNumber": 34,
        "author": {
          "gitId": "Bryanbeh1998"
        },
        "content": "    }"
      },
      {
        "lineNumber": 35,
        "author": {
          "gitId": "Bryanbeh1998"
        },
        "content": ""
      },
      {
        "lineNumber": 36,
        "author": {
          "gitId": "Bryanbeh1998"
        },
        "content": "    public Task addCommand(String commandType, String commandTask) throws NullCommandException {"
      },
      {
        "lineNumber": 37,
        "author": {
          "gitId": "Bryanbeh1998"
        },
        "content": "        Task taskAdded \u003d null;"
      },
      {
        "lineNumber": 38,
        "author": {
          "gitId": "Bryanbeh1998"
        },
        "content": "        if (commandTask \u003d\u003d null) {"
      },
      {
        "lineNumber": 39,
        "author": {
          "gitId": "Bryanbeh1998"
        },
        "content": "            throw new NullCommandException();"
      },
      {
        "lineNumber": 40,
        "author": {
          "gitId": "Bryanbeh1998"
        },
        "content": "        } else if (commandType.equals(TODO_COMMAND)) {"
      },
      {
        "lineNumber": 41,
        "author": {
          "gitId": "Bryanbeh1998"
        },
        "content": "            taskAdded \u003d new Todo(commandTask);"
      },
      {
        "lineNumber": 42,
        "author": {
          "gitId": "Bryanbeh1998"
        },
        "content": "            taskList.add(taskAdded);"
      },
      {
        "lineNumber": 43,
        "author": {
          "gitId": "Bryanbeh1998"
        },
        "content": "        } else if (commandType.equals(DEADLINE_COMMAND)) {"
      },
      {
        "lineNumber": 44,
        "author": {
          "gitId": "Bryanbeh1998"
        },
        "content": "            int indexOfSlash \u003d commandTask.indexOf(SLASH_DIVIDER);"
      },
      {
        "lineNumber": 45,
        "author": {
          "gitId": "Bryanbeh1998"
        },
        "content": "            String task \u003d commandTask.substring(0, indexOfSlash - 1);"
      },
      {
        "lineNumber": 46,
        "author": {
          "gitId": "Bryanbeh1998"
        },
        "content": "            String by \u003d commandTask.substring(indexOfSlash + 4);"
      },
      {
        "lineNumber": 47,
        "author": {
          "gitId": "Bryanbeh1998"
        },
        "content": "            taskAdded \u003d new Deadline(task, by);"
      },
      {
        "lineNumber": 48,
        "author": {
          "gitId": "Bryanbeh1998"
        },
        "content": "            taskList.add(taskAdded);"
      },
      {
        "lineNumber": 49,
        "author": {
          "gitId": "Bryanbeh1998"
        },
        "content": "        } else if (commandType.equals(EVENT_COMMAND)) {"
      },
      {
        "lineNumber": 50,
        "author": {
          "gitId": "Bryanbeh1998"
        },
        "content": "            int indexOfSlash \u003d commandTask.indexOf(SLASH_DIVIDER);"
      },
      {
        "lineNumber": 51,
        "author": {
          "gitId": "Bryanbeh1998"
        },
        "content": "            String event \u003d commandTask.substring(0, indexOfSlash - 1);"
      },
      {
        "lineNumber": 52,
        "author": {
          "gitId": "Bryanbeh1998"
        },
        "content": "            String by \u003d commandTask.substring(indexOfSlash + 4);"
      },
      {
        "lineNumber": 53,
        "author": {
          "gitId": "Bryanbeh1998"
        },
        "content": "            taskAdded \u003d new Event(event, by);"
      },
      {
        "lineNumber": 54,
        "author": {
          "gitId": "Bryanbeh1998"
        },
        "content": "            taskList.add(taskAdded);"
      },
      {
        "lineNumber": 55,
        "author": {
          "gitId": "Bryanbeh1998"
        },
        "content": "        }"
      },
      {
        "lineNumber": 56,
        "author": {
          "gitId": "Bryanbeh1998"
        },
        "content": "        return taskAdded;"
      },
      {
        "lineNumber": 57,
        "author": {
          "gitId": "Bryanbeh1998"
        },
        "content": "    }"
      },
      {
        "lineNumber": 58,
        "author": {
          "gitId": "Bryanbeh1998"
        },
        "content": ""
      },
      {
        "lineNumber": 59,
        "author": {
          "gitId": "Bryanbeh1998"
        },
        "content": "    public Task deleteCommand(int index) {"
      },
      {
        "lineNumber": 60,
        "author": {
          "gitId": "Bryanbeh1998"
        },
        "content": "        Task taskDeleted \u003d taskList.get(index);"
      },
      {
        "lineNumber": 61,
        "author": {
          "gitId": "Bryanbeh1998"
        },
        "content": "        taskList.remove(index);"
      },
      {
        "lineNumber": 62,
        "author": {
          "gitId": "Bryanbeh1998"
        },
        "content": "        return taskDeleted;"
      },
      {
        "lineNumber": 63,
        "author": {
          "gitId": "Bryanbeh1998"
        },
        "content": "    }"
      },
      {
        "lineNumber": 64,
        "author": {
          "gitId": "Bryanbeh1998"
        },
        "content": ""
      },
      {
        "lineNumber": 65,
        "author": {
          "gitId": "Bryanbeh1998"
        },
        "content": "    public void findCommand(String commandTask) {"
      },
      {
        "lineNumber": 66,
        "author": {
          "gitId": "Bryanbeh1998"
        },
        "content": "        ArrayList\u003cTask\u003e searchList \u003d new ArrayList\u003c\u003e();"
      },
      {
        "lineNumber": 67,
        "author": {
          "gitId": "Bryanbeh1998"
        },
        "content": ""
      },
      {
        "lineNumber": 68,
        "author": {
          "gitId": "Bryanbeh1998"
        },
        "content": "        for (int i\u003d0; i \u003c taskList.size();i++) {"
      },
      {
        "lineNumber": 69,
        "author": {
          "gitId": "Bryanbeh1998"
        },
        "content": "            if (taskList.get(i).getDescription().contains(commandTask)) {"
      },
      {
        "lineNumber": 70,
        "author": {
          "gitId": "Bryanbeh1998"
        },
        "content": "                Task taskToAdd \u003d taskList.get(i);"
      },
      {
        "lineNumber": 71,
        "author": {
          "gitId": "Bryanbeh1998"
        },
        "content": "                searchList.add(taskToAdd);"
      },
      {
        "lineNumber": 72,
        "author": {
          "gitId": "Bryanbeh1998"
        },
        "content": "            }"
      },
      {
        "lineNumber": 73,
        "author": {
          "gitId": "Bryanbeh1998"
        },
        "content": "        }"
      },
      {
        "lineNumber": 74,
        "author": {
          "gitId": "Bryanbeh1998"
        },
        "content": "        for (int i \u003d 0; i \u003c searchList.size(); i++) {"
      },
      {
        "lineNumber": 75,
        "author": {
          "gitId": "Bryanbeh1998"
        },
        "content": "            System.out.println((i + 1) + \".\" + searchList.get(i).toString());"
      },
      {
        "lineNumber": 76,
        "author": {
          "gitId": "Bryanbeh1998"
        },
        "content": "        }"
      },
      {
        "lineNumber": 77,
        "author": {
          "gitId": "Bryanbeh1998"
        },
        "content": ""
      },
      {
        "lineNumber": 78,
        "author": {
          "gitId": "Bryanbeh1998"
        },
        "content": "    }"
      },
      {
        "lineNumber": 79,
        "author": {
          "gitId": "Bryanbeh1998"
        },
        "content": "}"
      }
    ],
    "authorContributionMap": {
      "Bryanbeh1998": 79
    }
  },
  {
    "path": "src/main/java/duke/Ui.java",
    "fileType": "java",
    "lines": [
      {
        "lineNumber": 1,
        "author": {
          "gitId": "Bryanbeh1998"
        },
        "content": "package duke;"
      },
      {
        "lineNumber": 2,
        "author": {
          "gitId": "Bryanbeh1998"
        },
        "content": ""
      },
      {
        "lineNumber": 3,
        "author": {
          "gitId": "Bryanbeh1998"
        },
        "content": ""
      },
      {
        "lineNumber": 4,
        "author": {
          "gitId": "Bryanbeh1998"
        },
        "content": "import java.util.Scanner;"
      },
      {
        "lineNumber": 5,
        "author": {
          "gitId": "Bryanbeh1998"
        },
        "content": "import java.util.ArrayList;"
      },
      {
        "lineNumber": 6,
        "author": {
          "gitId": "Bryanbeh1998"
        },
        "content": ""
      },
      {
        "lineNumber": 7,
        "author": {
          "gitId": "Bryanbeh1998"
        },
        "content": "import duke.tasks.Task;"
      },
      {
        "lineNumber": 8,
        "author": {
          "gitId": "Bryanbeh1998"
        },
        "content": ""
      },
      {
        "lineNumber": 9,
        "author": {
          "gitId": "Bryanbeh1998"
        },
        "content": "public class Ui {"
      },
      {
        "lineNumber": 10,
        "author": {
          "gitId": "Bryanbeh1998"
        },
        "content": "    //constants"
      },
      {
        "lineNumber": 11,
        "author": {
          "gitId": "Bryanbeh1998"
        },
        "content": "    public static final String BYE_COMMAND \u003d \"bye\";"
      },
      {
        "lineNumber": 12,
        "author": {
          "gitId": "Bryanbeh1998"
        },
        "content": "    public static final String LIST_COMMAND \u003d \"list\";"
      },
      {
        "lineNumber": 13,
        "author": {
          "gitId": "Bryanbeh1998"
        },
        "content": "    public static final String DONE_COMMAND \u003d \"done\";"
      },
      {
        "lineNumber": 14,
        "author": {
          "gitId": "Bryanbeh1998"
        },
        "content": "    public static final String TODO_COMMAND \u003d \"todo\";"
      },
      {
        "lineNumber": 15,
        "author": {
          "gitId": "Bryanbeh1998"
        },
        "content": "    public static final String DEADLINE_COMMAND \u003d \"deadline\";"
      },
      {
        "lineNumber": 16,
        "author": {
          "gitId": "Bryanbeh1998"
        },
        "content": "    public static final String EVENT_COMMAND \u003d \"event\";"
      },
      {
        "lineNumber": 17,
        "author": {
          "gitId": "Bryanbeh1998"
        },
        "content": "    public static final String DELETE_COMMAND \u003d \"delete\";"
      },
      {
        "lineNumber": 18,
        "author": {
          "gitId": "Bryanbeh1998"
        },
        "content": "    public static final String MESSAGE_GOODBYE \u003d \"Bye! Hope to see you again\";"
      },
      {
        "lineNumber": 19,
        "author": {
          "gitId": "Bryanbeh1998"
        },
        "content": "    public static final String MESSAGE_ADDED_TASK \u003d \"Got it. I\u0027ve added this task:\";"
      },
      {
        "lineNumber": 20,
        "author": {
          "gitId": "Bryanbeh1998"
        },
        "content": "    public static final String MESSAGE_INVALID_COMMAND \u003d \"Sorry but this command cannot be accepted!\";"
      },
      {
        "lineNumber": 21,
        "author": {
          "gitId": "Bryanbeh1998"
        },
        "content": "    public static final String MESSAGE_NULL_COMMAND_P1 \u003d \":( OOPS! The description of \";"
      },
      {
        "lineNumber": 22,
        "author": {
          "gitId": "Bryanbeh1998"
        },
        "content": "    public static final String MESSAGE_NULL_COMMAND_P2 \u003d \" cannot be empty!\";"
      },
      {
        "lineNumber": 23,
        "author": {
          "gitId": "Bryanbeh1998"
        },
        "content": "    public static final String MESSAGE_LINE \u003d \"---------------------------\";"
      },
      {
        "lineNumber": 24,
        "author": {
          "gitId": "Bryanbeh1998"
        },
        "content": "    public static final String MESSAGE_DELETED_P1 \u003d \"Noted! i have removed this task from your list: \";"
      },
      {
        "lineNumber": 25,
        "author": {
          "gitId": "Bryanbeh1998"
        },
        "content": "    public static final String MESSAGE_DELETED_P2 \u003d \"Now only you have \";"
      },
      {
        "lineNumber": 26,
        "author": {
          "gitId": "Bryanbeh1998"
        },
        "content": "    public static final String MESSAGE_DELETED_P3 \u003d \" task(s) in your list\";"
      },
      {
        "lineNumber": 27,
        "author": {
          "gitId": "Bryanbeh1998"
        },
        "content": "    public static String getCommand() {"
      },
      {
        "lineNumber": 28,
        "author": {
          "gitId": "Bryanbeh1998"
        },
        "content": "        Scanner input \u003d new Scanner(System.in);"
      },
      {
        "lineNumber": 29,
        "author": {
          "gitId": "Bryanbeh1998"
        },
        "content": "        return input.nextLine();"
      },
      {
        "lineNumber": 30,
        "author": {
          "gitId": "Bryanbeh1998"
        },
        "content": "    }"
      },
      {
        "lineNumber": 31,
        "author": {
          "gitId": "Bryanbeh1998"
        },
        "content": ""
      },
      {
        "lineNumber": 32,
        "author": {
          "gitId": "Bryanbeh1998"
        },
        "content": "    public void printIntroMessage() {"
      },
      {
        "lineNumber": 33,
        "author": {
          "gitId": "Bryanbeh1998"
        },
        "content": "        String logo \u003d \" ____        _        \\n\""
      },
      {
        "lineNumber": 34,
        "author": {
          "gitId": "Bryanbeh1998"
        },
        "content": "                + \"|  _ \\\\ _   _| | _____ \\n\""
      },
      {
        "lineNumber": 35,
        "author": {
          "gitId": "Bryanbeh1998"
        },
        "content": "                + \"| | | | | | | |/ / _ \\\\\\n\""
      },
      {
        "lineNumber": 36,
        "author": {
          "gitId": "Bryanbeh1998"
        },
        "content": "                + \"| |_| | |_| |   \u003c  __/\\n\""
      },
      {
        "lineNumber": 37,
        "author": {
          "gitId": "Bryanbeh1998"
        },
        "content": "                + \"|____/ \\\\__,_|_|\\\\_\\\\___|\\n\";"
      },
      {
        "lineNumber": 38,
        "author": {
          "gitId": "Bryanbeh1998"
        },
        "content": "        System.out.println(\"Hello from\\n\" + logo);"
      },
      {
        "lineNumber": 39,
        "author": {
          "gitId": "Bryanbeh1998"
        },
        "content": "        printLine();"
      },
      {
        "lineNumber": 40,
        "author": {
          "gitId": "Bryanbeh1998"
        },
        "content": "        System.out.println(\"Hello! I\u0027m Duke\");"
      },
      {
        "lineNumber": 41,
        "author": {
          "gitId": "Bryanbeh1998"
        },
        "content": "        System.out.println(\"What can i do for you?\\n\");"
      },
      {
        "lineNumber": 42,
        "author": {
          "gitId": "Bryanbeh1998"
        },
        "content": "        printLine();"
      },
      {
        "lineNumber": 43,
        "author": {
          "gitId": "Bryanbeh1998"
        },
        "content": "    }"
      },
      {
        "lineNumber": 44,
        "author": {
          "gitId": "Bryanbeh1998"
        },
        "content": ""
      },
      {
        "lineNumber": 45,
        "author": {
          "gitId": "Bryanbeh1998"
        },
        "content": "    public void printGoodbyeMessage() {"
      },
      {
        "lineNumber": 46,
        "author": {
          "gitId": "Bryanbeh1998"
        },
        "content": "        System.out.println(MESSAGE_GOODBYE);"
      },
      {
        "lineNumber": 47,
        "author": {
          "gitId": "Bryanbeh1998"
        },
        "content": "    }"
      },
      {
        "lineNumber": 48,
        "author": {
          "gitId": "Bryanbeh1998"
        },
        "content": ""
      },
      {
        "lineNumber": 49,
        "author": {
          "gitId": "Bryanbeh1998"
        },
        "content": "    public void printAddedNote(Task task){"
      },
      {
        "lineNumber": 50,
        "author": {
          "gitId": "Bryanbeh1998"
        },
        "content": "        System.out.println(MESSAGE_ADDED_TASK + task.toString());"
      },
      {
        "lineNumber": 51,
        "author": {
          "gitId": "Bryanbeh1998"
        },
        "content": "    }"
      },
      {
        "lineNumber": 52,
        "author": {
          "gitId": "Bryanbeh1998"
        },
        "content": ""
      },
      {
        "lineNumber": 53,
        "author": {
          "gitId": "Bryanbeh1998"
        },
        "content": "    public void printFileErrorMessage() {"
      },
      {
        "lineNumber": 54,
        "author": {
          "gitId": "Bryanbeh1998"
        },
        "content": "        System.out.println(\"Something went wrong when saving\");"
      },
      {
        "lineNumber": 55,
        "author": {
          "gitId": "Bryanbeh1998"
        },
        "content": "    }"
      },
      {
        "lineNumber": 56,
        "author": {
          "gitId": "Bryanbeh1998"
        },
        "content": ""
      },
      {
        "lineNumber": 57,
        "author": {
          "gitId": "Bryanbeh1998"
        },
        "content": "    public void printInvalidCommandMessage() {"
      },
      {
        "lineNumber": 58,
        "author": {
          "gitId": "Bryanbeh1998"
        },
        "content": "        System.out.println(MESSAGE_INVALID_COMMAND);"
      },
      {
        "lineNumber": 59,
        "author": {
          "gitId": "Bryanbeh1998"
        },
        "content": "    }"
      },
      {
        "lineNumber": 60,
        "author": {
          "gitId": "Bryanbeh1998"
        },
        "content": ""
      },
      {
        "lineNumber": 61,
        "author": {
          "gitId": "Bryanbeh1998"
        },
        "content": "    public void printNullCommandMessage(String commandType) {"
      },
      {
        "lineNumber": 62,
        "author": {
          "gitId": "Bryanbeh1998"
        },
        "content": "        System.out.println(MESSAGE_NULL_COMMAND_P1 + commandType + MESSAGE_NULL_COMMAND_P2);"
      },
      {
        "lineNumber": 63,
        "author": {
          "gitId": "Bryanbeh1998"
        },
        "content": "    }"
      },
      {
        "lineNumber": 64,
        "author": {
          "gitId": "Bryanbeh1998"
        },
        "content": ""
      },
      {
        "lineNumber": 65,
        "author": {
          "gitId": "Bryanbeh1998"
        },
        "content": "    public void printLine() {"
      },
      {
        "lineNumber": 66,
        "author": {
          "gitId": "Bryanbeh1998"
        },
        "content": "        System.out.println(MESSAGE_LINE);"
      },
      {
        "lineNumber": 67,
        "author": {
          "gitId": "Bryanbeh1998"
        },
        "content": "    }"
      },
      {
        "lineNumber": 68,
        "author": {
          "gitId": "Bryanbeh1998"
        },
        "content": ""
      },
      {
        "lineNumber": 69,
        "author": {
          "gitId": "Bryanbeh1998"
        },
        "content": "    public void printList(TaskList tasks) {"
      },
      {
        "lineNumber": 70,
        "author": {
          "gitId": "Bryanbeh1998"
        },
        "content": "        System.out.println(\"Here are the tasks in your list:\");"
      },
      {
        "lineNumber": 71,
        "author": {
          "gitId": "Bryanbeh1998"
        },
        "content": "        for (int i \u003d 0; i \u003c tasks.getTaskList().size() ; i++) {"
      },
      {
        "lineNumber": 72,
        "author": {
          "gitId": "Bryanbeh1998"
        },
        "content": "            System.out.println((i + 1) + \".\" + tasks.getTaskList().get(i).toString());"
      },
      {
        "lineNumber": 73,
        "author": {
          "gitId": "Bryanbeh1998"
        },
        "content": "        }"
      },
      {
        "lineNumber": 74,
        "author": {
          "gitId": "Bryanbeh1998"
        },
        "content": "    }"
      },
      {
        "lineNumber": 75,
        "author": {
          "gitId": "Bryanbeh1998"
        },
        "content": ""
      },
      {
        "lineNumber": 76,
        "author": {
          "gitId": "Bryanbeh1998"
        },
        "content": "    public void printDeletedFromList(TaskList tasks, Task taskDeleted) {"
      },
      {
        "lineNumber": 77,
        "author": {
          "gitId": "Bryanbeh1998"
        },
        "content": "        System.out.println(MESSAGE_DELETED_P1+ taskDeleted.toString());"
      },
      {
        "lineNumber": 78,
        "author": {
          "gitId": "Bryanbeh1998"
        },
        "content": "        System.out.println(MESSAGE_DELETED_P2 + tasks.getTaskList().size() + MESSAGE_DELETED_P3);"
      },
      {
        "lineNumber": 79,
        "author": {
          "gitId": "Bryanbeh1998"
        },
        "content": "    }"
      },
      {
        "lineNumber": 80,
        "author": {
          "gitId": "Bryanbeh1998"
        },
        "content": "}"
      }
    ],
    "authorContributionMap": {
      "Bryanbeh1998": 80
    }
  },
  {
    "path": "src/main/java/duke/exceptions/InvalidCommandException.java",
    "fileType": "java",
    "lines": [
      {
        "lineNumber": 1,
        "author": {
          "gitId": "Bryanbeh1998"
        },
        "content": "package duke.exceptions;"
      },
      {
        "lineNumber": 2,
        "author": {
          "gitId": "Bryanbeh1998"
        },
        "content": "public class InvalidCommandException extends Exception{"
      },
      {
        "lineNumber": 3,
        "author": {
          "gitId": "Bryanbeh1998"
        },
        "content": "}"
      }
    ],
    "authorContributionMap": {
      "Bryanbeh1998": 3
    }
  },
  {
    "path": "src/main/java/duke/exceptions/NullCommandException.java",
    "fileType": "java",
    "lines": [
      {
        "lineNumber": 1,
        "author": {
          "gitId": "Bryanbeh1998"
        },
        "content": "package duke.exceptions;"
      },
      {
        "lineNumber": 2,
        "author": {
          "gitId": "Bryanbeh1998"
        },
        "content": "public class NullCommandException extends Exception {"
      },
      {
        "lineNumber": 3,
        "author": {
          "gitId": "Bryanbeh1998"
        },
        "content": "}"
      }
    ],
    "authorContributionMap": {
      "Bryanbeh1998": 3
    }
  },
  {
    "path": "src/main/java/duke/tasks/Deadline.java",
    "fileType": "java",
    "lines": [
      {
        "lineNumber": 1,
        "author": {
          "gitId": "Bryanbeh1998"
        },
        "content": "package duke.tasks;"
      },
      {
        "lineNumber": 2,
        "author": {
          "gitId": "Bryanbeh1998"
        },
        "content": "public class Deadline extends Task {"
      },
      {
        "lineNumber": 3,
        "author": {
          "gitId": "Bryanbeh1998"
        },
        "content": "    protected String by;"
      },
      {
        "lineNumber": 4,
        "author": {
          "gitId": "Bryanbeh1998"
        },
        "content": "    public static final String deadlineIcon \u003d \"[D]\";"
      },
      {
        "lineNumber": 5,
        "author": {
          "gitId": "Bryanbeh1998"
        },
        "content": ""
      },
      {
        "lineNumber": 6,
        "author": {
          "gitId": "Bryanbeh1998"
        },
        "content": "    public Deadline(String description, String by){"
      },
      {
        "lineNumber": 7,
        "author": {
          "gitId": "Bryanbeh1998"
        },
        "content": "        super(description);"
      },
      {
        "lineNumber": 8,
        "author": {
          "gitId": "Bryanbeh1998"
        },
        "content": "        this.by \u003d by;"
      },
      {
        "lineNumber": 9,
        "author": {
          "gitId": "Bryanbeh1998"
        },
        "content": "    }"
      },
      {
        "lineNumber": 10,
        "author": {
          "gitId": "Bryanbeh1998"
        },
        "content": ""
      },
      {
        "lineNumber": 11,
        "author": {
          "gitId": "Bryanbeh1998"
        },
        "content": "    public String getTaskIcon() {"
      },
      {
        "lineNumber": 12,
        "author": {
          "gitId": "Bryanbeh1998"
        },
        "content": "        return deadlineIcon;"
      },
      {
        "lineNumber": 13,
        "author": {
          "gitId": "Bryanbeh1998"
        },
        "content": "    }"
      },
      {
        "lineNumber": 14,
        "author": {
          "gitId": "Bryanbeh1998"
        },
        "content": ""
      },
      {
        "lineNumber": 15,
        "author": {
          "gitId": "Bryanbeh1998"
        },
        "content": "    @Override"
      },
      {
        "lineNumber": 16,
        "author": {
          "gitId": "Bryanbeh1998"
        },
        "content": "    public String toString() {"
      },
      {
        "lineNumber": 17,
        "author": {
          "gitId": "Bryanbeh1998"
        },
        "content": "        return deadlineIcon + super.toString() + \" (by: \" + by + \")\" ;"
      },
      {
        "lineNumber": 18,
        "author": {
          "gitId": "Bryanbeh1998"
        },
        "content": "    }"
      },
      {
        "lineNumber": 19,
        "author": {
          "gitId": "Bryanbeh1998"
        },
        "content": "}"
      }
    ],
    "authorContributionMap": {
      "Bryanbeh1998": 19
    }
  },
  {
    "path": "src/main/java/duke/tasks/Event.java",
    "fileType": "java",
    "lines": [
      {
        "lineNumber": 1,
        "author": {
          "gitId": "Bryanbeh1998"
        },
        "content": "package duke.tasks;"
      },
      {
        "lineNumber": 2,
        "author": {
          "gitId": "Bryanbeh1998"
        },
        "content": "public class Event extends Task {"
      },
      {
        "lineNumber": 3,
        "author": {
          "gitId": "Bryanbeh1998"
        },
        "content": ""
      },
      {
        "lineNumber": 4,
        "author": {
          "gitId": "Bryanbeh1998"
        },
        "content": "    protected String at;"
      },
      {
        "lineNumber": 5,
        "author": {
          "gitId": "Bryanbeh1998"
        },
        "content": "    public static final String eventIcon \u003d \"[E]\" ;"
      },
      {
        "lineNumber": 6,
        "author": {
          "gitId": "Bryanbeh1998"
        },
        "content": "    public Event(String description, String at) {"
      },
      {
        "lineNumber": 7,
        "author": {
          "gitId": "Bryanbeh1998"
        },
        "content": "        super(description);"
      },
      {
        "lineNumber": 8,
        "author": {
          "gitId": "Bryanbeh1998"
        },
        "content": "        this.at \u003d at;"
      },
      {
        "lineNumber": 9,
        "author": {
          "gitId": "Bryanbeh1998"
        },
        "content": "    }"
      },
      {
        "lineNumber": 10,
        "author": {
          "gitId": "Bryanbeh1998"
        },
        "content": "    public String getTaskIcon() {"
      },
      {
        "lineNumber": 11,
        "author": {
          "gitId": "Bryanbeh1998"
        },
        "content": "        return eventIcon;"
      },
      {
        "lineNumber": 12,
        "author": {
          "gitId": "Bryanbeh1998"
        },
        "content": "    }"
      },
      {
        "lineNumber": 13,
        "author": {
          "gitId": "Bryanbeh1998"
        },
        "content": ""
      },
      {
        "lineNumber": 14,
        "author": {
          "gitId": "Bryanbeh1998"
        },
        "content": "    @Override"
      },
      {
        "lineNumber": 15,
        "author": {
          "gitId": "Bryanbeh1998"
        },
        "content": "    public String toString() {"
      },
      {
        "lineNumber": 16,
        "author": {
          "gitId": "Bryanbeh1998"
        },
        "content": "        return eventIcon + super.toString() + \" (at: \" + at + \")\";"
      },
      {
        "lineNumber": 17,
        "author": {
          "gitId": "Bryanbeh1998"
        },
        "content": "    }"
      },
      {
        "lineNumber": 18,
        "author": {
          "gitId": "Bryanbeh1998"
        },
        "content": "}"
      }
    ],
    "authorContributionMap": {
      "Bryanbeh1998": 18
    }
  },
  {
    "path": "src/main/java/duke/tasks/Task.java",
    "fileType": "java",
    "lines": [
      {
        "lineNumber": 1,
        "author": {
          "gitId": "Bryanbeh1998"
        },
        "content": "package duke.tasks;"
      },
      {
        "lineNumber": 2,
        "author": {
          "gitId": "Bryanbeh1998"
        },
        "content": "public class Task {"
      },
      {
        "lineNumber": 3,
        "author": {
          "gitId": "Bryanbeh1998"
        },
        "content": "    protected String description;"
      },
      {
        "lineNumber": 4,
        "author": {
          "gitId": "Bryanbeh1998"
        },
        "content": "    protected boolean isDone;"
      },
      {
        "lineNumber": 5,
        "author": {
          "gitId": "Bryanbeh1998"
        },
        "content": ""
      },
      {
        "lineNumber": 6,
        "author": {
          "gitId": "Bryanbeh1998"
        },
        "content": "    public String getTaskIcon() {"
      },
      {
        "lineNumber": 7,
        "author": {
          "gitId": "Bryanbeh1998"
        },
        "content": "        return null;"
      },
      {
        "lineNumber": 8,
        "author": {
          "gitId": "Bryanbeh1998"
        },
        "content": "    }"
      },
      {
        "lineNumber": 9,
        "author": {
          "gitId": "Bryanbeh1998"
        },
        "content": ""
      },
      {
        "lineNumber": 10,
        "author": {
          "gitId": "Bryanbeh1998"
        },
        "content": "    public void markAsDone() {"
      },
      {
        "lineNumber": 11,
        "author": {
          "gitId": "Bryanbeh1998"
        },
        "content": "        isDone \u003d true;"
      },
      {
        "lineNumber": 12,
        "author": {
          "gitId": "Bryanbeh1998"
        },
        "content": "    }"
      },
      {
        "lineNumber": 13,
        "author": {
          "gitId": "Bryanbeh1998"
        },
        "content": ""
      },
      {
        "lineNumber": 14,
        "author": {
          "gitId": "Bryanbeh1998"
        },
        "content": "    public Task(String description) {"
      },
      {
        "lineNumber": 15,
        "author": {
          "gitId": "Bryanbeh1998"
        },
        "content": "        this.description \u003d description;"
      },
      {
        "lineNumber": 16,
        "author": {
          "gitId": "Bryanbeh1998"
        },
        "content": "        this.isDone \u003d false;"
      },
      {
        "lineNumber": 17,
        "author": {
          "gitId": "Bryanbeh1998"
        },
        "content": "    }"
      },
      {
        "lineNumber": 18,
        "author": {
          "gitId": "Bryanbeh1998"
        },
        "content": ""
      },
      {
        "lineNumber": 19,
        "author": {
          "gitId": "Bryanbeh1998"
        },
        "content": "    public String getDescription() {"
      },
      {
        "lineNumber": 20,
        "author": {
          "gitId": "Bryanbeh1998"
        },
        "content": "        return description;"
      },
      {
        "lineNumber": 21,
        "author": {
          "gitId": "Bryanbeh1998"
        },
        "content": "    }"
      },
      {
        "lineNumber": 22,
        "author": {
          "gitId": "Bryanbeh1998"
        },
        "content": ""
      },
      {
        "lineNumber": 23,
        "author": {
          "gitId": "Bryanbeh1998"
        },
        "content": "    public String getStatusIcon() {"
      },
      {
        "lineNumber": 24,
        "author": {
          "gitId": "Bryanbeh1998"
        },
        "content": "        return (isDone ? \"\\u2713\" : \"\\u2718\");"
      },
      {
        "lineNumber": 25,
        "author": {
          "gitId": "Bryanbeh1998"
        },
        "content": "    }"
      },
      {
        "lineNumber": 26,
        "author": {
          "gitId": "Bryanbeh1998"
        },
        "content": ""
      },
      {
        "lineNumber": 27,
        "author": {
          "gitId": "Bryanbeh1998"
        },
        "content": "    public String toString() {"
      },
      {
        "lineNumber": 28,
        "author": {
          "gitId": "Bryanbeh1998"
        },
        "content": "        return \"[\" + getStatusIcon() + \"]\" + description;"
      },
      {
        "lineNumber": 29,
        "author": {
          "gitId": "Bryanbeh1998"
        },
        "content": "    }"
      },
      {
        "lineNumber": 30,
        "author": {
          "gitId": "Bryanbeh1998"
        },
        "content": ""
      },
      {
        "lineNumber": 31,
        "author": {
          "gitId": "Bryanbeh1998"
        },
        "content": ""
      },
      {
        "lineNumber": 32,
        "author": {
          "gitId": "Bryanbeh1998"
        },
        "content": ""
      },
      {
        "lineNumber": 33,
        "author": {
          "gitId": "Bryanbeh1998"
        },
        "content": "}"
      },
      {
        "lineNumber": 34,
        "author": {
          "gitId": "Bryanbeh1998"
        },
        "content": ""
      }
    ],
    "authorContributionMap": {
      "Bryanbeh1998": 34
    }
  },
  {
    "path": "src/main/java/duke/tasks/Todo.java",
    "fileType": "java",
    "lines": [
      {
        "lineNumber": 1,
        "author": {
          "gitId": "Bryanbeh1998"
        },
        "content": "package duke.tasks;"
      },
      {
        "lineNumber": 2,
        "author": {
          "gitId": "Bryanbeh1998"
        },
        "content": ""
      },
      {
        "lineNumber": 3,
        "author": {
          "gitId": "Bryanbeh1998"
        },
        "content": "public class Todo extends Task{"
      },
      {
        "lineNumber": 4,
        "author": {
          "gitId": "Bryanbeh1998"
        },
        "content": "    public static final String todoIcon \u003d \"[T]\";"
      },
      {
        "lineNumber": 5,
        "author": {
          "gitId": "Bryanbeh1998"
        },
        "content": ""
      },
      {
        "lineNumber": 6,
        "author": {
          "gitId": "Bryanbeh1998"
        },
        "content": "    public Todo(String description) {"
      },
      {
        "lineNumber": 7,
        "author": {
          "gitId": "Bryanbeh1998"
        },
        "content": "        super(description);"
      },
      {
        "lineNumber": 8,
        "author": {
          "gitId": "Bryanbeh1998"
        },
        "content": "    }"
      },
      {
        "lineNumber": 9,
        "author": {
          "gitId": "Bryanbeh1998"
        },
        "content": ""
      },
      {
        "lineNumber": 10,
        "author": {
          "gitId": "Bryanbeh1998"
        },
        "content": "    public String getTaskIcon() {"
      },
      {
        "lineNumber": 11,
        "author": {
          "gitId": "Bryanbeh1998"
        },
        "content": "        return todoIcon;"
      },
      {
        "lineNumber": 12,
        "author": {
          "gitId": "Bryanbeh1998"
        },
        "content": "    }"
      },
      {
        "lineNumber": 13,
        "author": {
          "gitId": "Bryanbeh1998"
        },
        "content": ""
      },
      {
        "lineNumber": 14,
        "author": {
          "gitId": "Bryanbeh1998"
        },
        "content": "    @Override"
      },
      {
        "lineNumber": 15,
        "author": {
          "gitId": "Bryanbeh1998"
        },
        "content": "    public String toString() {"
      },
      {
        "lineNumber": 16,
        "author": {
          "gitId": "Bryanbeh1998"
        },
        "content": "        return todoIcon + super.toString();"
      },
      {
        "lineNumber": 17,
        "author": {
          "gitId": "Bryanbeh1998"
        },
        "content": "    }"
      },
      {
        "lineNumber": 18,
        "author": {
          "gitId": "Bryanbeh1998"
        },
        "content": "}"
      }
    ],
    "authorContributionMap": {
      "Bryanbeh1998": 18
    }
  }
]
