{
  "authorDailyContributionsMap": {
    "Kafcis": [
      {
        "date": "2020-08-19",
        "commitResults": [
          {
            "hash": "5510a6333825a45a8ac8b39700ee9366e3aa8b71",
            "messageTitle": "Level-0",
            "messageBody": "added Greet\n",
            "fileTypesAndContributionMap": {
              "java": {
                "insertions": 5,
                "deletions": 0
              }
            }
          }
        ]
      },
      {
        "date": "2020-08-21",
        "commitResults": [
          {
            "hash": "6cc1d52e0c51e970c4db78a23fe112348ea87b1b",
            "messageTitle": "Comit 0",
            "messageBody": "",
            "tags": [
              "Level-0"
            ],
            "fileTypesAndContributionMap": {
              "java": {
                "insertions": 1,
                "deletions": 1
              }
            }
          }
        ]
      },
      {
        "date": "2020-08-27",
        "commitResults": [
          {
            "hash": "893b2491e0956288d15a190d9f2e8f78e3823e2b",
            "messageTitle": "Level 1. Greet, Echo, Exit",
            "messageBody": "",
            "tags": [
              "Level-1"
            ],
            "fileTypesAndContributionMap": {
              "java": {
                "insertions": 21,
                "deletions": 1
              }
            }
          },
          {
            "hash": "43ceb186ef0b63d6d08bba156f1b3378a098c3b9",
            "messageTitle": "Level 2. Add, List",
            "messageBody": "",
            "fileTypesAndContributionMap": {
              "java": {
                "insertions": 19,
                "deletions": 5
              }
            }
          },
          {
            "hash": "01e2c5afbed55be79a06764487a45f932fe8b7f6",
            "messageTitle": "Level 2 changed if else chain to switch",
            "messageBody": "",
            "tags": [
              "Level-2"
            ],
            "fileTypesAndContributionMap": {
              "java": {
                "insertions": 18,
                "deletions": 8
              }
            }
          }
        ]
      },
      {
        "date": "2020-08-28",
        "commitResults": [
          {
            "hash": "834051fa2d503277ce1f153a6de56eac645cf968",
            "messageTitle": "Level 3. Mark as Done",
            "messageBody": "",
            "tags": [
              "Level-3"
            ],
            "fileTypesAndContributionMap": {
              "java": {
                "insertions": 22,
                "deletions": 7
              }
            }
          }
        ]
      },
      {
        "date": "2020-08-29",
        "commitResults": [
          {
            "hash": "488b510e6d2894b068f86a563ef39edfd00654a3",
            "messageTitle": "Level 4. ToDos, Events, Deadlines",
            "messageBody": "",
            "tags": [
              "Level-4"
            ],
            "fileTypesAndContributionMap": {
              "java": {
                "insertions": 122,
                "deletions": 20
              }
            }
          },
          {
            "hash": "157ecf2f6500f119b9cd5d3f78044b4b7797ce89",
            "messageTitle": "A-CodeQuality",
            "messageBody": "",
            "tags": [
              "A-CodeQuality"
            ],
            "fileTypesAndContributionMap": {
              "txt": {
                "insertions": 3,
                "deletions": 0
              },
              "java": {
                "insertions": 6,
                "deletions": 11
              }
            }
          }
        ]
      },
      {
        "date": "2020-09-08",
        "commitResults": [
          {
            "hash": "f92145045118c8ee057164c05f0780bf6678874f",
            "messageTitle": "Edits after peer review",
            "messageBody": "",
            "fileTypesAndContributionMap": {
              "java": {
                "insertions": 46,
                "deletions": 31
              }
            }
          },
          {
            "hash": "6d875119011fcd0c7f46e983fe2767fd113abefa",
            "messageTitle": "Level-5",
            "messageBody": "",
            "fileTypesAndContributionMap": {
              "java": {
                "insertions": 34,
                "deletions": 6
              }
            }
          },
          {
            "hash": "3fe69111754be9abacfd292f8d0fe05a43152ec7",
            "messageTitle": "Consolidated error messages",
            "messageBody": "",
            "fileTypesAndContributionMap": {
              "java": {
                "insertions": 21,
                "deletions": 9
              }
            }
          },
          {
            "hash": "c0ce9eaeb740725456ffe679db963d072b92e921",
            "messageTitle": "Revert \"Consolidated error messages\"",
            "messageBody": "This reverts commit 3fe69111754be9abacfd292f8d0fe05a43152ec7.\n",
            "fileTypesAndContributionMap": {
              "java": {
                "insertions": 9,
                "deletions": 21
              }
            }
          },
          {
            "hash": "cac564fbde88db970a6015250fea7c98b8cc8cc9",
            "messageTitle": "Revert \"Revert \"Consolidated error messages\"\"",
            "messageBody": "This reverts commit c0ce9eaeb740725456ffe679db963d072b92e921.\n",
            "fileTypesAndContributionMap": {
              "java": {
                "insertions": 21,
                "deletions": 9
              }
            }
          },
          {
            "hash": "d1cb82ab16ed864964094944ca40b1570a769cca",
            "messageTitle": "Revert \"Revert \"Revert \"Consolidated error messages\"\"\"",
            "messageBody": "This reverts commit cac564fbde88db970a6015250fea7c98b8cc8cc9.\n",
            "fileTypesAndContributionMap": {
              "java": {
                "insertions": 9,
                "deletions": 21
              }
            }
          }
        ]
      },
      {
        "date": "2020-09-14",
        "commitResults": [
          {
            "hash": "85817567ccb9d046e933f50d01b7b965587055e0",
            "messageTitle": "Level 6.Delete and A-Collections",
            "messageBody": "",
            "tags": [
              "Level-6",
              "A-Collections"
            ],
            "fileTypesAndContributionMap": {
              "java": {
                "insertions": 26,
                "deletions": 7
              }
            }
          }
        ]
      },
      {
        "date": "2020-09-15",
        "commitResults": [
          {
            "hash": "9691400d8923d3af80a87622bc30f37aa17e7b59",
            "messageTitle": "Level 7. Save",
            "messageBody": "",
            "tags": [
              "Level-7"
            ],
            "fileTypesAndContributionMap": {
              "txt": {
                "insertions": 3,
                "deletions": 0
              },
              "java": {
                "insertions": 43,
                "deletions": 0
              }
            }
          },
          {
            "hash": "07cc81c33efd0b4e1805d21fb6bfd1d6b6336e79",
            "messageTitle": "Merge conflict resolved",
            "messageBody": "",
            "tags": [
              "v1.1",
              "v0.1",
              "A-Jar"
            ],
            "fileTypesAndContributionMap": {
              "txt": {
                "insertions": 1,
                "deletions": 0
              },
              "java": {
                "insertions": 1,
                "deletions": 1
              }
            }
          }
        ]
      }
    ]
  },
  "authorFileTypeContributionMap": {
    "Kafcis": {
      "java": 266,
      "md": 0,
      "sh": 0,
      "bat": 0,
      "gradle": 0,
      "txt": 7
    }
  },
  "authorContributionVariance": {
    "Kafcis": 2468.0076
  },
  "authorDisplayNameMap": {
    "Kafcis": "CS2113T-W12-2 CHEO..RCUS"
  }
}
