[
  {
    "path": "src/main/java/Duke.java",
    "fileType": "java",
    "lines": [
      {
        "lineNumber": 1,
        "author": {
          "gitId": "max-wunan"
        },
        "content": "import java.util.Scanner;"
      },
      {
        "lineNumber": 2,
        "author": {
          "gitId": "max-wunan"
        },
        "content": ""
      },
      {
        "lineNumber": 3,
        "author": {
          "gitId": "-"
        },
        "content": "public class Duke {"
      },
      {
        "lineNumber": 4,
        "author": {
          "gitId": "-"
        },
        "content": "    public static void main(String[] args) {"
      },
      {
        "lineNumber": 5,
        "author": {
          "gitId": "-"
        },
        "content": "        String logo \u003d \" ____        _        \\n\""
      },
      {
        "lineNumber": 6,
        "author": {
          "gitId": "-"
        },
        "content": "                + \"|  _ \\\\ _   _| | _____ \\n\""
      },
      {
        "lineNumber": 7,
        "author": {
          "gitId": "-"
        },
        "content": "                + \"| | | | | | | |/ / _ \\\\\\n\""
      },
      {
        "lineNumber": 8,
        "author": {
          "gitId": "-"
        },
        "content": "                + \"| |_| | |_| |   \u003c  __/\\n\""
      },
      {
        "lineNumber": 9,
        "author": {
          "gitId": "-"
        },
        "content": "                + \"|____/ \\\\__,_|_|\\\\_\\\\___|\\n\";"
      },
      {
        "lineNumber": 10,
        "author": {
          "gitId": "-"
        },
        "content": "        System.out.println(\"Hello from\\n\" + logo);"
      },
      {
        "lineNumber": 11,
        "author": {
          "gitId": "max-wunan"
        },
        "content": "        printGreetings();"
      },
      {
        "lineNumber": 12,
        "author": {
          "gitId": "max-wunan"
        },
        "content": "        storeTasks();"
      },
      {
        "lineNumber": 13,
        "author": {
          "gitId": "max-wunan"
        },
        "content": "    }"
      },
      {
        "lineNumber": 14,
        "author": {
          "gitId": "max-wunan"
        },
        "content": ""
      },
      {
        "lineNumber": 15,
        "author": {
          "gitId": "max-wunan"
        },
        "content": "    public static void printGreetings() {"
      },
      {
        "lineNumber": 16,
        "author": {
          "gitId": "max-wunan"
        },
        "content": "        String greeting \u003d \"____________________________________________________________\\n\""
      },
      {
        "lineNumber": 17,
        "author": {
          "gitId": "max-wunan"
        },
        "content": "                + \"Hello! I\u0027m Duke\\n\""
      },
      {
        "lineNumber": 18,
        "author": {
          "gitId": "max-wunan"
        },
        "content": "                + \"What can I do for you?\\n\""
      },
      {
        "lineNumber": 19,
        "author": {
          "gitId": "max-wunan"
        },
        "content": "                + \"____________________________________________________________\\n\""
      },
      {
        "lineNumber": 20,
        "author": {
          "gitId": "max-wunan"
        },
        "content": "                + \"\\n\";"
      },
      {
        "lineNumber": 21,
        "author": {
          "gitId": "max-wunan"
        },
        "content": ""
      },
      {
        "lineNumber": 22,
        "author": {
          "gitId": "max-wunan"
        },
        "content": "        System.out.println(greeting);"
      },
      {
        "lineNumber": 23,
        "author": {
          "gitId": "max-wunan"
        },
        "content": "    }"
      },
      {
        "lineNumber": 24,
        "author": {
          "gitId": "max-wunan"
        },
        "content": ""
      },
      {
        "lineNumber": 25,
        "author": {
          "gitId": "max-wunan"
        },
        "content": "    public static void storeTasks() {"
      },
      {
        "lineNumber": 26,
        "author": {
          "gitId": "max-wunan"
        },
        "content": "        String line;"
      },
      {
        "lineNumber": 27,
        "author": {
          "gitId": "max-wunan"
        },
        "content": "        Task[] tasks \u003d new Task[100];"
      },
      {
        "lineNumber": 28,
        "author": {
          "gitId": "max-wunan"
        },
        "content": "        Scanner in \u003d new Scanner(System.in);"
      },
      {
        "lineNumber": 29,
        "author": {
          "gitId": "max-wunan"
        },
        "content": "        line  \u003d in.nextLine();"
      },
      {
        "lineNumber": 30,
        "author": {
          "gitId": "max-wunan"
        },
        "content": "        int taskIndex \u003d 0;"
      },
      {
        "lineNumber": 31,
        "author": {
          "gitId": "max-wunan"
        },
        "content": "        while (!line.equals(\"bye\")) {"
      },
      {
        "lineNumber": 32,
        "author": {
          "gitId": "max-wunan"
        },
        "content": "            if (line.equals(\"list\")) {"
      },
      {
        "lineNumber": 33,
        "author": {
          "gitId": "max-wunan"
        },
        "content": "                System.out.println(\"____________________________________________________________\\n\");"
      },
      {
        "lineNumber": 34,
        "author": {
          "gitId": "max-wunan"
        },
        "content": "                System.out.println(\"Here are the tasks in your list:\\n\");"
      },
      {
        "lineNumber": 35,
        "author": {
          "gitId": "max-wunan"
        },
        "content": "                for (int i \u003d 1; i \u003c\u003d taskIndex; i++) {"
      },
      {
        "lineNumber": 36,
        "author": {
          "gitId": "max-wunan"
        },
        "content": "                    System.out.println(i + \".\" + \"[\"+ tasks[i-1].getStatusIcon() + \"] \" + tasks[i-1].description + \"\\n\");"
      },
      {
        "lineNumber": 37,
        "author": {
          "gitId": "max-wunan"
        },
        "content": "                }"
      },
      {
        "lineNumber": 38,
        "author": {
          "gitId": "max-wunan"
        },
        "content": "                System.out.println(\"____________________________________________________________\\n\");"
      },
      {
        "lineNumber": 39,
        "author": {
          "gitId": "max-wunan"
        },
        "content": "            } else if (line.startsWith(\"done\")) {"
      },
      {
        "lineNumber": 40,
        "author": {
          "gitId": "max-wunan"
        },
        "content": "                int taskNo \u003d Integer.parseInt(line.substring(5));"
      },
      {
        "lineNumber": 41,
        "author": {
          "gitId": "max-wunan"
        },
        "content": "                tasks[taskNo-1].isDone \u003d true;"
      },
      {
        "lineNumber": 42,
        "author": {
          "gitId": "max-wunan"
        },
        "content": "                System.out.println(\"____________________________________________________________\\n\");"
      },
      {
        "lineNumber": 43,
        "author": {
          "gitId": "max-wunan"
        },
        "content": "                System.out.println(\"Nice! I\u0027ve marked this task as done:\\n\");"
      },
      {
        "lineNumber": 44,
        "author": {
          "gitId": "max-wunan"
        },
        "content": "                System.out.println(\"[\" + tasks[taskNo-1].getStatusIcon() + \"]\" + tasks[taskNo-1].description + \"\\n\");"
      },
      {
        "lineNumber": 45,
        "author": {
          "gitId": "max-wunan"
        },
        "content": "                System.out.println(\"____________________________________________________________\\n\");"
      },
      {
        "lineNumber": 46,
        "author": {
          "gitId": "max-wunan"
        },
        "content": "            } else {"
      },
      {
        "lineNumber": 47,
        "author": {
          "gitId": "max-wunan"
        },
        "content": "                tasks[taskIndex] \u003d new Task(line);"
      },
      {
        "lineNumber": 48,
        "author": {
          "gitId": "max-wunan"
        },
        "content": "                taskIndex++;"
      },
      {
        "lineNumber": 49,
        "author": {
          "gitId": "max-wunan"
        },
        "content": "                String fromDuke \u003d \"____________________________________________________________\\n\""
      },
      {
        "lineNumber": 50,
        "author": {
          "gitId": "max-wunan"
        },
        "content": "                        + \"added: \" + line + \"\\n\""
      },
      {
        "lineNumber": 51,
        "author": {
          "gitId": "max-wunan"
        },
        "content": "                        + \"____________________________________________________________\\n\";"
      },
      {
        "lineNumber": 52,
        "author": {
          "gitId": "max-wunan"
        },
        "content": "                System.out.println(fromDuke);"
      },
      {
        "lineNumber": 53,
        "author": {
          "gitId": "max-wunan"
        },
        "content": "            }"
      },
      {
        "lineNumber": 54,
        "author": {
          "gitId": "max-wunan"
        },
        "content": "            System.out.println(\"\\n\");"
      },
      {
        "lineNumber": 55,
        "author": {
          "gitId": "max-wunan"
        },
        "content": "            line \u003d in.nextLine();"
      },
      {
        "lineNumber": 56,
        "author": {
          "gitId": "max-wunan"
        },
        "content": "        }"
      },
      {
        "lineNumber": 57,
        "author": {
          "gitId": "max-wunan"
        },
        "content": "        String bye \u003d \"____________________________________________________________\\n\""
      },
      {
        "lineNumber": 58,
        "author": {
          "gitId": "max-wunan"
        },
        "content": "                + \"Bye. Hope to see you again soon!\\n\""
      },
      {
        "lineNumber": 59,
        "author": {
          "gitId": "max-wunan"
        },
        "content": "                + \"____________________________________________________________\\n\";"
      },
      {
        "lineNumber": 60,
        "author": {
          "gitId": "max-wunan"
        },
        "content": "        System.out.println(bye);"
      },
      {
        "lineNumber": 61,
        "author": {
          "gitId": "-"
        },
        "content": "    }"
      },
      {
        "lineNumber": 62,
        "author": {
          "gitId": "-"
        },
        "content": "}"
      }
    ],
    "authorContributionMap": {
      "max-wunan": 52,
      "-": 10
    }
  },
  {
    "path": "src/main/java/Task.java",
    "fileType": "java",
    "lines": [
      {
        "lineNumber": 1,
        "author": {
          "gitId": "max-wunan"
        },
        "content": "public class Task {"
      },
      {
        "lineNumber": 2,
        "author": {
          "gitId": "max-wunan"
        },
        "content": "    protected String description;"
      },
      {
        "lineNumber": 3,
        "author": {
          "gitId": "max-wunan"
        },
        "content": "    protected boolean isDone;"
      },
      {
        "lineNumber": 4,
        "author": {
          "gitId": "max-wunan"
        },
        "content": ""
      },
      {
        "lineNumber": 5,
        "author": {
          "gitId": "max-wunan"
        },
        "content": "    public Task(String description) {"
      },
      {
        "lineNumber": 6,
        "author": {
          "gitId": "max-wunan"
        },
        "content": "        this.description \u003d description;"
      },
      {
        "lineNumber": 7,
        "author": {
          "gitId": "max-wunan"
        },
        "content": "        this.isDone \u003d false;"
      },
      {
        "lineNumber": 8,
        "author": {
          "gitId": "max-wunan"
        },
        "content": "    }"
      },
      {
        "lineNumber": 9,
        "author": {
          "gitId": "max-wunan"
        },
        "content": ""
      },
      {
        "lineNumber": 10,
        "author": {
          "gitId": "max-wunan"
        },
        "content": "    public String getStatusIcon() {"
      },
      {
        "lineNumber": 11,
        "author": {
          "gitId": "max-wunan"
        },
        "content": "        return (isDone ? \"\\u2713\" : \"\\u2718\"); //return tick or X symbols"
      },
      {
        "lineNumber": 12,
        "author": {
          "gitId": "max-wunan"
        },
        "content": "    }"
      },
      {
        "lineNumber": 13,
        "author": {
          "gitId": "max-wunan"
        },
        "content": ""
      },
      {
        "lineNumber": 14,
        "author": {
          "gitId": "max-wunan"
        },
        "content": "}"
      }
    ],
    "authorContributionMap": {
      "max-wunan": 14
    }
  }
]
