{
  "authorDailyContributionsMap": {
    "mhchan163": [
      {
        "date": "2020-09-01",
        "commitResults": [
          {
            "hash": "2ddf3eb7f09ea289eaaee9023b0f57258ed9d644",
            "messageTitle": "Added Level 0.Greet",
            "messageBody": "",
            "fileTypesAndContributionMap": {
              "java": {
                "insertions": 7,
                "deletions": 0
              }
            }
          },
          {
            "hash": "7b6fcb803217a15acbbded384a02f5b06d45772e",
            "messageTitle": "Added Duke level 1. Greet, Echo, Exit",
            "messageBody": "",
            "tags": [
              "Level-1"
            ],
            "fileTypesAndContributionMap": {
              "java": {
                "insertions": 12,
                "deletions": 0
              }
            }
          },
          {
            "hash": "f16fd65c97451f56a2fdc62f03ba59dcb0e008d1",
            "messageTitle": "Added Duke Level 2.Add, List",
            "messageBody": "",
            "tags": [
              "Level-2"
            ],
            "fileTypesAndContributionMap": {
              "java": {
                "insertions": 16,
                "deletions": 5
              }
            }
          },
          {
            "hash": "aa13d59defba1c99f75fb647abfb7808713db16f",
            "messageTitle": "Duke Level 3.Mark as Done",
            "messageBody": "",
            "tags": [
              "Level-3"
            ],
            "fileTypesAndContributionMap": {
              "java": {
                "insertions": 33,
                "deletions": 4
              }
            }
          },
          {
            "hash": "030a4de920263e50407a97dd3fb589e6d597adab",
            "messageTitle": "Duke level 4.ToDos, Events, Deadlines",
            "messageBody": "",
            "tags": [
              "Level-4-v1"
            ],
            "fileTypesAndContributionMap": {
              "java": {
                "insertions": 77,
                "deletions": 12
              }
            }
          }
        ]
      },
      {
        "date": "2020-09-08",
        "commitResults": [
          {
            "hash": "db071798ae6dd4324991b51ce86028fb5141c39a",
            "messageTitle": "Added Duke level 5 -added printIntro method",
            "messageBody": "",
            "fileTypesAndContributionMap": {
              "java": {
                "insertions": 65,
                "deletions": 32
              }
            }
          }
        ]
      },
      {
        "date": "2020-09-09",
        "commitResults": [
          {
            "hash": "f87b0686e12b787f49745cb0103fc816ebbae740",
            "messageTitle": "Added Improvement in Coding Standards: Specifically on exception classes(change the first word of the class to Capital letters in accordance to standard coding standards)",
            "messageBody": "",
            "tags": [
              "A-CodingStandard"
            ],
            "fileTypesAndContributionMap": {
              "java": {
                "insertions": 17,
                "deletions": 21
              }
            }
          }
        ]
      },
      {
        "date": "2020-09-14",
        "commitResults": [
          {
            "hash": "b0f191b1ff00c815ff243177e87f1ce19452eb23",
            "messageTitle": "Empty commit",
            "messageBody": "",
            "tags": [
              "A-Exceptions"
            ],
            "fileTypesAndContributionMap": {
              "java": {
                "insertions": 3,
                "deletions": 0
              }
            }
          }
        ]
      },
      {
        "date": "2020-09-15",
        "commitResults": [
          {
            "hash": "23dc255d056ef2282a34756571573f06c56067d6",
            "messageTitle": "Added Duke level 6. Delete Added A-Collections, converted Task Array to ArrayList",
            "messageBody": "",
            "tags": [
              "level-6",
              "A-Collections"
            ],
            "fileTypesAndContributionMap": {
              "java": {
                "insertions": 38,
                "deletions": 24
              }
            }
          },
          {
            "hash": "9581e92b770a216420be8f0523c28a0a576e41d4",
            "messageTitle": "Added FileReading and File creation",
            "messageBody": "",
            "fileTypesAndContributionMap": {
              "java": {
                "insertions": 18,
                "deletions": 1
              }
            }
          },
          {
            "hash": "ab55075adacbf04144fce96b27fa6c5ee2ff7ebf",
            "messageTitle": "Added Duke Level 7 Code is untidy and will be edited later",
            "messageBody": "",
            "tags": [
              "Level-7"
            ],
            "fileTypesAndContributionMap": {
              "java": {
                "insertions": 70,
                "deletions": 13
              }
            }
          },
          {
            "hash": "cbd8498036c8f69ecb58ac3e7354a3b5b28cf58a",
            "messageTitle": "empty commit for jar",
            "messageBody": "",
            "tags": [
              "A-Jar"
            ],
            "fileTypesAndContributionMap": {
              "java": {
                "insertions": 1,
                "deletions": 0
              }
            }
          }
        ]
      },
      {
        "date": "2020-09-23",
        "commitResults": [
          {
            "hash": "a7377a5bf1dc6ef94942f511260bd8c1a15af29b",
            "messageTitle": "Created and added methods -printOutro : prints \"bye\" message -uploadSavedData : uploads saved data into list -saveListData : saves the data in current list into the save file -processInputCommand : asks for input and executes the command",
            "messageBody": "",
            "fileTypesAndContributionMap": {
              "java": {
                "insertions": 114,
                "deletions": 96
              }
            }
          }
        ]
      },
      {
        "date": "2020-09-27",
        "commitResults": [
          {
            "hash": "d779053a7b6969e89ec0959203e249aa90e797a9",
            "messageTitle": "Added Storage but has pathfile erros",
            "messageBody": "",
            "fileTypesAndContributionMap": {
              "java": {
                "insertions": 86,
                "deletions": 18
              }
            }
          },
          {
            "hash": "af6a59ea432331edd8863c108310396f442c1ea2",
            "messageTitle": "Added Ui, Storage, Parser and TaskList classes for MoreOOP",
            "messageBody": "",
            "tags": [
              "A-MoreOOP"
            ],
            "fileTypesAndContributionMap": {
              "java": {
                "insertions": 183,
                "deletions": 153
              }
            }
          }
        ]
      }
    ]
  },
  "authorFileTypeContributionMap": {
    "mhchan163": {
      "java": 369,
      "md": 0,
      "sh": 0,
      "bat": 0,
      "gradle": 0,
      "txt": 0
    }
  },
  "authorContributionVariance": {
    "mhchan163": 6122.605
  },
  "authorDisplayNameMap": {
    "mhchan163": "CS2113T-W12-1 CHAN.. HAN"
  }
}
