{
  "authorDailyContributionsMap": {
    "0xZ3RO": [
      {
        "date": "2020-08-26",
        "commitResults": [
          {
            "hash": "0c566d834038d063afd1e556ab3dab3c48c5e974",
            "messageTitle": "Level-0",
            "messageBody": "",
            "tags": [
              "Level-1"
            ],
            "fileTypesAndContributionMap": {
              "java": {
                "insertions": 3,
                "deletions": 1
              }
            }
          },
          {
            "hash": "a967eb10c70d86ea9b317d18c41fe4a753ef2ac2",
            "messageTitle": "Implement Level 1. Greet, Echo, Exit",
            "messageBody": "",
            "tags": [
              "Level-2"
            ],
            "fileTypesAndContributionMap": {
              "java": {
                "insertions": 11,
                "deletions": 2
              }
            }
          },
          {
            "hash": "79caa92179367511fcec15c448da2714989189c6",
            "messageTitle": "Implement Level 2. Add, List",
            "messageBody": "",
            "tags": [
              "Level-3"
            ],
            "fileTypesAndContributionMap": {
              "java": {
                "insertions": 13,
                "deletions": 1
              }
            }
          },
          {
            "hash": "813a04d0e216b13220d5a8c236c5801d06ab73ab",
            "messageTitle": "Add Level 3. Mark as Done",
            "messageBody": "",
            "tags": [
              "A-CodingStandard"
            ],
            "fileTypesAndContributionMap": {
              "java": {
                "insertions": 29,
                "deletions": 7
              }
            }
          },
          {
            "hash": "0c1be35aa557a14dd27d5dbe1da6cd698d504afa",
            "messageTitle": "Add A-CodingStandard: Follow the Coding Standard",
            "messageBody": "",
            "tags": [
              "Level-4"
            ],
            "fileTypesAndContributionMap": {
              "java": {
                "insertions": 15,
                "deletions": 14
              }
            }
          }
        ]
      },
      {
        "date": "2020-08-31",
        "commitResults": [
          {
            "hash": "fd58d6e88673af34eec7e2dcf447c9d83c749b0c",
            "messageTitle": "Add Level-4",
            "messageBody": "",
            "tags": [
              "A-TextUiTesting"
            ],
            "fileTypesAndContributionMap": {
              "java": {
                "insertions": 65,
                "deletions": 7
              }
            }
          },
          {
            "hash": "36671f04a445246f6ebdecd8ee453950660baf8b",
            "messageTitle": "Add A-TextUiTesting: Automated Text UI Testing",
            "messageBody": "",
            "tags": [
              "A-CodeQuality"
            ],
            "fileTypesAndContributionMap": {
              "txt": {
                "insertions": 1,
                "deletions": 0
              },
              "bat": {
                "insertions": 1,
                "deletions": 1
              }
            }
          },
          {
            "hash": "543f5bee6cce66be4b8182c1f3f854d3eb1f7aa2",
            "messageTitle": "Add A-CodeQuality: Improve Code Quality",
            "messageBody": "",
            "fileTypesAndContributionMap": {
              "java": {
                "insertions": 7,
                "deletions": 6
              }
            }
          }
        ]
      },
      {
        "date": "2020-09-09",
        "commitResults": [
          {
            "hash": "47de3029bc4c05cc499144d406e7998872153b0e",
            "messageTitle": "Add Level-5",
            "messageBody": "",
            "tags": [
              "A-Exceptions"
            ],
            "fileTypesAndContributionMap": {
              "java": {
                "insertions": 105,
                "deletions": 42
              }
            }
          },
          {
            "hash": "4820d16600699663e2c92e7dd10f16c1b033c82f",
            "messageTitle": "Add A-Packages: Organize into Packages",
            "messageBody": "",
            "fileTypesAndContributionMap": {
              "java": {
                "insertions": 15,
                "deletions": 0
              }
            }
          }
        ]
      },
      {
        "date": "2020-09-16",
        "commitResults": [
          {
            "hash": "d6d7ad72b5f4a9ea81b28c1761f4af38aecfb15b",
            "messageTitle": "Add Level-6",
            "messageBody": "",
            "tags": [
              "Level-7",
              "A-Collections"
            ],
            "fileTypesAndContributionMap": {
              "java": {
                "insertions": 139,
                "deletions": 26
              }
            }
          },
          {
            "hash": "e52c84cf5be7d2af39915008e624e04949bb6f7c",
            "messageTitle": "change output",
            "messageBody": "",
            "tags": [
              "v0.1",
              "A-MoreOOP"
            ],
            "fileTypesAndContributionMap": {
              "java": {
                "insertions": 34,
                "deletions": 34
              }
            }
          }
        ]
      },
      {
        "date": "2020-09-30",
        "commitResults": [
          {
            "hash": "7b82b7eb402f111113095d75a56a0b8741580cd9",
            "messageTitle": "Add A-MoreOOP: Use More OOP",
            "messageBody": "",
            "fileTypesAndContributionMap": {
              "java": {
                "insertions": 290,
                "deletions": 198
              }
            }
          },
          {
            "hash": "ee963e7a8ba167d496a438aecee83c3cb658c840",
            "messageTitle": "Add Level-8: Dates and Times",
            "messageBody": "",
            "fileTypesAndContributionMap": {
              "java": {
                "insertions": 24,
                "deletions": 4
              }
            }
          },
          {
            "hash": "836689b1ce51255066f1239403b78a2ef5b1aba2",
            "messageTitle": "Add Level-9: Find",
            "messageBody": "",
            "fileTypesAndContributionMap": {
              "java": {
                "insertions": 20,
                "deletions": 0
              }
            }
          },
          {
            "hash": "21e34104ac91a1261be9a5755470c78e9a9c488f",
            "messageTitle": "Add A-JavaDoc: JavaDoc",
            "messageBody": "",
            "fileTypesAndContributionMap": {
              "java": {
                "insertions": 74,
                "deletions": 27
              }
            }
          },
          {
            "hash": "7471fe24e897faa0e37e7b23886e53ce64a378a5",
            "messageTitle": "Add A-UserGuide: User Guide",
            "messageBody": "",
            "tags": [
              "A-UserGuide",
              "A-Release"
            ],
            "fileTypesAndContributionMap": {
              "md": {
                "insertions": 109,
                "deletions": 7
              }
            }
          }
        ]
      },
      {
        "date": "2020-10-18",
        "commitResults": [
          {
            "hash": "fba2b3f6390cc43d260f60ed6d13534bca8be43c",
            "messageTitle": "Add comments and help",
            "messageBody": "",
            "fileTypesAndContributionMap": {
              "java": {
                "insertions": 68,
                "deletions": 5
              }
            }
          },
          {
            "hash": "bf7963a050344ecaa2ef528fcf56c0f16e960745",
            "messageTitle": "Update README.md",
            "messageBody": "",
            "fileTypesAndContributionMap": {
              "md": {
                "insertions": 1,
                "deletions": 1
              }
            }
          },
          {
            "hash": "ee6e39617d9d144d77af99b760e437280d459cda",
            "messageTitle": "Update README.md",
            "messageBody": "",
            "fileTypesAndContributionMap": {
              "md": {
                "insertions": 4,
                "deletions": 1
              }
            }
          },
          {
            "hash": "b692c370f21759debba5c33c8e902daaf1e36373",
            "messageTitle": "Update README.md",
            "messageBody": "",
            "fileTypesAndContributionMap": {
              "md": {
                "insertions": 95,
                "deletions": 14
              }
            }
          },
          {
            "hash": "22064de97e01ba76132d17c9fd2b3bcc79eb4cf1",
            "messageTitle": "Fix bugs",
            "messageBody": "",
            "fileTypesAndContributionMap": {
              "java": {
                "insertions": 18,
                "deletions": 12
              }
            }
          }
        ]
      }
    ]
  },
  "authorFileTypeContributionMap": {
    "0xZ3RO": {
      "java": 552,
      "md": 186,
      "sh": 0,
      "bat": 1,
      "gradle": 0,
      "txt": 1
    }
  },
  "authorContributionVariance": {
    "0xZ3RO": 10242.644
  },
  "authorDisplayNameMap": {
    "0xZ3RO": "CS2113T-W11-4 AW Y.. WEE"
  }
}
