{
  "authorDailyContributionsMap": {
    "felixhalim": [
      {
        "date": "2020-08-18",
        "commitResults": [
          {
            "hash": "7b9733f57298dd44132feb47d66596819cd1a28f",
            "messageTitle": "Add printGreetings method",
            "messageBody": "",
            "tags": [
              "Level-0"
            ],
            "fileTypesAndContributionMap": {
              "java": {
                "insertions": 7,
                "deletions": 0
              }
            }
          }
        ]
      },
      {
        "date": "2020-08-24",
        "commitResults": [
          {
            "hash": "58d38072eb2148962c86c33bf995d96025808327",
            "messageTitle": "Implement Greet, Echo, Exit",
            "messageBody": "",
            "tags": [
              "Level-1"
            ],
            "fileTypesAndContributionMap": {
              "java": {
                "insertions": 24,
                "deletions": 1
              }
            }
          }
        ]
      },
      {
        "date": "2020-08-25",
        "commitResults": [
          {
            "hash": "9ce25882e486671ba7f8340436ecd30c6e30d15a",
            "messageTitle": "Implement Add, List",
            "messageBody": "",
            "tags": [
              "Level-2"
            ],
            "fileTypesAndContributionMap": {
              "java": {
                "insertions": 16,
                "deletions": 3
              }
            }
          },
          {
            "hash": "1abf436dc4049f7608c47d9d086ec133bc219318",
            "messageTitle": "Implement Mark as Done",
            "messageBody": "",
            "tags": [
              "Level-3",
              "A-CodingStandard"
            ],
            "fileTypesAndContributionMap": {
              "java": {
                "insertions": 35,
                "deletions": 5
              }
            }
          }
        ]
      },
      {
        "date": "2020-09-01",
        "commitResults": [
          {
            "hash": "e6184ca3cc6f81ef4d20f8ef3dc6758d5fff7169",
            "messageTitle": "Implement ToDos, Events, Deadlines",
            "messageBody": "",
            "tags": [
              "Level-4",
              "A-Inheritance"
            ],
            "fileTypesAndContributionMap": {
              "java": {
                "insertions": 71,
                "deletions": 10
              }
            }
          },
          {
            "hash": "23161c0a92f605f711f1dd724dfcd63ff72f1af7",
            "messageTitle": "Edit symbol to alphabet character",
            "messageBody": "",
            "fileTypesAndContributionMap": {
              "java": {
                "insertions": 1,
                "deletions": 1
              }
            }
          },
          {
            "hash": "128f082d852305d13d5808f76f85453557ec5237",
            "messageTitle": "Implement Automated Text UI Testing",
            "messageBody": "",
            "tags": [
              "A-TextUiTesting"
            ],
            "fileTypesAndContributionMap": {
              "txt": {
                "insertions": 8,
                "deletions": 0
              },
              "sh": {
                "insertions": 1,
                "deletions": 1
              }
            }
          },
          {
            "hash": "2ffd680650ba99990d954952b11a256e075c5654",
            "messageTitle": "Improve code quality",
            "messageBody": "",
            "tags": [
              "A-CodeQuality"
            ],
            "fileTypesAndContributionMap": {
              "java": {
                "insertions": 17,
                "deletions": 12
              }
            }
          }
        ]
      },
      {
        "date": "2020-09-02",
        "commitResults": [
          {
            "hash": "9770f53f507e530f016791154f60e59cc0121d61",
            "messageTitle": "Edit event getTask() message",
            "messageBody": "",
            "fileTypesAndContributionMap": {
              "java": {
                "insertions": 1,
                "deletions": 1
              }
            }
          }
        ]
      },
      {
        "date": "2020-09-08",
        "commitResults": [
          {
            "hash": "2903c5eff8f80ae38be4c169bfbb3d9bcc88c14d",
            "messageTitle": "Refactor code (introducing variable)",
            "messageBody": "",
            "fileTypesAndContributionMap": {
              "java": {
                "insertions": 3,
                "deletions": 2
              }
            }
          },
          {
            "hash": "971b70672ff971255c5c1c5c8826327c3af54c19",
            "messageTitle": "Implement Handle Errors",
            "messageBody": "",
            "tags": [
              "A-Exceptions"
            ],
            "fileTypesAndContributionMap": {
              "txt": {
                "insertions": 7,
                "deletions": 1
              },
              "java": {
                "insertions": 76,
                "deletions": 46
              }
            }
          },
          {
            "hash": "673e618c7b531094a70920af02c7a5ed641ec82d",
            "messageTitle": "Implement Organize into Packages",
            "messageBody": "",
            "tags": [
              "A-Packages"
            ],
            "fileTypesAndContributionMap": {
              "java": {
                "insertions": 21,
                "deletions": 0
              },
              "bat": {
                "insertions": 2,
                "deletions": 2
              },
              "sh": {
                "insertions": 1,
                "deletions": 1
              },
              "md": {
                "insertions": 2,
                "deletions": 1
              }
            }
          }
        ]
      },
      {
        "date": "2020-09-15",
        "commitResults": [
          {
            "hash": "2ab51125d037123d82f78c4d440afa7f27af8bd9",
            "messageTitle": "Implement Delete",
            "messageBody": "",
            "tags": [
              "Level-6",
              "A-Collections"
            ],
            "fileTypesAndContributionMap": {
              "txt": {
                "insertions": 2,
                "deletions": 1
              },
              "java": {
                "insertions": 21,
                "deletions": 1
              },
              "sh": {
                "insertions": 1,
                "deletions": 1
              }
            }
          },
          {
            "hash": "a05199c46f4611c61a2a917166b06228ce141628",
            "messageTitle": "Refactor code (extract method)",
            "messageBody": "",
            "fileTypesAndContributionMap": {
              "java": {
                "insertions": 5,
                "deletions": 1
              }
            }
          },
          {
            "hash": "c7b021b77faefa2ffe850cc1945035569bb71d33",
            "messageTitle": "Implement Save",
            "messageBody": "",
            "tags": [
              "Level-7"
            ],
            "fileTypesAndContributionMap": {
              "txt": {
                "insertions": 0,
                "deletions": 0
              },
              "java": {
                "insertions": 48,
                "deletions": 0
              }
            }
          },
          {
            "hash": "1ab598c805f839e1481ff0c10b185e35925f3491",
            "messageTitle": "Update filepath to absolute path",
            "messageBody": "",
            "fileTypesAndContributionMap": {
              "java": {
                "insertions": 3,
                "deletions": 1
              }
            }
          },
          {
            "hash": "2c050edb5c70df50788a50d73f774d2e99c328e5",
            "messageTitle": "Update Save feature",
            "messageBody": "",
            "fileTypesAndContributionMap": {
              "java": {
                "insertions": 37,
                "deletions": 7
              }
            }
          }
        ]
      },
      {
        "date": "2020-09-21",
        "commitResults": [
          {
            "hash": "67980af9ced34100ded7ffbce835c97248b4c530",
            "messageTitle": "Edit data in Tutorial",
            "messageBody": "",
            "fileTypesAndContributionMap": {
              "txt": {
                "insertions": 1,
                "deletions": 0
              }
            }
          }
        ]
      },
      {
        "date": "2020-09-24",
        "commitResults": [
          {
            "hash": "0c21f9af0e34b5b826073e5fe4cbe76a8302e245",
            "messageTitle": "Implement Use More OOP",
            "messageBody": "",
            "tags": [
              "A-MoreOOP"
            ],
            "fileTypesAndContributionMap": {
              "java": {
                "insertions": 483,
                "deletions": 209
              }
            }
          }
        ]
      },
      {
        "date": "2020-09-28",
        "commitResults": [
          {
            "hash": "cfbfede9a0a06201968c15fa366251edf1ecb373",
            "messageTitle": "Implement Find",
            "messageBody": "",
            "fileTypesAndContributionMap": {
              "java": {
                "insertions": 54,
                "deletions": 0
              }
            }
          },
          {
            "hash": "c46b5515e2ae6268430bffa4bdb68dd3973c94fc",
            "messageTitle": "Fix redundant statement",
            "messageBody": "",
            "tags": [
              "Level-9"
            ],
            "fileTypesAndContributionMap": {
              "java": {
                "insertions": 1,
                "deletions": 1
              }
            }
          },
          {
            "hash": "b1369237df48d5872d9175f2e7d6e84bcceb1dd5",
            "messageTitle": "Add JavaDoc comments",
            "messageBody": "",
            "fileTypesAndContributionMap": {
              "java": {
                "insertions": 132,
                "deletions": 0
              }
            }
          },
          {
            "hash": "04bb695d4095632ffc01b99e6fd2c0d855c83046",
            "messageTitle": "Add a User Guide",
            "messageBody": "",
            "tags": [
              "A-UserGuide"
            ],
            "fileTypesAndContributionMap": {
              "md": {
                "insertions": 9,
                "deletions": 3
              }
            }
          },
          {
            "hash": "00b1e1fbe636f6c1145179827eff12659ab789cc",
            "messageTitle": "Update filePath to relative path",
            "messageBody": "",
            "fileTypesAndContributionMap": {
              "java": {
                "insertions": 1,
                "deletions": 2
              }
            }
          },
          {
            "hash": "b8fbbf06f81f2d539af342603497a0e2c6dc8f01",
            "messageTitle": "Handle non-existent filepath",
            "messageBody": "",
            "fileTypesAndContributionMap": {
              "java": {
                "insertions": 6,
                "deletions": 0
              }
            }
          },
          {
            "hash": "cfcedb690bfd1796a4e33ab51c38e7410290a0f6",
            "messageTitle": "Update the User Guide",
            "messageBody": "",
            "fileTypesAndContributionMap": {
              "txt": {
                "insertions": 2,
                "deletions": 1
              },
              "md": {
                "insertions": 138,
                "deletions": 10
              }
            }
          }
        ]
      },
      {
        "date": "2020-10-02",
        "commitResults": [
          {
            "hash": "2d49078da0c6282b0253377b1d0cbf781cd873b5",
            "messageTitle": "Replace with single import statement",
            "messageBody": "",
            "fileTypesAndContributionMap": {
              "java": {
                "insertions": 7,
                "deletions": 1
              }
            }
          },
          {
            "hash": "6accdda15ec2065639bc176f42806f729a30698b",
            "messageTitle": "Edit auto-tester script",
            "messageBody": "",
            "fileTypesAndContributionMap": {
              "txt": {
                "insertions": 1,
                "deletions": 1
              },
              "bat": {
                "insertions": 1,
                "deletions": 1
              },
              "sh": {
                "insertions": 1,
                "deletions": 1
              }
            }
          },
          {
            "hash": "faf18555a8ccc08637639473bb224aa91ba7defe",
            "messageTitle": "Edit Scanner as global variable",
            "messageBody": "",
            "fileTypesAndContributionMap": {
              "java": {
                "insertions": 1,
                "deletions": 1
              }
            }
          },
          {
            "hash": "944f90705631a05e6bb8501dfae23dd956cbe2ca",
            "messageTitle": "Edit test-cases",
            "messageBody": "",
            "tags": [
              "A-Release"
            ],
            "fileTypesAndContributionMap": {
              "txt": {
                "insertions": 0,
                "deletions": 0
              }
            }
          }
        ]
      }
    ]
  },
  "authorFileTypeContributionMap": {
    "felixhalim": {
      "java": 772,
      "md": 139,
      "sh": 2,
      "bat": 2,
      "gradle": 0,
      "txt": 17
    }
  },
  "authorContributionVariance": {
    "felixhalim": 12436.567
  },
  "authorDisplayNameMap": {
    "felixhalim": "CS2113T-W11-2 FELI..ALIM"
  }
}
