{
  "authorDailyContributionsMap": {
    "AnnanWangDaniel": [
      {
        "date": "2020-09-01",
        "commitResults": [
          {
            "hash": "8e6490320272e4124c19e10165881471e309e74b",
            "messageTitle": "Level-0",
            "messageBody": "",
            "fileTypesAndContributionMap": {
              "java": {
                "insertions": 9,
                "deletions": 2
              }
            }
          },
          {
            "hash": "1466cf63b9b202021966482887fef218ac34b2da",
            "messageTitle": "Level 1. Greet, Echo, Exit",
            "messageBody": "",
            "fileTypesAndContributionMap": {
              "java": {
                "insertions": 32,
                "deletions": 14
              }
            }
          },
          {
            "hash": "1ca9f96015113da880238aa231a3a26dc3aa8990",
            "messageTitle": "Level 2. Add, List",
            "messageBody": "",
            "fileTypesAndContributionMap": {
              "java": {
                "insertions": 109,
                "deletions": 7
              }
            }
          },
          {
            "hash": "b40bb7afd67b45d2fe33b72e7768cfe710df7788",
            "messageTitle": "Level 3. Mark as done",
            "messageBody": "",
            "fileTypesAndContributionMap": {
              "java": {
                "insertions": 56,
                "deletions": 128
              }
            }
          }
        ]
      },
      {
        "date": "2020-09-02",
        "commitResults": [
          {
            "hash": "08c17cb87ed0853ad6be0292473e69ca3119727d",
            "messageTitle": "Level-4. code quality",
            "messageBody": "",
            "fileTypesAndContributionMap": {
              "java": {
                "insertions": 87,
                "deletions": 14
              }
            }
          }
        ]
      },
      {
        "date": "2020-09-03",
        "commitResults": [
          {
            "hash": "16687ef524bc459e968f893d690ee5e65ed29a41",
            "messageTitle": "fix a formatting issue",
            "messageBody": "",
            "tags": [
              "Level-4",
              "Level-3",
              "Level-2",
              "Level-1",
              "A-TextUiTesting",
              "A-CodingStandard"
            ],
            "fileTypesAndContributionMap": {
              "java": {
                "insertions": 3,
                "deletions": 3
              }
            }
          }
        ]
      },
      {
        "date": "2020-09-06",
        "commitResults": [
          {
            "hash": "13c931a0acf37265d9eab69ebfac4a3778e3a08b",
            "messageTitle": "Level-5",
            "messageBody": "",
            "fileTypesAndContributionMap": {
              "java": {
                "insertions": 56,
                "deletions": 42
              }
            }
          },
          {
            "hash": "250902ab114a3f9450205dd1f8aa10aa19ebb9e2",
            "messageTitle": "coding standard",
            "messageBody": "",
            "tags": [
              "Level-5"
            ],
            "fileTypesAndContributionMap": {
              "java": {
                "insertions": 26,
                "deletions": 23
              }
            }
          }
        ]
      },
      {
        "date": "2020-09-07",
        "commitResults": [
          {
            "hash": "6a435ac041d94b507fe795bc3e58b2eed10dfc7d",
            "messageTitle": "fix some errors",
            "messageBody": "",
            "tags": [
              "A-CodeQuality"
            ],
            "fileTypesAndContributionMap": {
              "java": {
                "insertions": 3,
                "deletions": 3
              }
            }
          },
          {
            "hash": "a3ed678022dbd5702fd85ca27573a900a980d439",
            "messageTitle": "fix output format errors",
            "messageBody": "",
            "tags": [
              "A-Packages",
              "A-Exceptions"
            ],
            "fileTypesAndContributionMap": {
              "java": {
                "insertions": 3,
                "deletions": 3
              }
            }
          }
        ]
      },
      {
        "date": "2020-10-01",
        "commitResults": [
          {
            "hash": "a8820b93a784c892e33c21c10b60272d503f1566",
            "messageTitle": "Revert \"coding standard\"",
            "messageBody": "This reverts commit 250902ab114a3f9450205dd1f8aa10aa19ebb9e2.\n",
            "fileTypesAndContributionMap": {
              "java": {
                "insertions": 279,
                "deletions": 0
              }
            }
          },
          {
            "hash": "dbcc35cafe023a8f7f5598bdb9a0e23062137e37",
            "messageTitle": "fixing",
            "messageBody": "",
            "fileTypesAndContributionMap": {
              "java": {
                "insertions": 68,
                "deletions": 557
              }
            }
          },
          {
            "hash": "65366de59039b6ee51364c295643d971ececbe19",
            "messageTitle": "A-package fixed",
            "messageBody": "",
            "fileTypesAndContributionMap": {
              "java": {
                "insertions": 49,
                "deletions": 105
              }
            }
          },
          {
            "hash": "651a5306971b4223be4fa6624dd5d43c3c4fd818",
            "messageTitle": "A-package fixing",
            "messageBody": "",
            "tags": [
              "Level-6"
            ],
            "fileTypesAndContributionMap": {
              "java": {
                "insertions": 11,
                "deletions": 2
              }
            }
          },
          {
            "hash": "e2b8a73ed7f5bf7a711b63addd11db9d5ffe0a5d",
            "messageTitle": "add delete",
            "messageBody": "",
            "tags": [
              "Level-7"
            ],
            "fileTypesAndContributionMap": {
              "java": {
                "insertions": 34,
                "deletions": 11
              }
            }
          },
          {
            "hash": "3b15ce7e360ac4cd0ce345999807f29b19218c07",
            "messageTitle": "Level-7",
            "messageBody": "",
            "fileTypesAndContributionMap": {
              "txt": {
                "insertions": 0,
                "deletions": 0
              },
              "java": {
                "insertions": 47,
                "deletions": 3
              }
            }
          }
        ]
      },
      {
        "date": "2020-10-02",
        "commitResults": [
          {
            "hash": "753a086e0fbcb6d2128b0906253fb57f35ffcc7e",
            "messageTitle": "Level-9",
            "messageBody": "",
            "tags": [
              "Level-9"
            ],
            "fileTypesAndContributionMap": {
              "txt": {
                "insertions": 0,
                "deletions": 0
              },
              "java": {
                "insertions": 107,
                "deletions": 48
              }
            }
          },
          {
            "hash": "78e77e9e5f8fc106243c6bf69d70c579fdcfb626",
            "messageTitle": "update",
            "messageBody": "",
            "fileTypesAndContributionMap": {
              "txt": {
                "insertions": 2,
                "deletions": 0
              }
            }
          },
          {
            "hash": "8587eb2b9161f216d10974965a532c88d94ce3c9",
            "messageTitle": "solve conflicts",
            "messageBody": "",
            "fileTypesAndContributionMap": {
              "txt": {
                "insertions": 0,
                "deletions": 1
              }
            }
          },
          {
            "hash": "8acd731691bd7cdc7de5a4fea471be406de24b4d",
            "messageTitle": "solving conflicts",
            "messageBody": "",
            "tags": [
              "A-Jar"
            ],
            "fileTypesAndContributionMap": {
              "java": {
                "insertions": 2,
                "deletions": 2
              }
            }
          },
          {
            "hash": "acde8d754b17d5dc616505567a37f224b88fe86d",
            "messageTitle": "add AnnanJar.jar file",
            "messageBody": "",
            "fileTypesAndContributionMap": {
              "txt": {
                "insertions": 3,
                "deletions": 0
              },
              "java": {
                "insertions": 3,
                "deletions": 3
              }
            }
          },
          {
            "hash": "6bd7b824ef0594568b0b31a3bbb8a48f280b5e54",
            "messageTitle": "A-MoreOOP",
            "messageBody": "",
            "fileTypesAndContributionMap": {
              "java": {
                "insertions": 148,
                "deletions": 83
              }
            }
          },
          {
            "hash": "7a26155ef39c3bb5c9a727035036e6c5bc14def3",
            "messageTitle": "Update README.md",
            "messageBody": "",
            "fileTypesAndContributionMap": {
              "md": {
                "insertions": 211,
                "deletions": 10
              }
            }
          },
          {
            "hash": "0abaa7363e873be753b7d38efda7513c8dc2a3d2",
            "messageTitle": "Update README.md",
            "messageBody": "",
            "tags": [
              "A-JavaDoc"
            ],
            "fileTypesAndContributionMap": {
              "md": {
                "insertions": 55,
                "deletions": 68
              }
            }
          },
          {
            "hash": "ac05f81340c32c7cb1589c7741a2c16a69b41e22",
            "messageTitle": "add comments",
            "messageBody": "",
            "fileTypesAndContributionMap": {
              "java": {
                "insertions": 20,
                "deletions": 7
              }
            }
          },
          {
            "hash": "0663937b444f690f855753fe763ecd43832dc436",
            "messageTitle": "Update README.md",
            "messageBody": "",
            "fileTypesAndContributionMap": {
              "md": {
                "insertions": 2,
                "deletions": 2
              }
            }
          },
          {
            "hash": "016ca902fbd2f5b89f01ab1c151fbb4caeb9383b",
            "messageTitle": "update on comments.",
            "messageBody": "",
            "fileTypesAndContributionMap": {
              "txt": {
                "insertions": 1,
                "deletions": 1
              },
              "java": {
                "insertions": 21,
                "deletions": 5
              }
            }
          }
        ]
      }
    ]
  },
  "authorFileTypeContributionMap": {
    "AnnanWangDaniel": {
      "java": 386,
      "md": 195,
      "sh": 0,
      "bat": 0,
      "gradle": 0,
      "txt": 4
    }
  },
  "authorContributionVariance": {
    "AnnanWangDaniel": 40648.863
  },
  "authorDisplayNameMap": {
    "AnnanWangDaniel": "CS2113-T16-2 WANG..NNAN"
  }
}
