{
  "authorDailyContributionsMap": {
    "theopin": [
      {
        "date": "2020-08-15",
        "commitResults": [
          {
            "hash": "ea5839f93fe6f2ccf3fdb2bce853a42794ac32b4",
            "messageTitle": "add greet statements",
            "messageBody": "",
            "fileTypesAndContributionMap": {
              "java": {
                "insertions": 19,
                "deletions": 1
              }
            }
          }
        ]
      },
      {
        "date": "2020-08-21",
        "commitResults": [
          {
            "hash": "efa4d736b14108d572e26753a7e4d4737812b633",
            "messageTitle": "Improve method names",
            "messageBody": "",
            "tags": [
              "Level-0"
            ],
            "fileTypesAndContributionMap": {
              "java": {
                "insertions": 4,
                "deletions": 4
              }
            }
          },
          {
            "hash": "9cd8eb5cc9ce25c7e4fe9101038af3f6741958fb",
            "messageTitle": "Add echo functionality",
            "messageBody": "",
            "tags": [
              "Level-1"
            ],
            "fileTypesAndContributionMap": {
              "java": {
                "insertions": 34,
                "deletions": 10
              }
            }
          },
          {
            "hash": "ba61d594512faeeccc4397b79ab2adf63b0edd33",
            "messageTitle": "Add task insertion and list functions",
            "messageBody": "",
            "tags": [
              "Level-2"
            ],
            "fileTypesAndContributionMap": {
              "java": {
                "insertions": 25,
                "deletions": 5
              }
            }
          },
          {
            "hash": "0176e3e822c57a81994f48e73d519eec9738c703",
            "messageTitle": "Add Task class",
            "messageBody": "",
            "tags": [
              "A-Classes"
            ],
            "fileTypesAndContributionMap": {
              "java": {
                "insertions": 36,
                "deletions": 7
              }
            }
          }
        ]
      },
      {
        "date": "2020-08-22",
        "commitResults": [
          {
            "hash": "db8ab31f0637aae9c184136e1263290c52e6b474",
            "messageTitle": "Add ability to mark tasks as done",
            "messageBody": "",
            "tags": [
              "Level-3"
            ],
            "fileTypesAndContributionMap": {
              "java": {
                "insertions": 45,
                "deletions": 13
              }
            }
          },
          {
            "hash": "eac1b4859cced04be320034b88e11d6265c8120b",
            "messageTitle": "Improve code to follow coding standard",
            "messageBody": "",
            "tags": [
              "A-CodingStandard"
            ],
            "fileTypesAndContributionMap": {
              "java": {
                "insertions": 44,
                "deletions": 13
              }
            }
          }
        ]
      },
      {
        "date": "2020-08-28",
        "commitResults": [
          {
            "hash": "2d34310dbf82417824141dcaff4f8505f6af178c",
            "messageTitle": "Add support for multiple task types",
            "messageBody": "",
            "tags": [
              "A-Inheritance"
            ],
            "fileTypesAndContributionMap": {
              "java": {
                "insertions": 37,
                "deletions": 0
              }
            }
          },
          {
            "hash": "0685e1389f6d1d414e369737172cebe2c4028f57",
            "messageTitle": "Add support to track three types of tasks",
            "messageBody": "",
            "tags": [
              "Level-4"
            ],
            "fileTypesAndContributionMap": {
              "java": {
                "insertions": 53,
                "deletions": 17
              }
            }
          }
        ]
      },
      {
        "date": "2020-08-30",
        "commitResults": [
          {
            "hash": "2bac530c4b0930a06c52f96c6367730e77ddec48",
            "messageTitle": "Simplify user command input methods",
            "messageBody": "",
            "tags": [
              "A-CodeQuality"
            ],
            "fileTypesAndContributionMap": {
              "java": {
                "insertions": 166,
                "deletions": 157
              }
            }
          }
        ]
      },
      {
        "date": "2020-08-31",
        "commitResults": [
          {
            "hash": "7f34e27ac5be14a5cbfc7da0f459d319dbf7306e",
            "messageTitle": "Remove unecessary import files and variables",
            "messageBody": "",
            "fileTypesAndContributionMap": {
              "java": {
                "insertions": 1,
                "deletions": 4
              }
            }
          },
          {
            "hash": "6899aa7bb5381581b60ad1bb015db0e3110b6b42",
            "messageTitle": "Configure runtest.bat to allow semi-auto testing",
            "messageBody": "",
            "tags": [
              "A-TextUiTesting"
            ],
            "fileTypesAndContributionMap": {
              "txt": {
                "insertions": 1,
                "deletions": 0
              },
              "bat": {
                "insertions": 10,
                "deletions": 3
              }
            }
          }
        ]
      },
      {
        "date": "2020-09-03",
        "commitResults": [
          {
            "hash": "e2041f692b56e23a00f42f9e85b551162bb61835",
            "messageTitle": "Shift message methods to Message.java",
            "messageBody": "",
            "fileTypesAndContributionMap": {
              "java": {
                "insertions": 50,
                "deletions": 37
              }
            }
          },
          {
            "hash": "aa7628ec07a1d6f521b82777a448b17464026e50",
            "messageTitle": "Fix visual bug",
            "messageBody": "",
            "fileTypesAndContributionMap": {
              "java": {
                "insertions": 5,
                "deletions": 1
              }
            }
          }
        ]
      },
      {
        "date": "2020-09-05",
        "commitResults": [
          {
            "hash": "42f7293800b01050c17f1f30245dc525b5f383b1",
            "messageTitle": "Create basic error handling technique",
            "messageBody": "",
            "tags": [
              "A-Exceptions"
            ],
            "fileTypesAndContributionMap": {
              "java": {
                "insertions": 30,
                "deletions": 8
              }
            }
          },
          {
            "hash": "386d6be2175f7c172ace9ba96db50a8673b5e11d",
            "messageTitle": "Tweak error handling technique",
            "messageBody": "",
            "fileTypesAndContributionMap": {
              "java": {
                "insertions": 1,
                "deletions": 1
              }
            }
          },
          {
            "hash": "af2cb94c267d271fa90a58120f55f5beaefc8cf9",
            "messageTitle": "Add new error handling case",
            "messageBody": "",
            "fileTypesAndContributionMap": {
              "java": {
                "insertions": 19,
                "deletions": 2
              }
            }
          },
          {
            "hash": "6207e02d1fed80d25e74f9f73a5a081beb9602cd",
            "messageTitle": "Update UserSession.java",
            "messageBody": "",
            "fileTypesAndContributionMap": {
              "java": {
                "insertions": 1,
                "deletions": 2
              }
            }
          },
          {
            "hash": "2a5a9fc643c0da7bf132bc53e1508fb7a9b01704",
            "messageTitle": "Shift all classes into duke",
            "messageBody": "",
            "fileTypesAndContributionMap": {
              "java": {
                "insertions": 26,
                "deletions": 6
              },
              "bat": {
                "insertions": 1,
                "deletions": 1
              },
              "md": {
                "insertions": 2,
                "deletions": 2
              }
            }
          },
          {
            "hash": "44ba8a1c4426a98a1c861dea4bf3e135e4be92a2",
            "messageTitle": "Shift task and its subclasses into duke.task",
            "messageBody": "",
            "fileTypesAndContributionMap": {
              "java": {
                "insertions": 15,
                "deletions": 10
              }
            }
          },
          {
            "hash": "5b90259391237a632ae610eed726057ac40131d2",
            "messageTitle": "Shift DukeException and its subclasses into duke.task",
            "messageBody": "",
            "fileTypesAndContributionMap": {
              "java": {
                "insertions": 7,
                "deletions": 3
              }
            }
          },
          {
            "hash": "adb1a4917d4ea39964f9928750209f4a2be03e17",
            "messageTitle": "create new package to hold messages",
            "messageBody": "",
            "fileTypesAndContributionMap": {
              "java": {
                "insertions": 3,
                "deletions": 2
              }
            }
          }
        ]
      },
      {
        "date": "2020-09-08",
        "commitResults": [
          {
            "hash": "5cbd527978969074aeb7f76b749f7461575f4745",
            "messageTitle": "Add error handling for incomplete actions",
            "messageBody": "",
            "fileTypesAndContributionMap": {
              "java": {
                "insertions": 31,
                "deletions": 3
              }
            }
          }
        ]
      },
      {
        "date": "2020-09-11",
        "commitResults": [
          {
            "hash": "157df62dc129d34fcae9cfcb7c378587cd5d48c9",
            "messageTitle": "Replace task array with an arraylist",
            "messageBody": "",
            "tags": [
              "A-Collections"
            ],
            "fileTypesAndContributionMap": {
              "java": {
                "insertions": 12,
                "deletions": 14
              }
            }
          },
          {
            "hash": "f04c8ac693bc871208454e6383d1d115032f0d04",
            "messageTitle": "Add ability to remove task from list",
            "messageBody": "",
            "fileTypesAndContributionMap": {
              "java": {
                "insertions": 50,
                "deletions": 7
              }
            }
          }
        ]
      },
      {
        "date": "2020-09-13",
        "commitResults": [
          {
            "hash": "328b82e49fa68049ae9a5df79e9100c668bb91e1",
            "messageTitle": "Implement base for writing and reading data files",
            "messageBody": "",
            "fileTypesAndContributionMap": {
              "java": {
                "insertions": 56,
                "deletions": 0
              }
            }
          },
          {
            "hash": "800a435cfa7a3effcfadeaf260f394ea7934bc77",
            "messageTitle": "Create function to read tasks from duke.txt",
            "messageBody": "",
            "fileTypesAndContributionMap": {
              "txt": {
                "insertions": 1,
                "deletions": 0
              },
              "java": {
                "insertions": 43,
                "deletions": 6
              }
            }
          },
          {
            "hash": "16d7c4a16e53efc76cbc7706ffcd828eb372796d",
            "messageTitle": "Improve read data functionality",
            "messageBody": "",
            "fileTypesAndContributionMap": {
              "txt": {
                "insertions": 3,
                "deletions": 1
              },
              "java": {
                "insertions": 31,
                "deletions": 14
              }
            }
          },
          {
            "hash": "d746de1ecf87dbaaebf28ccb4e34e57c663137ae",
            "messageTitle": "Create function to write tasks to duke.txt",
            "messageBody": "",
            "fileTypesAndContributionMap": {
              "txt": {
                "insertions": 2,
                "deletions": 1
              },
              "java": {
                "insertions": 63,
                "deletions": 8
              }
            }
          },
          {
            "hash": "75f162901d0004d354d8b340e4dcf4d21deb8455",
            "messageTitle": "Improve read file function",
            "messageBody": "",
            "fileTypesAndContributionMap": {
              "txt": {
                "insertions": 4,
                "deletions": 4
              },
              "java": {
                "insertions": 39,
                "deletions": 32
              }
            }
          },
          {
            "hash": "278026e52d5a0c637caa7423f023f39973ff75f3",
            "messageTitle": "Improve write function",
            "messageBody": "",
            "fileTypesAndContributionMap": {
              "txt": {
                "insertions": 4,
                "deletions": 4
              },
              "java": {
                "insertions": 4,
                "deletions": 6
              }
            }
          },
          {
            "hash": "58b0991468bb978a5d2c0e6a7457edd7d37f7693",
            "messageTitle": "Restore functionality of read file to update status of task",
            "messageBody": "",
            "fileTypesAndContributionMap": {
              "txt": {
                "insertions": 1,
                "deletions": 1
              },
              "java": {
                "insertions": 5,
                "deletions": 4
              }
            }
          }
        ]
      },
      {
        "date": "2020-09-14",
        "commitResults": [
          {
            "hash": "8f17d0ee0edb230d1ddb57d0e7d7c55cb388d526",
            "messageTitle": "Resolve post-merge errors",
            "messageBody": "",
            "fileTypesAndContributionMap": {
              "java": {
                "insertions": 4,
                "deletions": 7
              }
            }
          },
          {
            "hash": "a78064d38ce7410a56eba66ec12667c0c1370e0a",
            "messageTitle": "Extend Write file function to removing tasks",
            "messageBody": "",
            "fileTypesAndContributionMap": {
              "java": {
                "insertions": 2,
                "deletions": 0
              }
            }
          },
          {
            "hash": "ef33f810efc9ba6b6b8008692289eb59dc85e8e5",
            "messageTitle": "Add MANIFEST.MF and edit formatting",
            "messageBody": "",
            "fileTypesAndContributionMap": {
              "java": {
                "insertions": 1,
                "deletions": 1
              }
            }
          },
          {
            "hash": "097d3cdaa1269c9a5c1d8a444a6b63e92fe4d6f4",
            "messageTitle": "Fix file detection and creation error",
            "messageBody": "",
            "fileTypesAndContributionMap": {
              "java": {
                "insertions": 29,
                "deletions": 6
              }
            }
          }
        ]
      },
      {
        "date": "2020-09-17",
        "commitResults": [
          {
            "hash": "5eaaea05b25fb91394961f70be2f45f650ca0992",
            "messageTitle": "Refactor methods with large lines of code",
            "messageBody": "",
            "fileTypesAndContributionMap": {
              "java": {
                "insertions": 64,
                "deletions": 40
              }
            }
          },
          {
            "hash": "bd53b22dc2725f9dfe6207e50a8cc87e15a2ac19",
            "messageTitle": "Adjust formatting of deadline/event display",
            "messageBody": "",
            "fileTypesAndContributionMap": {
              "java": {
                "insertions": 11,
                "deletions": 7
              }
            }
          },
          {
            "hash": "55915ca3f90815dced757b40a4a511b5246ec78d",
            "messageTitle": "Extend IllegalCommandException() to commands more than 1 word",
            "messageBody": "",
            "fileTypesAndContributionMap": {
              "java": {
                "insertions": 1,
                "deletions": 1
              }
            }
          }
        ]
      },
      {
        "date": "2020-09-18",
        "commitResults": [
          {
            "hash": "24ee327394858c092ddeef75936d83db2671dce6",
            "messageTitle": "Shift task related methods into TaskHandler.class",
            "messageBody": "",
            "fileTypesAndContributionMap": {
              "java": {
                "insertions": 167,
                "deletions": 143
              }
            }
          },
          {
            "hash": "cd986d130e7159fe88a63cbab2e94927d1537407",
            "messageTitle": "Shift parser related methods to CommandParser class",
            "messageBody": "",
            "tags": [
              "A-MoreOOP"
            ],
            "fileTypesAndContributionMap": {
              "java": {
                "insertions": 67,
                "deletions": 35
              }
            }
          },
          {
            "hash": "b5e79eb9c00a6d4fb5cd2f30d1b21d7ae0b5cbc8",
            "messageTitle": "Refactor and clean up changes caused by shifts of code",
            "messageBody": "",
            "fileTypesAndContributionMap": {
              "java": {
                "insertions": 6,
                "deletions": 19
              }
            }
          }
        ]
      },
      {
        "date": "2020-09-20",
        "commitResults": [
          {
            "hash": "98cc759105ccc3828b0b50156135fee541e0cfd1",
            "messageTitle": "Resolve errors caused by creation of new classes",
            "messageBody": "",
            "fileTypesAndContributionMap": {
              "java": {
                "insertions": 10,
                "deletions": 8
              }
            }
          },
          {
            "hash": "bf0a5f2ecfc25118294efb0850b4dd5fa7a94780",
            "messageTitle": "Refactor some methods",
            "messageBody": "",
            "fileTypesAndContributionMap": {
              "java": {
                "insertions": 4,
                "deletions": 5
              }
            }
          },
          {
            "hash": "994259cf0ff943e0cb939a67580957d8e5123555",
            "messageTitle": "Move handling of error input to requestUserInput()",
            "messageBody": "",
            "fileTypesAndContributionMap": {
              "java": {
                "insertions": 16,
                "deletions": 15
              }
            }
          },
          {
            "hash": "80402bf05f93569994f920da7999c1f83145e201",
            "messageTitle": "Refactor Userssion.java",
            "messageBody": "",
            "fileTypesAndContributionMap": {
              "java": {
                "insertions": 0,
                "deletions": 4
              }
            }
          },
          {
            "hash": "afd03ea306fc35ba3fc3bc8baf5844543b478870",
            "messageTitle": "Add ability to parse dates",
            "messageBody": "",
            "fileTypesAndContributionMap": {
              "java": {
                "insertions": 38,
                "deletions": 0
              }
            }
          },
          {
            "hash": "3edc540736f635b996937ffcb1cb72e6e06ece6f",
            "messageTitle": "Add ability to parse times",
            "messageBody": "",
            "fileTypesAndContributionMap": {
              "java": {
                "insertions": 9,
                "deletions": 11
              }
            }
          },
          {
            "hash": "e2ead7d1f2eb0ce0805d70e81e772e2df4f840fe",
            "messageTitle": "Change input to generate date and time",
            "messageBody": "",
            "fileTypesAndContributionMap": {
              "java": {
                "insertions": 25,
                "deletions": 7
              }
            }
          },
          {
            "hash": "3ca016a9e7fc7c58fd61fdbdbc9ad8d0be7ee92c",
            "messageTitle": "Link date and time data to deadline task",
            "messageBody": "",
            "fileTypesAndContributionMap": {
              "java": {
                "insertions": 18,
                "deletions": 8
              }
            }
          },
          {
            "hash": "7252158966fbee94782ddc59ffdeab6316db65af",
            "messageTitle": "Link date and time to event tasks",
            "messageBody": "",
            "fileTypesAndContributionMap": {
              "java": {
                "insertions": 22,
                "deletions": 11
              }
            }
          },
          {
            "hash": "59178923c7fc9e759830f7284d37510439dd347c",
            "messageTitle": "Integrate date and time function into task handler",
            "messageBody": "",
            "fileTypesAndContributionMap": {
              "java": {
                "insertions": 62,
                "deletions": 28
              }
            }
          },
          {
            "hash": "d03da36b854576ea67bbdb8bc90124c2b823e813",
            "messageTitle": "Resolve integration issues",
            "messageBody": "",
            "fileTypesAndContributionMap": {
              "txt": {
                "insertions": 0,
                "deletions": 4
              },
              "java": {
                "insertions": 25,
                "deletions": 22
              }
            }
          },
          {
            "hash": "b6be1e32a527eb0fa8cf0531ce70e66520507e76",
            "messageTitle": "Creat error handling for incomplete deadlines and events",
            "messageBody": "",
            "fileTypesAndContributionMap": {
              "java": {
                "insertions": 18,
                "deletions": 5
              }
            }
          },
          {
            "hash": "56c04d45b8b71753f009ea56815f54cc9c894131",
            "messageTitle": "Resolve more issues arising from integration of date/time",
            "messageBody": "",
            "fileTypesAndContributionMap": {
              "java": {
                "insertions": 22,
                "deletions": 18
              }
            }
          },
          {
            "hash": "47968f3eb9383586e2d0c411b4bcd9d8cd1fab50",
            "messageTitle": "Implement find function",
            "messageBody": "",
            "fileTypesAndContributionMap": {
              "java": {
                "insertions": 62,
                "deletions": 2
              }
            }
          },
          {
            "hash": "a05f0b26337b25b588565c30764813195bceae05",
            "messageTitle": "Add a message to the find function",
            "messageBody": "",
            "fileTypesAndContributionMap": {
              "java": {
                "insertions": 3,
                "deletions": 2
              }
            }
          }
        ]
      },
      {
        "date": "2020-09-21",
        "commitResults": [
          {
            "hash": "c8e611ef532eb0dc3ea99e3a359d0c9b7686cacc",
            "messageTitle": "Add javadoc notes for TaskHandler.java",
            "messageBody": "",
            "fileTypesAndContributionMap": {
              "java": {
                "insertions": 46,
                "deletions": 9
              }
            }
          },
          {
            "hash": "a9614e5842d6dadd99100fc3ffb15639f06fd519",
            "messageTitle": "Add javadoc notes for Message.java",
            "messageBody": "",
            "fileTypesAndContributionMap": {
              "java": {
                "insertions": 24,
                "deletions": 6
              }
            }
          },
          {
            "hash": "c85fb475ad3a67998d254df7a6e892e2929535a4",
            "messageTitle": "Add javadoc notes for exception classes",
            "messageBody": "",
            "fileTypesAndContributionMap": {
              "java": {
                "insertions": 18,
                "deletions": 2
              }
            }
          },
          {
            "hash": "cc140596e9da0fe125498533b7a3135558c27fa6",
            "messageTitle": "Add javadoc notes for read/write classes",
            "messageBody": "",
            "fileTypesAndContributionMap": {
              "java": {
                "insertions": 109,
                "deletions": 15
              }
            }
          },
          {
            "hash": "cc89ea165e22fa3798d042693cd2b3885bd79367",
            "messageTitle": "Add javadocs for the rest of the files",
            "messageBody": "",
            "fileTypesAndContributionMap": {
              "java": {
                "insertions": 45,
                "deletions": 9
              }
            }
          },
          {
            "hash": "958df37f366ebdeaf55d9bc490e5823f3084d864",
            "messageTitle": "Resolve post-merge conflicts",
            "messageBody": "",
            "fileTypesAndContributionMap": {
              "java": {
                "insertions": 5,
                "deletions": 15
              }
            }
          }
        ]
      },
      {
        "date": "2020-09-23",
        "commitResults": [
          {
            "hash": "2e2a8a630e9195b14aeb83e9b04077f66e6a1b4c",
            "messageTitle": "Add javadoc comments and clean up useless import statements",
            "messageBody": "",
            "fileTypesAndContributionMap": {
              "java": {
                "insertions": 45,
                "deletions": 18
              }
            }
          },
          {
            "hash": "9def4b03053e8eb9dee441a759684ac4b6d5f4c9",
            "messageTitle": "Add ability to remove all tasks and invalid index for remove/done",
            "messageBody": "",
            "fileTypesAndContributionMap": {
              "java": {
                "insertions": 32,
                "deletions": 10
              }
            }
          },
          {
            "hash": "9baee49b48d0a08aff98b7ff073ee99e2267c946",
            "messageTitle": "Add error handling for done command",
            "messageBody": "",
            "fileTypesAndContributionMap": {
              "java": {
                "insertions": 8,
                "deletions": 1
              }
            }
          },
          {
            "hash": "17108db16fc7489c3b6d8f4b492ce91de729a4bd",
            "messageTitle": "Resolve minor visual bug",
            "messageBody": "",
            "fileTypesAndContributionMap": {
              "java": {
                "insertions": 1,
                "deletions": 1
              }
            }
          },
          {
            "hash": "897d45b712981a66a69ff5ae8ad3935238ddbc0d",
            "messageTitle": "Handle date and time parsing errors",
            "messageBody": "",
            "fileTypesAndContributionMap": {
              "java": {
                "insertions": 35,
                "deletions": 8
              }
            }
          }
        ]
      },
      {
        "date": "2020-09-24",
        "commitResults": [
          {
            "hash": "f36c54d8204637b9309608eaf002e1ed5da17421",
            "messageTitle": "Refactor and clean up error handing techniques",
            "messageBody": "",
            "fileTypesAndContributionMap": {
              "java": {
                "insertions": 99,
                "deletions": 52
              }
            }
          },
          {
            "hash": "56c09428c200fdf8b2277575d742a71c9f831233",
            "messageTitle": "Add more javadoc comments to other methods",
            "messageBody": "",
            "fileTypesAndContributionMap": {
              "java": {
                "insertions": 58,
                "deletions": 8
              }
            }
          },
          {
            "hash": "8ac861e80b540efb62beea6e9cb5d96490628cdd",
            "messageTitle": "Convert some public methods to private",
            "messageBody": "",
            "fileTypesAndContributionMap": {
              "java": {
                "insertions": 6,
                "deletions": 7
              }
            }
          }
        ]
      },
      {
        "date": "2020-09-26",
        "commitResults": [
          {
            "hash": "0bdbb0f07928928e187192b90918d43864837674",
            "messageTitle": "Add and refine javadoc comments",
            "messageBody": "",
            "fileTypesAndContributionMap": {
              "java": {
                "insertions": 50,
                "deletions": 13
              }
            }
          },
          {
            "hash": "e66d5a314aa90e4185f109eea6c1fcd6c63a927b",
            "messageTitle": "Add general structure of README.md",
            "messageBody": "",
            "fileTypesAndContributionMap": {
              "md": {
                "insertions": 19,
                "deletions": 1
              }
            }
          },
          {
            "hash": "26aed9f4b58093854fbd7f9bf514a61604d1c593",
            "messageTitle": "Initial draft of README.md",
            "messageBody": "",
            "fileTypesAndContributionMap": {
              "java": {
                "insertions": 2,
                "deletions": 2
              },
              "md": {
                "insertions": 145,
                "deletions": 16
              }
            }
          },
          {
            "hash": "278c5b1781403cada014c7417f83e57a09418049",
            "messageTitle": "Add more content to README.md",
            "messageBody": "",
            "fileTypesAndContributionMap": {
              "md": {
                "insertions": 76,
                "deletions": 16
              }
            }
          },
          {
            "hash": "383f19ae82fdfee3e40527fc079d99fd4d69424b",
            "messageTitle": "Replace ticks and crosses with / and X",
            "messageBody": "",
            "fileTypesAndContributionMap": {
              "java": {
                "insertions": 1,
                "deletions": 1
              },
              "md": {
                "insertions": 9,
                "deletions": 9
              }
            }
          },
          {
            "hash": "ffa3c1a05bb40207f9adbaffdca210f0e8e0b80e",
            "messageTitle": "Add a counting feature to print list of taks",
            "messageBody": "",
            "fileTypesAndContributionMap": {
              "java": {
                "insertions": 3,
                "deletions": 1
              },
              "md": {
                "insertions": 1,
                "deletions": 1
              }
            }
          },
          {
            "hash": "086ac3dcdebfea241f7ea6ac29f9a4189a84dbe7",
            "messageTitle": "Update print list changes",
            "messageBody": "",
            "fileTypesAndContributionMap": {
              "md": {
                "insertions": 3,
                "deletions": 3
              }
            }
          },
          {
            "hash": "291557a3b92e7a29727b6e3f16df9d4cf5341bb4",
            "messageTitle": "Add quick scroll",
            "messageBody": "",
            "fileTypesAndContributionMap": {
              "md": {
                "insertions": 5,
                "deletions": 3
              }
            }
          }
        ]
      },
      {
        "date": "2020-09-27",
        "commitResults": [
          {
            "hash": "9209bb11d35620fa2e65f49428ac25e97e58afb8",
            "messageTitle": "Add more links",
            "messageBody": "",
            "fileTypesAndContributionMap": {
              "md": {
                "insertions": 10,
                "deletions": 11
              }
            }
          },
          {
            "hash": "fb7b95fe9e695556eb62c04545c943c670793f58",
            "messageTitle": "Fix bugs with in-doc links",
            "messageBody": "",
            "fileTypesAndContributionMap": {
              "md": {
                "insertions": 12,
                "deletions": 12
              }
            }
          },
          {
            "hash": "732b194e7dd64898f6330eae203bba3aa8a6bd71",
            "messageTitle": "Test usage of important notes",
            "messageBody": "",
            "fileTypesAndContributionMap": {
              "md": {
                "insertions": 5,
                "deletions": 0
              }
            }
          },
          {
            "hash": "e0de57bfaa483ed3ef0939c4c70b2fa35e480dea",
            "messageTitle": "Test important info visuals",
            "messageBody": "",
            "fileTypesAndContributionMap": {
              "md": {
                "insertions": 9,
                "deletions": 6
              }
            }
          },
          {
            "hash": "45cf6e96abeb42fccee7d2d6badd1f005c1d38c1",
            "messageTitle": "Add info statements",
            "messageBody": "",
            "fileTypesAndContributionMap": {
              "md": {
                "insertions": 22,
                "deletions": 8
              }
            }
          },
          {
            "hash": "a1b7db20a59de7602f6f5adda778c4ad9464efbb",
            "messageTitle": "Specify time and date formats in README.md",
            "messageBody": "",
            "fileTypesAndContributionMap": {
              "md": {
                "insertions": 8,
                "deletions": 3
              }
            }
          },
          {
            "hash": "2369efc969df9a5b37916d43821a53e8653c1b31",
            "messageTitle": "Add final touches to README.md",
            "messageBody": "",
            "tags": [
              "A-UserGuide"
            ],
            "fileTypesAndContributionMap": {
              "md": {
                "insertions": 6,
                "deletions": 6
              }
            }
          },
          {
            "hash": "2a394047aff5abfb9fa849bbf54e4942f561e6b0",
            "messageTitle": "Add more javadoc comments",
            "messageBody": "",
            "fileTypesAndContributionMap": {
              "java": {
                "insertions": 46,
                "deletions": 6
              }
            }
          },
          {
            "hash": "196da9d17b55a977d0a20822261e405861ffc14a",
            "messageTitle": "Add javadocs, resolve ability to save marked tasks",
            "messageBody": "",
            "tags": [
              "A-Release"
            ],
            "fileTypesAndContributionMap": {
              "java": {
                "insertions": 47,
                "deletions": 7
              }
            }
          }
        ]
      },
      {
        "date": "2020-09-28",
        "commitResults": [
          {
            "hash": "496256f917370ed1370d54f4e8233719d0da0811",
            "messageTitle": "Update filename of duke.txt",
            "messageBody": "",
            "fileTypesAndContributionMap": {
              "md": {
                "insertions": 2,
                "deletions": 2
              }
            }
          },
          {
            "hash": "76087d0338717ef57511fdb6b425a2556ca8ba39",
            "messageTitle": "Highlight certain file paths",
            "messageBody": "",
            "fileTypesAndContributionMap": {
              "md": {
                "insertions": 3,
                "deletions": 3
              }
            }
          }
        ]
      },
      {
        "date": "2020-10-02",
        "commitResults": [
          {
            "hash": "da44da788f097da2b9ace1b7e4ee7d5101159424",
            "messageTitle": "Update details in README.md",
            "messageBody": "",
            "fileTypesAndContributionMap": {
              "md": {
                "insertions": 1,
                "deletions": 1
              }
            }
          }
        ]
      }
    ]
  },
  "authorFileTypeContributionMap": {
    "theopin": {
      "java": 1349,
      "md": 237,
      "sh": 0,
      "bat": 9,
      "gradle": 0,
      "txt": 1
    }
  },
  "authorContributionVariance": {
    "theopin": 16292.704
  },
  "authorDisplayNameMap": {
    "theopin": "CS2113T-W11-3 THEO..INTO"
  }
}
