[
  {
    "path": "README.md",
    "fileType": "md",
    "lines": [
      {
        "lineNumber": 1,
        "author": {
          "gitId": "wangwaynesg"
        },
        "content": "# duke.Duke project template"
      },
      {
        "lineNumber": 2,
        "author": {
          "gitId": "-"
        },
        "content": ""
      },
      {
        "lineNumber": 3,
        "author": {
          "gitId": "-"
        },
        "content": "This is a project template for a greenfield Java project. It\u0027s named after the Java mascot _Duke_. Given below are instructions on how to use it."
      },
      {
        "lineNumber": 4,
        "author": {
          "gitId": "-"
        },
        "content": ""
      },
      {
        "lineNumber": 5,
        "author": {
          "gitId": "-"
        },
        "content": "## Setting up in Intellij"
      },
      {
        "lineNumber": 6,
        "author": {
          "gitId": "-"
        },
        "content": ""
      },
      {
        "lineNumber": 7,
        "author": {
          "gitId": "-"
        },
        "content": "Prerequisites: JDK 11, update Intellij to the most recent version."
      },
      {
        "lineNumber": 8,
        "author": {
          "gitId": "-"
        },
        "content": ""
      },
      {
        "lineNumber": 9,
        "author": {
          "gitId": "-"
        },
        "content": "1. Open Intellij (if you are not in the welcome screen, click `File` \u003e `Close Project` to close the existing project dialog first)"
      },
      {
        "lineNumber": 10,
        "author": {
          "gitId": "-"
        },
        "content": "1. Set up the correct JDK version, as follows:"
      },
      {
        "lineNumber": 11,
        "author": {
          "gitId": "-"
        },
        "content": "   1. Click `Configure` \u003e `Structure for New Projects` and then `Project Settings` \u003e `Project` \u003e `Project SDK`"
      },
      {
        "lineNumber": 12,
        "author": {
          "gitId": "-"
        },
        "content": "   1. If JDK 11 is listed in the drop down, select it. If it is not, click `New...` and select the directory where you installed JDK 11"
      },
      {
        "lineNumber": 13,
        "author": {
          "gitId": "-"
        },
        "content": "   1. Click `OK`"
      },
      {
        "lineNumber": 14,
        "author": {
          "gitId": "-"
        },
        "content": "1. Import the project into Intellij as follows:"
      },
      {
        "lineNumber": 15,
        "author": {
          "gitId": "-"
        },
        "content": "   1. Click `Open or Import`."
      },
      {
        "lineNumber": 16,
        "author": {
          "gitId": "-"
        },
        "content": "   1. Select the project directory, and click `OK`"
      },
      {
        "lineNumber": 17,
        "author": {
          "gitId": "-"
        },
        "content": "   1. If there are any further prompts, accept the defaults."
      },
      {
        "lineNumber": 18,
        "author": {
          "gitId": "wangwaynesg"
        },
        "content": "1. After the importing is complete, locate the `src/main/java/duke.Duke.java` file, right-click it, and choose `Run duke.Duke.main()`. If the setup is correct, you should see something like the below:"
      },
      {
        "lineNumber": 19,
        "author": {
          "gitId": "-"
        },
        "content": "   ```"
      },
      {
        "lineNumber": 20,
        "author": {
          "gitId": "-"
        },
        "content": "   Hello from"
      },
      {
        "lineNumber": 21,
        "author": {
          "gitId": "-"
        },
        "content": "    ____        _        "
      },
      {
        "lineNumber": 22,
        "author": {
          "gitId": "-"
        },
        "content": "   |  _ \\ _   _| | _____ "
      },
      {
        "lineNumber": 23,
        "author": {
          "gitId": "-"
        },
        "content": "   | | | | | | | |/ / _ \\"
      },
      {
        "lineNumber": 24,
        "author": {
          "gitId": "-"
        },
        "content": "   | |_| | |_| |   \u003c  __/"
      },
      {
        "lineNumber": 25,
        "author": {
          "gitId": "-"
        },
        "content": "   |____/ \\__,_|_|\\_\\___|"
      },
      {
        "lineNumber": 26,
        "author": {
          "gitId": "-"
        },
        "content": "   ```"
      }
    ],
    "authorContributionMap": {
      "wangwaynesg": 2,
      "-": 24
    }
  },
  {
    "path": "src/main/java/duke/Duke.java",
    "fileType": "java",
    "lines": [
      {
        "lineNumber": 1,
        "author": {
          "gitId": "wangwaynesg"
        },
        "content": "package duke;"
      },
      {
        "lineNumber": 2,
        "author": {
          "gitId": "wangwaynesg"
        },
        "content": ""
      },
      {
        "lineNumber": 3,
        "author": {
          "gitId": "wangwaynesg"
        },
        "content": "import duke.exception.DukeException;"
      },
      {
        "lineNumber": 4,
        "author": {
          "gitId": "wangwaynesg"
        },
        "content": "import duke.task.Deadline;"
      },
      {
        "lineNumber": 5,
        "author": {
          "gitId": "wangwaynesg"
        },
        "content": "import duke.task.Event;"
      },
      {
        "lineNumber": 6,
        "author": {
          "gitId": "wangwaynesg"
        },
        "content": "import duke.task.TaskList;"
      },
      {
        "lineNumber": 7,
        "author": {
          "gitId": "wangwaynesg"
        },
        "content": "import duke.task.ToDo;"
      },
      {
        "lineNumber": 8,
        "author": {
          "gitId": "wangwaynesg"
        },
        "content": ""
      },
      {
        "lineNumber": 9,
        "author": {
          "gitId": "wangwaynesg"
        },
        "content": "import java.util.Scanner;"
      },
      {
        "lineNumber": 10,
        "author": {
          "gitId": "wangwaynesg"
        },
        "content": ""
      },
      {
        "lineNumber": 11,
        "author": {
          "gitId": "-"
        },
        "content": "public class Duke {"
      },
      {
        "lineNumber": 12,
        "author": {
          "gitId": "wangwaynesg"
        },
        "content": "    public static final String COMMAND_BYE \u003d \"bye\";"
      },
      {
        "lineNumber": 13,
        "author": {
          "gitId": "wangwaynesg"
        },
        "content": "    public static final String COMMAND_LIST \u003d \"list\";"
      },
      {
        "lineNumber": 14,
        "author": {
          "gitId": "wangwaynesg"
        },
        "content": "    public static final String COMMAND_TODO \u003d \"todo\";"
      },
      {
        "lineNumber": 15,
        "author": {
          "gitId": "wangwaynesg"
        },
        "content": "    public static final String COMMAND_DEADLINE \u003d \"deadline\";"
      },
      {
        "lineNumber": 16,
        "author": {
          "gitId": "wangwaynesg"
        },
        "content": "    public static final String COMMAND_EVENT \u003d \"event\";"
      },
      {
        "lineNumber": 17,
        "author": {
          "gitId": "wangwaynesg"
        },
        "content": "    public static final String COMMAND_DONE \u003d \"done\";"
      },
      {
        "lineNumber": 18,
        "author": {
          "gitId": "wangwaynesg"
        },
        "content": ""
      },
      {
        "lineNumber": 19,
        "author": {
          "gitId": "wangwaynesg"
        },
        "content": "    public static void printHorizontalLine() {"
      },
      {
        "lineNumber": 20,
        "author": {
          "gitId": "wangwaynesg"
        },
        "content": "        System.out.println(\"____________________________________________________________\");"
      },
      {
        "lineNumber": 21,
        "author": {
          "gitId": "wangwaynesg"
        },
        "content": "    }"
      },
      {
        "lineNumber": 22,
        "author": {
          "gitId": "wangwaynesg"
        },
        "content": ""
      },
      {
        "lineNumber": 23,
        "author": {
          "gitId": "wangwaynesg"
        },
        "content": "    public static void printGreetingMessage() {"
      },
      {
        "lineNumber": 24,
        "author": {
          "gitId": "wangwaynesg"
        },
        "content": "        printHorizontalLine();"
      },
      {
        "lineNumber": 25,
        "author": {
          "gitId": "wangwaynesg"
        },
        "content": "        System.out.println(\"Hello! I\u0027m duke.Duke\");"
      },
      {
        "lineNumber": 26,
        "author": {
          "gitId": "wangwaynesg"
        },
        "content": "        System.out.println(\"What can I do for you?\");"
      },
      {
        "lineNumber": 27,
        "author": {
          "gitId": "wangwaynesg"
        },
        "content": "        printHorizontalLine();"
      },
      {
        "lineNumber": 28,
        "author": {
          "gitId": "wangwaynesg"
        },
        "content": "    }"
      },
      {
        "lineNumber": 29,
        "author": {
          "gitId": "wangwaynesg"
        },
        "content": ""
      },
      {
        "lineNumber": 30,
        "author": {
          "gitId": "wangwaynesg"
        },
        "content": "    public static void printExitMessage() {"
      },
      {
        "lineNumber": 31,
        "author": {
          "gitId": "wangwaynesg"
        },
        "content": "        printHorizontalLine();"
      },
      {
        "lineNumber": 32,
        "author": {
          "gitId": "wangwaynesg"
        },
        "content": "        System.out.println(\"Bye. Hope to see you again soon!\");"
      },
      {
        "lineNumber": 33,
        "author": {
          "gitId": "wangwaynesg"
        },
        "content": "        printHorizontalLine();"
      },
      {
        "lineNumber": 34,
        "author": {
          "gitId": "wangwaynesg"
        },
        "content": "    }"
      },
      {
        "lineNumber": 35,
        "author": {
          "gitId": "wangwaynesg"
        },
        "content": ""
      },
      {
        "lineNumber": 36,
        "author": {
          "gitId": "wangwaynesg"
        },
        "content": "    public static String getCommand(String line) {"
      },
      {
        "lineNumber": 37,
        "author": {
          "gitId": "wangwaynesg"
        },
        "content": "        return line.split(\" \")[0];"
      },
      {
        "lineNumber": 38,
        "author": {
          "gitId": "wangwaynesg"
        },
        "content": "    }"
      },
      {
        "lineNumber": 39,
        "author": {
          "gitId": "wangwaynesg"
        },
        "content": ""
      },
      {
        "lineNumber": 40,
        "author": {
          "gitId": "wangwaynesg"
        },
        "content": "    public static String getTaskDescription(String command, String line) throws DukeException {"
      },
      {
        "lineNumber": 41,
        "author": {
          "gitId": "wangwaynesg"
        },
        "content": "        if (line.split(command).length \u003c 2 || line.split(command)[1].equals(\" \")) {"
      },
      {
        "lineNumber": 42,
        "author": {
          "gitId": "wangwaynesg"
        },
        "content": "            throw new DukeException(\"☹ OOPS!!! Missing duke.task description!\");"
      },
      {
        "lineNumber": 43,
        "author": {
          "gitId": "wangwaynesg"
        },
        "content": "        } else {"
      },
      {
        "lineNumber": 44,
        "author": {
          "gitId": "wangwaynesg"
        },
        "content": "            switch (command) {"
      },
      {
        "lineNumber": 45,
        "author": {
          "gitId": "wangwaynesg"
        },
        "content": "            case COMMAND_TODO:"
      },
      {
        "lineNumber": 46,
        "author": {
          "gitId": "wangwaynesg"
        },
        "content": "                return line.substring(line.indexOf(\u0027 \u0027) + 1);"
      },
      {
        "lineNumber": 47,
        "author": {
          "gitId": "wangwaynesg"
        },
        "content": "            case COMMAND_DEADLINE:"
      },
      {
        "lineNumber": 48,
        "author": {
          "gitId": "wangwaynesg"
        },
        "content": "            case COMMAND_EVENT:"
      },
      {
        "lineNumber": 49,
        "author": {
          "gitId": "wangwaynesg"
        },
        "content": "                if (!line.contains(\"/by \") \u0026\u0026 command.equals(COMMAND_DEADLINE)) {"
      },
      {
        "lineNumber": 50,
        "author": {
          "gitId": "wangwaynesg"
        },
        "content": "                    throw new DukeException(\"☹ OOPS!!! Missing or incorrect /by statement\");"
      },
      {
        "lineNumber": 51,
        "author": {
          "gitId": "wangwaynesg"
        },
        "content": "                }"
      },
      {
        "lineNumber": 52,
        "author": {
          "gitId": "wangwaynesg"
        },
        "content": "                if (!line.contains(\"/at \") \u0026\u0026 command.equals(COMMAND_EVENT)) {"
      },
      {
        "lineNumber": 53,
        "author": {
          "gitId": "wangwaynesg"
        },
        "content": "                    throw new DukeException(\"☹ OOPS!!! Missing or incorrect /at statement\");"
      },
      {
        "lineNumber": 54,
        "author": {
          "gitId": "wangwaynesg"
        },
        "content": "                }"
      },
      {
        "lineNumber": 55,
        "author": {
          "gitId": "wangwaynesg"
        },
        "content": "                return line.substring(line.indexOf(\u0027 \u0027) + 1, line.indexOf(\u0027/\u0027) - 1);"
      },
      {
        "lineNumber": 56,
        "author": {
          "gitId": "wangwaynesg"
        },
        "content": "            default:"
      },
      {
        "lineNumber": 57,
        "author": {
          "gitId": "wangwaynesg"
        },
        "content": "                return null;"
      },
      {
        "lineNumber": 58,
        "author": {
          "gitId": "wangwaynesg"
        },
        "content": "            }"
      },
      {
        "lineNumber": 59,
        "author": {
          "gitId": "wangwaynesg"
        },
        "content": "        }"
      },
      {
        "lineNumber": 60,
        "author": {
          "gitId": "wangwaynesg"
        },
        "content": "    }"
      },
      {
        "lineNumber": 61,
        "author": {
          "gitId": "wangwaynesg"
        },
        "content": ""
      },
      {
        "lineNumber": 62,
        "author": {
          "gitId": "wangwaynesg"
        },
        "content": "    public static String getTaskDate(String command, String line) {"
      },
      {
        "lineNumber": 63,
        "author": {
          "gitId": "wangwaynesg"
        },
        "content": "        switch (command) {"
      },
      {
        "lineNumber": 64,
        "author": {
          "gitId": "wangwaynesg"
        },
        "content": "        case COMMAND_DEADLINE:"
      },
      {
        "lineNumber": 65,
        "author": {
          "gitId": "wangwaynesg"
        },
        "content": "            return line.split(\"/by \")[1];"
      },
      {
        "lineNumber": 66,
        "author": {
          "gitId": "wangwaynesg"
        },
        "content": "        case COMMAND_EVENT:"
      },
      {
        "lineNumber": 67,
        "author": {
          "gitId": "wangwaynesg"
        },
        "content": "            return line.split(\"/at \")[1];"
      },
      {
        "lineNumber": 68,
        "author": {
          "gitId": "wangwaynesg"
        },
        "content": "        default:"
      },
      {
        "lineNumber": 69,
        "author": {
          "gitId": "wangwaynesg"
        },
        "content": "            return null;"
      },
      {
        "lineNumber": 70,
        "author": {
          "gitId": "wangwaynesg"
        },
        "content": "        }"
      },
      {
        "lineNumber": 71,
        "author": {
          "gitId": "wangwaynesg"
        },
        "content": "    }"
      },
      {
        "lineNumber": 72,
        "author": {
          "gitId": "wangwaynesg"
        },
        "content": ""
      },
      {
        "lineNumber": 73,
        "author": {
          "gitId": "wangwaynesg"
        },
        "content": "    public static int getDoneIndex(String command, String line) throws DukeException {"
      },
      {
        "lineNumber": 74,
        "author": {
          "gitId": "wangwaynesg"
        },
        "content": "        if (line.split(command).length \u003c 2 || line.split(command)[1].equals(\" \")) {"
      },
      {
        "lineNumber": 75,
        "author": {
          "gitId": "wangwaynesg"
        },
        "content": "            throw new DukeException(\"☹ OOPS!!! Missing index of duke.task!\");"
      },
      {
        "lineNumber": 76,
        "author": {
          "gitId": "wangwaynesg"
        },
        "content": "        }"
      },
      {
        "lineNumber": 77,
        "author": {
          "gitId": "wangwaynesg"
        },
        "content": "        try {"
      },
      {
        "lineNumber": 78,
        "author": {
          "gitId": "wangwaynesg"
        },
        "content": "            return Integer.parseInt(line.split(\" \")[1]) - 1;"
      },
      {
        "lineNumber": 79,
        "author": {
          "gitId": "wangwaynesg"
        },
        "content": "        } catch (NumberFormatException e) {"
      },
      {
        "lineNumber": 80,
        "author": {
          "gitId": "wangwaynesg"
        },
        "content": "            throw new DukeException(\"☹ OOPS!!! No integer index detected!\");"
      },
      {
        "lineNumber": 81,
        "author": {
          "gitId": "wangwaynesg"
        },
        "content": "        }"
      },
      {
        "lineNumber": 82,
        "author": {
          "gitId": "wangwaynesg"
        },
        "content": "    }"
      },
      {
        "lineNumber": 83,
        "author": {
          "gitId": "wangwaynesg"
        },
        "content": ""
      },
      {
        "lineNumber": 84,
        "author": {
          "gitId": "wangwaynesg"
        },
        "content": "    public static void main(String[] args) {"
      },
      {
        "lineNumber": 85,
        "author": {
          "gitId": "wangwaynesg"
        },
        "content": "        printGreetingMessage();"
      },
      {
        "lineNumber": 86,
        "author": {
          "gitId": "wangwaynesg"
        },
        "content": ""
      },
      {
        "lineNumber": 87,
        "author": {
          "gitId": "wangwaynesg"
        },
        "content": "        // Initialize new instance of a TaskList object"
      },
      {
        "lineNumber": 88,
        "author": {
          "gitId": "wangwaynesg"
        },
        "content": "        TaskList list \u003d new TaskList();"
      },
      {
        "lineNumber": 89,
        "author": {
          "gitId": "wangwaynesg"
        },
        "content": ""
      },
      {
        "lineNumber": 90,
        "author": {
          "gitId": "wangwaynesg"
        },
        "content": "        // Initialize Scanner and read in user input"
      },
      {
        "lineNumber": 91,
        "author": {
          "gitId": "wangwaynesg"
        },
        "content": "        Scanner in \u003d new Scanner(System.in);"
      },
      {
        "lineNumber": 92,
        "author": {
          "gitId": "wangwaynesg"
        },
        "content": "        String line \u003d in.nextLine();"
      },
      {
        "lineNumber": 93,
        "author": {
          "gitId": "wangwaynesg"
        },
        "content": "        String command \u003d getCommand(line);"
      },
      {
        "lineNumber": 94,
        "author": {
          "gitId": "wangwaynesg"
        },
        "content": ""
      },
      {
        "lineNumber": 95,
        "author": {
          "gitId": "wangwaynesg"
        },
        "content": "        while (!command.equals(COMMAND_BYE)) {"
      },
      {
        "lineNumber": 96,
        "author": {
          "gitId": "wangwaynesg"
        },
        "content": "            printHorizontalLine();"
      },
      {
        "lineNumber": 97,
        "author": {
          "gitId": "wangwaynesg"
        },
        "content": "            try {"
      },
      {
        "lineNumber": 98,
        "author": {
          "gitId": "wangwaynesg"
        },
        "content": "                switch (command) {"
      },
      {
        "lineNumber": 99,
        "author": {
          "gitId": "wangwaynesg"
        },
        "content": "                case COMMAND_LIST:"
      },
      {
        "lineNumber": 100,
        "author": {
          "gitId": "wangwaynesg"
        },
        "content": "                    list.printList();"
      },
      {
        "lineNumber": 101,
        "author": {
          "gitId": "wangwaynesg"
        },
        "content": "                    break;"
      },
      {
        "lineNumber": 102,
        "author": {
          "gitId": "wangwaynesg"
        },
        "content": "                case COMMAND_DONE:"
      },
      {
        "lineNumber": 103,
        "author": {
          "gitId": "wangwaynesg"
        },
        "content": "                    if (getDoneIndex(command, line) + 1 \u003e list.getListLength()) {"
      },
      {
        "lineNumber": 104,
        "author": {
          "gitId": "wangwaynesg"
        },
        "content": "                        throw new DukeException(\"☹ OOPS!!! Index specified is out of list size!\");"
      },
      {
        "lineNumber": 105,
        "author": {
          "gitId": "wangwaynesg"
        },
        "content": "                    }"
      },
      {
        "lineNumber": 106,
        "author": {
          "gitId": "wangwaynesg"
        },
        "content": "                    list.markAsDone(getDoneIndex(command, line));"
      },
      {
        "lineNumber": 107,
        "author": {
          "gitId": "wangwaynesg"
        },
        "content": "                    break;"
      },
      {
        "lineNumber": 108,
        "author": {
          "gitId": "wangwaynesg"
        },
        "content": "                case COMMAND_TODO:"
      },
      {
        "lineNumber": 109,
        "author": {
          "gitId": "wangwaynesg"
        },
        "content": "                    list.addToList(new ToDo(getTaskDescription(command, line)));"
      },
      {
        "lineNumber": 110,
        "author": {
          "gitId": "wangwaynesg"
        },
        "content": "                    break;"
      },
      {
        "lineNumber": 111,
        "author": {
          "gitId": "wangwaynesg"
        },
        "content": "                case COMMAND_DEADLINE:"
      },
      {
        "lineNumber": 112,
        "author": {
          "gitId": "wangwaynesg"
        },
        "content": "                    list.addToList(new Deadline(getTaskDescription(command, line), getTaskDate(command, line)));"
      },
      {
        "lineNumber": 113,
        "author": {
          "gitId": "wangwaynesg"
        },
        "content": "                    break;"
      },
      {
        "lineNumber": 114,
        "author": {
          "gitId": "wangwaynesg"
        },
        "content": "                case COMMAND_EVENT:"
      },
      {
        "lineNumber": 115,
        "author": {
          "gitId": "wangwaynesg"
        },
        "content": "                    list.addToList(new Event(getTaskDescription(command, line), getTaskDate(command, line)));"
      },
      {
        "lineNumber": 116,
        "author": {
          "gitId": "wangwaynesg"
        },
        "content": "                    break;"
      },
      {
        "lineNumber": 117,
        "author": {
          "gitId": "wangwaynesg"
        },
        "content": "                default:"
      },
      {
        "lineNumber": 118,
        "author": {
          "gitId": "wangwaynesg"
        },
        "content": "                    throw new DukeException(\"☹ OOPS!!! I\u0027m sorry, but I don\u0027t know what that means!\");"
      },
      {
        "lineNumber": 119,
        "author": {
          "gitId": "wangwaynesg"
        },
        "content": "                }"
      },
      {
        "lineNumber": 120,
        "author": {
          "gitId": "wangwaynesg"
        },
        "content": "            } catch (DukeException e) {"
      },
      {
        "lineNumber": 121,
        "author": {
          "gitId": "wangwaynesg"
        },
        "content": "                System.out.println(e.toString());"
      },
      {
        "lineNumber": 122,
        "author": {
          "gitId": "wangwaynesg"
        },
        "content": "            }"
      },
      {
        "lineNumber": 123,
        "author": {
          "gitId": "wangwaynesg"
        },
        "content": ""
      },
      {
        "lineNumber": 124,
        "author": {
          "gitId": "wangwaynesg"
        },
        "content": "            printHorizontalLine();"
      },
      {
        "lineNumber": 125,
        "author": {
          "gitId": "wangwaynesg"
        },
        "content": ""
      },
      {
        "lineNumber": 126,
        "author": {
          "gitId": "wangwaynesg"
        },
        "content": "            // Read next line"
      },
      {
        "lineNumber": 127,
        "author": {
          "gitId": "wangwaynesg"
        },
        "content": "            line \u003d in.nextLine();"
      },
      {
        "lineNumber": 128,
        "author": {
          "gitId": "wangwaynesg"
        },
        "content": "            command \u003d getCommand(line);"
      },
      {
        "lineNumber": 129,
        "author": {
          "gitId": "wangwaynesg"
        },
        "content": "        }"
      },
      {
        "lineNumber": 130,
        "author": {
          "gitId": "wangwaynesg"
        },
        "content": ""
      },
      {
        "lineNumber": 131,
        "author": {
          "gitId": "wangwaynesg"
        },
        "content": "        // Exit Message"
      },
      {
        "lineNumber": 132,
        "author": {
          "gitId": "wangwaynesg"
        },
        "content": "        printExitMessage();"
      },
      {
        "lineNumber": 133,
        "author": {
          "gitId": "-"
        },
        "content": "    }"
      },
      {
        "lineNumber": 134,
        "author": {
          "gitId": "-"
        },
        "content": "}"
      }
    ],
    "authorContributionMap": {
      "wangwaynesg": 131,
      "-": 3
    }
  },
  {
    "path": "src/main/java/duke/exception/DukeException.java",
    "fileType": "java",
    "lines": [
      {
        "lineNumber": 1,
        "author": {
          "gitId": "wangwaynesg"
        },
        "content": "package duke.exception;"
      },
      {
        "lineNumber": 2,
        "author": {
          "gitId": "wangwaynesg"
        },
        "content": ""
      },
      {
        "lineNumber": 3,
        "author": {
          "gitId": "wangwaynesg"
        },
        "content": "public class DukeException extends Exception{"
      },
      {
        "lineNumber": 4,
        "author": {
          "gitId": "wangwaynesg"
        },
        "content": "    public DukeException(String message) {"
      },
      {
        "lineNumber": 5,
        "author": {
          "gitId": "wangwaynesg"
        },
        "content": "        super(message);"
      },
      {
        "lineNumber": 6,
        "author": {
          "gitId": "wangwaynesg"
        },
        "content": "    }"
      },
      {
        "lineNumber": 7,
        "author": {
          "gitId": "wangwaynesg"
        },
        "content": ""
      },
      {
        "lineNumber": 8,
        "author": {
          "gitId": "wangwaynesg"
        },
        "content": "    @Override"
      },
      {
        "lineNumber": 9,
        "author": {
          "gitId": "wangwaynesg"
        },
        "content": "    public String toString() {"
      },
      {
        "lineNumber": 10,
        "author": {
          "gitId": "wangwaynesg"
        },
        "content": "        return getMessage();"
      },
      {
        "lineNumber": 11,
        "author": {
          "gitId": "wangwaynesg"
        },
        "content": "    }"
      },
      {
        "lineNumber": 12,
        "author": {
          "gitId": "wangwaynesg"
        },
        "content": "}"
      }
    ],
    "authorContributionMap": {
      "wangwaynesg": 12
    }
  },
  {
    "path": "src/main/java/duke/task/Deadline.java",
    "fileType": "java",
    "lines": [
      {
        "lineNumber": 1,
        "author": {
          "gitId": "wangwaynesg"
        },
        "content": "package duke.task;"
      },
      {
        "lineNumber": 2,
        "author": {
          "gitId": "wangwaynesg"
        },
        "content": ""
      },
      {
        "lineNumber": 3,
        "author": {
          "gitId": "wangwaynesg"
        },
        "content": "public class Deadline extends Task {"
      },
      {
        "lineNumber": 4,
        "author": {
          "gitId": "wangwaynesg"
        },
        "content": "    protected String by;"
      },
      {
        "lineNumber": 5,
        "author": {
          "gitId": "wangwaynesg"
        },
        "content": ""
      },
      {
        "lineNumber": 6,
        "author": {
          "gitId": "wangwaynesg"
        },
        "content": "    public Deadline(String description, String by) {"
      },
      {
        "lineNumber": 7,
        "author": {
          "gitId": "wangwaynesg"
        },
        "content": "        super(description);"
      },
      {
        "lineNumber": 8,
        "author": {
          "gitId": "wangwaynesg"
        },
        "content": "        this.by \u003d by;"
      },
      {
        "lineNumber": 9,
        "author": {
          "gitId": "wangwaynesg"
        },
        "content": "    }"
      },
      {
        "lineNumber": 10,
        "author": {
          "gitId": "wangwaynesg"
        },
        "content": ""
      },
      {
        "lineNumber": 11,
        "author": {
          "gitId": "wangwaynesg"
        },
        "content": "    @Override"
      },
      {
        "lineNumber": 12,
        "author": {
          "gitId": "wangwaynesg"
        },
        "content": "    public String toString() {"
      },
      {
        "lineNumber": 13,
        "author": {
          "gitId": "wangwaynesg"
        },
        "content": "        return \"[D]\" + super.toString() + \" (by: \" + this.by + \")\";"
      },
      {
        "lineNumber": 14,
        "author": {
          "gitId": "wangwaynesg"
        },
        "content": "    }"
      },
      {
        "lineNumber": 15,
        "author": {
          "gitId": "wangwaynesg"
        },
        "content": "}"
      }
    ],
    "authorContributionMap": {
      "wangwaynesg": 15
    }
  },
  {
    "path": "src/main/java/duke/task/Event.java",
    "fileType": "java",
    "lines": [
      {
        "lineNumber": 1,
        "author": {
          "gitId": "wangwaynesg"
        },
        "content": "package duke.task;"
      },
      {
        "lineNumber": 2,
        "author": {
          "gitId": "wangwaynesg"
        },
        "content": ""
      },
      {
        "lineNumber": 3,
        "author": {
          "gitId": "wangwaynesg"
        },
        "content": "public class Event extends Task {"
      },
      {
        "lineNumber": 4,
        "author": {
          "gitId": "wangwaynesg"
        },
        "content": "    protected String at;"
      },
      {
        "lineNumber": 5,
        "author": {
          "gitId": "wangwaynesg"
        },
        "content": ""
      },
      {
        "lineNumber": 6,
        "author": {
          "gitId": "wangwaynesg"
        },
        "content": "    public Event(String description, String at) {"
      },
      {
        "lineNumber": 7,
        "author": {
          "gitId": "wangwaynesg"
        },
        "content": "        super(description);"
      },
      {
        "lineNumber": 8,
        "author": {
          "gitId": "wangwaynesg"
        },
        "content": "        this.at \u003d at;"
      },
      {
        "lineNumber": 9,
        "author": {
          "gitId": "wangwaynesg"
        },
        "content": "    }"
      },
      {
        "lineNumber": 10,
        "author": {
          "gitId": "wangwaynesg"
        },
        "content": "    @Override"
      },
      {
        "lineNumber": 11,
        "author": {
          "gitId": "wangwaynesg"
        },
        "content": "    public String toString() {"
      },
      {
        "lineNumber": 12,
        "author": {
          "gitId": "wangwaynesg"
        },
        "content": "        return \"[E]\" + super.toString() + \" (at: \" + this.at + \")\";"
      },
      {
        "lineNumber": 13,
        "author": {
          "gitId": "wangwaynesg"
        },
        "content": "    }"
      },
      {
        "lineNumber": 14,
        "author": {
          "gitId": "wangwaynesg"
        },
        "content": "}"
      }
    ],
    "authorContributionMap": {
      "wangwaynesg": 14
    }
  },
  {
    "path": "src/main/java/duke/task/Task.java",
    "fileType": "java",
    "lines": [
      {
        "lineNumber": 1,
        "author": {
          "gitId": "wangwaynesg"
        },
        "content": "package duke.task;"
      },
      {
        "lineNumber": 2,
        "author": {
          "gitId": "wangwaynesg"
        },
        "content": ""
      },
      {
        "lineNumber": 3,
        "author": {
          "gitId": "wangwaynesg"
        },
        "content": "public class Task {"
      },
      {
        "lineNumber": 4,
        "author": {
          "gitId": "wangwaynesg"
        },
        "content": "    private final String description;"
      },
      {
        "lineNumber": 5,
        "author": {
          "gitId": "wangwaynesg"
        },
        "content": "    private boolean isDone;"
      },
      {
        "lineNumber": 6,
        "author": {
          "gitId": "wangwaynesg"
        },
        "content": ""
      },
      {
        "lineNumber": 7,
        "author": {
          "gitId": "wangwaynesg"
        },
        "content": "    public Task (String description) {"
      },
      {
        "lineNumber": 8,
        "author": {
          "gitId": "wangwaynesg"
        },
        "content": "        this.description \u003d description;"
      },
      {
        "lineNumber": 9,
        "author": {
          "gitId": "wangwaynesg"
        },
        "content": "        isDone \u003d false;"
      },
      {
        "lineNumber": 10,
        "author": {
          "gitId": "wangwaynesg"
        },
        "content": "    }"
      },
      {
        "lineNumber": 11,
        "author": {
          "gitId": "wangwaynesg"
        },
        "content": ""
      },
      {
        "lineNumber": 12,
        "author": {
          "gitId": "wangwaynesg"
        },
        "content": "    public void markAsDone() {"
      },
      {
        "lineNumber": 13,
        "author": {
          "gitId": "wangwaynesg"
        },
        "content": "        isDone \u003d true;"
      },
      {
        "lineNumber": 14,
        "author": {
          "gitId": "wangwaynesg"
        },
        "content": "    }"
      },
      {
        "lineNumber": 15,
        "author": {
          "gitId": "wangwaynesg"
        },
        "content": ""
      },
      {
        "lineNumber": 16,
        "author": {
          "gitId": "wangwaynesg"
        },
        "content": "    public String getStatusIcon() {"
      },
      {
        "lineNumber": 17,
        "author": {
          "gitId": "wangwaynesg"
        },
        "content": "        return (isDone ? \"[\\u2713]\" : \"[\\u2718]\");"
      },
      {
        "lineNumber": 18,
        "author": {
          "gitId": "wangwaynesg"
        },
        "content": "    }"
      },
      {
        "lineNumber": 19,
        "author": {
          "gitId": "wangwaynesg"
        },
        "content": ""
      },
      {
        "lineNumber": 20,
        "author": {
          "gitId": "wangwaynesg"
        },
        "content": "    public String getDescription() {"
      },
      {
        "lineNumber": 21,
        "author": {
          "gitId": "wangwaynesg"
        },
        "content": "        return description;"
      },
      {
        "lineNumber": 22,
        "author": {
          "gitId": "wangwaynesg"
        },
        "content": "    }"
      },
      {
        "lineNumber": 23,
        "author": {
          "gitId": "wangwaynesg"
        },
        "content": ""
      },
      {
        "lineNumber": 24,
        "author": {
          "gitId": "wangwaynesg"
        },
        "content": "    @Override"
      },
      {
        "lineNumber": 25,
        "author": {
          "gitId": "wangwaynesg"
        },
        "content": "    public String toString() {"
      },
      {
        "lineNumber": 26,
        "author": {
          "gitId": "wangwaynesg"
        },
        "content": "        return this.getStatusIcon() + \" \" + this.getDescription();"
      },
      {
        "lineNumber": 27,
        "author": {
          "gitId": "wangwaynesg"
        },
        "content": "    }"
      },
      {
        "lineNumber": 28,
        "author": {
          "gitId": "wangwaynesg"
        },
        "content": "}"
      }
    ],
    "authorContributionMap": {
      "wangwaynesg": 28
    }
  },
  {
    "path": "src/main/java/duke/task/TaskList.java",
    "fileType": "java",
    "lines": [
      {
        "lineNumber": 1,
        "author": {
          "gitId": "wangwaynesg"
        },
        "content": "package duke.task;"
      },
      {
        "lineNumber": 2,
        "author": {
          "gitId": "wangwaynesg"
        },
        "content": ""
      },
      {
        "lineNumber": 3,
        "author": {
          "gitId": "wangwaynesg"
        },
        "content": "public class TaskList {"
      },
      {
        "lineNumber": 4,
        "author": {
          "gitId": "wangwaynesg"
        },
        "content": "    private final Task[] list;"
      },
      {
        "lineNumber": 5,
        "author": {
          "gitId": "wangwaynesg"
        },
        "content": "    private static int listLength \u003d 0;"
      },
      {
        "lineNumber": 6,
        "author": {
          "gitId": "wangwaynesg"
        },
        "content": ""
      },
      {
        "lineNumber": 7,
        "author": {
          "gitId": "wangwaynesg"
        },
        "content": "    public TaskList() {"
      },
      {
        "lineNumber": 8,
        "author": {
          "gitId": "wangwaynesg"
        },
        "content": "        list \u003d new Task[100];"
      },
      {
        "lineNumber": 9,
        "author": {
          "gitId": "wangwaynesg"
        },
        "content": "    }"
      },
      {
        "lineNumber": 10,
        "author": {
          "gitId": "wangwaynesg"
        },
        "content": ""
      },
      {
        "lineNumber": 11,
        "author": {
          "gitId": "wangwaynesg"
        },
        "content": "    public void addToList(Task task) {"
      },
      {
        "lineNumber": 12,
        "author": {
          "gitId": "wangwaynesg"
        },
        "content": "        list[TaskList.listLength++] \u003d task;"
      },
      {
        "lineNumber": 13,
        "author": {
          "gitId": "wangwaynesg"
        },
        "content": "        // System.out.println(\"added: \" + duke.task.getDescription());"
      },
      {
        "lineNumber": 14,
        "author": {
          "gitId": "wangwaynesg"
        },
        "content": "        System.out.println(\"Got it. I\u0027ve added this duke.task:\");"
      },
      {
        "lineNumber": 15,
        "author": {
          "gitId": "wangwaynesg"
        },
        "content": "        System.out.println(task.toString());"
      },
      {
        "lineNumber": 16,
        "author": {
          "gitId": "wangwaynesg"
        },
        "content": "        System.out.println(\"Now you have \" + listLength + \" tasks in the list.\");"
      },
      {
        "lineNumber": 17,
        "author": {
          "gitId": "wangwaynesg"
        },
        "content": "    }"
      },
      {
        "lineNumber": 18,
        "author": {
          "gitId": "wangwaynesg"
        },
        "content": ""
      },
      {
        "lineNumber": 19,
        "author": {
          "gitId": "wangwaynesg"
        },
        "content": "    public void printList() {"
      },
      {
        "lineNumber": 20,
        "author": {
          "gitId": "wangwaynesg"
        },
        "content": "        if (TaskList.listLength \u003d\u003d 0) {"
      },
      {
        "lineNumber": 21,
        "author": {
          "gitId": "wangwaynesg"
        },
        "content": "            System.out.println(\"list is currently empty!\");"
      },
      {
        "lineNumber": 22,
        "author": {
          "gitId": "wangwaynesg"
        },
        "content": "        } else {"
      },
      {
        "lineNumber": 23,
        "author": {
          "gitId": "wangwaynesg"
        },
        "content": "            int counter \u003d 1;"
      },
      {
        "lineNumber": 24,
        "author": {
          "gitId": "wangwaynesg"
        },
        "content": "            System.out.println(\"Here are the tasks in your list:\");"
      },
      {
        "lineNumber": 25,
        "author": {
          "gitId": "wangwaynesg"
        },
        "content": "            for (int i \u003d 0; i \u003c TaskList.listLength ; i++) {"
      },
      {
        "lineNumber": 26,
        "author": {
          "gitId": "wangwaynesg"
        },
        "content": "                System.out.println(counter++ + \".\" + list[i].toString());"
      },
      {
        "lineNumber": 27,
        "author": {
          "gitId": "wangwaynesg"
        },
        "content": "            }"
      },
      {
        "lineNumber": 28,
        "author": {
          "gitId": "wangwaynesg"
        },
        "content": "        }"
      },
      {
        "lineNumber": 29,
        "author": {
          "gitId": "wangwaynesg"
        },
        "content": "    }"
      },
      {
        "lineNumber": 30,
        "author": {
          "gitId": "wangwaynesg"
        },
        "content": ""
      },
      {
        "lineNumber": 31,
        "author": {
          "gitId": "wangwaynesg"
        },
        "content": "    public int getListLength() {"
      },
      {
        "lineNumber": 32,
        "author": {
          "gitId": "wangwaynesg"
        },
        "content": "        return listLength;"
      },
      {
        "lineNumber": 33,
        "author": {
          "gitId": "wangwaynesg"
        },
        "content": "    }"
      },
      {
        "lineNumber": 34,
        "author": {
          "gitId": "wangwaynesg"
        },
        "content": ""
      },
      {
        "lineNumber": 35,
        "author": {
          "gitId": "wangwaynesg"
        },
        "content": "    public void markAsDone(int index) {"
      },
      {
        "lineNumber": 36,
        "author": {
          "gitId": "wangwaynesg"
        },
        "content": "        System.out.println(\"Nice! I\u0027ve marked this duke.task as done:\");"
      },
      {
        "lineNumber": 37,
        "author": {
          "gitId": "wangwaynesg"
        },
        "content": "        list[index].markAsDone();"
      },
      {
        "lineNumber": 38,
        "author": {
          "gitId": "wangwaynesg"
        },
        "content": "        System.out.println(list[index].getStatusIcon() + \" \" + list[index].getDescription());"
      },
      {
        "lineNumber": 39,
        "author": {
          "gitId": "wangwaynesg"
        },
        "content": "    }"
      },
      {
        "lineNumber": 40,
        "author": {
          "gitId": "wangwaynesg"
        },
        "content": "}"
      }
    ],
    "authorContributionMap": {
      "wangwaynesg": 40
    }
  },
  {
    "path": "src/main/java/duke/task/ToDo.java",
    "fileType": "java",
    "lines": [
      {
        "lineNumber": 1,
        "author": {
          "gitId": "wangwaynesg"
        },
        "content": "package duke.task;"
      },
      {
        "lineNumber": 2,
        "author": {
          "gitId": "wangwaynesg"
        },
        "content": ""
      },
      {
        "lineNumber": 3,
        "author": {
          "gitId": "wangwaynesg"
        },
        "content": "public class ToDo extends Task{"
      },
      {
        "lineNumber": 4,
        "author": {
          "gitId": "wangwaynesg"
        },
        "content": "    public ToDo(String description) {"
      },
      {
        "lineNumber": 5,
        "author": {
          "gitId": "wangwaynesg"
        },
        "content": "        super(description);"
      },
      {
        "lineNumber": 6,
        "author": {
          "gitId": "wangwaynesg"
        },
        "content": "    }"
      },
      {
        "lineNumber": 7,
        "author": {
          "gitId": "wangwaynesg"
        },
        "content": ""
      },
      {
        "lineNumber": 8,
        "author": {
          "gitId": "wangwaynesg"
        },
        "content": "    @Override"
      },
      {
        "lineNumber": 9,
        "author": {
          "gitId": "wangwaynesg"
        },
        "content": "    public String toString() {"
      },
      {
        "lineNumber": 10,
        "author": {
          "gitId": "wangwaynesg"
        },
        "content": "        return \"[T]\" + super.toString();"
      },
      {
        "lineNumber": 11,
        "author": {
          "gitId": "wangwaynesg"
        },
        "content": "    }"
      },
      {
        "lineNumber": 12,
        "author": {
          "gitId": "wangwaynesg"
        },
        "content": "}"
      }
    ],
    "authorContributionMap": {
      "wangwaynesg": 12
    }
  },
  {
    "path": "text-ui-test/input.txt",
    "fileType": "txt",
    "lines": [
      {
        "lineNumber": 1,
        "author": {
          "gitId": "wangwaynesg"
        },
        "content": "todo borrow book"
      },
      {
        "lineNumber": 2,
        "author": {
          "gitId": "wangwaynesg"
        },
        "content": "deadline return book /by Sunday"
      },
      {
        "lineNumber": 3,
        "author": {
          "gitId": "wangwaynesg"
        },
        "content": "list"
      },
      {
        "lineNumber": 4,
        "author": {
          "gitId": "wangwaynesg"
        },
        "content": "done 2"
      },
      {
        "lineNumber": 5,
        "author": {
          "gitId": "wangwaynesg"
        },
        "content": "bye"
      }
    ],
    "authorContributionMap": {
      "wangwaynesg": 5
    }
  },
  {
    "path": "text-ui-test/runtest.bat",
    "fileType": "bat",
    "lines": [
      {
        "lineNumber": 1,
        "author": {
          "gitId": "-"
        },
        "content": "@ECHO OFF"
      },
      {
        "lineNumber": 2,
        "author": {
          "gitId": "-"
        },
        "content": ""
      },
      {
        "lineNumber": 3,
        "author": {
          "gitId": "-"
        },
        "content": "REM create bin directory if it doesn\u0027t exist"
      },
      {
        "lineNumber": 4,
        "author": {
          "gitId": "-"
        },
        "content": "if not exist ..\\bin mkdir ..\\bin"
      },
      {
        "lineNumber": 5,
        "author": {
          "gitId": "-"
        },
        "content": ""
      },
      {
        "lineNumber": 6,
        "author": {
          "gitId": "-"
        },
        "content": "REM delete output from previous run"
      },
      {
        "lineNumber": 7,
        "author": {
          "gitId": "-"
        },
        "content": "del ACTUAL.TXT"
      },
      {
        "lineNumber": 8,
        "author": {
          "gitId": "-"
        },
        "content": ""
      },
      {
        "lineNumber": 9,
        "author": {
          "gitId": "-"
        },
        "content": "REM compile the code into the bin folder"
      },
      {
        "lineNumber": 10,
        "author": {
          "gitId": "wangwaynesg"
        },
        "content": "javac  -cp ..\\src\\main\\java -Xlint:none -d ..\\bin ..\\src\\main\\java\\*.java"
      },
      {
        "lineNumber": 11,
        "author": {
          "gitId": "-"
        },
        "content": "IF ERRORLEVEL 1 ("
      },
      {
        "lineNumber": 12,
        "author": {
          "gitId": "-"
        },
        "content": "    echo ********** BUILD FAILURE **********"
      },
      {
        "lineNumber": 13,
        "author": {
          "gitId": "-"
        },
        "content": "    exit /b 1"
      },
      {
        "lineNumber": 14,
        "author": {
          "gitId": "-"
        },
        "content": ")"
      },
      {
        "lineNumber": 15,
        "author": {
          "gitId": "-"
        },
        "content": "REM no error here, errorlevel \u003d\u003d 0"
      },
      {
        "lineNumber": 16,
        "author": {
          "gitId": "-"
        },
        "content": ""
      },
      {
        "lineNumber": 17,
        "author": {
          "gitId": "-"
        },
        "content": "REM run the program, feed commands from input.txt file and redirect the output to the ACTUAL.TXT"
      },
      {
        "lineNumber": 18,
        "author": {
          "gitId": "wangwaynesg"
        },
        "content": "java -classpath ..\\bin duke.Duke \u003c input.txt \u003e ACTUAL.TXT"
      },
      {
        "lineNumber": 19,
        "author": {
          "gitId": "-"
        },
        "content": ""
      },
      {
        "lineNumber": 20,
        "author": {
          "gitId": "-"
        },
        "content": "REM compare the output to the expected output"
      },
      {
        "lineNumber": 21,
        "author": {
          "gitId": "-"
        },
        "content": "FC ACTUAL.TXT EXPECTED.TXT"
      }
    ],
    "authorContributionMap": {
      "wangwaynesg": 2,
      "-": 19
    }
  }
]
