{
  "authorDailyContributionsMap": {
    "wangwaynesg": [
      {
        "date": "2020-08-20",
        "commitResults": [
          {
            "hash": "e0c8954e78a70c29dcd53c29610777365f010974",
            "messageTitle": "Add Level-0",
            "messageBody": "",
            "tags": [
              "Level-0"
            ],
            "fileTypesAndContributionMap": {
              "java": {
                "insertions": 9,
                "deletions": 0
              }
            }
          }
        ]
      },
      {
        "date": "2020-08-22",
        "commitResults": [
          {
            "hash": "f529056e9f7921a2d77ed305c05d422527fc876a",
            "messageTitle": "Add Level 1 functionalities such as greet, echo and exit",
            "messageBody": "",
            "tags": [
              "Level-1"
            ],
            "fileTypesAndContributionMap": {
              "java": {
                "insertions": 22,
                "deletions": 11
              }
            }
          },
          {
            "hash": "489900c7942c21632418c07d5c53d44ec91c04f3",
            "messageTitle": "Add Level 2 functionalities including ToDoList.java",
            "messageBody": "",
            "tags": [
              "Level-2"
            ],
            "fileTypesAndContributionMap": {
              "java": {
                "insertions": 47,
                "deletions": 5
              }
            }
          },
          {
            "hash": "d63885742265ec1de08790cce743b7dbeb3332e9",
            "messageTitle": "Add Level-3 functionalities such as marking tasks as done including Task.java and TaskList.java",
            "messageBody": "",
            "tags": [
              "Level-3",
              "A-Classes"
            ],
            "fileTypesAndContributionMap": {
              "java": {
                "insertions": 62,
                "deletions": 30
              }
            }
          },
          {
            "hash": "32f9d9a7a1dc03c999cf6c378eb918fd9daf52a3",
            "messageTitle": "fix coding standards to comply with A-CodingStandard",
            "messageBody": "",
            "tags": [
              "A-CodingStandard"
            ],
            "fileTypesAndContributionMap": {
              "java": {
                "insertions": 23,
                "deletions": 13
              }
            }
          }
        ]
      },
      {
        "date": "2020-09-04",
        "commitResults": [
          {
            "hash": "66217231555c5fba48bb41c251ba313e8c43691e",
            "messageTitle": "Add Level-4 features like ToDos, Events, Deadlines.",
            "messageBody": "",
            "tags": [
              "Level-4",
              "A-Inheritance"
            ],
            "fileTypesAndContributionMap": {
              "java": {
                "insertions": 131,
                "deletions": 14
              }
            }
          },
          {
            "hash": "51e088af30faaf9c328df44a3a15ba031396a5e2",
            "messageTitle": "Add Automated Text UI Testing",
            "messageBody": "",
            "tags": [
              "A-TextUiTesting"
            ],
            "fileTypesAndContributionMap": {
              "txt": {
                "insertions": 5,
                "deletions": 0
              },
              "bat": {
                "insertions": 1,
                "deletions": 1
              }
            }
          },
          {
            "hash": "75ebb8c0dff4c58e33ec444e338fda502eda57b2",
            "messageTitle": "Improve Code Quality with refactoring and tidying up",
            "messageBody": "",
            "tags": [
              "A-CodeQuality"
            ],
            "fileTypesAndContributionMap": {
              "java": {
                "insertions": 41,
                "deletions": 25
              }
            }
          }
        ]
      },
      {
        "date": "2020-09-06",
        "commitResults": [
          {
            "hash": "6b4e39f060f8557c32e53ea6a5c02be86d4ee2d6",
            "messageTitle": "Add Level-5 features like error handling",
            "messageBody": "",
            "tags": [
              "A-Exceptions"
            ],
            "fileTypesAndContributionMap": {
              "java": {
                "insertions": 67,
                "deletions": 38
              }
            }
          },
          {
            "hash": "eab62f26ace37bc7c9f5607e5e60c2873a1eb7ea",
            "messageTitle": "Add A-Packages features by packaging all classes. Also added more error handling.",
            "messageBody": "",
            "tags": [
              "A-Packages"
            ],
            "fileTypesAndContributionMap": {
              "java": {
                "insertions": 34,
                "deletions": 55
              },
              "bat": {
                "insertions": 1,
                "deletions": 1
              },
              "md": {
                "insertions": 2,
                "deletions": 2
              }
            }
          },
          {
            "hash": "d45d077163914dc7bf3ba9fd0407058bab218c26",
            "messageTitle": "Implement peer review comment suggestions",
            "messageBody": "",
            "fileTypesAndContributionMap": {
              "java": {
                "insertions": 7,
                "deletions": 4
              }
            }
          }
        ]
      },
      {
        "date": "2020-09-16",
        "commitResults": [
          {
            "hash": "189136042253fed6d59d49ae5d393fffd736573a",
            "messageTitle": "Change TaskList from array of tasks to ArrayList of tasks",
            "messageBody": "",
            "tags": [
              "A-Collections"
            ],
            "fileTypesAndContributionMap": {
              "java": {
                "insertions": 13,
                "deletions": 15
              }
            }
          },
          {
            "hash": "a3a5994014f29660e51743159526f027d345dca7",
            "messageTitle": "Remove redundant TaskList class",
            "messageBody": "",
            "fileTypesAndContributionMap": {
              "java": {
                "insertions": 37,
                "deletions": 50
              }
            }
          },
          {
            "hash": "f08cf42170482bfd1742347f62d9e913b6f8bebb",
            "messageTitle": "Change getDoneIndex to getTaskIndex",
            "messageBody": "",
            "fileTypesAndContributionMap": {
              "java": {
                "insertions": 3,
                "deletions": 3
              }
            }
          },
          {
            "hash": "e61dce18d0ae4f04ba49388f47ed594d47df6b26",
            "messageTitle": "Add Level-6 functionalities like deleting tasks",
            "messageBody": "",
            "fileTypesAndContributionMap": {
              "java": {
                "insertions": 14,
                "deletions": 0
              }
            }
          },
          {
            "hash": "43de93d1dc2e436134b01d644bd053b2c32f281b",
            "messageTitle": "Add Level-7 functionalities like reading and writing data from duke.txt",
            "messageBody": "",
            "fileTypesAndContributionMap": {
              "txt": {
                "insertions": 5,
                "deletions": 0
              },
              "java": {
                "insertions": 102,
                "deletions": 2
              }
            }
          }
        ]
      },
      {
        "date": "2020-09-17",
        "commitResults": [
          {
            "hash": "914e88761001a9102100cdffc4b979f46a5b9ec0",
            "messageTitle": "Fix some issues with file read and write",
            "messageBody": "",
            "fileTypesAndContributionMap": {
              "txt": {
                "insertions": 0,
                "deletions": 0
              },
              "java": {
                "insertions": 3,
                "deletions": 3
              }
            }
          }
        ]
      },
      {
        "date": "2020-09-19",
        "commitResults": [
          {
            "hash": "5861ee10a19ab1460fe6b0df8b7aa0f09d012012",
            "messageTitle": "Refactor code to use more object-oriented programming",
            "messageBody": "",
            "tags": [
              "A-MoreOOP"
            ],
            "fileTypesAndContributionMap": {
              "txt": {
                "insertions": 17,
                "deletions": 1
              },
              "java": {
                "insertions": 429,
                "deletions": 241
              }
            }
          },
          {
            "hash": "32931b716ac33dc28cf8588b8c536bb10ee58359",
            "messageTitle": "Fix some file issues",
            "messageBody": "",
            "fileTypesAndContributionMap": {
              "txt": {
                "insertions": 0,
                "deletions": 10
              }
            }
          },
          {
            "hash": "17bc3f56e6d174986f041d57ad8c9614509f77da",
            "messageTitle": "Add Level-8 functionalities like proper date formatting",
            "messageBody": "",
            "fileTypesAndContributionMap": {
              "txt": {
                "insertions": 8,
                "deletions": 7
              },
              "java": {
                "insertions": 121,
                "deletions": 17
              }
            }
          },
          {
            "hash": "70329b6953b459ca0b7350a929a99208ac2b1a87",
            "messageTitle": "Add Level-9 functinalities like finding tasks",
            "messageBody": "",
            "fileTypesAndContributionMap": {
              "java": {
                "insertions": 51,
                "deletions": 0
              }
            }
          }
        ]
      },
      {
        "date": "2020-09-21",
        "commitResults": [
          {
            "hash": "62dc77c8e323044f426ffeabee86ac991afe9971",
            "messageTitle": "Add JavaDoc comments to the code to improve readability of classes and methods.",
            "messageBody": "",
            "tags": [
              "A-JavaDoc"
            ],
            "fileTypesAndContributionMap": {
              "java": {
                "insertions": 134,
                "deletions": 0
              }
            }
          }
        ]
      }
    ]
  },
  "authorFileTypeContributionMap": {
    "wangwaynesg": {
      "java": 812,
      "md": 1,
      "sh": 0,
      "bat": 2,
      "gradle": 0,
      "txt": 10
    }
  },
  "authorContributionVariance": {
    "wangwaynesg": 23908.271
  },
  "authorDisplayNameMap": {
    "wangwaynesg": "CS2113-T14-2 WANG..AYNE"
  }
}
