{
  "authorDailyContributionsMap": {
    "adhy-p": [
      {
        "date": "2020-08-25",
        "commitResults": [
          {
            "hash": "e9e0186103a8df77d7da8d7d0d62a69fab3b42de",
            "messageTitle": "Add greet method",
            "messageBody": "",
            "tags": [
              "Level-0"
            ],
            "fileTypesAndContributionMap": {
              "java": {
                "insertions": 11,
                "deletions": 0
              }
            }
          },
          {
            "hash": "20394e29d440943b2b9bbd7955cabef97252657f",
            "messageTitle": "Add echo and bye method",
            "messageBody": "",
            "tags": [
              "Level-1"
            ],
            "fileTypesAndContributionMap": {
              "java": {
                "insertions": 28,
                "deletions": 8
              }
            }
          },
          {
            "hash": "02f62b1ce067b7f40156202ac7d90ec7a588ba62",
            "messageTitle": "Add addToList and printList method",
            "messageBody": "",
            "tags": [
              "Level-2"
            ],
            "fileTypesAndContributionMap": {
              "java": {
                "insertions": 18,
                "deletions": 3
              }
            }
          },
          {
            "hash": "823feca1952d5d0d197f2236aff2929410135e28",
            "messageTitle": "Add markAsDone method",
            "messageBody": "",
            "tags": [
              "Level-3",
              "A-CodingStandard"
            ],
            "fileTypesAndContributionMap": {
              "java": {
                "insertions": 16,
                "deletions": 2
              }
            }
          }
        ]
      },
      {
        "date": "2020-08-26",
        "commitResults": [
          {
            "hash": "ad76c1d238fd575f98a34af33f7e436e83ee04b7",
            "messageTitle": "Implement Task class, change String[] to ArrayList\u003cTask\u003e",
            "messageBody": "",
            "tags": [
              "Level-3-Improved",
              "A-Classes"
            ],
            "fileTypesAndContributionMap": {
              "java": {
                "insertions": 55,
                "deletions": 30
              }
            }
          }
        ]
      },
      {
        "date": "2020-09-01",
        "commitResults": [
          {
            "hash": "9b29cb6e10e78d23dedcc34bfe247a7cf2f45ed4",
            "messageTitle": "Add support for tracking three types of Tasks: Todos, Deadlines, Events",
            "messageBody": "",
            "tags": [
              "Level-4",
              "A-Inheritance"
            ],
            "fileTypesAndContributionMap": {
              "java": {
                "insertions": 92,
                "deletions": 12
              }
            }
          },
          {
            "hash": "f05ff0b4494477883157cbe1339b0ba3185e3eeb",
            "messageTitle": "Update input and expected output for automated testing",
            "messageBody": "",
            "fileTypesAndContributionMap": {
              "txt": {
                "insertions": 7,
                "deletions": 0
              },
              "java": {
                "insertions": 4,
                "deletions": 3
              },
              "sh": {
                "insertions": 1,
                "deletions": 1
              }
            }
          },
          {
            "hash": "d6dc300c1a48f08d2219a493239287a7d02b78a9",
            "messageTitle": "Update script to support UTF-8 characters",
            "messageBody": "",
            "tags": [
              "A-TextUiTesting",
              "A-CodeQuality"
            ],
            "fileTypesAndContributionMap": {
              "java": {
                "insertions": 3,
                "deletions": 4
              },
              "sh": {
                "insertions": 1,
                "deletions": 1
              }
            }
          }
        ]
      },
      {
        "date": "2020-09-08",
        "commitResults": [
          {
            "hash": "28fe0e92923522ecff9eef52938046b387329731",
            "messageTitle": "Add error handling for invalid commands and arguments",
            "messageBody": "",
            "fileTypesAndContributionMap": {
              "txt": {
                "insertions": 4,
                "deletions": 0
              },
              "java": {
                "insertions": 134,
                "deletions": 63
              }
            }
          },
          {
            "hash": "1e640ab176e2fc4bbc14e1deee64e3866d27dde6",
            "messageTitle": "Organise classes into packages",
            "messageBody": "",
            "fileTypesAndContributionMap": {
              "java": {
                "insertions": 16,
                "deletions": 3
              },
              "sh": {
                "insertions": 1,
                "deletions": 1
              }
            }
          }
        ]
      },
      {
        "date": "2020-09-15",
        "commitResults": [
          {
            "hash": "59bf917d6cdf839642c635bf5c51da221fd160c7",
            "messageTitle": "Add deleteTask method",
            "messageBody": "",
            "fileTypesAndContributionMap": {
              "java": {
                "insertions": 14,
                "deletions": 1
              }
            }
          }
        ]
      },
      {
        "date": "2020-09-16",
        "commitResults": [
          {
            "hash": "a4eb94aa4fa66a3454401b979e16e52132b61ef9",
            "messageTitle": "Add saving and loading tasks to/from a text file feature",
            "messageBody": "",
            "fileTypesAndContributionMap": {
              "java": {
                "insertions": 133,
                "deletions": 16
              }
            }
          }
        ]
      },
      {
        "date": "2020-09-24",
        "commitResults": [
          {
            "hash": "57d7d6fee0ba30363b02acdf57e23d622e23bd03",
            "messageTitle": "Refactor save+load data to Storage class, handle non-existing data dir",
            "messageBody": "",
            "fileTypesAndContributionMap": {
              "txt": {
                "insertions": 1,
                "deletions": 0
              },
              "java": {
                "insertions": 98,
                "deletions": 71
              }
            }
          },
          {
            "hash": "983002e2c7c3d4a547aa27bd68e3077b15366f3b",
            "messageTitle": "Extract interactions with user into UI class",
            "messageBody": "",
            "fileTypesAndContributionMap": {
              "txt": {
                "insertions": 2,
                "deletions": 1
              },
              "java": {
                "insertions": 163,
                "deletions": 105
              }
            }
          },
          {
            "hash": "a704253d98d1675d972c74e4812ae9647a6c0a7d",
            "messageTitle": "Extract methods into Parser, Command, and TaskList. Organise into packages",
            "messageBody": "",
            "fileTypesAndContributionMap": {
              "txt": {
                "insertions": 0,
                "deletions": 2
              },
              "java": {
                "insertions": 385,
                "deletions": 152
              }
            }
          },
          {
            "hash": "f04f21796cbcfcd078ffcad019e3a4834ddb5beb",
            "messageTitle": "Rename variables and methods name to improve readability",
            "messageBody": "",
            "tags": [
              "A-MoreOOP"
            ],
            "fileTypesAndContributionMap": {
              "java": {
                "insertions": 20,
                "deletions": 20
              }
            }
          }
        ]
      },
      {
        "date": "2020-09-27",
        "commitResults": [
          {
            "hash": "6cc989432c59f87cf034dacae98e17774d737744",
            "messageTitle": "Add support for dates and times",
            "messageBody": "",
            "fileTypesAndContributionMap": {
              "java": {
                "insertions": 55,
                "deletions": 14
              }
            }
          }
        ]
      },
      {
        "date": "2020-09-28",
        "commitResults": [
          {
            "hash": "7afe5931ae2e303be80b722521a22ef1dc4a2067",
            "messageTitle": "Add support for finding/filter tasks by a keyword",
            "messageBody": "",
            "fileTypesAndContributionMap": {
              "java": {
                "insertions": 62,
                "deletions": 1
              }
            }
          },
          {
            "hash": "0123946cb275ba3d64e7eff8b65bebd95e18c580",
            "messageTitle": "Simplify error messages",
            "messageBody": "",
            "fileTypesAndContributionMap": {
              "java": {
                "insertions": 24,
                "deletions": 49
              }
            }
          },
          {
            "hash": "42608a91e9cd9884abcc76a0ab2f705a500f5b6a",
            "messageTitle": "Add JavaDoc for Duke, Parser, and UI",
            "messageBody": "",
            "fileTypesAndContributionMap": {
              "java": {
                "insertions": 102,
                "deletions": 1
              }
            }
          }
        ]
      },
      {
        "date": "2020-09-29",
        "commitResults": [
          {
            "hash": "d6d0a5c63a747bc7d4ce5b5e0a1f73a4a946ea8e",
            "messageTitle": "Add JavaDoc for Storage and Task packages",
            "messageBody": "",
            "fileTypesAndContributionMap": {
              "java": {
                "insertions": 137,
                "deletions": 7
              }
            }
          },
          {
            "hash": "ca03e1a1e1cf3ab3179503b8ed569339b416f5cb",
            "messageTitle": "Add JavaDoc for Exception and Command packages",
            "messageBody": "",
            "fileTypesAndContributionMap": {
              "java": {
                "insertions": 152,
                "deletions": 0
              }
            }
          }
        ]
      },
      {
        "date": "2020-09-30",
        "commitResults": [
          {
            "hash": "1df744154563da60f2e4139c8ee1520b269e379c",
            "messageTitle": "Fix event time bug, add user guide",
            "messageBody": "",
            "tags": [
              "A-UserGuide"
            ],
            "fileTypesAndContributionMap": {
              "java": {
                "insertions": 5,
                "deletions": 4
              },
              "md": {
                "insertions": 143,
                "deletions": 9
              }
            }
          }
        ]
      }
    ]
  },
  "authorFileTypeContributionMap": {
    "adhy-p": {
      "java": 1163,
      "md": 143,
      "sh": 2,
      "bat": 0,
      "gradle": 0,
      "txt": 11
    }
  },
  "authorContributionVariance": {
    "adhy-p": 24824.703
  },
  "authorDisplayNameMap": {
    "adhy-p": "CS2113T-W11-3 HUBE..AWAN"
  }
}
