{
  "authorDailyContributionsMap": {
    "luziyi9898": [
      {
        "date": "2020-08-18",
        "commitResults": [
          {
            "hash": "f725d08e0b50daff9b9f1d4732739447ef95c65a",
            "messageTitle": "level 1-0",
            "messageBody": "",
            "tags": [
              "Level-0"
            ],
            "fileTypesAndContributionMap": {
              "java": {
                "insertions": 6,
                "deletions": 6
              }
            }
          }
        ]
      },
      {
        "date": "2020-08-25",
        "commitResults": [
          {
            "hash": "ae150dedbc656209994b69dad75961e1d244ae6e",
            "messageTitle": "added echo function. tweaked personality",
            "messageBody": "",
            "tags": [
              "Level-1"
            ],
            "fileTypesAndContributionMap": {
              "java": {
                "insertions": 40,
                "deletions": 6
              }
            }
          },
          {
            "hash": "c95960394a505893767ba4423f21de9df085bf65",
            "messageTitle": "implemented Task Class implemented list function WIP: Make the bot more cheeky(?)",
            "messageBody": "",
            "tags": [
              "Level-2"
            ],
            "fileTypesAndContributionMap": {
              "java": {
                "insertions": 48,
                "deletions": 7
              }
            }
          }
        ]
      },
      {
        "date": "2020-08-26",
        "commitResults": [
          {
            "hash": "08bf0bfe2649569ec15cfea8f5565ad297f12f23",
            "messageTitle": "Changelog 0.3 1. implemented ability to mark as done 2. implemented reactions to the following exceptions:   2.1 calling list when list is empty   2.2 calling done on imaginary items or none-numerics   2.3 calling done on done item WIP: more personalized(cheeky) customization",
            "messageBody": "",
            "tags": [
              "Level-3"
            ],
            "fileTypesAndContributionMap": {
              "java": {
                "insertions": 70,
                "deletions": 11
              }
            }
          }
        ]
      },
      {
        "date": "2020-08-30",
        "commitResults": [
          {
            "hash": "41a6a997b29e3b0344f8a7636090b9fd4ba8cd5a",
            "messageTitle": "Implement week 4 changes",
            "messageBody": "1.Add todo, event and deadline subclasses.\n  1.1Subclasses now inheirt from task.\n2.Edit previous codes to follow coding standard.\n  2.1Lines shortened to under 120characters.\n  2.2Minor changes to typos.\n3.Improve code quality through SLAP.\n4.Add a welcome message.\n",
            "tags": [
              "Level-4",
              "A-CodingStandard",
              "A-CodeQuality"
            ],
            "fileTypesAndContributionMap": {
              "java": {
                "insertions": 179,
                "deletions": 50
              }
            }
          }
        ]
      }
    ]
  },
  "authorFileTypeContributionMap": {
    "luziyi9898": {
      "java": 268,
      "md": 0,
      "sh": 0,
      "bat": 0,
      "gradle": 0,
      "txt": 0
    }
  },
  "authorContributionVariance": {
    "luziyi9898": 3460.1035
  },
  "authorDisplayNameMap": {
    "luziyi9898": "CS2113T-T12-1 LU Z..ZIYI"
  }
}
