[
  {
    "path": "src/main/java/Duke/Duke.java",
    "fileType": "java",
    "lines": [
      {
        "lineNumber": 1,
        "author": {
          "gitId": "EthanWong2212"
        },
        "content": "package Duke;"
      },
      {
        "lineNumber": 2,
        "author": {
          "gitId": "EthanWong2212"
        },
        "content": ""
      },
      {
        "lineNumber": 3,
        "author": {
          "gitId": "EthanWong2212"
        },
        "content": "import Duke.Task.Deadline;"
      },
      {
        "lineNumber": 4,
        "author": {
          "gitId": "EthanWong2212"
        },
        "content": "import Duke.Task.Event;"
      },
      {
        "lineNumber": 5,
        "author": {
          "gitId": "EthanWong2212"
        },
        "content": "import Duke.Task.Task;"
      },
      {
        "lineNumber": 6,
        "author": {
          "gitId": "EthanWong2212"
        },
        "content": "import Duke.Task.Todo;"
      },
      {
        "lineNumber": 7,
        "author": {
          "gitId": "EthanWong2212"
        },
        "content": ""
      },
      {
        "lineNumber": 8,
        "author": {
          "gitId": "EthanWong2212"
        },
        "content": "import java.util.Scanner;"
      },
      {
        "lineNumber": 9,
        "author": {
          "gitId": "EthanWong2212"
        },
        "content": ""
      },
      {
        "lineNumber": 10,
        "author": {
          "gitId": "EthanWong2212"
        },
        "content": ""
      },
      {
        "lineNumber": 11,
        "author": {
          "gitId": "-"
        },
        "content": "public class Duke {"
      },
      {
        "lineNumber": 12,
        "author": {
          "gitId": "EthanWong2212"
        },
        "content": ""
      },
      {
        "lineNumber": 13,
        "author": {
          "gitId": "EthanWong2212"
        },
        "content": "    public static final String LOGO \u003d \"  _____ _   _\\n\" +"
      },
      {
        "lineNumber": 14,
        "author": {
          "gitId": "EthanWong2212"
        },
        "content": "            \" | ____| |_| |__   __ _ _ __\\n\" +"
      },
      {
        "lineNumber": 15,
        "author": {
          "gitId": "EthanWong2212"
        },
        "content": "            \" |  _| | __| \u0027_ \\\\ / _` | \u0027_ \\\\\\n\" +"
      },
      {
        "lineNumber": 16,
        "author": {
          "gitId": "EthanWong2212"
        },
        "content": "            \" | |___| |_| | | | (_| | | | |\\n\" +"
      },
      {
        "lineNumber": 17,
        "author": {
          "gitId": "EthanWong2212"
        },
        "content": "            \" |_____|\\\\__|_| |_|\\\\__,_|_| |_|\\n\" +"
      },
      {
        "lineNumber": 18,
        "author": {
          "gitId": "EthanWong2212"
        },
        "content": "            \"\\n\";"
      },
      {
        "lineNumber": 19,
        "author": {
          "gitId": "EthanWong2212"
        },
        "content": "    public static final String INTRO \u003d \" Hi there, I\u0027m Ethan!\\n\" +"
      },
      {
        "lineNumber": 20,
        "author": {
          "gitId": "EthanWong2212"
        },
        "content": "            \" Do you need anything?\\n\";"
      },
      {
        "lineNumber": 21,
        "author": {
          "gitId": "EthanWong2212"
        },
        "content": "    public static final String BYE \u003d \" Bye. See you soon!\\n\" +"
      },
      {
        "lineNumber": 22,
        "author": {
          "gitId": "EthanWong2212"
        },
        "content": "            \"----------------------------BYE----------------------------\";"
      },
      {
        "lineNumber": 23,
        "author": {
          "gitId": "EthanWong2212"
        },
        "content": "    public static final String YOU \u003d \"----------------------------YOU----------------------------\\n\";"
      },
      {
        "lineNumber": 24,
        "author": {
          "gitId": "EthanWong2212"
        },
        "content": "    public static final String ETHAN \u003d \"---------------------------ETHAN---------------------------\\n\";"
      },
      {
        "lineNumber": 25,
        "author": {
          "gitId": "EthanWong2212"
        },
        "content": ""
      },
      {
        "lineNumber": 26,
        "author": {
          "gitId": "EthanWong2212"
        },
        "content": "    private static Task[] task_array\u003d new Task[100];"
      },
      {
        "lineNumber": 27,
        "author": {
          "gitId": "EthanWong2212"
        },
        "content": "    private static int taskCount\u003d0;"
      },
      {
        "lineNumber": 28,
        "author": {
          "gitId": "EthanWong2212"
        },
        "content": ""
      },
      {
        "lineNumber": 29,
        "author": {
          "gitId": "EthanWong2212"
        },
        "content": "    //Methods"
      },
      {
        "lineNumber": 30,
        "author": {
          "gitId": "EthanWong2212"
        },
        "content": "    public static void printList(){"
      },
      {
        "lineNumber": 31,
        "author": {
          "gitId": "EthanWong2212"
        },
        "content": "        for(int i\u003d0; i\u003ctaskCount; i++) {"
      },
      {
        "lineNumber": 32,
        "author": {
          "gitId": "EthanWong2212"
        },
        "content": "            System.out.println((i+1) + \".\" + task_array[i]);"
      },
      {
        "lineNumber": 33,
        "author": {
          "gitId": "EthanWong2212"
        },
        "content": "        }"
      },
      {
        "lineNumber": 34,
        "author": {
          "gitId": "EthanWong2212"
        },
        "content": "    }"
      },
      {
        "lineNumber": 35,
        "author": {
          "gitId": "EthanWong2212"
        },
        "content": ""
      },
      {
        "lineNumber": 36,
        "author": {
          "gitId": "EthanWong2212"
        },
        "content": "    public static void addTask(Task t){"
      },
      {
        "lineNumber": 37,
        "author": {
          "gitId": "EthanWong2212"
        },
        "content": "        task_array[taskCount]\u003dt;"
      },
      {
        "lineNumber": 38,
        "author": {
          "gitId": "EthanWong2212"
        },
        "content": "        taskCount++;"
      },
      {
        "lineNumber": 39,
        "author": {
          "gitId": "EthanWong2212"
        },
        "content": "        System.out.println(\"Got it. I\u0027ve added this task:\");"
      },
      {
        "lineNumber": 40,
        "author": {
          "gitId": "EthanWong2212"
        },
        "content": "        System.out.println(\"  \"+ t);"
      },
      {
        "lineNumber": 41,
        "author": {
          "gitId": "EthanWong2212"
        },
        "content": "        System.out.println(\"Now you have \"+ taskCount+ (taskCount\u003d\u003d1?\" task\":\" tasks\")+\" in the list\");"
      },
      {
        "lineNumber": 42,
        "author": {
          "gitId": "EthanWong2212"
        },
        "content": "    }"
      },
      {
        "lineNumber": 43,
        "author": {
          "gitId": "EthanWong2212"
        },
        "content": ""
      },
      {
        "lineNumber": 44,
        "author": {
          "gitId": "EthanWong2212"
        },
        "content": "    public static void runCommand(String user_command) {"
      },
      {
        "lineNumber": 45,
        "author": {
          "gitId": "EthanWong2212"
        },
        "content": "        String[] words\u003d user_command.split(\" \");"
      },
      {
        "lineNumber": 46,
        "author": {
          "gitId": "EthanWong2212"
        },
        "content": "        if(user_command.equals(\"list\")){"
      },
      {
        "lineNumber": 47,
        "author": {
          "gitId": "EthanWong2212"
        },
        "content": "            printList();"
      },
      {
        "lineNumber": 48,
        "author": {
          "gitId": "EthanWong2212"
        },
        "content": "        } else if(words[0].equals(\"done\")){"
      },
      {
        "lineNumber": 49,
        "author": {
          "gitId": "EthanWong2212"
        },
        "content": "            int done_index\u003dInteger.parseInt(words[1])-1;"
      },
      {
        "lineNumber": 50,
        "author": {
          "gitId": "EthanWong2212"
        },
        "content": "            task_array[done_index].isDone(true);"
      },
      {
        "lineNumber": 51,
        "author": {
          "gitId": "EthanWong2212"
        },
        "content": "        } else if(words[0].equals(\"todo\")){"
      },
      {
        "lineNumber": 52,
        "author": {
          "gitId": "EthanWong2212"
        },
        "content": "            addTask(new Todo(user_command.substring(5)));"
      },
      {
        "lineNumber": 53,
        "author": {
          "gitId": "EthanWong2212"
        },
        "content": "        } else if(words[0].equals(\"deadline\")){"
      },
      {
        "lineNumber": 54,
        "author": {
          "gitId": "EthanWong2212"
        },
        "content": "            int dividerPosition\u003d user_command.indexOf(\"/\");"
      },
      {
        "lineNumber": 55,
        "author": {
          "gitId": "EthanWong2212"
        },
        "content": "            addTask(new Deadline(user_command.substring(9,dividerPosition-1), user_command.substring(dividerPosition+1)));"
      },
      {
        "lineNumber": 56,
        "author": {
          "gitId": "EthanWong2212"
        },
        "content": "        } else if(words[0].equals(\"event\")){"
      },
      {
        "lineNumber": 57,
        "author": {
          "gitId": "EthanWong2212"
        },
        "content": "            int dividerPosition\u003d user_command.indexOf(\"/\");"
      },
      {
        "lineNumber": 58,
        "author": {
          "gitId": "EthanWong2212"
        },
        "content": "            addTask(new Event(user_command.substring(6,dividerPosition-1), user_command.substring(dividerPosition+1)));"
      },
      {
        "lineNumber": 59,
        "author": {
          "gitId": "EthanWong2212"
        },
        "content": "        } else{"
      },
      {
        "lineNumber": 60,
        "author": {
          "gitId": "EthanWong2212"
        },
        "content": "        }"
      },
      {
        "lineNumber": 61,
        "author": {
          "gitId": "EthanWong2212"
        },
        "content": "    }"
      },
      {
        "lineNumber": 62,
        "author": {
          "gitId": "EthanWong2212"
        },
        "content": ""
      },
      {
        "lineNumber": 63,
        "author": {
          "gitId": "EthanWong2212"
        },
        "content": ""
      },
      {
        "lineNumber": 64,
        "author": {
          "gitId": "EthanWong2212"
        },
        "content": ""
      },
      {
        "lineNumber": 65,
        "author": {
          "gitId": "EthanWong2212"
        },
        "content": "    //MAIN"
      },
      {
        "lineNumber": 66,
        "author": {
          "gitId": "EthanWong2212"
        },
        "content": "    public static void main(String[] args) {"
      },
      {
        "lineNumber": 67,
        "author": {
          "gitId": "EthanWong2212"
        },
        "content": "        String user_command;"
      },
      {
        "lineNumber": 68,
        "author": {
          "gitId": "EthanWong2212"
        },
        "content": "        Scanner in \u003dnew Scanner(System.in);"
      },
      {
        "lineNumber": 69,
        "author": {
          "gitId": "EthanWong2212"
        },
        "content": ""
      },
      {
        "lineNumber": 70,
        "author": {
          "gitId": "EthanWong2212"
        },
        "content": "        //Default start"
      },
      {
        "lineNumber": 71,
        "author": {
          "gitId": "EthanWong2212"
        },
        "content": "        System.out.println(\"Hello from\\n\" + LOGO + ETHAN + INTRO);"
      },
      {
        "lineNumber": 72,
        "author": {
          "gitId": "EthanWong2212"
        },
        "content": ""
      },
      {
        "lineNumber": 73,
        "author": {
          "gitId": "EthanWong2212"
        },
        "content": "        while(true){"
      },
      {
        "lineNumber": 74,
        "author": {
          "gitId": "EthanWong2212"
        },
        "content": "            //Receive user commands"
      },
      {
        "lineNumber": 75,
        "author": {
          "gitId": "EthanWong2212"
        },
        "content": "            System.out.println(YOU);"
      },
      {
        "lineNumber": 76,
        "author": {
          "gitId": "EthanWong2212"
        },
        "content": "            user_command\u003din.nextLine();"
      },
      {
        "lineNumber": 77,
        "author": {
          "gitId": "EthanWong2212"
        },
        "content": "            System.out.println(ETHAN);"
      },
      {
        "lineNumber": 78,
        "author": {
          "gitId": "EthanWong2212"
        },
        "content": "            //Process and run commands"
      },
      {
        "lineNumber": 79,
        "author": {
          "gitId": "EthanWong2212"
        },
        "content": "            if(user_command.equals(\"bye\")) {"
      },
      {
        "lineNumber": 80,
        "author": {
          "gitId": "EthanWong2212"
        },
        "content": "                break;"
      },
      {
        "lineNumber": 81,
        "author": {
          "gitId": "EthanWong2212"
        },
        "content": "            }"
      },
      {
        "lineNumber": 82,
        "author": {
          "gitId": "EthanWong2212"
        },
        "content": "            runCommand(user_command);"
      },
      {
        "lineNumber": 83,
        "author": {
          "gitId": "EthanWong2212"
        },
        "content": "        }"
      },
      {
        "lineNumber": 84,
        "author": {
          "gitId": "EthanWong2212"
        },
        "content": "        System.out.println(BYE);"
      },
      {
        "lineNumber": 85,
        "author": {
          "gitId": "EthanWong2212"
        },
        "content": "    }"
      },
      {
        "lineNumber": 86,
        "author": {
          "gitId": "EthanWong2212"
        },
        "content": ""
      },
      {
        "lineNumber": 87,
        "author": {
          "gitId": "EthanWong2212"
        },
        "content": ""
      },
      {
        "lineNumber": 88,
        "author": {
          "gitId": "-"
        },
        "content": "}"
      }
    ],
    "authorContributionMap": {
      "EthanWong2212": 86,
      "-": 2
    }
  },
  {
    "path": "src/main/java/Duke/Task/Deadline.java",
    "fileType": "java",
    "lines": [
      {
        "lineNumber": 1,
        "author": {
          "gitId": "EthanWong2212"
        },
        "content": "package Duke.Task;"
      },
      {
        "lineNumber": 2,
        "author": {
          "gitId": "EthanWong2212"
        },
        "content": ""
      },
      {
        "lineNumber": 3,
        "author": {
          "gitId": "EthanWong2212"
        },
        "content": "public class Deadline extends Task{"
      },
      {
        "lineNumber": 4,
        "author": {
          "gitId": "EthanWong2212"
        },
        "content": "    protected String timing;"
      },
      {
        "lineNumber": 5,
        "author": {
          "gitId": "EthanWong2212"
        },
        "content": "    public Deadline(String description, String timing){"
      },
      {
        "lineNumber": 6,
        "author": {
          "gitId": "EthanWong2212"
        },
        "content": "        super(description);"
      },
      {
        "lineNumber": 7,
        "author": {
          "gitId": "EthanWong2212"
        },
        "content": "        this.timing\u003dtiming;"
      },
      {
        "lineNumber": 8,
        "author": {
          "gitId": "EthanWong2212"
        },
        "content": "    }"
      },
      {
        "lineNumber": 9,
        "author": {
          "gitId": "EthanWong2212"
        },
        "content": ""
      },
      {
        "lineNumber": 10,
        "author": {
          "gitId": "EthanWong2212"
        },
        "content": "    @Override"
      },
      {
        "lineNumber": 11,
        "author": {
          "gitId": "EthanWong2212"
        },
        "content": "    public String toString(){"
      },
      {
        "lineNumber": 12,
        "author": {
          "gitId": "EthanWong2212"
        },
        "content": "        return \"[D] \"+ super.toString()+ \" (by: \"+ timing.substring(3) +\")\" ;"
      },
      {
        "lineNumber": 13,
        "author": {
          "gitId": "EthanWong2212"
        },
        "content": "    }"
      },
      {
        "lineNumber": 14,
        "author": {
          "gitId": "EthanWong2212"
        },
        "content": "}"
      }
    ],
    "authorContributionMap": {
      "EthanWong2212": 14
    }
  },
  {
    "path": "src/main/java/Duke/Task/Event.java",
    "fileType": "java",
    "lines": [
      {
        "lineNumber": 1,
        "author": {
          "gitId": "EthanWong2212"
        },
        "content": "package Duke.Task;"
      },
      {
        "lineNumber": 2,
        "author": {
          "gitId": "EthanWong2212"
        },
        "content": ""
      },
      {
        "lineNumber": 3,
        "author": {
          "gitId": "EthanWong2212"
        },
        "content": "public class Event extends Task {"
      },
      {
        "lineNumber": 4,
        "author": {
          "gitId": "EthanWong2212"
        },
        "content": "    protected String timing;"
      },
      {
        "lineNumber": 5,
        "author": {
          "gitId": "EthanWong2212"
        },
        "content": "    public Event(String description, String timing){"
      },
      {
        "lineNumber": 6,
        "author": {
          "gitId": "EthanWong2212"
        },
        "content": "        super(description);"
      },
      {
        "lineNumber": 7,
        "author": {
          "gitId": "EthanWong2212"
        },
        "content": "        this.timing\u003dtiming;"
      },
      {
        "lineNumber": 8,
        "author": {
          "gitId": "EthanWong2212"
        },
        "content": "    }"
      },
      {
        "lineNumber": 9,
        "author": {
          "gitId": "EthanWong2212"
        },
        "content": ""
      },
      {
        "lineNumber": 10,
        "author": {
          "gitId": "EthanWong2212"
        },
        "content": "    @Override"
      },
      {
        "lineNumber": 11,
        "author": {
          "gitId": "EthanWong2212"
        },
        "content": "    public String toString(){"
      },
      {
        "lineNumber": 12,
        "author": {
          "gitId": "EthanWong2212"
        },
        "content": "        return \"[E] \"+ super.toString()+ \" (at: \"+ timing.substring(3) +\")\" ;"
      },
      {
        "lineNumber": 13,
        "author": {
          "gitId": "EthanWong2212"
        },
        "content": "    }"
      },
      {
        "lineNumber": 14,
        "author": {
          "gitId": "EthanWong2212"
        },
        "content": "}"
      }
    ],
    "authorContributionMap": {
      "EthanWong2212": 14
    }
  },
  {
    "path": "src/main/java/Duke/Task/Task.java",
    "fileType": "java",
    "lines": [
      {
        "lineNumber": 1,
        "author": {
          "gitId": "EthanWong2212"
        },
        "content": "package Duke.Task;"
      },
      {
        "lineNumber": 2,
        "author": {
          "gitId": "EthanWong2212"
        },
        "content": ""
      },
      {
        "lineNumber": 3,
        "author": {
          "gitId": "EthanWong2212"
        },
        "content": "import Duke.Duke;"
      },
      {
        "lineNumber": 4,
        "author": {
          "gitId": "EthanWong2212"
        },
        "content": ""
      },
      {
        "lineNumber": 5,
        "author": {
          "gitId": "EthanWong2212"
        },
        "content": "public abstract class Task {"
      },
      {
        "lineNumber": 6,
        "author": {
          "gitId": "EthanWong2212"
        },
        "content": "    protected String description;"
      },
      {
        "lineNumber": 7,
        "author": {
          "gitId": "EthanWong2212"
        },
        "content": "    protected boolean done;"
      },
      {
        "lineNumber": 8,
        "author": {
          "gitId": "EthanWong2212"
        },
        "content": ""
      },
      {
        "lineNumber": 9,
        "author": {
          "gitId": "EthanWong2212"
        },
        "content": "    public Task(String description){"
      },
      {
        "lineNumber": 10,
        "author": {
          "gitId": "EthanWong2212"
        },
        "content": "        this.description\u003ddescription;"
      },
      {
        "lineNumber": 11,
        "author": {
          "gitId": "EthanWong2212"
        },
        "content": "        this.done\u003dfalse;"
      },
      {
        "lineNumber": 12,
        "author": {
          "gitId": "EthanWong2212"
        },
        "content": "    }"
      },
      {
        "lineNumber": 13,
        "author": {
          "gitId": "EthanWong2212"
        },
        "content": ""
      },
      {
        "lineNumber": 14,
        "author": {
          "gitId": "EthanWong2212"
        },
        "content": "    public void isDone(boolean done){"
      },
      {
        "lineNumber": 15,
        "author": {
          "gitId": "EthanWong2212"
        },
        "content": "        this.done\u003dtrue;"
      },
      {
        "lineNumber": 16,
        "author": {
          "gitId": "EthanWong2212"
        },
        "content": "        System.out.println(\"Great Job! The task has been marked as done:\");"
      },
      {
        "lineNumber": 17,
        "author": {
          "gitId": "EthanWong2212"
        },
        "content": "        System.out.println(this.getStatusIcon()+\" \"+this.description);"
      },
      {
        "lineNumber": 18,
        "author": {
          "gitId": "EthanWong2212"
        },
        "content": "    }"
      },
      {
        "lineNumber": 19,
        "author": {
          "gitId": "EthanWong2212"
        },
        "content": ""
      },
      {
        "lineNumber": 20,
        "author": {
          "gitId": "EthanWong2212"
        },
        "content": "    public String getStatusIcon() {"
      },
      {
        "lineNumber": 21,
        "author": {
          "gitId": "EthanWong2212"
        },
        "content": "        return (done ? \"[\\u2713]\" : \"[\\u2718]\"); //return tick or X symbols"
      },
      {
        "lineNumber": 22,
        "author": {
          "gitId": "EthanWong2212"
        },
        "content": "    }"
      },
      {
        "lineNumber": 23,
        "author": {
          "gitId": "EthanWong2212"
        },
        "content": ""
      },
      {
        "lineNumber": 24,
        "author": {
          "gitId": "EthanWong2212"
        },
        "content": "    @Override"
      },
      {
        "lineNumber": 25,
        "author": {
          "gitId": "EthanWong2212"
        },
        "content": "    public String toString(){"
      },
      {
        "lineNumber": 26,
        "author": {
          "gitId": "EthanWong2212"
        },
        "content": "        return this.getStatusIcon() + \" \" + this.description;"
      },
      {
        "lineNumber": 27,
        "author": {
          "gitId": "EthanWong2212"
        },
        "content": "    }"
      },
      {
        "lineNumber": 28,
        "author": {
          "gitId": "EthanWong2212"
        },
        "content": ""
      },
      {
        "lineNumber": 29,
        "author": {
          "gitId": "EthanWong2212"
        },
        "content": ""
      },
      {
        "lineNumber": 30,
        "author": {
          "gitId": "EthanWong2212"
        },
        "content": "}"
      }
    ],
    "authorContributionMap": {
      "EthanWong2212": 30
    }
  },
  {
    "path": "src/main/java/Duke/Task/Todo.java",
    "fileType": "java",
    "lines": [
      {
        "lineNumber": 1,
        "author": {
          "gitId": "EthanWong2212"
        },
        "content": "package Duke.Task;"
      },
      {
        "lineNumber": 2,
        "author": {
          "gitId": "EthanWong2212"
        },
        "content": ""
      },
      {
        "lineNumber": 3,
        "author": {
          "gitId": "EthanWong2212"
        },
        "content": "public class Todo extends Task{"
      },
      {
        "lineNumber": 4,
        "author": {
          "gitId": "EthanWong2212"
        },
        "content": "    public Todo(String description){"
      },
      {
        "lineNumber": 5,
        "author": {
          "gitId": "EthanWong2212"
        },
        "content": "        super(description);"
      },
      {
        "lineNumber": 6,
        "author": {
          "gitId": "EthanWong2212"
        },
        "content": "    }"
      },
      {
        "lineNumber": 7,
        "author": {
          "gitId": "EthanWong2212"
        },
        "content": ""
      },
      {
        "lineNumber": 8,
        "author": {
          "gitId": "EthanWong2212"
        },
        "content": "    @Override"
      },
      {
        "lineNumber": 9,
        "author": {
          "gitId": "EthanWong2212"
        },
        "content": "    public String toString(){"
      },
      {
        "lineNumber": 10,
        "author": {
          "gitId": "EthanWong2212"
        },
        "content": "        return \"[T] \"+super.toString();"
      },
      {
        "lineNumber": 11,
        "author": {
          "gitId": "EthanWong2212"
        },
        "content": "    }"
      },
      {
        "lineNumber": 12,
        "author": {
          "gitId": "EthanWong2212"
        },
        "content": "}"
      }
    ],
    "authorContributionMap": {
      "EthanWong2212": 12
    }
  },
  {
    "path": "text-ui-test/input.txt",
    "fileType": "txt",
    "lines": [
      {
        "lineNumber": 1,
        "author": {
          "gitId": "EthanWong2212"
        },
        "content": "todo read a book"
      },
      {
        "lineNumber": 2,
        "author": {
          "gitId": "EthanWong2212"
        },
        "content": "todo play a game"
      },
      {
        "lineNumber": 3,
        "author": {
          "gitId": "EthanWong2212"
        },
        "content": "event mbs dinner /at Sunday 7pm-10pm"
      },
      {
        "lineNumber": 4,
        "author": {
          "gitId": "EthanWong2212"
        },
        "content": "deadline return book /by Saturday 4pm"
      },
      {
        "lineNumber": 5,
        "author": {
          "gitId": "EthanWong2212"
        },
        "content": "list"
      },
      {
        "lineNumber": 6,
        "author": {
          "gitId": "EthanWong2212"
        },
        "content": "done 1"
      },
      {
        "lineNumber": 7,
        "author": {
          "gitId": "EthanWong2212"
        },
        "content": "done 4"
      },
      {
        "lineNumber": 8,
        "author": {
          "gitId": "EthanWong2212"
        },
        "content": "deadline finish homework /by Friday 2359"
      },
      {
        "lineNumber": 9,
        "author": {
          "gitId": "EthanWong2212"
        },
        "content": "list"
      },
      {
        "lineNumber": 10,
        "author": {
          "gitId": "EthanWong2212"
        },
        "content": "bye"
      }
    ],
    "authorContributionMap": {
      "EthanWong2212": 10
    }
  },
  {
    "path": "text-ui-test/runtest.sh",
    "fileType": "sh",
    "lines": [
      {
        "lineNumber": 1,
        "author": {
          "gitId": "-"
        },
        "content": "#!/usr/bin/env bash"
      },
      {
        "lineNumber": 2,
        "author": {
          "gitId": "-"
        },
        "content": ""
      },
      {
        "lineNumber": 3,
        "author": {
          "gitId": "-"
        },
        "content": "# create bin directory if it doesn\u0027t exist"
      },
      {
        "lineNumber": 4,
        "author": {
          "gitId": "-"
        },
        "content": "if [ ! -d \"../bin\" ]"
      },
      {
        "lineNumber": 5,
        "author": {
          "gitId": "-"
        },
        "content": "then"
      },
      {
        "lineNumber": 6,
        "author": {
          "gitId": "-"
        },
        "content": "    mkdir ../bin"
      },
      {
        "lineNumber": 7,
        "author": {
          "gitId": "-"
        },
        "content": "fi"
      },
      {
        "lineNumber": 8,
        "author": {
          "gitId": "-"
        },
        "content": ""
      },
      {
        "lineNumber": 9,
        "author": {
          "gitId": "-"
        },
        "content": "# delete output from previous run"
      },
      {
        "lineNumber": 10,
        "author": {
          "gitId": "-"
        },
        "content": "if [ -e \"./ACTUAL.TXT\" ]"
      },
      {
        "lineNumber": 11,
        "author": {
          "gitId": "-"
        },
        "content": "then"
      },
      {
        "lineNumber": 12,
        "author": {
          "gitId": "-"
        },
        "content": "    rm ACTUAL.TXT"
      },
      {
        "lineNumber": 13,
        "author": {
          "gitId": "-"
        },
        "content": "fi"
      },
      {
        "lineNumber": 14,
        "author": {
          "gitId": "-"
        },
        "content": ""
      },
      {
        "lineNumber": 15,
        "author": {
          "gitId": "-"
        },
        "content": "# compile the code into the bin folder, terminates if error occurred"
      },
      {
        "lineNumber": 16,
        "author": {
          "gitId": "EthanWong2212"
        },
        "content": "if ! javac -cp ../src -Xlint:none -d ../bin ../src/main/java/Duke/*.java ../src/main/java/Duke/Task/*.java"
      },
      {
        "lineNumber": 17,
        "author": {
          "gitId": "-"
        },
        "content": "then"
      },
      {
        "lineNumber": 18,
        "author": {
          "gitId": "-"
        },
        "content": "    echo \"********** BUILD FAILURE **********\""
      },
      {
        "lineNumber": 19,
        "author": {
          "gitId": "-"
        },
        "content": "    exit 1"
      },
      {
        "lineNumber": 20,
        "author": {
          "gitId": "-"
        },
        "content": "fi"
      },
      {
        "lineNumber": 21,
        "author": {
          "gitId": "-"
        },
        "content": ""
      },
      {
        "lineNumber": 22,
        "author": {
          "gitId": "-"
        },
        "content": "# run the program, feed commands from input.txt file and redirect the output to the ACTUAL.TXT"
      },
      {
        "lineNumber": 23,
        "author": {
          "gitId": "EthanWong2212"
        },
        "content": "java -Dfile.encoding\u003dUTF-8 -classpath ../bin Duke \u003c input.txt \u003e ACTUAL.TXT"
      },
      {
        "lineNumber": 24,
        "author": {
          "gitId": "-"
        },
        "content": ""
      },
      {
        "lineNumber": 25,
        "author": {
          "gitId": "-"
        },
        "content": "# convert to UNIX format"
      },
      {
        "lineNumber": 26,
        "author": {
          "gitId": "-"
        },
        "content": "cp EXPECTED.TXT EXPECTED-UNIX.TXT"
      },
      {
        "lineNumber": 27,
        "author": {
          "gitId": "-"
        },
        "content": "dos2unix ACTUAL.TXT EXPECTED-UNIX.TXT"
      },
      {
        "lineNumber": 28,
        "author": {
          "gitId": "-"
        },
        "content": ""
      },
      {
        "lineNumber": 29,
        "author": {
          "gitId": "-"
        },
        "content": "# compare the output to the expected output"
      },
      {
        "lineNumber": 30,
        "author": {
          "gitId": "-"
        },
        "content": "diff ACTUAL.TXT EXPECTED-UNIX.TXT"
      },
      {
        "lineNumber": 31,
        "author": {
          "gitId": "-"
        },
        "content": "if [ $? -eq 0 ]"
      },
      {
        "lineNumber": 32,
        "author": {
          "gitId": "-"
        },
        "content": "then"
      },
      {
        "lineNumber": 33,
        "author": {
          "gitId": "-"
        },
        "content": "    echo \"Test result: PASSED\""
      },
      {
        "lineNumber": 34,
        "author": {
          "gitId": "-"
        },
        "content": "    exit 0"
      },
      {
        "lineNumber": 35,
        "author": {
          "gitId": "-"
        },
        "content": "else"
      },
      {
        "lineNumber": 36,
        "author": {
          "gitId": "-"
        },
        "content": "    echo \"Test result: FAILED\""
      },
      {
        "lineNumber": 37,
        "author": {
          "gitId": "-"
        },
        "content": "    exit 1"
      },
      {
        "lineNumber": 38,
        "author": {
          "gitId": "-"
        },
        "content": "fi"
      }
    ],
    "authorContributionMap": {
      "EthanWong2212": 2,
      "-": 36
    }
  }
]
